,process,t,Cf_N,G_Cf,V_N,CF_N
0,exp1_aug_01,0.0,0.0166721204121014,339.9,0.5019444512095219,0.0019444512095218
1,exp1_aug_01,1.55,0.016124953043085,339.9,0.5273560547513189,0.0273560547513188
2,exp1_aug_01,3.1,0.0156252312428877,339.9,0.5519563191869753,0.0519563191869753
3,exp1_aug_01,4.65,0.0151729550115096,339.9,0.575818785148161,0.0758187851481609
4,exp1_aug_01,6.2,0.0147681243489507,339.9,0.5990169932665452,0.0990169932665452
5,exp1_aug_01,7.75,0.0144107392552109,339.9,0.6216244841737981,0.121624484173798
6,exp1_aug_01,9.3,0.0141007997302903,339.9,0.643714798501589,0.143714798501589
7,exp1_aug_01,10.85,0.0138383057741888,339.9,0.6653614768815878,0.1653614768815878
8,exp1_aug_01,12.4,0.0136232573869065,339.9,0.6866380599454643,0.1866380599454643
9,exp1_aug_01,13.95,0.0134556545684433,339.9,0.7076180883248878,0.2076180883248879
10,exp1_aug_01,15.5,0.0133354973187993,339.9,0.7283751026515286,0.2283751026515286
11,exp1_aug_01,17.05,0.0132627856379745,339.9,0.748982643557056,0.2489826435570559
12,exp1_aug_01,18.6,0.0132375195259688,339.9,0.7695142516731397,0.2695142516731397
13,exp1_aug_01,20.15,0.0132596989827823,339.9,0.7900434676314494,0.2900434676314494
14,exp1_aug_01,21.7,0.0133293240084149,339.9,0.8106438320636549,0.3106438320636548
15,exp1_aug_01,23.25,0.0134463946028667,339.9,0.8313888856014258,0.3313888856014257
16,exp1_aug_01,24.8,0.0136109107661377,339.9,0.8523521688764317,0.3523521688764318
17,exp1_aug_01,26.35,0.0138228724982278,339.9,0.8736072225203426,0.3736072225203427
18,exp1_aug_01,27.9,0.0140822797991371,339.9,0.8952275871648281,0.3952275871648281
19,exp1_aug_01,29.45,0.0143891326688655,339.9,0.9172868034415578,0.4172868034415578
20,exp1_aug_01,31.0,0.0147434311074131,339.9,0.9398584119822014,0.4398584119822014
0,exp1_aug_02,0.0,0.0166721204121014,339.9,0.5019444512095219,0.0019444512095218
1,exp1_aug_02,1.55,0.016124953043085,339.9,0.5273560547513189,0.0273560547513188
2,exp1_aug_02,3.1,0.0156252312428877,339.9,0.5519563191869753,0.0519563191869753
3,exp1_aug_02,4.65,0.0151729550115096,339.9,0.575818785148161,0.0758187851481609
4,exp1_aug_02,6.2,0.0147681243489507,339.9,0.5990169932665452,0.0990169932665452
5,exp1_aug_02,7.75,0.0144107392552109,339.9,0.6216244841737981,0.121624484173798
6,exp1_aug_02,9.3,0.0141007997302903,339.9,0.643714798501589,0.143714798501589
7,exp1_aug_02,10.85,0.0138383057741888,339.9,0.6653614768815878,0.1653614768815878
8,exp1_aug_02,12.4,0.0136232573869065,339.9,0.6866380599454643,0.1866380599454643
9,exp1_aug_02,13.95,0.0134556545684433,339.9,0.7076180883248878,0.2076180883248879
10,exp1_aug_02,15.5,0.0133354973187993,339.9,0.7283751026515286,0.2283751026515286
11,exp1_aug_02,17.05,0.0132627856379745,339.9,0.748982643557056,0.2489826435570559
12,exp1_aug_02,18.6,0.0132375195259688,339.9,0.7695142516731397,0.2695142516731397
13,exp1_aug_02,20.15,0.0132596989827823,339.9,0.7900434676314494,0.2900434676314494
14,exp1_aug_02,21.7,0.0133293240084149,339.9,0.8106438320636549,0.3106438320636548
15,exp1_aug_02,23.25,0.0134463946028667,339.9,0.8313888856014258,0.3313888856014257
16,exp1_aug_02,24.8,0.0136109107661377,339.9,0.8523521688764317,0.3523521688764318
17,exp1_aug_02,26.35,0.0138228724982278,339.9,0.8736072225203426,0.3736072225203427
18,exp1_aug_02,27.9,0.0140822797991371,339.9,0.8952275871648281,0.3952275871648281
19,exp1_aug_02,29.45,0.0143891326688655,339.9,0.9172868034415578,0.4172868034415578
20,exp1_aug_02,31.0,0.0147434311074131,339.9,0.9398584119822014,0.4398584119822014
0,exp1_aug_03,0.0,0.0166721204121014,339.9,0.5019444512095219,0.0019444512095218
1,exp1_aug_03,1.55,0.016124953043085,339.9,0.5273560547513189,0.0273560547513188
2,exp1_aug_03,3.1,0.0156252312428877,339.9,0.5519563191869753,0.0519563191869753
3,exp1_aug_03,4.65,0.0151729550115096,339.9,0.575818785148161,0.0758187851481609
4,exp1_aug_03,6.2,0.0147681243489507,339.9,0.5990169932665452,0.0990169932665452
5,exp1_aug_03,7.75,0.0144107392552109,339.9,0.6216244841737981,0.121624484173798
6,exp1_aug_03,9.3,0.0141007997302903,339.9,0.643714798501589,0.143714798501589
7,exp1_aug_03,10.85,0.0138383057741888,339.9,0.6653614768815878,0.1653614768815878
8,exp1_aug_03,12.4,0.0136232573869065,339.9,0.6866380599454643,0.1866380599454643
9,exp1_aug_03,13.95,0.0134556545684433,339.9,0.7076180883248878,0.2076180883248879
10,exp1_aug_03,15.5,0.0133354973187993,339.9,0.7283751026515286,0.2283751026515286
11,exp1_aug_03,17.05,0.0132627856379745,339.9,0.748982643557056,0.2489826435570559
12,exp1_aug_03,18.6,0.0132375195259688,339.9,0.7695142516731397,0.2695142516731397
13,exp1_aug_03,20.15,0.0132596989827823,339.9,0.7900434676314494,0.2900434676314494
14,exp1_aug_03,21.7,0.0133293240084149,339.9,0.8106438320636549,0.3106438320636548
15,exp1_aug_03,23.25,0.0134463946028667,339.9,0.8313888856014258,0.3313888856014257
16,exp1_aug_03,24.8,0.0136109107661377,339.9,0.8523521688764317,0.3523521688764318
17,exp1_aug_03,26.35,0.0138228724982278,339.9,0.8736072225203426,0.3736072225203427
18,exp1_aug_03,27.9,0.0140822797991371,339.9,0.8952275871648281,0.3952275871648281
19,exp1_aug_03,29.45,0.0143891326688655,339.9,0.9172868034415578,0.4172868034415578
20,exp1_aug_03,31.0,0.0147434311074131,339.9,0.9398584119822014,0.4398584119822014
0,exp1_aug_04,0.0,0.0166721204121014,339.9,0.5019444512095219,0.0019444512095218
1,exp1_aug_04,1.55,0.016124953043085,339.9,0.5273560547513189,0.0273560547513188
2,exp1_aug_04,3.1,0.0156252312428877,339.9,0.5519563191869753,0.0519563191869753
3,exp1_aug_04,4.65,0.0151729550115096,339.9,0.575818785148161,0.0758187851481609
4,exp1_aug_04,6.2,0.0147681243489507,339.9,0.5990169932665452,0.0990169932665452
5,exp1_aug_04,7.75,0.0144107392552109,339.9,0.6216244841737981,0.121624484173798
6,exp1_aug_04,9.3,0.0141007997302903,339.9,0.643714798501589,0.143714798501589
7,exp1_aug_04,10.85,0.0138383057741888,339.9,0.6653614768815878,0.1653614768815878
8,exp1_aug_04,12.4,0.0136232573869065,339.9,0.6866380599454643,0.1866380599454643
9,exp1_aug_04,13.95,0.0134556545684433,339.9,0.7076180883248878,0.2076180883248879
10,exp1_aug_04,15.5,0.0133354973187993,339.9,0.7283751026515286,0.2283751026515286
11,exp1_aug_04,17.05,0.0132627856379745,339.9,0.748982643557056,0.2489826435570559
12,exp1_aug_04,18.6,0.0132375195259688,339.9,0.7695142516731397,0.2695142516731397
13,exp1_aug_04,20.15,0.0132596989827823,339.9,0.7900434676314494,0.2900434676314494
14,exp1_aug_04,21.7,0.0133293240084149,339.9,0.8106438320636549,0.3106438320636548
15,exp1_aug_04,23.25,0.0134463946028667,339.9,0.8313888856014258,0.3313888856014257
16,exp1_aug_04,24.8,0.0136109107661377,339.9,0.8523521688764317,0.3523521688764318
17,exp1_aug_04,26.35,0.0138228724982278,339.9,0.8736072225203426,0.3736072225203427
18,exp1_aug_04,27.9,0.0140822797991371,339.9,0.8952275871648281,0.3952275871648281
19,exp1_aug_04,29.45,0.0143891326688655,339.9,0.9172868034415578,0.4172868034415578
20,exp1_aug_04,31.0,0.0147434311074131,339.9,0.9398584119822014,0.4398584119822014
0,exp1_aug_05,0.0,0.0166721204121014,339.9,0.5019444512095219,0.0019444512095218
1,exp1_aug_05,1.55,0.016124953043085,339.9,0.5273560547513189,0.0273560547513188
2,exp1_aug_05,3.1,0.0156252312428877,339.9,0.5519563191869753,0.0519563191869753
3,exp1_aug_05,4.65,0.0151729550115096,339.9,0.575818785148161,0.0758187851481609
4,exp1_aug_05,6.2,0.0147681243489507,339.9,0.5990169932665452,0.0990169932665452
5,exp1_aug_05,7.75,0.0144107392552109,339.9,0.6216244841737981,0.121624484173798
6,exp1_aug_05,9.3,0.0141007997302903,339.9,0.643714798501589,0.143714798501589
7,exp1_aug_05,10.85,0.0138383057741888,339.9,0.6653614768815878,0.1653614768815878
8,exp1_aug_05,12.4,0.0136232573869065,339.9,0.6866380599454643,0.1866380599454643
9,exp1_aug_05,13.95,0.0134556545684433,339.9,0.7076180883248878,0.2076180883248879
10,exp1_aug_05,15.5,0.0133354973187993,339.9,0.7283751026515286,0.2283751026515286
11,exp1_aug_05,17.05,0.0132627856379745,339.9,0.748982643557056,0.2489826435570559
12,exp1_aug_05,18.6,0.0132375195259688,339.9,0.7695142516731397,0.2695142516731397
13,exp1_aug_05,20.15,0.0132596989827823,339.9,0.7900434676314494,0.2900434676314494
14,exp1_aug_05,21.7,0.0133293240084149,339.9,0.8106438320636549,0.3106438320636548
15,exp1_aug_05,23.25,0.0134463946028667,339.9,0.8313888856014258,0.3313888856014257
16,exp1_aug_05,24.8,0.0136109107661377,339.9,0.8523521688764317,0.3523521688764318
17,exp1_aug_05,26.35,0.0138228724982278,339.9,0.8736072225203426,0.3736072225203427
18,exp1_aug_05,27.9,0.0140822797991371,339.9,0.8952275871648281,0.3952275871648281
19,exp1_aug_05,29.45,0.0143891326688655,339.9,0.9172868034415578,0.4172868034415578
20,exp1_aug_05,31.0,0.0147434311074131,339.9,0.9398584119822014,0.4398584119822014
0,exp1_aug_06,0.0,0.0166721204121014,339.9,0.5019444512095219,0.0019444512095218
1,exp1_aug_06,1.55,0.016124953043085,339.9,0.5273560547513189,0.0273560547513188
2,exp1_aug_06,3.1,0.0156252312428877,339.9,0.5519563191869753,0.0519563191869753
3,exp1_aug_06,4.65,0.0151729550115096,339.9,0.575818785148161,0.0758187851481609
4,exp1_aug_06,6.2,0.0147681243489507,339.9,0.5990169932665452,0.0990169932665452
5,exp1_aug_06,7.75,0.0144107392552109,339.9,0.6216244841737981,0.121624484173798
6,exp1_aug_06,9.3,0.0141007997302903,339.9,0.643714798501589,0.143714798501589
7,exp1_aug_06,10.85,0.0138383057741888,339.9,0.6653614768815878,0.1653614768815878
8,exp1_aug_06,12.4,0.0136232573869065,339.9,0.6866380599454643,0.1866380599454643
9,exp1_aug_06,13.95,0.0134556545684433,339.9,0.7076180883248878,0.2076180883248879
10,exp1_aug_06,15.5,0.0133354973187993,339.9,0.7283751026515286,0.2283751026515286
11,exp1_aug_06,17.05,0.0132627856379745,339.9,0.748982643557056,0.2489826435570559
12,exp1_aug_06,18.6,0.0132375195259688,339.9,0.7695142516731397,0.2695142516731397
13,exp1_aug_06,20.15,0.0132596989827823,339.9,0.7900434676314494,0.2900434676314494
14,exp1_aug_06,21.7,0.0133293240084149,339.9,0.8106438320636549,0.3106438320636548
15,exp1_aug_06,23.25,0.0134463946028667,339.9,0.8313888856014258,0.3313888856014257
16,exp1_aug_06,24.8,0.0136109107661377,339.9,0.8523521688764317,0.3523521688764318
17,exp1_aug_06,26.35,0.0138228724982278,339.9,0.8736072225203426,0.3736072225203427
18,exp1_aug_06,27.9,0.0140822797991371,339.9,0.8952275871648281,0.3952275871648281
19,exp1_aug_06,29.45,0.0143891326688655,339.9,0.9172868034415578,0.4172868034415578
20,exp1_aug_06,31.0,0.0147434311074131,339.9,0.9398584119822014,0.4398584119822014
0,exp1_aug_07,0.0,0.0166721204121014,339.9,0.5019444512095219,0.0019444512095218
1,exp1_aug_07,1.55,0.016124953043085,339.9,0.5273560547513189,0.0273560547513188
2,exp1_aug_07,3.1,0.0156252312428877,339.9,0.5519563191869753,0.0519563191869753
3,exp1_aug_07,4.65,0.0151729550115096,339.9,0.575818785148161,0.0758187851481609
4,exp1_aug_07,6.2,0.0147681243489507,339.9,0.5990169932665452,0.0990169932665452
5,exp1_aug_07,7.75,0.0144107392552109,339.9,0.6216244841737981,0.121624484173798
6,exp1_aug_07,9.3,0.0141007997302903,339.9,0.643714798501589,0.143714798501589
7,exp1_aug_07,10.85,0.0138383057741888,339.9,0.6653614768815878,0.1653614768815878
8,exp1_aug_07,12.4,0.0136232573869065,339.9,0.6866380599454643,0.1866380599454643
9,exp1_aug_07,13.95,0.0134556545684433,339.9,0.7076180883248878,0.2076180883248879
10,exp1_aug_07,15.5,0.0133354973187993,339.9,0.7283751026515286,0.2283751026515286
11,exp1_aug_07,17.05,0.0132627856379745,339.9,0.748982643557056,0.2489826435570559
12,exp1_aug_07,18.6,0.0132375195259688,339.9,0.7695142516731397,0.2695142516731397
13,exp1_aug_07,20.15,0.0132596989827823,339.9,0.7900434676314494,0.2900434676314494
14,exp1_aug_07,21.7,0.0133293240084149,339.9,0.8106438320636549,0.3106438320636548
15,exp1_aug_07,23.25,0.0134463946028667,339.9,0.8313888856014258,0.3313888856014257
16,exp1_aug_07,24.8,0.0136109107661377,339.9,0.8523521688764317,0.3523521688764318
17,exp1_aug_07,26.35,0.0138228724982278,339.9,0.8736072225203426,0.3736072225203427
18,exp1_aug_07,27.9,0.0140822797991371,339.9,0.8952275871648281,0.3952275871648281
19,exp1_aug_07,29.45,0.0143891326688655,339.9,0.9172868034415578,0.4172868034415578
20,exp1_aug_07,31.0,0.0147434311074131,339.9,0.9398584119822014,0.4398584119822014
0,exp1_aug_08,0.0,0.0166721204121014,339.9,0.5019444512095219,0.0019444512095218
1,exp1_aug_08,1.55,0.016124953043085,339.9,0.5273560547513189,0.0273560547513188
2,exp1_aug_08,3.1,0.0156252312428877,339.9,0.5519563191869753,0.0519563191869753
3,exp1_aug_08,4.65,0.0151729550115096,339.9,0.575818785148161,0.0758187851481609
4,exp1_aug_08,6.2,0.0147681243489507,339.9,0.5990169932665452,0.0990169932665452
5,exp1_aug_08,7.75,0.0144107392552109,339.9,0.6216244841737981,0.121624484173798
6,exp1_aug_08,9.3,0.0141007997302903,339.9,0.643714798501589,0.143714798501589
7,exp1_aug_08,10.85,0.0138383057741888,339.9,0.6653614768815878,0.1653614768815878
8,exp1_aug_08,12.4,0.0136232573869065,339.9,0.6866380599454643,0.1866380599454643
9,exp1_aug_08,13.95,0.0134556545684433,339.9,0.7076180883248878,0.2076180883248879
10,exp1_aug_08,15.5,0.0133354973187993,339.9,0.7283751026515286,0.2283751026515286
11,exp1_aug_08,17.05,0.0132627856379745,339.9,0.748982643557056,0.2489826435570559
12,exp1_aug_08,18.6,0.0132375195259688,339.9,0.7695142516731397,0.2695142516731397
13,exp1_aug_08,20.15,0.0132596989827823,339.9,0.7900434676314494,0.2900434676314494
14,exp1_aug_08,21.7,0.0133293240084149,339.9,0.8106438320636549,0.3106438320636548
15,exp1_aug_08,23.25,0.0134463946028667,339.9,0.8313888856014258,0.3313888856014257
16,exp1_aug_08,24.8,0.0136109107661377,339.9,0.8523521688764317,0.3523521688764318
17,exp1_aug_08,26.35,0.0138228724982278,339.9,0.8736072225203426,0.3736072225203427
18,exp1_aug_08,27.9,0.0140822797991371,339.9,0.8952275871648281,0.3952275871648281
19,exp1_aug_08,29.45,0.0143891326688655,339.9,0.9172868034415578,0.4172868034415578
20,exp1_aug_08,31.0,0.0147434311074131,339.9,0.9398584119822014,0.4398584119822014
0,exp1_aug_09,0.0,0.0166721204121014,339.9,0.5019444512095219,0.0019444512095218
1,exp1_aug_09,1.55,0.016124953043085,339.9,0.5273560547513189,0.0273560547513188
2,exp1_aug_09,3.1,0.0156252312428877,339.9,0.5519563191869753,0.0519563191869753
3,exp1_aug_09,4.65,0.0151729550115096,339.9,0.575818785148161,0.0758187851481609
4,exp1_aug_09,6.2,0.0147681243489507,339.9,0.5990169932665452,0.0990169932665452
5,exp1_aug_09,7.75,0.0144107392552109,339.9,0.6216244841737981,0.121624484173798
6,exp1_aug_09,9.3,0.0141007997302903,339.9,0.643714798501589,0.143714798501589
7,exp1_aug_09,10.85,0.0138383057741888,339.9,0.6653614768815878,0.1653614768815878
8,exp1_aug_09,12.4,0.0136232573869065,339.9,0.6866380599454643,0.1866380599454643
9,exp1_aug_09,13.95,0.0134556545684433,339.9,0.7076180883248878,0.2076180883248879
10,exp1_aug_09,15.5,0.0133354973187993,339.9,0.7283751026515286,0.2283751026515286
11,exp1_aug_09,17.05,0.0132627856379745,339.9,0.748982643557056,0.2489826435570559
12,exp1_aug_09,18.6,0.0132375195259688,339.9,0.7695142516731397,0.2695142516731397
13,exp1_aug_09,20.15,0.0132596989827823,339.9,0.7900434676314494,0.2900434676314494
14,exp1_aug_09,21.7,0.0133293240084149,339.9,0.8106438320636549,0.3106438320636548
15,exp1_aug_09,23.25,0.0134463946028667,339.9,0.8313888856014258,0.3313888856014257
16,exp1_aug_09,24.8,0.0136109107661377,339.9,0.8523521688764317,0.3523521688764318
17,exp1_aug_09,26.35,0.0138228724982278,339.9,0.8736072225203426,0.3736072225203427
18,exp1_aug_09,27.9,0.0140822797991371,339.9,0.8952275871648281,0.3952275871648281
19,exp1_aug_09,29.45,0.0143891326688655,339.9,0.9172868034415578,0.4172868034415578
20,exp1_aug_09,31.0,0.0147434311074131,339.9,0.9398584119822014,0.4398584119822014
0,exp1_aug_10,0.0,0.0166721204121014,339.9,0.5019444512095219,0.0019444512095218
1,exp1_aug_10,1.55,0.016124953043085,339.9,0.5273560547513189,0.0273560547513188
2,exp1_aug_10,3.1,0.0156252312428877,339.9,0.5519563191869753,0.0519563191869753
3,exp1_aug_10,4.65,0.0151729550115096,339.9,0.575818785148161,0.0758187851481609
4,exp1_aug_10,6.2,0.0147681243489507,339.9,0.5990169932665452,0.0990169932665452
5,exp1_aug_10,7.75,0.0144107392552109,339.9,0.6216244841737981,0.121624484173798
6,exp1_aug_10,9.3,0.0141007997302903,339.9,0.643714798501589,0.143714798501589
7,exp1_aug_10,10.85,0.0138383057741888,339.9,0.6653614768815878,0.1653614768815878
8,exp1_aug_10,12.4,0.0136232573869065,339.9,0.6866380599454643,0.1866380599454643
9,exp1_aug_10,13.95,0.0134556545684433,339.9,0.7076180883248878,0.2076180883248879
10,exp1_aug_10,15.5,0.0133354973187993,339.9,0.7283751026515286,0.2283751026515286
11,exp1_aug_10,17.05,0.0132627856379745,339.9,0.748982643557056,0.2489826435570559
12,exp1_aug_10,18.6,0.0132375195259688,339.9,0.7695142516731397,0.2695142516731397
13,exp1_aug_10,20.15,0.0132596989827823,339.9,0.7900434676314494,0.2900434676314494
14,exp1_aug_10,21.7,0.0133293240084149,339.9,0.8106438320636549,0.3106438320636548
15,exp1_aug_10,23.25,0.0134463946028667,339.9,0.8313888856014258,0.3313888856014257
16,exp1_aug_10,24.8,0.0136109107661377,339.9,0.8523521688764317,0.3523521688764318
17,exp1_aug_10,26.35,0.0138228724982278,339.9,0.8736072225203426,0.3736072225203427
18,exp1_aug_10,27.9,0.0140822797991371,339.9,0.8952275871648281,0.3952275871648281
19,exp1_aug_10,29.45,0.0143891326688655,339.9,0.9172868034415578,0.4172868034415578
20,exp1_aug_10,31.0,0.0147434311074131,339.9,0.9398584119822014,0.4398584119822014
21,exp2_aug_01,0.0,0.0168546951822469,339.9,0.5010280378161264,0.0010280378161261
22,exp2_aug_01,1.55,0.016475729712597,339.9,0.5268580971138705,0.0268580971138705
23,exp2_aug_01,3.1,0.0161046609843131,339.9,0.5521068799082164,0.0521068799082161
24,exp2_aug_01,4.65,0.0157414889973951,339.9,0.5767866261482806,0.0767866261482803
25,exp2_aug_01,6.2,0.015386213751843,339.9,0.6009095757831803,0.1009095757831802
26,exp2_aug_01,7.75,0.0150388352476569,339.9,0.6244879687620332,0.1244879687620329
27,exp2_aug_01,9.3,0.0146993534848368,339.9,0.6475340450339561,0.1475340450339559
28,exp2_aug_01,10.85,0.0143677684633826,339.9,0.6700600445480662,0.1700600445480662
29,exp2_aug_01,12.4,0.0140440801832943,339.9,0.6920782072534813,0.1920782072534811
30,exp2_aug_01,13.95,0.013728288644572,339.9,0.7136007730993176,0.2136007730993177
31,exp2_aug_01,15.5,0.0134203938472156,339.9,0.7346399820346936,0.2346399820346935
32,exp2_aug_01,17.05,0.0131203957912252,339.9,0.7552080740087255,0.2552080740087254
33,exp2_aug_01,18.6,0.0128282944766007,339.9,0.7753172889705309,0.2753172889705308
34,exp2_aug_01,20.15,0.0125440899033422,339.9,0.794979866869227,0.2949798668692268
35,exp2_aug_01,21.7,0.0122677820714496,339.9,0.8142080476539308,0.3142080476539307
36,exp2_aug_01,23.25,0.011999370980923,339.9,0.8330140712737599,0.3330140712737598
37,exp2_aug_01,24.8,0.0117388566317623,339.9,0.8514101776778311,0.3514101776778312
38,exp2_aug_01,26.35,0.0114862390239675,339.9,0.869408606815262,0.3694086068152621
39,exp2_aug_01,27.9,0.0112415181575387,339.9,0.8870215986351697,0.3870215986351698
40,exp2_aug_01,29.45,0.0110046940324759,339.9,0.9042613930866712,0.4042613930866714
41,exp2_aug_01,31.0,0.010775766648779,339.9,0.921140230118884,0.4211402301188842
21,exp2_aug_02,0.0,0.0168546951822469,339.9,0.5010280378161264,0.0010280378161261
22,exp2_aug_02,1.55,0.016475729712597,339.9,0.5268580971138705,0.0268580971138705
23,exp2_aug_02,3.1,0.0161046609843131,339.9,0.5521068799082164,0.0521068799082161
24,exp2_aug_02,4.65,0.0157414889973951,339.9,0.5767866261482806,0.0767866261482803
25,exp2_aug_02,6.2,0.015386213751843,339.9,0.6009095757831803,0.1009095757831802
26,exp2_aug_02,7.75,0.0150388352476569,339.9,0.6244879687620332,0.1244879687620329
27,exp2_aug_02,9.3,0.0146993534848368,339.9,0.6475340450339561,0.1475340450339559
28,exp2_aug_02,10.85,0.0143677684633826,339.9,0.6700600445480662,0.1700600445480662
29,exp2_aug_02,12.4,0.0140440801832943,339.9,0.6920782072534813,0.1920782072534811
30,exp2_aug_02,13.95,0.013728288644572,339.9,0.7136007730993176,0.2136007730993177
31,exp2_aug_02,15.5,0.0134203938472156,339.9,0.7346399820346936,0.2346399820346935
32,exp2_aug_02,17.05,0.0131203957912252,339.9,0.7552080740087255,0.2552080740087254
33,exp2_aug_02,18.6,0.0128282944766007,339.9,0.7753172889705309,0.2753172889705308
34,exp2_aug_02,20.15,0.0125440899033422,339.9,0.794979866869227,0.2949798668692268
35,exp2_aug_02,21.7,0.0122677820714496,339.9,0.8142080476539308,0.3142080476539307
36,exp2_aug_02,23.25,0.011999370980923,339.9,0.8330140712737599,0.3330140712737598
37,exp2_aug_02,24.8,0.0117388566317623,339.9,0.8514101776778311,0.3514101776778312
38,exp2_aug_02,26.35,0.0114862390239675,339.9,0.869408606815262,0.3694086068152621
39,exp2_aug_02,27.9,0.0112415181575387,339.9,0.8870215986351697,0.3870215986351698
40,exp2_aug_02,29.45,0.0110046940324759,339.9,0.9042613930866712,0.4042613930866714
41,exp2_aug_02,31.0,0.010775766648779,339.9,0.921140230118884,0.4211402301188842
21,exp2_aug_03,0.0,0.0168546951822469,339.9,0.5010280378161264,0.0010280378161261
22,exp2_aug_03,1.55,0.016475729712597,339.9,0.5268580971138705,0.0268580971138705
23,exp2_aug_03,3.1,0.0161046609843131,339.9,0.5521068799082164,0.0521068799082161
24,exp2_aug_03,4.65,0.0157414889973951,339.9,0.5767866261482806,0.0767866261482803
25,exp2_aug_03,6.2,0.015386213751843,339.9,0.6009095757831803,0.1009095757831802
26,exp2_aug_03,7.75,0.0150388352476569,339.9,0.6244879687620332,0.1244879687620329
27,exp2_aug_03,9.3,0.0146993534848368,339.9,0.6475340450339561,0.1475340450339559
28,exp2_aug_03,10.85,0.0143677684633826,339.9,0.6700600445480662,0.1700600445480662
29,exp2_aug_03,12.4,0.0140440801832943,339.9,0.6920782072534813,0.1920782072534811
30,exp2_aug_03,13.95,0.013728288644572,339.9,0.7136007730993176,0.2136007730993177
31,exp2_aug_03,15.5,0.0134203938472156,339.9,0.7346399820346936,0.2346399820346935
32,exp2_aug_03,17.05,0.0131203957912252,339.9,0.7552080740087255,0.2552080740087254
33,exp2_aug_03,18.6,0.0128282944766007,339.9,0.7753172889705309,0.2753172889705308
34,exp2_aug_03,20.15,0.0125440899033422,339.9,0.794979866869227,0.2949798668692268
35,exp2_aug_03,21.7,0.0122677820714496,339.9,0.8142080476539308,0.3142080476539307
36,exp2_aug_03,23.25,0.011999370980923,339.9,0.8330140712737599,0.3330140712737598
37,exp2_aug_03,24.8,0.0117388566317623,339.9,0.8514101776778311,0.3514101776778312
38,exp2_aug_03,26.35,0.0114862390239675,339.9,0.869408606815262,0.3694086068152621
39,exp2_aug_03,27.9,0.0112415181575387,339.9,0.8870215986351697,0.3870215986351698
40,exp2_aug_03,29.45,0.0110046940324759,339.9,0.9042613930866712,0.4042613930866714
41,exp2_aug_03,31.0,0.010775766648779,339.9,0.921140230118884,0.4211402301188842
21,exp2_aug_04,0.0,0.0168546951822469,339.9,0.5010280378161264,0.0010280378161261
22,exp2_aug_04,1.55,0.016475729712597,339.9,0.5268580971138705,0.0268580971138705
23,exp2_aug_04,3.1,0.0161046609843131,339.9,0.5521068799082164,0.0521068799082161
24,exp2_aug_04,4.65,0.0157414889973951,339.9,0.5767866261482806,0.0767866261482803
25,exp2_aug_04,6.2,0.015386213751843,339.9,0.6009095757831803,0.1009095757831802
26,exp2_aug_04,7.75,0.0150388352476569,339.9,0.6244879687620332,0.1244879687620329
27,exp2_aug_04,9.3,0.0146993534848368,339.9,0.6475340450339561,0.1475340450339559
28,exp2_aug_04,10.85,0.0143677684633826,339.9,0.6700600445480662,0.1700600445480662
29,exp2_aug_04,12.4,0.0140440801832943,339.9,0.6920782072534813,0.1920782072534811
30,exp2_aug_04,13.95,0.013728288644572,339.9,0.7136007730993176,0.2136007730993177
31,exp2_aug_04,15.5,0.0134203938472156,339.9,0.7346399820346936,0.2346399820346935
32,exp2_aug_04,17.05,0.0131203957912252,339.9,0.7552080740087255,0.2552080740087254
33,exp2_aug_04,18.6,0.0128282944766007,339.9,0.7753172889705309,0.2753172889705308
34,exp2_aug_04,20.15,0.0125440899033422,339.9,0.794979866869227,0.2949798668692268
35,exp2_aug_04,21.7,0.0122677820714496,339.9,0.8142080476539308,0.3142080476539307
36,exp2_aug_04,23.25,0.011999370980923,339.9,0.8330140712737599,0.3330140712737598
37,exp2_aug_04,24.8,0.0117388566317623,339.9,0.8514101776778311,0.3514101776778312
38,exp2_aug_04,26.35,0.0114862390239675,339.9,0.869408606815262,0.3694086068152621
39,exp2_aug_04,27.9,0.0112415181575387,339.9,0.8870215986351697,0.3870215986351698
40,exp2_aug_04,29.45,0.0110046940324759,339.9,0.9042613930866712,0.4042613930866714
41,exp2_aug_04,31.0,0.010775766648779,339.9,0.921140230118884,0.4211402301188842
21,exp2_aug_05,0.0,0.0168546951822469,339.9,0.5010280378161264,0.0010280378161261
22,exp2_aug_05,1.55,0.016475729712597,339.9,0.5268580971138705,0.0268580971138705
23,exp2_aug_05,3.1,0.0161046609843131,339.9,0.5521068799082164,0.0521068799082161
24,exp2_aug_05,4.65,0.0157414889973951,339.9,0.5767866261482806,0.0767866261482803
25,exp2_aug_05,6.2,0.015386213751843,339.9,0.6009095757831803,0.1009095757831802
26,exp2_aug_05,7.75,0.0150388352476569,339.9,0.6244879687620332,0.1244879687620329
27,exp2_aug_05,9.3,0.0146993534848368,339.9,0.6475340450339561,0.1475340450339559
28,exp2_aug_05,10.85,0.0143677684633826,339.9,0.6700600445480662,0.1700600445480662
29,exp2_aug_05,12.4,0.0140440801832943,339.9,0.6920782072534813,0.1920782072534811
30,exp2_aug_05,13.95,0.013728288644572,339.9,0.7136007730993176,0.2136007730993177
31,exp2_aug_05,15.5,0.0134203938472156,339.9,0.7346399820346936,0.2346399820346935
32,exp2_aug_05,17.05,0.0131203957912252,339.9,0.7552080740087255,0.2552080740087254
33,exp2_aug_05,18.6,0.0128282944766007,339.9,0.7753172889705309,0.2753172889705308
34,exp2_aug_05,20.15,0.0125440899033422,339.9,0.794979866869227,0.2949798668692268
35,exp2_aug_05,21.7,0.0122677820714496,339.9,0.8142080476539308,0.3142080476539307
36,exp2_aug_05,23.25,0.011999370980923,339.9,0.8330140712737599,0.3330140712737598
37,exp2_aug_05,24.8,0.0117388566317623,339.9,0.8514101776778311,0.3514101776778312
38,exp2_aug_05,26.35,0.0114862390239675,339.9,0.869408606815262,0.3694086068152621
39,exp2_aug_05,27.9,0.0112415181575387,339.9,0.8870215986351697,0.3870215986351698
40,exp2_aug_05,29.45,0.0110046940324759,339.9,0.9042613930866712,0.4042613930866714
41,exp2_aug_05,31.0,0.010775766648779,339.9,0.921140230118884,0.4211402301188842
21,exp2_aug_06,0.0,0.0168546951822469,339.9,0.5010280378161264,0.0010280378161261
22,exp2_aug_06,1.55,0.016475729712597,339.9,0.5268580971138705,0.0268580971138705
23,exp2_aug_06,3.1,0.0161046609843131,339.9,0.5521068799082164,0.0521068799082161
24,exp2_aug_06,4.65,0.0157414889973951,339.9,0.5767866261482806,0.0767866261482803
25,exp2_aug_06,6.2,0.015386213751843,339.9,0.6009095757831803,0.1009095757831802
26,exp2_aug_06,7.75,0.0150388352476569,339.9,0.6244879687620332,0.1244879687620329
27,exp2_aug_06,9.3,0.0146993534848368,339.9,0.6475340450339561,0.1475340450339559
28,exp2_aug_06,10.85,0.0143677684633826,339.9,0.6700600445480662,0.1700600445480662
29,exp2_aug_06,12.4,0.0140440801832943,339.9,0.6920782072534813,0.1920782072534811
30,exp2_aug_06,13.95,0.013728288644572,339.9,0.7136007730993176,0.2136007730993177
31,exp2_aug_06,15.5,0.0134203938472156,339.9,0.7346399820346936,0.2346399820346935
32,exp2_aug_06,17.05,0.0131203957912252,339.9,0.7552080740087255,0.2552080740087254
33,exp2_aug_06,18.6,0.0128282944766007,339.9,0.7753172889705309,0.2753172889705308
34,exp2_aug_06,20.15,0.0125440899033422,339.9,0.794979866869227,0.2949798668692268
35,exp2_aug_06,21.7,0.0122677820714496,339.9,0.8142080476539308,0.3142080476539307
36,exp2_aug_06,23.25,0.011999370980923,339.9,0.8330140712737599,0.3330140712737598
37,exp2_aug_06,24.8,0.0117388566317623,339.9,0.8514101776778311,0.3514101776778312
38,exp2_aug_06,26.35,0.0114862390239675,339.9,0.869408606815262,0.3694086068152621
39,exp2_aug_06,27.9,0.0112415181575387,339.9,0.8870215986351697,0.3870215986351698
40,exp2_aug_06,29.45,0.0110046940324759,339.9,0.9042613930866712,0.4042613930866714
41,exp2_aug_06,31.0,0.010775766648779,339.9,0.921140230118884,0.4211402301188842
21,exp2_aug_07,0.0,0.0168546951822469,339.9,0.5010280378161264,0.0010280378161261
22,exp2_aug_07,1.55,0.016475729712597,339.9,0.5268580971138705,0.0268580971138705
23,exp2_aug_07,3.1,0.0161046609843131,339.9,0.5521068799082164,0.0521068799082161
24,exp2_aug_07,4.65,0.0157414889973951,339.9,0.5767866261482806,0.0767866261482803
25,exp2_aug_07,6.2,0.015386213751843,339.9,0.6009095757831803,0.1009095757831802
26,exp2_aug_07,7.75,0.0150388352476569,339.9,0.6244879687620332,0.1244879687620329
27,exp2_aug_07,9.3,0.0146993534848368,339.9,0.6475340450339561,0.1475340450339559
28,exp2_aug_07,10.85,0.0143677684633826,339.9,0.6700600445480662,0.1700600445480662
29,exp2_aug_07,12.4,0.0140440801832943,339.9,0.6920782072534813,0.1920782072534811
30,exp2_aug_07,13.95,0.013728288644572,339.9,0.7136007730993176,0.2136007730993177
31,exp2_aug_07,15.5,0.0134203938472156,339.9,0.7346399820346936,0.2346399820346935
32,exp2_aug_07,17.05,0.0131203957912252,339.9,0.7552080740087255,0.2552080740087254
33,exp2_aug_07,18.6,0.0128282944766007,339.9,0.7753172889705309,0.2753172889705308
34,exp2_aug_07,20.15,0.0125440899033422,339.9,0.794979866869227,0.2949798668692268
35,exp2_aug_07,21.7,0.0122677820714496,339.9,0.8142080476539308,0.3142080476539307
36,exp2_aug_07,23.25,0.011999370980923,339.9,0.8330140712737599,0.3330140712737598
37,exp2_aug_07,24.8,0.0117388566317623,339.9,0.8514101776778311,0.3514101776778312
38,exp2_aug_07,26.35,0.0114862390239675,339.9,0.869408606815262,0.3694086068152621
39,exp2_aug_07,27.9,0.0112415181575387,339.9,0.8870215986351697,0.3870215986351698
40,exp2_aug_07,29.45,0.0110046940324759,339.9,0.9042613930866712,0.4042613930866714
41,exp2_aug_07,31.0,0.010775766648779,339.9,0.921140230118884,0.4211402301188842
21,exp2_aug_08,0.0,0.0168546951822469,339.9,0.5010280378161264,0.0010280378161261
22,exp2_aug_08,1.55,0.016475729712597,339.9,0.5268580971138705,0.0268580971138705
23,exp2_aug_08,3.1,0.0161046609843131,339.9,0.5521068799082164,0.0521068799082161
24,exp2_aug_08,4.65,0.0157414889973951,339.9,0.5767866261482806,0.0767866261482803
25,exp2_aug_08,6.2,0.015386213751843,339.9,0.6009095757831803,0.1009095757831802
26,exp2_aug_08,7.75,0.0150388352476569,339.9,0.6244879687620332,0.1244879687620329
27,exp2_aug_08,9.3,0.0146993534848368,339.9,0.6475340450339561,0.1475340450339559
28,exp2_aug_08,10.85,0.0143677684633826,339.9,0.6700600445480662,0.1700600445480662
29,exp2_aug_08,12.4,0.0140440801832943,339.9,0.6920782072534813,0.1920782072534811
30,exp2_aug_08,13.95,0.013728288644572,339.9,0.7136007730993176,0.2136007730993177
31,exp2_aug_08,15.5,0.0134203938472156,339.9,0.7346399820346936,0.2346399820346935
32,exp2_aug_08,17.05,0.0131203957912252,339.9,0.7552080740087255,0.2552080740087254
33,exp2_aug_08,18.6,0.0128282944766007,339.9,0.7753172889705309,0.2753172889705308
34,exp2_aug_08,20.15,0.0125440899033422,339.9,0.794979866869227,0.2949798668692268
35,exp2_aug_08,21.7,0.0122677820714496,339.9,0.8142080476539308,0.3142080476539307
36,exp2_aug_08,23.25,0.011999370980923,339.9,0.8330140712737599,0.3330140712737598
37,exp2_aug_08,24.8,0.0117388566317623,339.9,0.8514101776778311,0.3514101776778312
38,exp2_aug_08,26.35,0.0114862390239675,339.9,0.869408606815262,0.3694086068152621
39,exp2_aug_08,27.9,0.0112415181575387,339.9,0.8870215986351697,0.3870215986351698
40,exp2_aug_08,29.45,0.0110046940324759,339.9,0.9042613930866712,0.4042613930866714
41,exp2_aug_08,31.0,0.010775766648779,339.9,0.921140230118884,0.4211402301188842
21,exp2_aug_09,0.0,0.0168546951822469,339.9,0.5010280378161264,0.0010280378161261
22,exp2_aug_09,1.55,0.016475729712597,339.9,0.5268580971138705,0.0268580971138705
23,exp2_aug_09,3.1,0.0161046609843131,339.9,0.5521068799082164,0.0521068799082161
24,exp2_aug_09,4.65,0.0157414889973951,339.9,0.5767866261482806,0.0767866261482803
25,exp2_aug_09,6.2,0.015386213751843,339.9,0.6009095757831803,0.1009095757831802
26,exp2_aug_09,7.75,0.0150388352476569,339.9,0.6244879687620332,0.1244879687620329
27,exp2_aug_09,9.3,0.0146993534848368,339.9,0.6475340450339561,0.1475340450339559
28,exp2_aug_09,10.85,0.0143677684633826,339.9,0.6700600445480662,0.1700600445480662
29,exp2_aug_09,12.4,0.0140440801832943,339.9,0.6920782072534813,0.1920782072534811
30,exp2_aug_09,13.95,0.013728288644572,339.9,0.7136007730993176,0.2136007730993177
31,exp2_aug_09,15.5,0.0134203938472156,339.9,0.7346399820346936,0.2346399820346935
32,exp2_aug_09,17.05,0.0131203957912252,339.9,0.7552080740087255,0.2552080740087254
33,exp2_aug_09,18.6,0.0128282944766007,339.9,0.7753172889705309,0.2753172889705308
34,exp2_aug_09,20.15,0.0125440899033422,339.9,0.794979866869227,0.2949798668692268
35,exp2_aug_09,21.7,0.0122677820714496,339.9,0.8142080476539308,0.3142080476539307
36,exp2_aug_09,23.25,0.011999370980923,339.9,0.8330140712737599,0.3330140712737598
37,exp2_aug_09,24.8,0.0117388566317623,339.9,0.8514101776778311,0.3514101776778312
38,exp2_aug_09,26.35,0.0114862390239675,339.9,0.869408606815262,0.3694086068152621
39,exp2_aug_09,27.9,0.0112415181575387,339.9,0.8870215986351697,0.3870215986351698
40,exp2_aug_09,29.45,0.0110046940324759,339.9,0.9042613930866712,0.4042613930866714
41,exp2_aug_09,31.0,0.010775766648779,339.9,0.921140230118884,0.4211402301188842
21,exp2_aug_10,0.0,0.0168546951822469,339.9,0.5010280378161264,0.0010280378161261
22,exp2_aug_10,1.55,0.016475729712597,339.9,0.5268580971138705,0.0268580971138705
23,exp2_aug_10,3.1,0.0161046609843131,339.9,0.5521068799082164,0.0521068799082161
24,exp2_aug_10,4.65,0.0157414889973951,339.9,0.5767866261482806,0.0767866261482803
25,exp2_aug_10,6.2,0.015386213751843,339.9,0.6009095757831803,0.1009095757831802
26,exp2_aug_10,7.75,0.0150388352476569,339.9,0.6244879687620332,0.1244879687620329
27,exp2_aug_10,9.3,0.0146993534848368,339.9,0.6475340450339561,0.1475340450339559
28,exp2_aug_10,10.85,0.0143677684633826,339.9,0.6700600445480662,0.1700600445480662
29,exp2_aug_10,12.4,0.0140440801832943,339.9,0.6920782072534813,0.1920782072534811
30,exp2_aug_10,13.95,0.013728288644572,339.9,0.7136007730993176,0.2136007730993177
31,exp2_aug_10,15.5,0.0134203938472156,339.9,0.7346399820346936,0.2346399820346935
32,exp2_aug_10,17.05,0.0131203957912252,339.9,0.7552080740087255,0.2552080740087254
33,exp2_aug_10,18.6,0.0128282944766007,339.9,0.7753172889705309,0.2753172889705308
34,exp2_aug_10,20.15,0.0125440899033422,339.9,0.794979866869227,0.2949798668692268
35,exp2_aug_10,21.7,0.0122677820714496,339.9,0.8142080476539308,0.3142080476539307
36,exp2_aug_10,23.25,0.011999370980923,339.9,0.8330140712737599,0.3330140712737598
37,exp2_aug_10,24.8,0.0117388566317623,339.9,0.8514101776778311,0.3514101776778312
38,exp2_aug_10,26.35,0.0114862390239675,339.9,0.869408606815262,0.3694086068152621
39,exp2_aug_10,27.9,0.0112415181575387,339.9,0.8870215986351697,0.3870215986351698
40,exp2_aug_10,29.45,0.0110046940324759,339.9,0.9042613930866712,0.4042613930866714
41,exp2_aug_10,31.0,0.010775766648779,339.9,0.921140230118884,0.4211402301188842
42,exp3_aug_01,0.0,0.0168546951822472,339.9,0.5010280378161256,0.0010280378161255
43,exp3_aug_01,1.55,0.0164757297125972,339.9,0.5268580971138703,0.0268580971138703
44,exp3_aug_01,3.1,0.0161046609843132,339.9,0.5521068799082163,0.0521068799082162
45,exp3_aug_01,4.65,0.0157414889973952,339.9,0.5767866261482807,0.0767866261482805
46,exp3_aug_01,6.2,0.015386213751843,339.9,0.6009095757831805,0.1009095757831804
47,exp3_aug_01,7.75,0.0150388352476569,339.9,0.6244879687620334,0.1244879687620332
48,exp3_aug_01,9.3,0.0146993534848367,339.9,0.6475340450339562,0.147534045033956
49,exp3_aug_01,10.85,0.0143677684633825,339.9,0.6700600445480662,0.1700600445480662
50,exp3_aug_01,12.4,0.0140440801832942,339.9,0.6920782072534811,0.1920782072534809
51,exp3_aug_01,13.95,0.0137282886445719,339.9,0.7136007730993174,0.2136007730993174
52,exp3_aug_01,15.5,0.0134203938472155,339.9,0.734639982034693,0.2346399820346929
53,exp3_aug_01,17.05,0.0131203957912251,339.9,0.7552080740087248,0.2552080740087247
54,exp3_aug_01,18.6,0.0128282944766006,339.9,0.77531728897053,0.27531728897053
55,exp3_aug_01,20.15,0.0125440899033421,339.9,0.794979866869226,0.2949798668692259
56,exp3_aug_01,21.7,0.0122677820714496,339.9,0.8142080476539297,0.3142080476539298
57,exp3_aug_01,23.25,0.011999370980923,339.9,0.8330140712737588,0.3330140712737589
58,exp3_aug_01,24.8,0.0117388566317624,339.9,0.8514101776778302,0.3514101776778303
59,exp3_aug_01,26.35,0.0114862390239677,339.9,0.8694086068152614,0.3694086068152615
60,exp3_aug_01,27.9,0.011241518157539,339.9,0.8870215986351695,0.3870215986351696
61,exp3_aug_01,29.45,0.0110046940324763,339.9,0.9042613930866716,0.4042613930866717
62,exp3_aug_01,31.0,0.0107757666487795,339.9,0.9211402301188852,0.4211402301188852
42,exp3_aug_02,0.0,0.0168546951822472,339.9,0.5010280378161256,0.0010280378161255
43,exp3_aug_02,1.55,0.0164757297125972,339.9,0.5268580971138703,0.0268580971138703
44,exp3_aug_02,3.1,0.0161046609843132,339.9,0.5521068799082163,0.0521068799082162
45,exp3_aug_02,4.65,0.0157414889973952,339.9,0.5767866261482807,0.0767866261482805
46,exp3_aug_02,6.2,0.015386213751843,339.9,0.6009095757831805,0.1009095757831804
47,exp3_aug_02,7.75,0.0150388352476569,339.9,0.6244879687620334,0.1244879687620332
48,exp3_aug_02,9.3,0.0146993534848367,339.9,0.6475340450339562,0.147534045033956
49,exp3_aug_02,10.85,0.0143677684633825,339.9,0.6700600445480662,0.1700600445480662
50,exp3_aug_02,12.4,0.0140440801832942,339.9,0.6920782072534811,0.1920782072534809
51,exp3_aug_02,13.95,0.0137282886445719,339.9,0.7136007730993174,0.2136007730993174
52,exp3_aug_02,15.5,0.0134203938472155,339.9,0.734639982034693,0.2346399820346929
53,exp3_aug_02,17.05,0.0131203957912251,339.9,0.7552080740087248,0.2552080740087247
54,exp3_aug_02,18.6,0.0128282944766006,339.9,0.77531728897053,0.27531728897053
55,exp3_aug_02,20.15,0.0125440899033421,339.9,0.794979866869226,0.2949798668692259
56,exp3_aug_02,21.7,0.0122677820714496,339.9,0.8142080476539297,0.3142080476539298
57,exp3_aug_02,23.25,0.011999370980923,339.9,0.8330140712737588,0.3330140712737589
58,exp3_aug_02,24.8,0.0117388566317624,339.9,0.8514101776778302,0.3514101776778303
59,exp3_aug_02,26.35,0.0114862390239677,339.9,0.8694086068152614,0.3694086068152615
60,exp3_aug_02,27.9,0.011241518157539,339.9,0.8870215986351695,0.3870215986351696
61,exp3_aug_02,29.45,0.0110046940324763,339.9,0.9042613930866716,0.4042613930866717
62,exp3_aug_02,31.0,0.0107757666487795,339.9,0.9211402301188852,0.4211402301188852
42,exp3_aug_03,0.0,0.0168546951822472,339.9,0.5010280378161256,0.0010280378161255
43,exp3_aug_03,1.55,0.0164757297125972,339.9,0.5268580971138703,0.0268580971138703
44,exp3_aug_03,3.1,0.0161046609843132,339.9,0.5521068799082163,0.0521068799082162
45,exp3_aug_03,4.65,0.0157414889973952,339.9,0.5767866261482807,0.0767866261482805
46,exp3_aug_03,6.2,0.015386213751843,339.9,0.6009095757831805,0.1009095757831804
47,exp3_aug_03,7.75,0.0150388352476569,339.9,0.6244879687620334,0.1244879687620332
48,exp3_aug_03,9.3,0.0146993534848367,339.9,0.6475340450339562,0.147534045033956
49,exp3_aug_03,10.85,0.0143677684633825,339.9,0.6700600445480662,0.1700600445480662
50,exp3_aug_03,12.4,0.0140440801832942,339.9,0.6920782072534811,0.1920782072534809
51,exp3_aug_03,13.95,0.0137282886445719,339.9,0.7136007730993174,0.2136007730993174
52,exp3_aug_03,15.5,0.0134203938472155,339.9,0.734639982034693,0.2346399820346929
53,exp3_aug_03,17.05,0.0131203957912251,339.9,0.7552080740087248,0.2552080740087247
54,exp3_aug_03,18.6,0.0128282944766006,339.9,0.77531728897053,0.27531728897053
55,exp3_aug_03,20.15,0.0125440899033421,339.9,0.794979866869226,0.2949798668692259
56,exp3_aug_03,21.7,0.0122677820714496,339.9,0.8142080476539297,0.3142080476539298
57,exp3_aug_03,23.25,0.011999370980923,339.9,0.8330140712737588,0.3330140712737589
58,exp3_aug_03,24.8,0.0117388566317624,339.9,0.8514101776778302,0.3514101776778303
59,exp3_aug_03,26.35,0.0114862390239677,339.9,0.8694086068152614,0.3694086068152615
60,exp3_aug_03,27.9,0.011241518157539,339.9,0.8870215986351695,0.3870215986351696
61,exp3_aug_03,29.45,0.0110046940324763,339.9,0.9042613930866716,0.4042613930866717
62,exp3_aug_03,31.0,0.0107757666487795,339.9,0.9211402301188852,0.4211402301188852
42,exp3_aug_04,0.0,0.0168546951822472,339.9,0.5010280378161256,0.0010280378161255
43,exp3_aug_04,1.55,0.0164757297125972,339.9,0.5268580971138703,0.0268580971138703
44,exp3_aug_04,3.1,0.0161046609843132,339.9,0.5521068799082163,0.0521068799082162
45,exp3_aug_04,4.65,0.0157414889973952,339.9,0.5767866261482807,0.0767866261482805
46,exp3_aug_04,6.2,0.015386213751843,339.9,0.6009095757831805,0.1009095757831804
47,exp3_aug_04,7.75,0.0150388352476569,339.9,0.6244879687620334,0.1244879687620332
48,exp3_aug_04,9.3,0.0146993534848367,339.9,0.6475340450339562,0.147534045033956
49,exp3_aug_04,10.85,0.0143677684633825,339.9,0.6700600445480662,0.1700600445480662
50,exp3_aug_04,12.4,0.0140440801832942,339.9,0.6920782072534811,0.1920782072534809
51,exp3_aug_04,13.95,0.0137282886445719,339.9,0.7136007730993174,0.2136007730993174
52,exp3_aug_04,15.5,0.0134203938472155,339.9,0.734639982034693,0.2346399820346929
53,exp3_aug_04,17.05,0.0131203957912251,339.9,0.7552080740087248,0.2552080740087247
54,exp3_aug_04,18.6,0.0128282944766006,339.9,0.77531728897053,0.27531728897053
55,exp3_aug_04,20.15,0.0125440899033421,339.9,0.794979866869226,0.2949798668692259
56,exp3_aug_04,21.7,0.0122677820714496,339.9,0.8142080476539297,0.3142080476539298
57,exp3_aug_04,23.25,0.011999370980923,339.9,0.8330140712737588,0.3330140712737589
58,exp3_aug_04,24.8,0.0117388566317624,339.9,0.8514101776778302,0.3514101776778303
59,exp3_aug_04,26.35,0.0114862390239677,339.9,0.8694086068152614,0.3694086068152615
60,exp3_aug_04,27.9,0.011241518157539,339.9,0.8870215986351695,0.3870215986351696
61,exp3_aug_04,29.45,0.0110046940324763,339.9,0.9042613930866716,0.4042613930866717
62,exp3_aug_04,31.0,0.0107757666487795,339.9,0.9211402301188852,0.4211402301188852
42,exp3_aug_05,0.0,0.0168546951822472,339.9,0.5010280378161256,0.0010280378161255
43,exp3_aug_05,1.55,0.0164757297125972,339.9,0.5268580971138703,0.0268580971138703
44,exp3_aug_05,3.1,0.0161046609843132,339.9,0.5521068799082163,0.0521068799082162
45,exp3_aug_05,4.65,0.0157414889973952,339.9,0.5767866261482807,0.0767866261482805
46,exp3_aug_05,6.2,0.015386213751843,339.9,0.6009095757831805,0.1009095757831804
47,exp3_aug_05,7.75,0.0150388352476569,339.9,0.6244879687620334,0.1244879687620332
48,exp3_aug_05,9.3,0.0146993534848367,339.9,0.6475340450339562,0.147534045033956
49,exp3_aug_05,10.85,0.0143677684633825,339.9,0.6700600445480662,0.1700600445480662
50,exp3_aug_05,12.4,0.0140440801832942,339.9,0.6920782072534811,0.1920782072534809
51,exp3_aug_05,13.95,0.0137282886445719,339.9,0.7136007730993174,0.2136007730993174
52,exp3_aug_05,15.5,0.0134203938472155,339.9,0.734639982034693,0.2346399820346929
53,exp3_aug_05,17.05,0.0131203957912251,339.9,0.7552080740087248,0.2552080740087247
54,exp3_aug_05,18.6,0.0128282944766006,339.9,0.77531728897053,0.27531728897053
55,exp3_aug_05,20.15,0.0125440899033421,339.9,0.794979866869226,0.2949798668692259
56,exp3_aug_05,21.7,0.0122677820714496,339.9,0.8142080476539297,0.3142080476539298
57,exp3_aug_05,23.25,0.011999370980923,339.9,0.8330140712737588,0.3330140712737589
58,exp3_aug_05,24.8,0.0117388566317624,339.9,0.8514101776778302,0.3514101776778303
59,exp3_aug_05,26.35,0.0114862390239677,339.9,0.8694086068152614,0.3694086068152615
60,exp3_aug_05,27.9,0.011241518157539,339.9,0.8870215986351695,0.3870215986351696
61,exp3_aug_05,29.45,0.0110046940324763,339.9,0.9042613930866716,0.4042613930866717
62,exp3_aug_05,31.0,0.0107757666487795,339.9,0.9211402301188852,0.4211402301188852
42,exp3_aug_06,0.0,0.0168546951822472,339.9,0.5010280378161256,0.0010280378161255
43,exp3_aug_06,1.55,0.0164757297125972,339.9,0.5268580971138703,0.0268580971138703
44,exp3_aug_06,3.1,0.0161046609843132,339.9,0.5521068799082163,0.0521068799082162
45,exp3_aug_06,4.65,0.0157414889973952,339.9,0.5767866261482807,0.0767866261482805
46,exp3_aug_06,6.2,0.015386213751843,339.9,0.6009095757831805,0.1009095757831804
47,exp3_aug_06,7.75,0.0150388352476569,339.9,0.6244879687620334,0.1244879687620332
48,exp3_aug_06,9.3,0.0146993534848367,339.9,0.6475340450339562,0.147534045033956
49,exp3_aug_06,10.85,0.0143677684633825,339.9,0.6700600445480662,0.1700600445480662
50,exp3_aug_06,12.4,0.0140440801832942,339.9,0.6920782072534811,0.1920782072534809
51,exp3_aug_06,13.95,0.0137282886445719,339.9,0.7136007730993174,0.2136007730993174
52,exp3_aug_06,15.5,0.0134203938472155,339.9,0.734639982034693,0.2346399820346929
53,exp3_aug_06,17.05,0.0131203957912251,339.9,0.7552080740087248,0.2552080740087247
54,exp3_aug_06,18.6,0.0128282944766006,339.9,0.77531728897053,0.27531728897053
55,exp3_aug_06,20.15,0.0125440899033421,339.9,0.794979866869226,0.2949798668692259
56,exp3_aug_06,21.7,0.0122677820714496,339.9,0.8142080476539297,0.3142080476539298
57,exp3_aug_06,23.25,0.011999370980923,339.9,0.8330140712737588,0.3330140712737589
58,exp3_aug_06,24.8,0.0117388566317624,339.9,0.8514101776778302,0.3514101776778303
59,exp3_aug_06,26.35,0.0114862390239677,339.9,0.8694086068152614,0.3694086068152615
60,exp3_aug_06,27.9,0.011241518157539,339.9,0.8870215986351695,0.3870215986351696
61,exp3_aug_06,29.45,0.0110046940324763,339.9,0.9042613930866716,0.4042613930866717
62,exp3_aug_06,31.0,0.0107757666487795,339.9,0.9211402301188852,0.4211402301188852
42,exp3_aug_07,0.0,0.0168546951822472,339.9,0.5010280378161256,0.0010280378161255
43,exp3_aug_07,1.55,0.0164757297125972,339.9,0.5268580971138703,0.0268580971138703
44,exp3_aug_07,3.1,0.0161046609843132,339.9,0.5521068799082163,0.0521068799082162
45,exp3_aug_07,4.65,0.0157414889973952,339.9,0.5767866261482807,0.0767866261482805
46,exp3_aug_07,6.2,0.015386213751843,339.9,0.6009095757831805,0.1009095757831804
47,exp3_aug_07,7.75,0.0150388352476569,339.9,0.6244879687620334,0.1244879687620332
48,exp3_aug_07,9.3,0.0146993534848367,339.9,0.6475340450339562,0.147534045033956
49,exp3_aug_07,10.85,0.0143677684633825,339.9,0.6700600445480662,0.1700600445480662
50,exp3_aug_07,12.4,0.0140440801832942,339.9,0.6920782072534811,0.1920782072534809
51,exp3_aug_07,13.95,0.0137282886445719,339.9,0.7136007730993174,0.2136007730993174
52,exp3_aug_07,15.5,0.0134203938472155,339.9,0.734639982034693,0.2346399820346929
53,exp3_aug_07,17.05,0.0131203957912251,339.9,0.7552080740087248,0.2552080740087247
54,exp3_aug_07,18.6,0.0128282944766006,339.9,0.77531728897053,0.27531728897053
55,exp3_aug_07,20.15,0.0125440899033421,339.9,0.794979866869226,0.2949798668692259
56,exp3_aug_07,21.7,0.0122677820714496,339.9,0.8142080476539297,0.3142080476539298
57,exp3_aug_07,23.25,0.011999370980923,339.9,0.8330140712737588,0.3330140712737589
58,exp3_aug_07,24.8,0.0117388566317624,339.9,0.8514101776778302,0.3514101776778303
59,exp3_aug_07,26.35,0.0114862390239677,339.9,0.8694086068152614,0.3694086068152615
60,exp3_aug_07,27.9,0.011241518157539,339.9,0.8870215986351695,0.3870215986351696
61,exp3_aug_07,29.45,0.0110046940324763,339.9,0.9042613930866716,0.4042613930866717
62,exp3_aug_07,31.0,0.0107757666487795,339.9,0.9211402301188852,0.4211402301188852
42,exp3_aug_08,0.0,0.0168546951822472,339.9,0.5010280378161256,0.0010280378161255
43,exp3_aug_08,1.55,0.0164757297125972,339.9,0.5268580971138703,0.0268580971138703
44,exp3_aug_08,3.1,0.0161046609843132,339.9,0.5521068799082163,0.0521068799082162
45,exp3_aug_08,4.65,0.0157414889973952,339.9,0.5767866261482807,0.0767866261482805
46,exp3_aug_08,6.2,0.015386213751843,339.9,0.6009095757831805,0.1009095757831804
47,exp3_aug_08,7.75,0.0150388352476569,339.9,0.6244879687620334,0.1244879687620332
48,exp3_aug_08,9.3,0.0146993534848367,339.9,0.6475340450339562,0.147534045033956
49,exp3_aug_08,10.85,0.0143677684633825,339.9,0.6700600445480662,0.1700600445480662
50,exp3_aug_08,12.4,0.0140440801832942,339.9,0.6920782072534811,0.1920782072534809
51,exp3_aug_08,13.95,0.0137282886445719,339.9,0.7136007730993174,0.2136007730993174
52,exp3_aug_08,15.5,0.0134203938472155,339.9,0.734639982034693,0.2346399820346929
53,exp3_aug_08,17.05,0.0131203957912251,339.9,0.7552080740087248,0.2552080740087247
54,exp3_aug_08,18.6,0.0128282944766006,339.9,0.77531728897053,0.27531728897053
55,exp3_aug_08,20.15,0.0125440899033421,339.9,0.794979866869226,0.2949798668692259
56,exp3_aug_08,21.7,0.0122677820714496,339.9,0.8142080476539297,0.3142080476539298
57,exp3_aug_08,23.25,0.011999370980923,339.9,0.8330140712737588,0.3330140712737589
58,exp3_aug_08,24.8,0.0117388566317624,339.9,0.8514101776778302,0.3514101776778303
59,exp3_aug_08,26.35,0.0114862390239677,339.9,0.8694086068152614,0.3694086068152615
60,exp3_aug_08,27.9,0.011241518157539,339.9,0.8870215986351695,0.3870215986351696
61,exp3_aug_08,29.45,0.0110046940324763,339.9,0.9042613930866716,0.4042613930866717
62,exp3_aug_08,31.0,0.0107757666487795,339.9,0.9211402301188852,0.4211402301188852
42,exp3_aug_09,0.0,0.0168546951822472,339.9,0.5010280378161256,0.0010280378161255
43,exp3_aug_09,1.55,0.0164757297125972,339.9,0.5268580971138703,0.0268580971138703
44,exp3_aug_09,3.1,0.0161046609843132,339.9,0.5521068799082163,0.0521068799082162
45,exp3_aug_09,4.65,0.0157414889973952,339.9,0.5767866261482807,0.0767866261482805
46,exp3_aug_09,6.2,0.015386213751843,339.9,0.6009095757831805,0.1009095757831804
47,exp3_aug_09,7.75,0.0150388352476569,339.9,0.6244879687620334,0.1244879687620332
48,exp3_aug_09,9.3,0.0146993534848367,339.9,0.6475340450339562,0.147534045033956
49,exp3_aug_09,10.85,0.0143677684633825,339.9,0.6700600445480662,0.1700600445480662
50,exp3_aug_09,12.4,0.0140440801832942,339.9,0.6920782072534811,0.1920782072534809
51,exp3_aug_09,13.95,0.0137282886445719,339.9,0.7136007730993174,0.2136007730993174
52,exp3_aug_09,15.5,0.0134203938472155,339.9,0.734639982034693,0.2346399820346929
53,exp3_aug_09,17.05,0.0131203957912251,339.9,0.7552080740087248,0.2552080740087247
54,exp3_aug_09,18.6,0.0128282944766006,339.9,0.77531728897053,0.27531728897053
55,exp3_aug_09,20.15,0.0125440899033421,339.9,0.794979866869226,0.2949798668692259
56,exp3_aug_09,21.7,0.0122677820714496,339.9,0.8142080476539297,0.3142080476539298
57,exp3_aug_09,23.25,0.011999370980923,339.9,0.8330140712737588,0.3330140712737589
58,exp3_aug_09,24.8,0.0117388566317624,339.9,0.8514101776778302,0.3514101776778303
59,exp3_aug_09,26.35,0.0114862390239677,339.9,0.8694086068152614,0.3694086068152615
60,exp3_aug_09,27.9,0.011241518157539,339.9,0.8870215986351695,0.3870215986351696
61,exp3_aug_09,29.45,0.0110046940324763,339.9,0.9042613930866716,0.4042613930866717
62,exp3_aug_09,31.0,0.0107757666487795,339.9,0.9211402301188852,0.4211402301188852
42,exp3_aug_10,0.0,0.0168546951822472,339.9,0.5010280378161256,0.0010280378161255
43,exp3_aug_10,1.55,0.0164757297125972,339.9,0.5268580971138703,0.0268580971138703
44,exp3_aug_10,3.1,0.0161046609843132,339.9,0.5521068799082163,0.0521068799082162
45,exp3_aug_10,4.65,0.0157414889973952,339.9,0.5767866261482807,0.0767866261482805
46,exp3_aug_10,6.2,0.015386213751843,339.9,0.6009095757831805,0.1009095757831804
47,exp3_aug_10,7.75,0.0150388352476569,339.9,0.6244879687620334,0.1244879687620332
48,exp3_aug_10,9.3,0.0146993534848367,339.9,0.6475340450339562,0.147534045033956
49,exp3_aug_10,10.85,0.0143677684633825,339.9,0.6700600445480662,0.1700600445480662
50,exp3_aug_10,12.4,0.0140440801832942,339.9,0.6920782072534811,0.1920782072534809
51,exp3_aug_10,13.95,0.0137282886445719,339.9,0.7136007730993174,0.2136007730993174
52,exp3_aug_10,15.5,0.0134203938472155,339.9,0.734639982034693,0.2346399820346929
53,exp3_aug_10,17.05,0.0131203957912251,339.9,0.7552080740087248,0.2552080740087247
54,exp3_aug_10,18.6,0.0128282944766006,339.9,0.77531728897053,0.27531728897053
55,exp3_aug_10,20.15,0.0125440899033421,339.9,0.794979866869226,0.2949798668692259
56,exp3_aug_10,21.7,0.0122677820714496,339.9,0.8142080476539297,0.3142080476539298
57,exp3_aug_10,23.25,0.011999370980923,339.9,0.8330140712737588,0.3330140712737589
58,exp3_aug_10,24.8,0.0117388566317624,339.9,0.8514101776778302,0.3514101776778303
59,exp3_aug_10,26.35,0.0114862390239677,339.9,0.8694086068152614,0.3694086068152615
60,exp3_aug_10,27.9,0.011241518157539,339.9,0.8870215986351695,0.3870215986351696
61,exp3_aug_10,29.45,0.0110046940324763,339.9,0.9042613930866716,0.4042613930866717
62,exp3_aug_10,31.0,0.0107757666487795,339.9,0.9211402301188852,0.4211402301188852
63,exp4_aug_01,0.0,0.0168546951822479,339.9,0.5010280378161255,0.0010280378161253
64,exp4_aug_01,1.55,0.0164757297125978,339.9,0.5268580971138712,0.026858097113871
65,exp4_aug_01,3.1,0.0161046609843136,339.9,0.5521068799082177,0.0521068799082177
66,exp4_aug_01,4.65,0.0157414889973954,339.9,0.5767866261482827,0.0767866261482825
67,exp4_aug_01,6.2,0.0153862137518432,339.9,0.6009095757831828,0.1009095757831828
68,exp4_aug_01,7.75,0.015038835247657,339.9,0.6244879687620358,0.1244879687620357
69,exp4_aug_01,9.3,0.0146993534848367,339.9,0.6475340450339586,0.1475340450339586
70,exp4_aug_01,10.85,0.0143677684633824,339.9,0.6700600445480686,0.1700600445480686
71,exp4_aug_01,12.4,0.014044080183294,339.9,0.6920782072534833,0.1920782072534832
72,exp4_aug_01,13.95,0.0137282886445717,339.9,0.7136007730993191,0.2136007730993193
73,exp4_aug_01,15.5,0.0134203938472153,339.9,0.7346399820346946,0.2346399820346945
74,exp4_aug_01,17.05,0.0131203957912248,339.9,0.7552080740087259,0.2552080740087259
75,exp4_aug_01,18.6,0.0128282944766004,339.9,0.7753172889705308,0.2753172889705307
76,exp4_aug_01,20.15,0.0125440899033419,339.9,0.7949798668692264,0.2949798668692263
77,exp4_aug_01,21.7,0.0122677820714494,339.9,0.8142080476539297,0.3142080476539297
78,exp4_aug_01,23.25,0.0119993709809228,339.9,0.8330140712737586,0.3330140712737586
79,exp4_aug_01,24.8,0.0117388566317622,339.9,0.8514101776778297,0.3514101776778298
80,exp4_aug_01,26.35,0.0114862390239676,339.9,0.8694086068152607,0.3694086068152607
81,exp4_aug_01,27.9,0.011241518157539,339.9,0.8870215986351686,0.3870215986351687
82,exp4_aug_01,29.45,0.0110046940324764,339.9,0.9042613930866708,0.404261393086671
83,exp4_aug_01,31.0,0.0107757666487797,339.9,0.9211402301188846,0.4211402301188847
63,exp4_aug_02,0.0,0.0168546951822479,339.9,0.5010280378161255,0.0010280378161253
64,exp4_aug_02,1.55,0.0164757297125978,339.9,0.5268580971138712,0.026858097113871
65,exp4_aug_02,3.1,0.0161046609843136,339.9,0.5521068799082177,0.0521068799082177
66,exp4_aug_02,4.65,0.0157414889973954,339.9,0.5767866261482827,0.0767866261482825
67,exp4_aug_02,6.2,0.0153862137518432,339.9,0.6009095757831828,0.1009095757831828
68,exp4_aug_02,7.75,0.015038835247657,339.9,0.6244879687620358,0.1244879687620357
69,exp4_aug_02,9.3,0.0146993534848367,339.9,0.6475340450339586,0.1475340450339586
70,exp4_aug_02,10.85,0.0143677684633824,339.9,0.6700600445480686,0.1700600445480686
71,exp4_aug_02,12.4,0.014044080183294,339.9,0.6920782072534833,0.1920782072534832
72,exp4_aug_02,13.95,0.0137282886445717,339.9,0.7136007730993191,0.2136007730993193
73,exp4_aug_02,15.5,0.0134203938472153,339.9,0.7346399820346946,0.2346399820346945
74,exp4_aug_02,17.05,0.0131203957912248,339.9,0.7552080740087259,0.2552080740087259
75,exp4_aug_02,18.6,0.0128282944766004,339.9,0.7753172889705308,0.2753172889705307
76,exp4_aug_02,20.15,0.0125440899033419,339.9,0.7949798668692264,0.2949798668692263
77,exp4_aug_02,21.7,0.0122677820714494,339.9,0.8142080476539297,0.3142080476539297
78,exp4_aug_02,23.25,0.0119993709809228,339.9,0.8330140712737586,0.3330140712737586
79,exp4_aug_02,24.8,0.0117388566317622,339.9,0.8514101776778297,0.3514101776778298
80,exp4_aug_02,26.35,0.0114862390239676,339.9,0.8694086068152607,0.3694086068152607
81,exp4_aug_02,27.9,0.011241518157539,339.9,0.8870215986351686,0.3870215986351687
82,exp4_aug_02,29.45,0.0110046940324764,339.9,0.9042613930866708,0.404261393086671
83,exp4_aug_02,31.0,0.0107757666487797,339.9,0.9211402301188846,0.4211402301188847
63,exp4_aug_03,0.0,0.0168546951822479,339.9,0.5010280378161255,0.0010280378161253
64,exp4_aug_03,1.55,0.0164757297125978,339.9,0.5268580971138712,0.026858097113871
65,exp4_aug_03,3.1,0.0161046609843136,339.9,0.5521068799082177,0.0521068799082177
66,exp4_aug_03,4.65,0.0157414889973954,339.9,0.5767866261482827,0.0767866261482825
67,exp4_aug_03,6.2,0.0153862137518432,339.9,0.6009095757831828,0.1009095757831828
68,exp4_aug_03,7.75,0.015038835247657,339.9,0.6244879687620358,0.1244879687620357
69,exp4_aug_03,9.3,0.0146993534848367,339.9,0.6475340450339586,0.1475340450339586
70,exp4_aug_03,10.85,0.0143677684633824,339.9,0.6700600445480686,0.1700600445480686
71,exp4_aug_03,12.4,0.014044080183294,339.9,0.6920782072534833,0.1920782072534832
72,exp4_aug_03,13.95,0.0137282886445717,339.9,0.7136007730993191,0.2136007730993193
73,exp4_aug_03,15.5,0.0134203938472153,339.9,0.7346399820346946,0.2346399820346945
74,exp4_aug_03,17.05,0.0131203957912248,339.9,0.7552080740087259,0.2552080740087259
75,exp4_aug_03,18.6,0.0128282944766004,339.9,0.7753172889705308,0.2753172889705307
76,exp4_aug_03,20.15,0.0125440899033419,339.9,0.7949798668692264,0.2949798668692263
77,exp4_aug_03,21.7,0.0122677820714494,339.9,0.8142080476539297,0.3142080476539297
78,exp4_aug_03,23.25,0.0119993709809228,339.9,0.8330140712737586,0.3330140712737586
79,exp4_aug_03,24.8,0.0117388566317622,339.9,0.8514101776778297,0.3514101776778298
80,exp4_aug_03,26.35,0.0114862390239676,339.9,0.8694086068152607,0.3694086068152607
81,exp4_aug_03,27.9,0.011241518157539,339.9,0.8870215986351686,0.3870215986351687
82,exp4_aug_03,29.45,0.0110046940324764,339.9,0.9042613930866708,0.404261393086671
83,exp4_aug_03,31.0,0.0107757666487797,339.9,0.9211402301188846,0.4211402301188847
63,exp4_aug_04,0.0,0.0168546951822479,339.9,0.5010280378161255,0.0010280378161253
64,exp4_aug_04,1.55,0.0164757297125978,339.9,0.5268580971138712,0.026858097113871
65,exp4_aug_04,3.1,0.0161046609843136,339.9,0.5521068799082177,0.0521068799082177
66,exp4_aug_04,4.65,0.0157414889973954,339.9,0.5767866261482827,0.0767866261482825
67,exp4_aug_04,6.2,0.0153862137518432,339.9,0.6009095757831828,0.1009095757831828
68,exp4_aug_04,7.75,0.015038835247657,339.9,0.6244879687620358,0.1244879687620357
69,exp4_aug_04,9.3,0.0146993534848367,339.9,0.6475340450339586,0.1475340450339586
70,exp4_aug_04,10.85,0.0143677684633824,339.9,0.6700600445480686,0.1700600445480686
71,exp4_aug_04,12.4,0.014044080183294,339.9,0.6920782072534833,0.1920782072534832
72,exp4_aug_04,13.95,0.0137282886445717,339.9,0.7136007730993191,0.2136007730993193
73,exp4_aug_04,15.5,0.0134203938472153,339.9,0.7346399820346946,0.2346399820346945
74,exp4_aug_04,17.05,0.0131203957912248,339.9,0.7552080740087259,0.2552080740087259
75,exp4_aug_04,18.6,0.0128282944766004,339.9,0.7753172889705308,0.2753172889705307
76,exp4_aug_04,20.15,0.0125440899033419,339.9,0.7949798668692264,0.2949798668692263
77,exp4_aug_04,21.7,0.0122677820714494,339.9,0.8142080476539297,0.3142080476539297
78,exp4_aug_04,23.25,0.0119993709809228,339.9,0.8330140712737586,0.3330140712737586
79,exp4_aug_04,24.8,0.0117388566317622,339.9,0.8514101776778297,0.3514101776778298
80,exp4_aug_04,26.35,0.0114862390239676,339.9,0.8694086068152607,0.3694086068152607
81,exp4_aug_04,27.9,0.011241518157539,339.9,0.8870215986351686,0.3870215986351687
82,exp4_aug_04,29.45,0.0110046940324764,339.9,0.9042613930866708,0.404261393086671
83,exp4_aug_04,31.0,0.0107757666487797,339.9,0.9211402301188846,0.4211402301188847
63,exp4_aug_05,0.0,0.0168546951822479,339.9,0.5010280378161255,0.0010280378161253
64,exp4_aug_05,1.55,0.0164757297125978,339.9,0.5268580971138712,0.026858097113871
65,exp4_aug_05,3.1,0.0161046609843136,339.9,0.5521068799082177,0.0521068799082177
66,exp4_aug_05,4.65,0.0157414889973954,339.9,0.5767866261482827,0.0767866261482825
67,exp4_aug_05,6.2,0.0153862137518432,339.9,0.6009095757831828,0.1009095757831828
68,exp4_aug_05,7.75,0.015038835247657,339.9,0.6244879687620358,0.1244879687620357
69,exp4_aug_05,9.3,0.0146993534848367,339.9,0.6475340450339586,0.1475340450339586
70,exp4_aug_05,10.85,0.0143677684633824,339.9,0.6700600445480686,0.1700600445480686
71,exp4_aug_05,12.4,0.014044080183294,339.9,0.6920782072534833,0.1920782072534832
72,exp4_aug_05,13.95,0.0137282886445717,339.9,0.7136007730993191,0.2136007730993193
73,exp4_aug_05,15.5,0.0134203938472153,339.9,0.7346399820346946,0.2346399820346945
74,exp4_aug_05,17.05,0.0131203957912248,339.9,0.7552080740087259,0.2552080740087259
75,exp4_aug_05,18.6,0.0128282944766004,339.9,0.7753172889705308,0.2753172889705307
76,exp4_aug_05,20.15,0.0125440899033419,339.9,0.7949798668692264,0.2949798668692263
77,exp4_aug_05,21.7,0.0122677820714494,339.9,0.8142080476539297,0.3142080476539297
78,exp4_aug_05,23.25,0.0119993709809228,339.9,0.8330140712737586,0.3330140712737586
79,exp4_aug_05,24.8,0.0117388566317622,339.9,0.8514101776778297,0.3514101776778298
80,exp4_aug_05,26.35,0.0114862390239676,339.9,0.8694086068152607,0.3694086068152607
81,exp4_aug_05,27.9,0.011241518157539,339.9,0.8870215986351686,0.3870215986351687
82,exp4_aug_05,29.45,0.0110046940324764,339.9,0.9042613930866708,0.404261393086671
83,exp4_aug_05,31.0,0.0107757666487797,339.9,0.9211402301188846,0.4211402301188847
63,exp4_aug_06,0.0,0.0168546951822479,339.9,0.5010280378161255,0.0010280378161253
64,exp4_aug_06,1.55,0.0164757297125978,339.9,0.5268580971138712,0.026858097113871
65,exp4_aug_06,3.1,0.0161046609843136,339.9,0.5521068799082177,0.0521068799082177
66,exp4_aug_06,4.65,0.0157414889973954,339.9,0.5767866261482827,0.0767866261482825
67,exp4_aug_06,6.2,0.0153862137518432,339.9,0.6009095757831828,0.1009095757831828
68,exp4_aug_06,7.75,0.015038835247657,339.9,0.6244879687620358,0.1244879687620357
69,exp4_aug_06,9.3,0.0146993534848367,339.9,0.6475340450339586,0.1475340450339586
70,exp4_aug_06,10.85,0.0143677684633824,339.9,0.6700600445480686,0.1700600445480686
71,exp4_aug_06,12.4,0.014044080183294,339.9,0.6920782072534833,0.1920782072534832
72,exp4_aug_06,13.95,0.0137282886445717,339.9,0.7136007730993191,0.2136007730993193
73,exp4_aug_06,15.5,0.0134203938472153,339.9,0.7346399820346946,0.2346399820346945
74,exp4_aug_06,17.05,0.0131203957912248,339.9,0.7552080740087259,0.2552080740087259
75,exp4_aug_06,18.6,0.0128282944766004,339.9,0.7753172889705308,0.2753172889705307
76,exp4_aug_06,20.15,0.0125440899033419,339.9,0.7949798668692264,0.2949798668692263
77,exp4_aug_06,21.7,0.0122677820714494,339.9,0.8142080476539297,0.3142080476539297
78,exp4_aug_06,23.25,0.0119993709809228,339.9,0.8330140712737586,0.3330140712737586
79,exp4_aug_06,24.8,0.0117388566317622,339.9,0.8514101776778297,0.3514101776778298
80,exp4_aug_06,26.35,0.0114862390239676,339.9,0.8694086068152607,0.3694086068152607
81,exp4_aug_06,27.9,0.011241518157539,339.9,0.8870215986351686,0.3870215986351687
82,exp4_aug_06,29.45,0.0110046940324764,339.9,0.9042613930866708,0.404261393086671
83,exp4_aug_06,31.0,0.0107757666487797,339.9,0.9211402301188846,0.4211402301188847
63,exp4_aug_07,0.0,0.0168546951822479,339.9,0.5010280378161255,0.0010280378161253
64,exp4_aug_07,1.55,0.0164757297125978,339.9,0.5268580971138712,0.026858097113871
65,exp4_aug_07,3.1,0.0161046609843136,339.9,0.5521068799082177,0.0521068799082177
66,exp4_aug_07,4.65,0.0157414889973954,339.9,0.5767866261482827,0.0767866261482825
67,exp4_aug_07,6.2,0.0153862137518432,339.9,0.6009095757831828,0.1009095757831828
68,exp4_aug_07,7.75,0.015038835247657,339.9,0.6244879687620358,0.1244879687620357
69,exp4_aug_07,9.3,0.0146993534848367,339.9,0.6475340450339586,0.1475340450339586
70,exp4_aug_07,10.85,0.0143677684633824,339.9,0.6700600445480686,0.1700600445480686
71,exp4_aug_07,12.4,0.014044080183294,339.9,0.6920782072534833,0.1920782072534832
72,exp4_aug_07,13.95,0.0137282886445717,339.9,0.7136007730993191,0.2136007730993193
73,exp4_aug_07,15.5,0.0134203938472153,339.9,0.7346399820346946,0.2346399820346945
74,exp4_aug_07,17.05,0.0131203957912248,339.9,0.7552080740087259,0.2552080740087259
75,exp4_aug_07,18.6,0.0128282944766004,339.9,0.7753172889705308,0.2753172889705307
76,exp4_aug_07,20.15,0.0125440899033419,339.9,0.7949798668692264,0.2949798668692263
77,exp4_aug_07,21.7,0.0122677820714494,339.9,0.8142080476539297,0.3142080476539297
78,exp4_aug_07,23.25,0.0119993709809228,339.9,0.8330140712737586,0.3330140712737586
79,exp4_aug_07,24.8,0.0117388566317622,339.9,0.8514101776778297,0.3514101776778298
80,exp4_aug_07,26.35,0.0114862390239676,339.9,0.8694086068152607,0.3694086068152607
81,exp4_aug_07,27.9,0.011241518157539,339.9,0.8870215986351686,0.3870215986351687
82,exp4_aug_07,29.45,0.0110046940324764,339.9,0.9042613930866708,0.404261393086671
83,exp4_aug_07,31.0,0.0107757666487797,339.9,0.9211402301188846,0.4211402301188847
63,exp4_aug_08,0.0,0.0168546951822479,339.9,0.5010280378161255,0.0010280378161253
64,exp4_aug_08,1.55,0.0164757297125978,339.9,0.5268580971138712,0.026858097113871
65,exp4_aug_08,3.1,0.0161046609843136,339.9,0.5521068799082177,0.0521068799082177
66,exp4_aug_08,4.65,0.0157414889973954,339.9,0.5767866261482827,0.0767866261482825
67,exp4_aug_08,6.2,0.0153862137518432,339.9,0.6009095757831828,0.1009095757831828
68,exp4_aug_08,7.75,0.015038835247657,339.9,0.6244879687620358,0.1244879687620357
69,exp4_aug_08,9.3,0.0146993534848367,339.9,0.6475340450339586,0.1475340450339586
70,exp4_aug_08,10.85,0.0143677684633824,339.9,0.6700600445480686,0.1700600445480686
71,exp4_aug_08,12.4,0.014044080183294,339.9,0.6920782072534833,0.1920782072534832
72,exp4_aug_08,13.95,0.0137282886445717,339.9,0.7136007730993191,0.2136007730993193
73,exp4_aug_08,15.5,0.0134203938472153,339.9,0.7346399820346946,0.2346399820346945
74,exp4_aug_08,17.05,0.0131203957912248,339.9,0.7552080740087259,0.2552080740087259
75,exp4_aug_08,18.6,0.0128282944766004,339.9,0.7753172889705308,0.2753172889705307
76,exp4_aug_08,20.15,0.0125440899033419,339.9,0.7949798668692264,0.2949798668692263
77,exp4_aug_08,21.7,0.0122677820714494,339.9,0.8142080476539297,0.3142080476539297
78,exp4_aug_08,23.25,0.0119993709809228,339.9,0.8330140712737586,0.3330140712737586
79,exp4_aug_08,24.8,0.0117388566317622,339.9,0.8514101776778297,0.3514101776778298
80,exp4_aug_08,26.35,0.0114862390239676,339.9,0.8694086068152607,0.3694086068152607
81,exp4_aug_08,27.9,0.011241518157539,339.9,0.8870215986351686,0.3870215986351687
82,exp4_aug_08,29.45,0.0110046940324764,339.9,0.9042613930866708,0.404261393086671
83,exp4_aug_08,31.0,0.0107757666487797,339.9,0.9211402301188846,0.4211402301188847
63,exp4_aug_09,0.0,0.0168546951822479,339.9,0.5010280378161255,0.0010280378161253
64,exp4_aug_09,1.55,0.0164757297125978,339.9,0.5268580971138712,0.026858097113871
65,exp4_aug_09,3.1,0.0161046609843136,339.9,0.5521068799082177,0.0521068799082177
66,exp4_aug_09,4.65,0.0157414889973954,339.9,0.5767866261482827,0.0767866261482825
67,exp4_aug_09,6.2,0.0153862137518432,339.9,0.6009095757831828,0.1009095757831828
68,exp4_aug_09,7.75,0.015038835247657,339.9,0.6244879687620358,0.1244879687620357
69,exp4_aug_09,9.3,0.0146993534848367,339.9,0.6475340450339586,0.1475340450339586
70,exp4_aug_09,10.85,0.0143677684633824,339.9,0.6700600445480686,0.1700600445480686
71,exp4_aug_09,12.4,0.014044080183294,339.9,0.6920782072534833,0.1920782072534832
72,exp4_aug_09,13.95,0.0137282886445717,339.9,0.7136007730993191,0.2136007730993193
73,exp4_aug_09,15.5,0.0134203938472153,339.9,0.7346399820346946,0.2346399820346945
74,exp4_aug_09,17.05,0.0131203957912248,339.9,0.7552080740087259,0.2552080740087259
75,exp4_aug_09,18.6,0.0128282944766004,339.9,0.7753172889705308,0.2753172889705307
76,exp4_aug_09,20.15,0.0125440899033419,339.9,0.7949798668692264,0.2949798668692263
77,exp4_aug_09,21.7,0.0122677820714494,339.9,0.8142080476539297,0.3142080476539297
78,exp4_aug_09,23.25,0.0119993709809228,339.9,0.8330140712737586,0.3330140712737586
79,exp4_aug_09,24.8,0.0117388566317622,339.9,0.8514101776778297,0.3514101776778298
80,exp4_aug_09,26.35,0.0114862390239676,339.9,0.8694086068152607,0.3694086068152607
81,exp4_aug_09,27.9,0.011241518157539,339.9,0.8870215986351686,0.3870215986351687
82,exp4_aug_09,29.45,0.0110046940324764,339.9,0.9042613930866708,0.404261393086671
83,exp4_aug_09,31.0,0.0107757666487797,339.9,0.9211402301188846,0.4211402301188847
63,exp4_aug_10,0.0,0.0168546951822479,339.9,0.5010280378161255,0.0010280378161253
64,exp4_aug_10,1.55,0.0164757297125978,339.9,0.5268580971138712,0.026858097113871
65,exp4_aug_10,3.1,0.0161046609843136,339.9,0.5521068799082177,0.0521068799082177
66,exp4_aug_10,4.65,0.0157414889973954,339.9,0.5767866261482827,0.0767866261482825
67,exp4_aug_10,6.2,0.0153862137518432,339.9,0.6009095757831828,0.1009095757831828
68,exp4_aug_10,7.75,0.015038835247657,339.9,0.6244879687620358,0.1244879687620357
69,exp4_aug_10,9.3,0.0146993534848367,339.9,0.6475340450339586,0.1475340450339586
70,exp4_aug_10,10.85,0.0143677684633824,339.9,0.6700600445480686,0.1700600445480686
71,exp4_aug_10,12.4,0.014044080183294,339.9,0.6920782072534833,0.1920782072534832
72,exp4_aug_10,13.95,0.0137282886445717,339.9,0.7136007730993191,0.2136007730993193
73,exp4_aug_10,15.5,0.0134203938472153,339.9,0.7346399820346946,0.2346399820346945
74,exp4_aug_10,17.05,0.0131203957912248,339.9,0.7552080740087259,0.2552080740087259
75,exp4_aug_10,18.6,0.0128282944766004,339.9,0.7753172889705308,0.2753172889705307
76,exp4_aug_10,20.15,0.0125440899033419,339.9,0.7949798668692264,0.2949798668692263
77,exp4_aug_10,21.7,0.0122677820714494,339.9,0.8142080476539297,0.3142080476539297
78,exp4_aug_10,23.25,0.0119993709809228,339.9,0.8330140712737586,0.3330140712737586
79,exp4_aug_10,24.8,0.0117388566317622,339.9,0.8514101776778297,0.3514101776778298
80,exp4_aug_10,26.35,0.0114862390239676,339.9,0.8694086068152607,0.3694086068152607
81,exp4_aug_10,27.9,0.011241518157539,339.9,0.8870215986351686,0.3870215986351687
82,exp4_aug_10,29.45,0.0110046940324764,339.9,0.9042613930866708,0.404261393086671
83,exp4_aug_10,31.0,0.0107757666487797,339.9,0.9211402301188846,0.4211402301188847
84,exp5_aug_01,0.0,0.0171470531838607,339.9,0.5013187530271608,0.0013187530271606
85,exp5_aug_01,1.55,0.0166924949672977,339.9,0.5275422708418444,0.0275422708418442
86,exp5_aug_01,3.1,0.0162544425762639,339.9,0.5530740154356404,0.0530740154356403
87,exp5_aug_01,4.65,0.0158328960107593,339.9,0.5779395708381194,0.0779395708381192
88,exp5_aug_01,6.2,0.0154278552707839,339.9,0.6021645210788512,0.1021645210788511
89,exp5_aug_01,7.75,0.0150393203563378,339.9,0.6257744501874064,0.1257744501874063
90,exp5_aug_01,9.3,0.0146672912674208,339.9,0.6487949421933551,0.148794942193355
91,exp5_aug_01,10.85,0.0143117680040331,339.9,0.6712515811262677,0.1712515811262677
92,exp5_aug_01,12.4,0.0139727505661746,339.9,0.6931699510157148,0.1931699510157146
93,exp5_aug_01,13.95,0.0136502389538453,339.9,0.7145756358912658,0.2145756358912658
94,exp5_aug_01,15.5,0.0133442331670452,339.9,0.7354942197824921,0.2354942197824919
95,exp5_aug_01,17.05,0.0130547332057744,339.9,0.7559512867189632,0.255951286718963
96,exp5_aug_01,18.6,0.0127817390700328,339.9,0.7759724207302495,0.2759724207302496
97,exp5_aug_01,20.15,0.0125252507598204,339.9,0.7955832058459217,0.2955832058459216
98,exp5_aug_01,21.7,0.0122852682751372,339.9,0.8148092260955495,0.3148092260955495
99,exp5_aug_01,23.25,0.0120617916159832,339.9,0.8336760655087038,0.3336760655087037
100,exp5_aug_01,24.8,0.0118548207823584,339.9,0.8522093081149543,0.3522093081149544
101,exp5_aug_01,26.35,0.0116643557742629,339.9,0.8704345379438717,0.3704345379438718
102,exp5_aug_01,27.9,0.0114903965916966,339.9,0.8883773390250262,0.3883773390250263
103,exp5_aug_01,29.45,0.0113329432346595,339.9,0.906063295387988,0.4060632953879882
104,exp5_aug_01,31.0,0.0111919957031516,339.9,0.9235179910623276,0.4235179910623277
84,exp5_aug_02,0.0,0.0171470531838607,339.9,0.5013187530271608,0.0013187530271606
85,exp5_aug_02,1.55,0.0166924949672977,339.9,0.5275422708418444,0.0275422708418442
86,exp5_aug_02,3.1,0.0162544425762639,339.9,0.5530740154356404,0.0530740154356403
87,exp5_aug_02,4.65,0.0158328960107593,339.9,0.5779395708381194,0.0779395708381192
88,exp5_aug_02,6.2,0.0154278552707839,339.9,0.6021645210788512,0.1021645210788511
89,exp5_aug_02,7.75,0.0150393203563378,339.9,0.6257744501874064,0.1257744501874063
90,exp5_aug_02,9.3,0.0146672912674208,339.9,0.6487949421933551,0.148794942193355
91,exp5_aug_02,10.85,0.0143117680040331,339.9,0.6712515811262677,0.1712515811262677
92,exp5_aug_02,12.4,0.0139727505661746,339.9,0.6931699510157148,0.1931699510157146
93,exp5_aug_02,13.95,0.0136502389538453,339.9,0.7145756358912658,0.2145756358912658
94,exp5_aug_02,15.5,0.0133442331670452,339.9,0.7354942197824921,0.2354942197824919
95,exp5_aug_02,17.05,0.0130547332057744,339.9,0.7559512867189632,0.255951286718963
96,exp5_aug_02,18.6,0.0127817390700328,339.9,0.7759724207302495,0.2759724207302496
97,exp5_aug_02,20.15,0.0125252507598204,339.9,0.7955832058459217,0.2955832058459216
98,exp5_aug_02,21.7,0.0122852682751372,339.9,0.8148092260955495,0.3148092260955495
99,exp5_aug_02,23.25,0.0120617916159832,339.9,0.8336760655087038,0.3336760655087037
100,exp5_aug_02,24.8,0.0118548207823584,339.9,0.8522093081149543,0.3522093081149544
101,exp5_aug_02,26.35,0.0116643557742629,339.9,0.8704345379438717,0.3704345379438718
102,exp5_aug_02,27.9,0.0114903965916966,339.9,0.8883773390250262,0.3883773390250263
103,exp5_aug_02,29.45,0.0113329432346595,339.9,0.906063295387988,0.4060632953879882
104,exp5_aug_02,31.0,0.0111919957031516,339.9,0.9235179910623276,0.4235179910623277
84,exp5_aug_03,0.0,0.0171470531838607,339.9,0.5013187530271608,0.0013187530271606
85,exp5_aug_03,1.55,0.0166924949672977,339.9,0.5275422708418444,0.0275422708418442
86,exp5_aug_03,3.1,0.0162544425762639,339.9,0.5530740154356404,0.0530740154356403
87,exp5_aug_03,4.65,0.0158328960107593,339.9,0.5779395708381194,0.0779395708381192
88,exp5_aug_03,6.2,0.0154278552707839,339.9,0.6021645210788512,0.1021645210788511
89,exp5_aug_03,7.75,0.0150393203563378,339.9,0.6257744501874064,0.1257744501874063
90,exp5_aug_03,9.3,0.0146672912674208,339.9,0.6487949421933551,0.148794942193355
91,exp5_aug_03,10.85,0.0143117680040331,339.9,0.6712515811262677,0.1712515811262677
92,exp5_aug_03,12.4,0.0139727505661746,339.9,0.6931699510157148,0.1931699510157146
93,exp5_aug_03,13.95,0.0136502389538453,339.9,0.7145756358912658,0.2145756358912658
94,exp5_aug_03,15.5,0.0133442331670452,339.9,0.7354942197824921,0.2354942197824919
95,exp5_aug_03,17.05,0.0130547332057744,339.9,0.7559512867189632,0.255951286718963
96,exp5_aug_03,18.6,0.0127817390700328,339.9,0.7759724207302495,0.2759724207302496
97,exp5_aug_03,20.15,0.0125252507598204,339.9,0.7955832058459217,0.2955832058459216
98,exp5_aug_03,21.7,0.0122852682751372,339.9,0.8148092260955495,0.3148092260955495
99,exp5_aug_03,23.25,0.0120617916159832,339.9,0.8336760655087038,0.3336760655087037
100,exp5_aug_03,24.8,0.0118548207823584,339.9,0.8522093081149543,0.3522093081149544
101,exp5_aug_03,26.35,0.0116643557742629,339.9,0.8704345379438717,0.3704345379438718
102,exp5_aug_03,27.9,0.0114903965916966,339.9,0.8883773390250262,0.3883773390250263
103,exp5_aug_03,29.45,0.0113329432346595,339.9,0.906063295387988,0.4060632953879882
104,exp5_aug_03,31.0,0.0111919957031516,339.9,0.9235179910623276,0.4235179910623277
84,exp5_aug_04,0.0,0.0171470531838607,339.9,0.5013187530271608,0.0013187530271606
85,exp5_aug_04,1.55,0.0166924949672977,339.9,0.5275422708418444,0.0275422708418442
86,exp5_aug_04,3.1,0.0162544425762639,339.9,0.5530740154356404,0.0530740154356403
87,exp5_aug_04,4.65,0.0158328960107593,339.9,0.5779395708381194,0.0779395708381192
88,exp5_aug_04,6.2,0.0154278552707839,339.9,0.6021645210788512,0.1021645210788511
89,exp5_aug_04,7.75,0.0150393203563378,339.9,0.6257744501874064,0.1257744501874063
90,exp5_aug_04,9.3,0.0146672912674208,339.9,0.6487949421933551,0.148794942193355
91,exp5_aug_04,10.85,0.0143117680040331,339.9,0.6712515811262677,0.1712515811262677
92,exp5_aug_04,12.4,0.0139727505661746,339.9,0.6931699510157148,0.1931699510157146
93,exp5_aug_04,13.95,0.0136502389538453,339.9,0.7145756358912658,0.2145756358912658
94,exp5_aug_04,15.5,0.0133442331670452,339.9,0.7354942197824921,0.2354942197824919
95,exp5_aug_04,17.05,0.0130547332057744,339.9,0.7559512867189632,0.255951286718963
96,exp5_aug_04,18.6,0.0127817390700328,339.9,0.7759724207302495,0.2759724207302496
97,exp5_aug_04,20.15,0.0125252507598204,339.9,0.7955832058459217,0.2955832058459216
98,exp5_aug_04,21.7,0.0122852682751372,339.9,0.8148092260955495,0.3148092260955495
99,exp5_aug_04,23.25,0.0120617916159832,339.9,0.8336760655087038,0.3336760655087037
100,exp5_aug_04,24.8,0.0118548207823584,339.9,0.8522093081149543,0.3522093081149544
101,exp5_aug_04,26.35,0.0116643557742629,339.9,0.8704345379438717,0.3704345379438718
102,exp5_aug_04,27.9,0.0114903965916966,339.9,0.8883773390250262,0.3883773390250263
103,exp5_aug_04,29.45,0.0113329432346595,339.9,0.906063295387988,0.4060632953879882
104,exp5_aug_04,31.0,0.0111919957031516,339.9,0.9235179910623276,0.4235179910623277
84,exp5_aug_05,0.0,0.0171470531838607,339.9,0.5013187530271608,0.0013187530271606
85,exp5_aug_05,1.55,0.0166924949672977,339.9,0.5275422708418444,0.0275422708418442
86,exp5_aug_05,3.1,0.0162544425762639,339.9,0.5530740154356404,0.0530740154356403
87,exp5_aug_05,4.65,0.0158328960107593,339.9,0.5779395708381194,0.0779395708381192
88,exp5_aug_05,6.2,0.0154278552707839,339.9,0.6021645210788512,0.1021645210788511
89,exp5_aug_05,7.75,0.0150393203563378,339.9,0.6257744501874064,0.1257744501874063
90,exp5_aug_05,9.3,0.0146672912674208,339.9,0.6487949421933551,0.148794942193355
91,exp5_aug_05,10.85,0.0143117680040331,339.9,0.6712515811262677,0.1712515811262677
92,exp5_aug_05,12.4,0.0139727505661746,339.9,0.6931699510157148,0.1931699510157146
93,exp5_aug_05,13.95,0.0136502389538453,339.9,0.7145756358912658,0.2145756358912658
94,exp5_aug_05,15.5,0.0133442331670452,339.9,0.7354942197824921,0.2354942197824919
95,exp5_aug_05,17.05,0.0130547332057744,339.9,0.7559512867189632,0.255951286718963
96,exp5_aug_05,18.6,0.0127817390700328,339.9,0.7759724207302495,0.2759724207302496
97,exp5_aug_05,20.15,0.0125252507598204,339.9,0.7955832058459217,0.2955832058459216
98,exp5_aug_05,21.7,0.0122852682751372,339.9,0.8148092260955495,0.3148092260955495
99,exp5_aug_05,23.25,0.0120617916159832,339.9,0.8336760655087038,0.3336760655087037
100,exp5_aug_05,24.8,0.0118548207823584,339.9,0.8522093081149543,0.3522093081149544
101,exp5_aug_05,26.35,0.0116643557742629,339.9,0.8704345379438717,0.3704345379438718
102,exp5_aug_05,27.9,0.0114903965916966,339.9,0.8883773390250262,0.3883773390250263
103,exp5_aug_05,29.45,0.0113329432346595,339.9,0.906063295387988,0.4060632953879882
104,exp5_aug_05,31.0,0.0111919957031516,339.9,0.9235179910623276,0.4235179910623277
84,exp5_aug_06,0.0,0.0171470531838607,339.9,0.5013187530271608,0.0013187530271606
85,exp5_aug_06,1.55,0.0166924949672977,339.9,0.5275422708418444,0.0275422708418442
86,exp5_aug_06,3.1,0.0162544425762639,339.9,0.5530740154356404,0.0530740154356403
87,exp5_aug_06,4.65,0.0158328960107593,339.9,0.5779395708381194,0.0779395708381192
88,exp5_aug_06,6.2,0.0154278552707839,339.9,0.6021645210788512,0.1021645210788511
89,exp5_aug_06,7.75,0.0150393203563378,339.9,0.6257744501874064,0.1257744501874063
90,exp5_aug_06,9.3,0.0146672912674208,339.9,0.6487949421933551,0.148794942193355
91,exp5_aug_06,10.85,0.0143117680040331,339.9,0.6712515811262677,0.1712515811262677
92,exp5_aug_06,12.4,0.0139727505661746,339.9,0.6931699510157148,0.1931699510157146
93,exp5_aug_06,13.95,0.0136502389538453,339.9,0.7145756358912658,0.2145756358912658
94,exp5_aug_06,15.5,0.0133442331670452,339.9,0.7354942197824921,0.2354942197824919
95,exp5_aug_06,17.05,0.0130547332057744,339.9,0.7559512867189632,0.255951286718963
96,exp5_aug_06,18.6,0.0127817390700328,339.9,0.7759724207302495,0.2759724207302496
97,exp5_aug_06,20.15,0.0125252507598204,339.9,0.7955832058459217,0.2955832058459216
98,exp5_aug_06,21.7,0.0122852682751372,339.9,0.8148092260955495,0.3148092260955495
99,exp5_aug_06,23.25,0.0120617916159832,339.9,0.8336760655087038,0.3336760655087037
100,exp5_aug_06,24.8,0.0118548207823584,339.9,0.8522093081149543,0.3522093081149544
101,exp5_aug_06,26.35,0.0116643557742629,339.9,0.8704345379438717,0.3704345379438718
102,exp5_aug_06,27.9,0.0114903965916966,339.9,0.8883773390250262,0.3883773390250263
103,exp5_aug_06,29.45,0.0113329432346595,339.9,0.906063295387988,0.4060632953879882
104,exp5_aug_06,31.0,0.0111919957031516,339.9,0.9235179910623276,0.4235179910623277
84,exp5_aug_07,0.0,0.0171470531838607,339.9,0.5013187530271608,0.0013187530271606
85,exp5_aug_07,1.55,0.0166924949672977,339.9,0.5275422708418444,0.0275422708418442
86,exp5_aug_07,3.1,0.0162544425762639,339.9,0.5530740154356404,0.0530740154356403
87,exp5_aug_07,4.65,0.0158328960107593,339.9,0.5779395708381194,0.0779395708381192
88,exp5_aug_07,6.2,0.0154278552707839,339.9,0.6021645210788512,0.1021645210788511
89,exp5_aug_07,7.75,0.0150393203563378,339.9,0.6257744501874064,0.1257744501874063
90,exp5_aug_07,9.3,0.0146672912674208,339.9,0.6487949421933551,0.148794942193355
91,exp5_aug_07,10.85,0.0143117680040331,339.9,0.6712515811262677,0.1712515811262677
92,exp5_aug_07,12.4,0.0139727505661746,339.9,0.6931699510157148,0.1931699510157146
93,exp5_aug_07,13.95,0.0136502389538453,339.9,0.7145756358912658,0.2145756358912658
94,exp5_aug_07,15.5,0.0133442331670452,339.9,0.7354942197824921,0.2354942197824919
95,exp5_aug_07,17.05,0.0130547332057744,339.9,0.7559512867189632,0.255951286718963
96,exp5_aug_07,18.6,0.0127817390700328,339.9,0.7759724207302495,0.2759724207302496
97,exp5_aug_07,20.15,0.0125252507598204,339.9,0.7955832058459217,0.2955832058459216
98,exp5_aug_07,21.7,0.0122852682751372,339.9,0.8148092260955495,0.3148092260955495
99,exp5_aug_07,23.25,0.0120617916159832,339.9,0.8336760655087038,0.3336760655087037
100,exp5_aug_07,24.8,0.0118548207823584,339.9,0.8522093081149543,0.3522093081149544
101,exp5_aug_07,26.35,0.0116643557742629,339.9,0.8704345379438717,0.3704345379438718
102,exp5_aug_07,27.9,0.0114903965916966,339.9,0.8883773390250262,0.3883773390250263
103,exp5_aug_07,29.45,0.0113329432346595,339.9,0.906063295387988,0.4060632953879882
104,exp5_aug_07,31.0,0.0111919957031516,339.9,0.9235179910623276,0.4235179910623277
84,exp5_aug_08,0.0,0.0171470531838607,339.9,0.5013187530271608,0.0013187530271606
85,exp5_aug_08,1.55,0.0166924949672977,339.9,0.5275422708418444,0.0275422708418442
86,exp5_aug_08,3.1,0.0162544425762639,339.9,0.5530740154356404,0.0530740154356403
87,exp5_aug_08,4.65,0.0158328960107593,339.9,0.5779395708381194,0.0779395708381192
88,exp5_aug_08,6.2,0.0154278552707839,339.9,0.6021645210788512,0.1021645210788511
89,exp5_aug_08,7.75,0.0150393203563378,339.9,0.6257744501874064,0.1257744501874063
90,exp5_aug_08,9.3,0.0146672912674208,339.9,0.6487949421933551,0.148794942193355
91,exp5_aug_08,10.85,0.0143117680040331,339.9,0.6712515811262677,0.1712515811262677
92,exp5_aug_08,12.4,0.0139727505661746,339.9,0.6931699510157148,0.1931699510157146
93,exp5_aug_08,13.95,0.0136502389538453,339.9,0.7145756358912658,0.2145756358912658
94,exp5_aug_08,15.5,0.0133442331670452,339.9,0.7354942197824921,0.2354942197824919
95,exp5_aug_08,17.05,0.0130547332057744,339.9,0.7559512867189632,0.255951286718963
96,exp5_aug_08,18.6,0.0127817390700328,339.9,0.7759724207302495,0.2759724207302496
97,exp5_aug_08,20.15,0.0125252507598204,339.9,0.7955832058459217,0.2955832058459216
98,exp5_aug_08,21.7,0.0122852682751372,339.9,0.8148092260955495,0.3148092260955495
99,exp5_aug_08,23.25,0.0120617916159832,339.9,0.8336760655087038,0.3336760655087037
100,exp5_aug_08,24.8,0.0118548207823584,339.9,0.8522093081149543,0.3522093081149544
101,exp5_aug_08,26.35,0.0116643557742629,339.9,0.8704345379438717,0.3704345379438718
102,exp5_aug_08,27.9,0.0114903965916966,339.9,0.8883773390250262,0.3883773390250263
103,exp5_aug_08,29.45,0.0113329432346595,339.9,0.906063295387988,0.4060632953879882
104,exp5_aug_08,31.0,0.0111919957031516,339.9,0.9235179910623276,0.4235179910623277
84,exp5_aug_09,0.0,0.0171470531838607,339.9,0.5013187530271608,0.0013187530271606
85,exp5_aug_09,1.55,0.0166924949672977,339.9,0.5275422708418444,0.0275422708418442
86,exp5_aug_09,3.1,0.0162544425762639,339.9,0.5530740154356404,0.0530740154356403
87,exp5_aug_09,4.65,0.0158328960107593,339.9,0.5779395708381194,0.0779395708381192
88,exp5_aug_09,6.2,0.0154278552707839,339.9,0.6021645210788512,0.1021645210788511
89,exp5_aug_09,7.75,0.0150393203563378,339.9,0.6257744501874064,0.1257744501874063
90,exp5_aug_09,9.3,0.0146672912674208,339.9,0.6487949421933551,0.148794942193355
91,exp5_aug_09,10.85,0.0143117680040331,339.9,0.6712515811262677,0.1712515811262677
92,exp5_aug_09,12.4,0.0139727505661746,339.9,0.6931699510157148,0.1931699510157146
93,exp5_aug_09,13.95,0.0136502389538453,339.9,0.7145756358912658,0.2145756358912658
94,exp5_aug_09,15.5,0.0133442331670452,339.9,0.7354942197824921,0.2354942197824919
95,exp5_aug_09,17.05,0.0130547332057744,339.9,0.7559512867189632,0.255951286718963
96,exp5_aug_09,18.6,0.0127817390700328,339.9,0.7759724207302495,0.2759724207302496
97,exp5_aug_09,20.15,0.0125252507598204,339.9,0.7955832058459217,0.2955832058459216
98,exp5_aug_09,21.7,0.0122852682751372,339.9,0.8148092260955495,0.3148092260955495
99,exp5_aug_09,23.25,0.0120617916159832,339.9,0.8336760655087038,0.3336760655087037
100,exp5_aug_09,24.8,0.0118548207823584,339.9,0.8522093081149543,0.3522093081149544
101,exp5_aug_09,26.35,0.0116643557742629,339.9,0.8704345379438717,0.3704345379438718
102,exp5_aug_09,27.9,0.0114903965916966,339.9,0.8883773390250262,0.3883773390250263
103,exp5_aug_09,29.45,0.0113329432346595,339.9,0.906063295387988,0.4060632953879882
104,exp5_aug_09,31.0,0.0111919957031516,339.9,0.9235179910623276,0.4235179910623277
84,exp5_aug_10,0.0,0.0171470531838607,339.9,0.5013187530271608,0.0013187530271606
85,exp5_aug_10,1.55,0.0166924949672977,339.9,0.5275422708418444,0.0275422708418442
86,exp5_aug_10,3.1,0.0162544425762639,339.9,0.5530740154356404,0.0530740154356403
87,exp5_aug_10,4.65,0.0158328960107593,339.9,0.5779395708381194,0.0779395708381192
88,exp5_aug_10,6.2,0.0154278552707839,339.9,0.6021645210788512,0.1021645210788511
89,exp5_aug_10,7.75,0.0150393203563378,339.9,0.6257744501874064,0.1257744501874063
90,exp5_aug_10,9.3,0.0146672912674208,339.9,0.6487949421933551,0.148794942193355
91,exp5_aug_10,10.85,0.0143117680040331,339.9,0.6712515811262677,0.1712515811262677
92,exp5_aug_10,12.4,0.0139727505661746,339.9,0.6931699510157148,0.1931699510157146
93,exp5_aug_10,13.95,0.0136502389538453,339.9,0.7145756358912658,0.2145756358912658
94,exp5_aug_10,15.5,0.0133442331670452,339.9,0.7354942197824921,0.2354942197824919
95,exp5_aug_10,17.05,0.0130547332057744,339.9,0.7559512867189632,0.255951286718963
96,exp5_aug_10,18.6,0.0127817390700328,339.9,0.7759724207302495,0.2759724207302496
97,exp5_aug_10,20.15,0.0125252507598204,339.9,0.7955832058459217,0.2955832058459216
98,exp5_aug_10,21.7,0.0122852682751372,339.9,0.8148092260955495,0.3148092260955495
99,exp5_aug_10,23.25,0.0120617916159832,339.9,0.8336760655087038,0.3336760655087037
100,exp5_aug_10,24.8,0.0118548207823584,339.9,0.8522093081149543,0.3522093081149544
101,exp5_aug_10,26.35,0.0116643557742629,339.9,0.8704345379438717,0.3704345379438718
102,exp5_aug_10,27.9,0.0114903965916966,339.9,0.8883773390250262,0.3883773390250263
103,exp5_aug_10,29.45,0.0113329432346595,339.9,0.906063295387988,0.4060632953879882
104,exp5_aug_10,31.0,0.0111919957031516,339.9,0.9235179910623276,0.4235179910623277
105,exp6_aug_01,0.0,0.0171470531838609,339.9,0.5013187530271613,0.0013187530271614
106,exp6_aug_01,1.55,0.0166924949672978,339.9,0.5275422708418452,0.0275422708418452
107,exp6_aug_01,3.1,0.0162544425762639,339.9,0.5530740154356415,0.0530740154356414
108,exp6_aug_01,4.65,0.0158328960107592,339.9,0.5779395708381203,0.0779395708381202
109,exp6_aug_01,6.2,0.0154278552707838,339.9,0.6021645210788521,0.1021645210788519
110,exp6_aug_01,7.75,0.0150393203563376,339.9,0.6257744501874072,0.1257744501874069
111,exp6_aug_01,9.3,0.0146672912674207,339.9,0.6487949421933558,0.1487949421933555
112,exp6_aug_01,10.85,0.0143117680040329,339.9,0.671251581126268,0.1712515811262679
113,exp6_aug_01,12.4,0.0139727505661744,339.9,0.6931699510157149,0.1931699510157145
114,exp6_aug_01,13.95,0.0136502389538452,339.9,0.7145756358912655,0.2145756358912655
115,exp6_aug_01,15.5,0.0133442331670451,339.9,0.7354942197824916,0.2354942197824914
116,exp6_aug_01,17.05,0.0130547332057743,339.9,0.7559512867189625,0.2559512867189624
117,exp6_aug_01,18.6,0.0127817390700327,339.9,0.7759724207302487,0.2759724207302486
118,exp6_aug_01,20.15,0.0125252507598203,339.9,0.7955832058459207,0.2955832058459207
119,exp6_aug_01,21.7,0.0122852682751372,339.9,0.8148092260955486,0.3148092260955486
120,exp6_aug_01,23.25,0.0120617916159833,339.9,0.833676065508703,0.3336760655087029
121,exp6_aug_01,24.8,0.0118548207823586,339.9,0.8522093081149537,0.3522093081149537
122,exp6_aug_01,26.35,0.0116643557742632,339.9,0.8704345379438714,0.3704345379438715
123,exp6_aug_01,27.9,0.011490396591697,339.9,0.8883773390250265,0.3883773390250266
124,exp6_aug_01,29.45,0.01133294323466,339.9,0.906063295387989,0.4060632953879891
125,exp6_aug_01,31.0,0.0111919957031522,339.9,0.9235179910623296,0.4235179910623294
105,exp6_aug_02,0.0,0.0171470531838609,339.9,0.5013187530271613,0.0013187530271614
106,exp6_aug_02,1.55,0.0166924949672978,339.9,0.5275422708418452,0.0275422708418452
107,exp6_aug_02,3.1,0.0162544425762639,339.9,0.5530740154356415,0.0530740154356414
108,exp6_aug_02,4.65,0.0158328960107592,339.9,0.5779395708381203,0.0779395708381202
109,exp6_aug_02,6.2,0.0154278552707838,339.9,0.6021645210788521,0.1021645210788519
110,exp6_aug_02,7.75,0.0150393203563376,339.9,0.6257744501874072,0.1257744501874069
111,exp6_aug_02,9.3,0.0146672912674207,339.9,0.6487949421933558,0.1487949421933555
112,exp6_aug_02,10.85,0.0143117680040329,339.9,0.671251581126268,0.1712515811262679
113,exp6_aug_02,12.4,0.0139727505661744,339.9,0.6931699510157149,0.1931699510157145
114,exp6_aug_02,13.95,0.0136502389538452,339.9,0.7145756358912655,0.2145756358912655
115,exp6_aug_02,15.5,0.0133442331670451,339.9,0.7354942197824916,0.2354942197824914
116,exp6_aug_02,17.05,0.0130547332057743,339.9,0.7559512867189625,0.2559512867189624
117,exp6_aug_02,18.6,0.0127817390700327,339.9,0.7759724207302487,0.2759724207302486
118,exp6_aug_02,20.15,0.0125252507598203,339.9,0.7955832058459207,0.2955832058459207
119,exp6_aug_02,21.7,0.0122852682751372,339.9,0.8148092260955486,0.3148092260955486
120,exp6_aug_02,23.25,0.0120617916159833,339.9,0.833676065508703,0.3336760655087029
121,exp6_aug_02,24.8,0.0118548207823586,339.9,0.8522093081149537,0.3522093081149537
122,exp6_aug_02,26.35,0.0116643557742632,339.9,0.8704345379438714,0.3704345379438715
123,exp6_aug_02,27.9,0.011490396591697,339.9,0.8883773390250265,0.3883773390250266
124,exp6_aug_02,29.45,0.01133294323466,339.9,0.906063295387989,0.4060632953879891
125,exp6_aug_02,31.0,0.0111919957031522,339.9,0.9235179910623296,0.4235179910623294
105,exp6_aug_03,0.0,0.0171470531838609,339.9,0.5013187530271613,0.0013187530271614
106,exp6_aug_03,1.55,0.0166924949672978,339.9,0.5275422708418452,0.0275422708418452
107,exp6_aug_03,3.1,0.0162544425762639,339.9,0.5530740154356415,0.0530740154356414
108,exp6_aug_03,4.65,0.0158328960107592,339.9,0.5779395708381203,0.0779395708381202
109,exp6_aug_03,6.2,0.0154278552707838,339.9,0.6021645210788521,0.1021645210788519
110,exp6_aug_03,7.75,0.0150393203563376,339.9,0.6257744501874072,0.1257744501874069
111,exp6_aug_03,9.3,0.0146672912674207,339.9,0.6487949421933558,0.1487949421933555
112,exp6_aug_03,10.85,0.0143117680040329,339.9,0.671251581126268,0.1712515811262679
113,exp6_aug_03,12.4,0.0139727505661744,339.9,0.6931699510157149,0.1931699510157145
114,exp6_aug_03,13.95,0.0136502389538452,339.9,0.7145756358912655,0.2145756358912655
115,exp6_aug_03,15.5,0.0133442331670451,339.9,0.7354942197824916,0.2354942197824914
116,exp6_aug_03,17.05,0.0130547332057743,339.9,0.7559512867189625,0.2559512867189624
117,exp6_aug_03,18.6,0.0127817390700327,339.9,0.7759724207302487,0.2759724207302486
118,exp6_aug_03,20.15,0.0125252507598203,339.9,0.7955832058459207,0.2955832058459207
119,exp6_aug_03,21.7,0.0122852682751372,339.9,0.8148092260955486,0.3148092260955486
120,exp6_aug_03,23.25,0.0120617916159833,339.9,0.833676065508703,0.3336760655087029
121,exp6_aug_03,24.8,0.0118548207823586,339.9,0.8522093081149537,0.3522093081149537
122,exp6_aug_03,26.35,0.0116643557742632,339.9,0.8704345379438714,0.3704345379438715
123,exp6_aug_03,27.9,0.011490396591697,339.9,0.8883773390250265,0.3883773390250266
124,exp6_aug_03,29.45,0.01133294323466,339.9,0.906063295387989,0.4060632953879891
125,exp6_aug_03,31.0,0.0111919957031522,339.9,0.9235179910623296,0.4235179910623294
105,exp6_aug_04,0.0,0.0171470531838609,339.9,0.5013187530271613,0.0013187530271614
106,exp6_aug_04,1.55,0.0166924949672978,339.9,0.5275422708418452,0.0275422708418452
107,exp6_aug_04,3.1,0.0162544425762639,339.9,0.5530740154356415,0.0530740154356414
108,exp6_aug_04,4.65,0.0158328960107592,339.9,0.5779395708381203,0.0779395708381202
109,exp6_aug_04,6.2,0.0154278552707838,339.9,0.6021645210788521,0.1021645210788519
110,exp6_aug_04,7.75,0.0150393203563376,339.9,0.6257744501874072,0.1257744501874069
111,exp6_aug_04,9.3,0.0146672912674207,339.9,0.6487949421933558,0.1487949421933555
112,exp6_aug_04,10.85,0.0143117680040329,339.9,0.671251581126268,0.1712515811262679
113,exp6_aug_04,12.4,0.0139727505661744,339.9,0.6931699510157149,0.1931699510157145
114,exp6_aug_04,13.95,0.0136502389538452,339.9,0.7145756358912655,0.2145756358912655
115,exp6_aug_04,15.5,0.0133442331670451,339.9,0.7354942197824916,0.2354942197824914
116,exp6_aug_04,17.05,0.0130547332057743,339.9,0.7559512867189625,0.2559512867189624
117,exp6_aug_04,18.6,0.0127817390700327,339.9,0.7759724207302487,0.2759724207302486
118,exp6_aug_04,20.15,0.0125252507598203,339.9,0.7955832058459207,0.2955832058459207
119,exp6_aug_04,21.7,0.0122852682751372,339.9,0.8148092260955486,0.3148092260955486
120,exp6_aug_04,23.25,0.0120617916159833,339.9,0.833676065508703,0.3336760655087029
121,exp6_aug_04,24.8,0.0118548207823586,339.9,0.8522093081149537,0.3522093081149537
122,exp6_aug_04,26.35,0.0116643557742632,339.9,0.8704345379438714,0.3704345379438715
123,exp6_aug_04,27.9,0.011490396591697,339.9,0.8883773390250265,0.3883773390250266
124,exp6_aug_04,29.45,0.01133294323466,339.9,0.906063295387989,0.4060632953879891
125,exp6_aug_04,31.0,0.0111919957031522,339.9,0.9235179910623296,0.4235179910623294
105,exp6_aug_05,0.0,0.0171470531838609,339.9,0.5013187530271613,0.0013187530271614
106,exp6_aug_05,1.55,0.0166924949672978,339.9,0.5275422708418452,0.0275422708418452
107,exp6_aug_05,3.1,0.0162544425762639,339.9,0.5530740154356415,0.0530740154356414
108,exp6_aug_05,4.65,0.0158328960107592,339.9,0.5779395708381203,0.0779395708381202
109,exp6_aug_05,6.2,0.0154278552707838,339.9,0.6021645210788521,0.1021645210788519
110,exp6_aug_05,7.75,0.0150393203563376,339.9,0.6257744501874072,0.1257744501874069
111,exp6_aug_05,9.3,0.0146672912674207,339.9,0.6487949421933558,0.1487949421933555
112,exp6_aug_05,10.85,0.0143117680040329,339.9,0.671251581126268,0.1712515811262679
113,exp6_aug_05,12.4,0.0139727505661744,339.9,0.6931699510157149,0.1931699510157145
114,exp6_aug_05,13.95,0.0136502389538452,339.9,0.7145756358912655,0.2145756358912655
115,exp6_aug_05,15.5,0.0133442331670451,339.9,0.7354942197824916,0.2354942197824914
116,exp6_aug_05,17.05,0.0130547332057743,339.9,0.7559512867189625,0.2559512867189624
117,exp6_aug_05,18.6,0.0127817390700327,339.9,0.7759724207302487,0.2759724207302486
118,exp6_aug_05,20.15,0.0125252507598203,339.9,0.7955832058459207,0.2955832058459207
119,exp6_aug_05,21.7,0.0122852682751372,339.9,0.8148092260955486,0.3148092260955486
120,exp6_aug_05,23.25,0.0120617916159833,339.9,0.833676065508703,0.3336760655087029
121,exp6_aug_05,24.8,0.0118548207823586,339.9,0.8522093081149537,0.3522093081149537
122,exp6_aug_05,26.35,0.0116643557742632,339.9,0.8704345379438714,0.3704345379438715
123,exp6_aug_05,27.9,0.011490396591697,339.9,0.8883773390250265,0.3883773390250266
124,exp6_aug_05,29.45,0.01133294323466,339.9,0.906063295387989,0.4060632953879891
125,exp6_aug_05,31.0,0.0111919957031522,339.9,0.9235179910623296,0.4235179910623294
105,exp6_aug_06,0.0,0.0171470531838609,339.9,0.5013187530271613,0.0013187530271614
106,exp6_aug_06,1.55,0.0166924949672978,339.9,0.5275422708418452,0.0275422708418452
107,exp6_aug_06,3.1,0.0162544425762639,339.9,0.5530740154356415,0.0530740154356414
108,exp6_aug_06,4.65,0.0158328960107592,339.9,0.5779395708381203,0.0779395708381202
109,exp6_aug_06,6.2,0.0154278552707838,339.9,0.6021645210788521,0.1021645210788519
110,exp6_aug_06,7.75,0.0150393203563376,339.9,0.6257744501874072,0.1257744501874069
111,exp6_aug_06,9.3,0.0146672912674207,339.9,0.6487949421933558,0.1487949421933555
112,exp6_aug_06,10.85,0.0143117680040329,339.9,0.671251581126268,0.1712515811262679
113,exp6_aug_06,12.4,0.0139727505661744,339.9,0.6931699510157149,0.1931699510157145
114,exp6_aug_06,13.95,0.0136502389538452,339.9,0.7145756358912655,0.2145756358912655
115,exp6_aug_06,15.5,0.0133442331670451,339.9,0.7354942197824916,0.2354942197824914
116,exp6_aug_06,17.05,0.0130547332057743,339.9,0.7559512867189625,0.2559512867189624
117,exp6_aug_06,18.6,0.0127817390700327,339.9,0.7759724207302487,0.2759724207302486
118,exp6_aug_06,20.15,0.0125252507598203,339.9,0.7955832058459207,0.2955832058459207
119,exp6_aug_06,21.7,0.0122852682751372,339.9,0.8148092260955486,0.3148092260955486
120,exp6_aug_06,23.25,0.0120617916159833,339.9,0.833676065508703,0.3336760655087029
121,exp6_aug_06,24.8,0.0118548207823586,339.9,0.8522093081149537,0.3522093081149537
122,exp6_aug_06,26.35,0.0116643557742632,339.9,0.8704345379438714,0.3704345379438715
123,exp6_aug_06,27.9,0.011490396591697,339.9,0.8883773390250265,0.3883773390250266
124,exp6_aug_06,29.45,0.01133294323466,339.9,0.906063295387989,0.4060632953879891
125,exp6_aug_06,31.0,0.0111919957031522,339.9,0.9235179910623296,0.4235179910623294
105,exp6_aug_07,0.0,0.0171470531838609,339.9,0.5013187530271613,0.0013187530271614
106,exp6_aug_07,1.55,0.0166924949672978,339.9,0.5275422708418452,0.0275422708418452
107,exp6_aug_07,3.1,0.0162544425762639,339.9,0.5530740154356415,0.0530740154356414
108,exp6_aug_07,4.65,0.0158328960107592,339.9,0.5779395708381203,0.0779395708381202
109,exp6_aug_07,6.2,0.0154278552707838,339.9,0.6021645210788521,0.1021645210788519
110,exp6_aug_07,7.75,0.0150393203563376,339.9,0.6257744501874072,0.1257744501874069
111,exp6_aug_07,9.3,0.0146672912674207,339.9,0.6487949421933558,0.1487949421933555
112,exp6_aug_07,10.85,0.0143117680040329,339.9,0.671251581126268,0.1712515811262679
113,exp6_aug_07,12.4,0.0139727505661744,339.9,0.6931699510157149,0.1931699510157145
114,exp6_aug_07,13.95,0.0136502389538452,339.9,0.7145756358912655,0.2145756358912655
115,exp6_aug_07,15.5,0.0133442331670451,339.9,0.7354942197824916,0.2354942197824914
116,exp6_aug_07,17.05,0.0130547332057743,339.9,0.7559512867189625,0.2559512867189624
117,exp6_aug_07,18.6,0.0127817390700327,339.9,0.7759724207302487,0.2759724207302486
118,exp6_aug_07,20.15,0.0125252507598203,339.9,0.7955832058459207,0.2955832058459207
119,exp6_aug_07,21.7,0.0122852682751372,339.9,0.8148092260955486,0.3148092260955486
120,exp6_aug_07,23.25,0.0120617916159833,339.9,0.833676065508703,0.3336760655087029
121,exp6_aug_07,24.8,0.0118548207823586,339.9,0.8522093081149537,0.3522093081149537
122,exp6_aug_07,26.35,0.0116643557742632,339.9,0.8704345379438714,0.3704345379438715
123,exp6_aug_07,27.9,0.011490396591697,339.9,0.8883773390250265,0.3883773390250266
124,exp6_aug_07,29.45,0.01133294323466,339.9,0.906063295387989,0.4060632953879891
125,exp6_aug_07,31.0,0.0111919957031522,339.9,0.9235179910623296,0.4235179910623294
105,exp6_aug_08,0.0,0.0171470531838609,339.9,0.5013187530271613,0.0013187530271614
106,exp6_aug_08,1.55,0.0166924949672978,339.9,0.5275422708418452,0.0275422708418452
107,exp6_aug_08,3.1,0.0162544425762639,339.9,0.5530740154356415,0.0530740154356414
108,exp6_aug_08,4.65,0.0158328960107592,339.9,0.5779395708381203,0.0779395708381202
109,exp6_aug_08,6.2,0.0154278552707838,339.9,0.6021645210788521,0.1021645210788519
110,exp6_aug_08,7.75,0.0150393203563376,339.9,0.6257744501874072,0.1257744501874069
111,exp6_aug_08,9.3,0.0146672912674207,339.9,0.6487949421933558,0.1487949421933555
112,exp6_aug_08,10.85,0.0143117680040329,339.9,0.671251581126268,0.1712515811262679
113,exp6_aug_08,12.4,0.0139727505661744,339.9,0.6931699510157149,0.1931699510157145
114,exp6_aug_08,13.95,0.0136502389538452,339.9,0.7145756358912655,0.2145756358912655
115,exp6_aug_08,15.5,0.0133442331670451,339.9,0.7354942197824916,0.2354942197824914
116,exp6_aug_08,17.05,0.0130547332057743,339.9,0.7559512867189625,0.2559512867189624
117,exp6_aug_08,18.6,0.0127817390700327,339.9,0.7759724207302487,0.2759724207302486
118,exp6_aug_08,20.15,0.0125252507598203,339.9,0.7955832058459207,0.2955832058459207
119,exp6_aug_08,21.7,0.0122852682751372,339.9,0.8148092260955486,0.3148092260955486
120,exp6_aug_08,23.25,0.0120617916159833,339.9,0.833676065508703,0.3336760655087029
121,exp6_aug_08,24.8,0.0118548207823586,339.9,0.8522093081149537,0.3522093081149537
122,exp6_aug_08,26.35,0.0116643557742632,339.9,0.8704345379438714,0.3704345379438715
123,exp6_aug_08,27.9,0.011490396591697,339.9,0.8883773390250265,0.3883773390250266
124,exp6_aug_08,29.45,0.01133294323466,339.9,0.906063295387989,0.4060632953879891
125,exp6_aug_08,31.0,0.0111919957031522,339.9,0.9235179910623296,0.4235179910623294
105,exp6_aug_09,0.0,0.0171470531838609,339.9,0.5013187530271613,0.0013187530271614
106,exp6_aug_09,1.55,0.0166924949672978,339.9,0.5275422708418452,0.0275422708418452
107,exp6_aug_09,3.1,0.0162544425762639,339.9,0.5530740154356415,0.0530740154356414
108,exp6_aug_09,4.65,0.0158328960107592,339.9,0.5779395708381203,0.0779395708381202
109,exp6_aug_09,6.2,0.0154278552707838,339.9,0.6021645210788521,0.1021645210788519
110,exp6_aug_09,7.75,0.0150393203563376,339.9,0.6257744501874072,0.1257744501874069
111,exp6_aug_09,9.3,0.0146672912674207,339.9,0.6487949421933558,0.1487949421933555
112,exp6_aug_09,10.85,0.0143117680040329,339.9,0.671251581126268,0.1712515811262679
113,exp6_aug_09,12.4,0.0139727505661744,339.9,0.6931699510157149,0.1931699510157145
114,exp6_aug_09,13.95,0.0136502389538452,339.9,0.7145756358912655,0.2145756358912655
115,exp6_aug_09,15.5,0.0133442331670451,339.9,0.7354942197824916,0.2354942197824914
116,exp6_aug_09,17.05,0.0130547332057743,339.9,0.7559512867189625,0.2559512867189624
117,exp6_aug_09,18.6,0.0127817390700327,339.9,0.7759724207302487,0.2759724207302486
118,exp6_aug_09,20.15,0.0125252507598203,339.9,0.7955832058459207,0.2955832058459207
119,exp6_aug_09,21.7,0.0122852682751372,339.9,0.8148092260955486,0.3148092260955486
120,exp6_aug_09,23.25,0.0120617916159833,339.9,0.833676065508703,0.3336760655087029
121,exp6_aug_09,24.8,0.0118548207823586,339.9,0.8522093081149537,0.3522093081149537
122,exp6_aug_09,26.35,0.0116643557742632,339.9,0.8704345379438714,0.3704345379438715
123,exp6_aug_09,27.9,0.011490396591697,339.9,0.8883773390250265,0.3883773390250266
124,exp6_aug_09,29.45,0.01133294323466,339.9,0.906063295387989,0.4060632953879891
125,exp6_aug_09,31.0,0.0111919957031522,339.9,0.9235179910623296,0.4235179910623294
105,exp6_aug_10,0.0,0.0171470531838609,339.9,0.5013187530271613,0.0013187530271614
106,exp6_aug_10,1.55,0.0166924949672978,339.9,0.5275422708418452,0.0275422708418452
107,exp6_aug_10,3.1,0.0162544425762639,339.9,0.5530740154356415,0.0530740154356414
108,exp6_aug_10,4.65,0.0158328960107592,339.9,0.5779395708381203,0.0779395708381202
109,exp6_aug_10,6.2,0.0154278552707838,339.9,0.6021645210788521,0.1021645210788519
110,exp6_aug_10,7.75,0.0150393203563376,339.9,0.6257744501874072,0.1257744501874069
111,exp6_aug_10,9.3,0.0146672912674207,339.9,0.6487949421933558,0.1487949421933555
112,exp6_aug_10,10.85,0.0143117680040329,339.9,0.671251581126268,0.1712515811262679
113,exp6_aug_10,12.4,0.0139727505661744,339.9,0.6931699510157149,0.1931699510157145
114,exp6_aug_10,13.95,0.0136502389538452,339.9,0.7145756358912655,0.2145756358912655
115,exp6_aug_10,15.5,0.0133442331670451,339.9,0.7354942197824916,0.2354942197824914
116,exp6_aug_10,17.05,0.0130547332057743,339.9,0.7559512867189625,0.2559512867189624
117,exp6_aug_10,18.6,0.0127817390700327,339.9,0.7759724207302487,0.2759724207302486
118,exp6_aug_10,20.15,0.0125252507598203,339.9,0.7955832058459207,0.2955832058459207
119,exp6_aug_10,21.7,0.0122852682751372,339.9,0.8148092260955486,0.3148092260955486
120,exp6_aug_10,23.25,0.0120617916159833,339.9,0.833676065508703,0.3336760655087029
121,exp6_aug_10,24.8,0.0118548207823586,339.9,0.8522093081149537,0.3522093081149537
122,exp6_aug_10,26.35,0.0116643557742632,339.9,0.8704345379438714,0.3704345379438715
123,exp6_aug_10,27.9,0.011490396591697,339.9,0.8883773390250265,0.3883773390250266
124,exp6_aug_10,29.45,0.01133294323466,339.9,0.906063295387989,0.4060632953879891
125,exp6_aug_10,31.0,0.0111919957031522,339.9,0.9235179910623296,0.4235179910623294
126,exp7_aug_01,0.0,0.0162541701586158,339.9,0.5012571700723294,0.0012571700723291
127,exp7_aug_01,1.55,0.0159384510463784,339.9,0.526205922954631,0.0262059229546309
128,exp7_aug_01,3.1,0.0156268239462863,339.9,0.5506684825223774,0.0506684825223774
129,exp7_aug_01,4.65,0.0153192888583393,339.9,0.5746511913943936,0.0746511913943935
130,exp7_aug_01,6.2,0.0150158457825375,339.9,0.5981603921895043,0.0981603921895044
131,exp7_aug_01,7.75,0.0147164947188809,339.9,0.6212024275265351,0.121202427526535
132,exp7_aug_01,9.3,0.0144212356673695,339.9,0.6437836400243103,0.1437836400243104
133,exp7_aug_01,10.85,0.0141300686280033,339.9,0.6659103723016555,0.1659103723016557
134,exp7_aug_01,12.4,0.0138429936007823,339.9,0.6875889669773959,0.1875889669773959
135,exp7_aug_01,13.95,0.0135600105857065,339.9,0.7088257666703558,0.208825766670356
136,exp7_aug_01,15.5,0.0132811195827758,339.9,0.7296271139993611,0.2296271139993611
137,exp7_aug_01,17.05,0.0130063205919904,339.9,0.7499993515832362,0.2499993515832362
138,exp7_aug_01,18.6,0.0127356136133501,339.9,0.7699488220408065,0.2699488220408065
139,exp7_aug_01,20.15,0.0124689986468551,339.9,0.7894818679908969,0.2894818679908968
140,exp7_aug_01,21.7,0.0122064756925052,339.9,0.8086048320523322,0.3086048320523323
141,exp7_aug_01,23.25,0.0119480447503005,339.9,0.8273240568439382,0.3273240568439381
142,exp7_aug_01,24.8,0.011693705820241,339.9,0.845645884984539,0.3456458849845391
143,exp7_aug_01,26.35,0.0114434589023267,339.9,0.8635766590929603,0.3635766590929604
144,exp7_aug_01,27.9,0.0111973039965576,339.9,0.881122721788027,0.3811227217880271
145,exp7_aug_01,29.45,0.0109552411029337,339.9,0.898290415688564,0.3982904156885641
146,exp7_aug_01,31.0,0.010717270221455,339.9,0.9150860834133966,0.4150860834133967
126,exp7_aug_02,0.0,0.0162541701586158,339.9,0.5012571700723294,0.0012571700723291
127,exp7_aug_02,1.55,0.0159384510463784,339.9,0.526205922954631,0.0262059229546309
128,exp7_aug_02,3.1,0.0156268239462863,339.9,0.5506684825223774,0.0506684825223774
129,exp7_aug_02,4.65,0.0153192888583393,339.9,0.5746511913943936,0.0746511913943935
130,exp7_aug_02,6.2,0.0150158457825375,339.9,0.5981603921895043,0.0981603921895044
131,exp7_aug_02,7.75,0.0147164947188809,339.9,0.6212024275265351,0.121202427526535
132,exp7_aug_02,9.3,0.0144212356673695,339.9,0.6437836400243103,0.1437836400243104
133,exp7_aug_02,10.85,0.0141300686280033,339.9,0.6659103723016555,0.1659103723016557
134,exp7_aug_02,12.4,0.0138429936007823,339.9,0.6875889669773959,0.1875889669773959
135,exp7_aug_02,13.95,0.0135600105857065,339.9,0.7088257666703558,0.208825766670356
136,exp7_aug_02,15.5,0.0132811195827758,339.9,0.7296271139993611,0.2296271139993611
137,exp7_aug_02,17.05,0.0130063205919904,339.9,0.7499993515832362,0.2499993515832362
138,exp7_aug_02,18.6,0.0127356136133501,339.9,0.7699488220408065,0.2699488220408065
139,exp7_aug_02,20.15,0.0124689986468551,339.9,0.7894818679908969,0.2894818679908968
140,exp7_aug_02,21.7,0.0122064756925052,339.9,0.8086048320523322,0.3086048320523323
141,exp7_aug_02,23.25,0.0119480447503005,339.9,0.8273240568439382,0.3273240568439381
142,exp7_aug_02,24.8,0.011693705820241,339.9,0.845645884984539,0.3456458849845391
143,exp7_aug_02,26.35,0.0114434589023267,339.9,0.8635766590929603,0.3635766590929604
144,exp7_aug_02,27.9,0.0111973039965576,339.9,0.881122721788027,0.3811227217880271
145,exp7_aug_02,29.45,0.0109552411029337,339.9,0.898290415688564,0.3982904156885641
146,exp7_aug_02,31.0,0.010717270221455,339.9,0.9150860834133966,0.4150860834133967
126,exp7_aug_03,0.0,0.0162541701586158,339.9,0.5012571700723294,0.0012571700723291
127,exp7_aug_03,1.55,0.0159384510463784,339.9,0.526205922954631,0.0262059229546309
128,exp7_aug_03,3.1,0.0156268239462863,339.9,0.5506684825223774,0.0506684825223774
129,exp7_aug_03,4.65,0.0153192888583393,339.9,0.5746511913943936,0.0746511913943935
130,exp7_aug_03,6.2,0.0150158457825375,339.9,0.5981603921895043,0.0981603921895044
131,exp7_aug_03,7.75,0.0147164947188809,339.9,0.6212024275265351,0.121202427526535
132,exp7_aug_03,9.3,0.0144212356673695,339.9,0.6437836400243103,0.1437836400243104
133,exp7_aug_03,10.85,0.0141300686280033,339.9,0.6659103723016555,0.1659103723016557
134,exp7_aug_03,12.4,0.0138429936007823,339.9,0.6875889669773959,0.1875889669773959
135,exp7_aug_03,13.95,0.0135600105857065,339.9,0.7088257666703558,0.208825766670356
136,exp7_aug_03,15.5,0.0132811195827758,339.9,0.7296271139993611,0.2296271139993611
137,exp7_aug_03,17.05,0.0130063205919904,339.9,0.7499993515832362,0.2499993515832362
138,exp7_aug_03,18.6,0.0127356136133501,339.9,0.7699488220408065,0.2699488220408065
139,exp7_aug_03,20.15,0.0124689986468551,339.9,0.7894818679908969,0.2894818679908968
140,exp7_aug_03,21.7,0.0122064756925052,339.9,0.8086048320523322,0.3086048320523323
141,exp7_aug_03,23.25,0.0119480447503005,339.9,0.8273240568439382,0.3273240568439381
142,exp7_aug_03,24.8,0.011693705820241,339.9,0.845645884984539,0.3456458849845391
143,exp7_aug_03,26.35,0.0114434589023267,339.9,0.8635766590929603,0.3635766590929604
144,exp7_aug_03,27.9,0.0111973039965576,339.9,0.881122721788027,0.3811227217880271
145,exp7_aug_03,29.45,0.0109552411029337,339.9,0.898290415688564,0.3982904156885641
146,exp7_aug_03,31.0,0.010717270221455,339.9,0.9150860834133966,0.4150860834133967
126,exp7_aug_04,0.0,0.0162541701586158,339.9,0.5012571700723294,0.0012571700723291
127,exp7_aug_04,1.55,0.0159384510463784,339.9,0.526205922954631,0.0262059229546309
128,exp7_aug_04,3.1,0.0156268239462863,339.9,0.5506684825223774,0.0506684825223774
129,exp7_aug_04,4.65,0.0153192888583393,339.9,0.5746511913943936,0.0746511913943935
130,exp7_aug_04,6.2,0.0150158457825375,339.9,0.5981603921895043,0.0981603921895044
131,exp7_aug_04,7.75,0.0147164947188809,339.9,0.6212024275265351,0.121202427526535
132,exp7_aug_04,9.3,0.0144212356673695,339.9,0.6437836400243103,0.1437836400243104
133,exp7_aug_04,10.85,0.0141300686280033,339.9,0.6659103723016555,0.1659103723016557
134,exp7_aug_04,12.4,0.0138429936007823,339.9,0.6875889669773959,0.1875889669773959
135,exp7_aug_04,13.95,0.0135600105857065,339.9,0.7088257666703558,0.208825766670356
136,exp7_aug_04,15.5,0.0132811195827758,339.9,0.7296271139993611,0.2296271139993611
137,exp7_aug_04,17.05,0.0130063205919904,339.9,0.7499993515832362,0.2499993515832362
138,exp7_aug_04,18.6,0.0127356136133501,339.9,0.7699488220408065,0.2699488220408065
139,exp7_aug_04,20.15,0.0124689986468551,339.9,0.7894818679908969,0.2894818679908968
140,exp7_aug_04,21.7,0.0122064756925052,339.9,0.8086048320523322,0.3086048320523323
141,exp7_aug_04,23.25,0.0119480447503005,339.9,0.8273240568439382,0.3273240568439381
142,exp7_aug_04,24.8,0.011693705820241,339.9,0.845645884984539,0.3456458849845391
143,exp7_aug_04,26.35,0.0114434589023267,339.9,0.8635766590929603,0.3635766590929604
144,exp7_aug_04,27.9,0.0111973039965576,339.9,0.881122721788027,0.3811227217880271
145,exp7_aug_04,29.45,0.0109552411029337,339.9,0.898290415688564,0.3982904156885641
146,exp7_aug_04,31.0,0.010717270221455,339.9,0.9150860834133966,0.4150860834133967
126,exp7_aug_05,0.0,0.0162541701586158,339.9,0.5012571700723294,0.0012571700723291
127,exp7_aug_05,1.55,0.0159384510463784,339.9,0.526205922954631,0.0262059229546309
128,exp7_aug_05,3.1,0.0156268239462863,339.9,0.5506684825223774,0.0506684825223774
129,exp7_aug_05,4.65,0.0153192888583393,339.9,0.5746511913943936,0.0746511913943935
130,exp7_aug_05,6.2,0.0150158457825375,339.9,0.5981603921895043,0.0981603921895044
131,exp7_aug_05,7.75,0.0147164947188809,339.9,0.6212024275265351,0.121202427526535
132,exp7_aug_05,9.3,0.0144212356673695,339.9,0.6437836400243103,0.1437836400243104
133,exp7_aug_05,10.85,0.0141300686280033,339.9,0.6659103723016555,0.1659103723016557
134,exp7_aug_05,12.4,0.0138429936007823,339.9,0.6875889669773959,0.1875889669773959
135,exp7_aug_05,13.95,0.0135600105857065,339.9,0.7088257666703558,0.208825766670356
136,exp7_aug_05,15.5,0.0132811195827758,339.9,0.7296271139993611,0.2296271139993611
137,exp7_aug_05,17.05,0.0130063205919904,339.9,0.7499993515832362,0.2499993515832362
138,exp7_aug_05,18.6,0.0127356136133501,339.9,0.7699488220408065,0.2699488220408065
139,exp7_aug_05,20.15,0.0124689986468551,339.9,0.7894818679908969,0.2894818679908968
140,exp7_aug_05,21.7,0.0122064756925052,339.9,0.8086048320523322,0.3086048320523323
141,exp7_aug_05,23.25,0.0119480447503005,339.9,0.8273240568439382,0.3273240568439381
142,exp7_aug_05,24.8,0.011693705820241,339.9,0.845645884984539,0.3456458849845391
143,exp7_aug_05,26.35,0.0114434589023267,339.9,0.8635766590929603,0.3635766590929604
144,exp7_aug_05,27.9,0.0111973039965576,339.9,0.881122721788027,0.3811227217880271
145,exp7_aug_05,29.45,0.0109552411029337,339.9,0.898290415688564,0.3982904156885641
146,exp7_aug_05,31.0,0.010717270221455,339.9,0.9150860834133966,0.4150860834133967
126,exp7_aug_06,0.0,0.0162541701586158,339.9,0.5012571700723294,0.0012571700723291
127,exp7_aug_06,1.55,0.0159384510463784,339.9,0.526205922954631,0.0262059229546309
128,exp7_aug_06,3.1,0.0156268239462863,339.9,0.5506684825223774,0.0506684825223774
129,exp7_aug_06,4.65,0.0153192888583393,339.9,0.5746511913943936,0.0746511913943935
130,exp7_aug_06,6.2,0.0150158457825375,339.9,0.5981603921895043,0.0981603921895044
131,exp7_aug_06,7.75,0.0147164947188809,339.9,0.6212024275265351,0.121202427526535
132,exp7_aug_06,9.3,0.0144212356673695,339.9,0.6437836400243103,0.1437836400243104
133,exp7_aug_06,10.85,0.0141300686280033,339.9,0.6659103723016555,0.1659103723016557
134,exp7_aug_06,12.4,0.0138429936007823,339.9,0.6875889669773959,0.1875889669773959
135,exp7_aug_06,13.95,0.0135600105857065,339.9,0.7088257666703558,0.208825766670356
136,exp7_aug_06,15.5,0.0132811195827758,339.9,0.7296271139993611,0.2296271139993611
137,exp7_aug_06,17.05,0.0130063205919904,339.9,0.7499993515832362,0.2499993515832362
138,exp7_aug_06,18.6,0.0127356136133501,339.9,0.7699488220408065,0.2699488220408065
139,exp7_aug_06,20.15,0.0124689986468551,339.9,0.7894818679908969,0.2894818679908968
140,exp7_aug_06,21.7,0.0122064756925052,339.9,0.8086048320523322,0.3086048320523323
141,exp7_aug_06,23.25,0.0119480447503005,339.9,0.8273240568439382,0.3273240568439381
142,exp7_aug_06,24.8,0.011693705820241,339.9,0.845645884984539,0.3456458849845391
143,exp7_aug_06,26.35,0.0114434589023267,339.9,0.8635766590929603,0.3635766590929604
144,exp7_aug_06,27.9,0.0111973039965576,339.9,0.881122721788027,0.3811227217880271
145,exp7_aug_06,29.45,0.0109552411029337,339.9,0.898290415688564,0.3982904156885641
146,exp7_aug_06,31.0,0.010717270221455,339.9,0.9150860834133966,0.4150860834133967
126,exp7_aug_07,0.0,0.0162541701586158,339.9,0.5012571700723294,0.0012571700723291
127,exp7_aug_07,1.55,0.0159384510463784,339.9,0.526205922954631,0.0262059229546309
128,exp7_aug_07,3.1,0.0156268239462863,339.9,0.5506684825223774,0.0506684825223774
129,exp7_aug_07,4.65,0.0153192888583393,339.9,0.5746511913943936,0.0746511913943935
130,exp7_aug_07,6.2,0.0150158457825375,339.9,0.5981603921895043,0.0981603921895044
131,exp7_aug_07,7.75,0.0147164947188809,339.9,0.6212024275265351,0.121202427526535
132,exp7_aug_07,9.3,0.0144212356673695,339.9,0.6437836400243103,0.1437836400243104
133,exp7_aug_07,10.85,0.0141300686280033,339.9,0.6659103723016555,0.1659103723016557
134,exp7_aug_07,12.4,0.0138429936007823,339.9,0.6875889669773959,0.1875889669773959
135,exp7_aug_07,13.95,0.0135600105857065,339.9,0.7088257666703558,0.208825766670356
136,exp7_aug_07,15.5,0.0132811195827758,339.9,0.7296271139993611,0.2296271139993611
137,exp7_aug_07,17.05,0.0130063205919904,339.9,0.7499993515832362,0.2499993515832362
138,exp7_aug_07,18.6,0.0127356136133501,339.9,0.7699488220408065,0.2699488220408065
139,exp7_aug_07,20.15,0.0124689986468551,339.9,0.7894818679908969,0.2894818679908968
140,exp7_aug_07,21.7,0.0122064756925052,339.9,0.8086048320523322,0.3086048320523323
141,exp7_aug_07,23.25,0.0119480447503005,339.9,0.8273240568439382,0.3273240568439381
142,exp7_aug_07,24.8,0.011693705820241,339.9,0.845645884984539,0.3456458849845391
143,exp7_aug_07,26.35,0.0114434589023267,339.9,0.8635766590929603,0.3635766590929604
144,exp7_aug_07,27.9,0.0111973039965576,339.9,0.881122721788027,0.3811227217880271
145,exp7_aug_07,29.45,0.0109552411029337,339.9,0.898290415688564,0.3982904156885641
146,exp7_aug_07,31.0,0.010717270221455,339.9,0.9150860834133966,0.4150860834133967
126,exp7_aug_08,0.0,0.0162541701586158,339.9,0.5012571700723294,0.0012571700723291
127,exp7_aug_08,1.55,0.0159384510463784,339.9,0.526205922954631,0.0262059229546309
128,exp7_aug_08,3.1,0.0156268239462863,339.9,0.5506684825223774,0.0506684825223774
129,exp7_aug_08,4.65,0.0153192888583393,339.9,0.5746511913943936,0.0746511913943935
130,exp7_aug_08,6.2,0.0150158457825375,339.9,0.5981603921895043,0.0981603921895044
131,exp7_aug_08,7.75,0.0147164947188809,339.9,0.6212024275265351,0.121202427526535
132,exp7_aug_08,9.3,0.0144212356673695,339.9,0.6437836400243103,0.1437836400243104
133,exp7_aug_08,10.85,0.0141300686280033,339.9,0.6659103723016555,0.1659103723016557
134,exp7_aug_08,12.4,0.0138429936007823,339.9,0.6875889669773959,0.1875889669773959
135,exp7_aug_08,13.95,0.0135600105857065,339.9,0.7088257666703558,0.208825766670356
136,exp7_aug_08,15.5,0.0132811195827758,339.9,0.7296271139993611,0.2296271139993611
137,exp7_aug_08,17.05,0.0130063205919904,339.9,0.7499993515832362,0.2499993515832362
138,exp7_aug_08,18.6,0.0127356136133501,339.9,0.7699488220408065,0.2699488220408065
139,exp7_aug_08,20.15,0.0124689986468551,339.9,0.7894818679908969,0.2894818679908968
140,exp7_aug_08,21.7,0.0122064756925052,339.9,0.8086048320523322,0.3086048320523323
141,exp7_aug_08,23.25,0.0119480447503005,339.9,0.8273240568439382,0.3273240568439381
142,exp7_aug_08,24.8,0.011693705820241,339.9,0.845645884984539,0.3456458849845391
143,exp7_aug_08,26.35,0.0114434589023267,339.9,0.8635766590929603,0.3635766590929604
144,exp7_aug_08,27.9,0.0111973039965576,339.9,0.881122721788027,0.3811227217880271
145,exp7_aug_08,29.45,0.0109552411029337,339.9,0.898290415688564,0.3982904156885641
146,exp7_aug_08,31.0,0.010717270221455,339.9,0.9150860834133966,0.4150860834133967
126,exp7_aug_09,0.0,0.0162541701586158,339.9,0.5012571700723294,0.0012571700723291
127,exp7_aug_09,1.55,0.0159384510463784,339.9,0.526205922954631,0.0262059229546309
128,exp7_aug_09,3.1,0.0156268239462863,339.9,0.5506684825223774,0.0506684825223774
129,exp7_aug_09,4.65,0.0153192888583393,339.9,0.5746511913943936,0.0746511913943935
130,exp7_aug_09,6.2,0.0150158457825375,339.9,0.5981603921895043,0.0981603921895044
131,exp7_aug_09,7.75,0.0147164947188809,339.9,0.6212024275265351,0.121202427526535
132,exp7_aug_09,9.3,0.0144212356673695,339.9,0.6437836400243103,0.1437836400243104
133,exp7_aug_09,10.85,0.0141300686280033,339.9,0.6659103723016555,0.1659103723016557
134,exp7_aug_09,12.4,0.0138429936007823,339.9,0.6875889669773959,0.1875889669773959
135,exp7_aug_09,13.95,0.0135600105857065,339.9,0.7088257666703558,0.208825766670356
136,exp7_aug_09,15.5,0.0132811195827758,339.9,0.7296271139993611,0.2296271139993611
137,exp7_aug_09,17.05,0.0130063205919904,339.9,0.7499993515832362,0.2499993515832362
138,exp7_aug_09,18.6,0.0127356136133501,339.9,0.7699488220408065,0.2699488220408065
139,exp7_aug_09,20.15,0.0124689986468551,339.9,0.7894818679908969,0.2894818679908968
140,exp7_aug_09,21.7,0.0122064756925052,339.9,0.8086048320523322,0.3086048320523323
141,exp7_aug_09,23.25,0.0119480447503005,339.9,0.8273240568439382,0.3273240568439381
142,exp7_aug_09,24.8,0.011693705820241,339.9,0.845645884984539,0.3456458849845391
143,exp7_aug_09,26.35,0.0114434589023267,339.9,0.8635766590929603,0.3635766590929604
144,exp7_aug_09,27.9,0.0111973039965576,339.9,0.881122721788027,0.3811227217880271
145,exp7_aug_09,29.45,0.0109552411029337,339.9,0.898290415688564,0.3982904156885641
146,exp7_aug_09,31.0,0.010717270221455,339.9,0.9150860834133966,0.4150860834133967
126,exp7_aug_10,0.0,0.0162541701586158,339.9,0.5012571700723294,0.0012571700723291
127,exp7_aug_10,1.55,0.0159384510463784,339.9,0.526205922954631,0.0262059229546309
128,exp7_aug_10,3.1,0.0156268239462863,339.9,0.5506684825223774,0.0506684825223774
129,exp7_aug_10,4.65,0.0153192888583393,339.9,0.5746511913943936,0.0746511913943935
130,exp7_aug_10,6.2,0.0150158457825375,339.9,0.5981603921895043,0.0981603921895044
131,exp7_aug_10,7.75,0.0147164947188809,339.9,0.6212024275265351,0.121202427526535
132,exp7_aug_10,9.3,0.0144212356673695,339.9,0.6437836400243103,0.1437836400243104
133,exp7_aug_10,10.85,0.0141300686280033,339.9,0.6659103723016555,0.1659103723016557
134,exp7_aug_10,12.4,0.0138429936007823,339.9,0.6875889669773959,0.1875889669773959
135,exp7_aug_10,13.95,0.0135600105857065,339.9,0.7088257666703558,0.208825766670356
136,exp7_aug_10,15.5,0.0132811195827758,339.9,0.7296271139993611,0.2296271139993611
137,exp7_aug_10,17.05,0.0130063205919904,339.9,0.7499993515832362,0.2499993515832362
138,exp7_aug_10,18.6,0.0127356136133501,339.9,0.7699488220408065,0.2699488220408065
139,exp7_aug_10,20.15,0.0124689986468551,339.9,0.7894818679908969,0.2894818679908968
140,exp7_aug_10,21.7,0.0122064756925052,339.9,0.8086048320523322,0.3086048320523323
141,exp7_aug_10,23.25,0.0119480447503005,339.9,0.8273240568439382,0.3273240568439381
142,exp7_aug_10,24.8,0.011693705820241,339.9,0.845645884984539,0.3456458849845391
143,exp7_aug_10,26.35,0.0114434589023267,339.9,0.8635766590929603,0.3635766590929604
144,exp7_aug_10,27.9,0.0111973039965576,339.9,0.881122721788027,0.3811227217880271
145,exp7_aug_10,29.45,0.0109552411029337,339.9,0.898290415688564,0.3982904156885641
146,exp7_aug_10,31.0,0.010717270221455,339.9,0.9150860834133966,0.4150860834133967
147,exp8_aug_01,0.0,0.0170577868203859,339.9,0.5013270306511209,0.0013270306511207
148,exp8_aug_01,1.55,0.0165507750693014,339.9,0.527370154129606,0.0273701541296058
149,exp8_aug_01,3.1,0.0160709528874244,339.9,0.5526484813100456,0.0526484813100457
150,exp8_aug_01,4.65,0.0156183202747549,339.9,0.5772041560247123,0.0772041560247121
151,exp8_aug_01,6.2,0.015192877231293,339.9,0.6010793221058766,0.1010793221058766
152,exp8_aug_01,7.75,0.0147946237570387,339.9,0.6243161233858111,0.1243161233858111
153,exp8_aug_01,9.3,0.0144235598519919,339.9,0.6469567036967871,0.1469567036967872
154,exp8_aug_01,10.85,0.0140796855161526,339.9,0.6690432068710765,0.1690432068710766
155,exp8_aug_01,12.4,0.0137630007495209,339.9,0.690617776740951,0.190617776740951
156,exp8_aug_01,13.95,0.0134735055520967,339.9,0.7117225571386818,0.211722557138682
157,exp8_aug_01,15.5,0.0132111999238801,339.9,0.7323996918965414,0.2323996918965415
158,exp8_aug_01,17.05,0.012976083864871,339.9,0.7526913248468009,0.2526913248468011
159,exp8_aug_01,18.6,0.0127681573750695,339.9,0.7726395998217322,0.2726395998217324
160,exp8_aug_01,20.15,0.0125874204544755,339.9,0.7922866606536072,0.2922866606536072
161,exp8_aug_01,21.7,0.0124338731030891,339.9,0.8116746511746971,0.3116746511746971
162,exp8_aug_01,23.25,0.0123075153209102,339.9,0.8308457152172739,0.3308457152172741
163,exp8_aug_01,24.8,0.0122083471079388,339.9,0.8498419966136093,0.3498419966136095
164,exp8_aug_01,26.35,0.012136368464175,339.9,0.868705639195975,0.3687056391959751
165,exp8_aug_01,27.9,0.0120915793896188,339.9,0.8874787867966426,0.3874787867966428
166,exp8_aug_01,29.45,0.0120739798842701,339.9,0.906203583247884,0.4062035832478841
167,exp8_aug_01,31.0,0.0120835699481289,339.9,0.9249221723819708,0.4249221723819708
147,exp8_aug_02,0.0,0.0170577868203859,339.9,0.5013270306511209,0.0013270306511207
148,exp8_aug_02,1.55,0.0165507750693014,339.9,0.527370154129606,0.0273701541296058
149,exp8_aug_02,3.1,0.0160709528874244,339.9,0.5526484813100456,0.0526484813100457
150,exp8_aug_02,4.65,0.0156183202747549,339.9,0.5772041560247123,0.0772041560247121
151,exp8_aug_02,6.2,0.015192877231293,339.9,0.6010793221058766,0.1010793221058766
152,exp8_aug_02,7.75,0.0147946237570387,339.9,0.6243161233858111,0.1243161233858111
153,exp8_aug_02,9.3,0.0144235598519919,339.9,0.6469567036967871,0.1469567036967872
154,exp8_aug_02,10.85,0.0140796855161526,339.9,0.6690432068710765,0.1690432068710766
155,exp8_aug_02,12.4,0.0137630007495209,339.9,0.690617776740951,0.190617776740951
156,exp8_aug_02,13.95,0.0134735055520967,339.9,0.7117225571386818,0.211722557138682
157,exp8_aug_02,15.5,0.0132111999238801,339.9,0.7323996918965414,0.2323996918965415
158,exp8_aug_02,17.05,0.012976083864871,339.9,0.7526913248468009,0.2526913248468011
159,exp8_aug_02,18.6,0.0127681573750695,339.9,0.7726395998217322,0.2726395998217324
160,exp8_aug_02,20.15,0.0125874204544755,339.9,0.7922866606536072,0.2922866606536072
161,exp8_aug_02,21.7,0.0124338731030891,339.9,0.8116746511746971,0.3116746511746971
162,exp8_aug_02,23.25,0.0123075153209102,339.9,0.8308457152172739,0.3308457152172741
163,exp8_aug_02,24.8,0.0122083471079388,339.9,0.8498419966136093,0.3498419966136095
164,exp8_aug_02,26.35,0.012136368464175,339.9,0.868705639195975,0.3687056391959751
165,exp8_aug_02,27.9,0.0120915793896188,339.9,0.8874787867966426,0.3874787867966428
166,exp8_aug_02,29.45,0.0120739798842701,339.9,0.906203583247884,0.4062035832478841
167,exp8_aug_02,31.0,0.0120835699481289,339.9,0.9249221723819708,0.4249221723819708
147,exp8_aug_03,0.0,0.0170577868203859,339.9,0.5013270306511209,0.0013270306511207
148,exp8_aug_03,1.55,0.0165507750693014,339.9,0.527370154129606,0.0273701541296058
149,exp8_aug_03,3.1,0.0160709528874244,339.9,0.5526484813100456,0.0526484813100457
150,exp8_aug_03,4.65,0.0156183202747549,339.9,0.5772041560247123,0.0772041560247121
151,exp8_aug_03,6.2,0.015192877231293,339.9,0.6010793221058766,0.1010793221058766
152,exp8_aug_03,7.75,0.0147946237570387,339.9,0.6243161233858111,0.1243161233858111
153,exp8_aug_03,9.3,0.0144235598519919,339.9,0.6469567036967871,0.1469567036967872
154,exp8_aug_03,10.85,0.0140796855161526,339.9,0.6690432068710765,0.1690432068710766
155,exp8_aug_03,12.4,0.0137630007495209,339.9,0.690617776740951,0.190617776740951
156,exp8_aug_03,13.95,0.0134735055520967,339.9,0.7117225571386818,0.211722557138682
157,exp8_aug_03,15.5,0.0132111999238801,339.9,0.7323996918965414,0.2323996918965415
158,exp8_aug_03,17.05,0.012976083864871,339.9,0.7526913248468009,0.2526913248468011
159,exp8_aug_03,18.6,0.0127681573750695,339.9,0.7726395998217322,0.2726395998217324
160,exp8_aug_03,20.15,0.0125874204544755,339.9,0.7922866606536072,0.2922866606536072
161,exp8_aug_03,21.7,0.0124338731030891,339.9,0.8116746511746971,0.3116746511746971
162,exp8_aug_03,23.25,0.0123075153209102,339.9,0.8308457152172739,0.3308457152172741
163,exp8_aug_03,24.8,0.0122083471079388,339.9,0.8498419966136093,0.3498419966136095
164,exp8_aug_03,26.35,0.012136368464175,339.9,0.868705639195975,0.3687056391959751
165,exp8_aug_03,27.9,0.0120915793896188,339.9,0.8874787867966426,0.3874787867966428
166,exp8_aug_03,29.45,0.0120739798842701,339.9,0.906203583247884,0.4062035832478841
167,exp8_aug_03,31.0,0.0120835699481289,339.9,0.9249221723819708,0.4249221723819708
147,exp8_aug_04,0.0,0.0170577868203859,339.9,0.5013270306511209,0.0013270306511207
148,exp8_aug_04,1.55,0.0165507750693014,339.9,0.527370154129606,0.0273701541296058
149,exp8_aug_04,3.1,0.0160709528874244,339.9,0.5526484813100456,0.0526484813100457
150,exp8_aug_04,4.65,0.0156183202747549,339.9,0.5772041560247123,0.0772041560247121
151,exp8_aug_04,6.2,0.015192877231293,339.9,0.6010793221058766,0.1010793221058766
152,exp8_aug_04,7.75,0.0147946237570387,339.9,0.6243161233858111,0.1243161233858111
153,exp8_aug_04,9.3,0.0144235598519919,339.9,0.6469567036967871,0.1469567036967872
154,exp8_aug_04,10.85,0.0140796855161526,339.9,0.6690432068710765,0.1690432068710766
155,exp8_aug_04,12.4,0.0137630007495209,339.9,0.690617776740951,0.190617776740951
156,exp8_aug_04,13.95,0.0134735055520967,339.9,0.7117225571386818,0.211722557138682
157,exp8_aug_04,15.5,0.0132111999238801,339.9,0.7323996918965414,0.2323996918965415
158,exp8_aug_04,17.05,0.012976083864871,339.9,0.7526913248468009,0.2526913248468011
159,exp8_aug_04,18.6,0.0127681573750695,339.9,0.7726395998217322,0.2726395998217324
160,exp8_aug_04,20.15,0.0125874204544755,339.9,0.7922866606536072,0.2922866606536072
161,exp8_aug_04,21.7,0.0124338731030891,339.9,0.8116746511746971,0.3116746511746971
162,exp8_aug_04,23.25,0.0123075153209102,339.9,0.8308457152172739,0.3308457152172741
163,exp8_aug_04,24.8,0.0122083471079388,339.9,0.8498419966136093,0.3498419966136095
164,exp8_aug_04,26.35,0.012136368464175,339.9,0.868705639195975,0.3687056391959751
165,exp8_aug_04,27.9,0.0120915793896188,339.9,0.8874787867966426,0.3874787867966428
166,exp8_aug_04,29.45,0.0120739798842701,339.9,0.906203583247884,0.4062035832478841
167,exp8_aug_04,31.0,0.0120835699481289,339.9,0.9249221723819708,0.4249221723819708
147,exp8_aug_05,0.0,0.0170577868203859,339.9,0.5013270306511209,0.0013270306511207
148,exp8_aug_05,1.55,0.0165507750693014,339.9,0.527370154129606,0.0273701541296058
149,exp8_aug_05,3.1,0.0160709528874244,339.9,0.5526484813100456,0.0526484813100457
150,exp8_aug_05,4.65,0.0156183202747549,339.9,0.5772041560247123,0.0772041560247121
151,exp8_aug_05,6.2,0.015192877231293,339.9,0.6010793221058766,0.1010793221058766
152,exp8_aug_05,7.75,0.0147946237570387,339.9,0.6243161233858111,0.1243161233858111
153,exp8_aug_05,9.3,0.0144235598519919,339.9,0.6469567036967871,0.1469567036967872
154,exp8_aug_05,10.85,0.0140796855161526,339.9,0.6690432068710765,0.1690432068710766
155,exp8_aug_05,12.4,0.0137630007495209,339.9,0.690617776740951,0.190617776740951
156,exp8_aug_05,13.95,0.0134735055520967,339.9,0.7117225571386818,0.211722557138682
157,exp8_aug_05,15.5,0.0132111999238801,339.9,0.7323996918965414,0.2323996918965415
158,exp8_aug_05,17.05,0.012976083864871,339.9,0.7526913248468009,0.2526913248468011
159,exp8_aug_05,18.6,0.0127681573750695,339.9,0.7726395998217322,0.2726395998217324
160,exp8_aug_05,20.15,0.0125874204544755,339.9,0.7922866606536072,0.2922866606536072
161,exp8_aug_05,21.7,0.0124338731030891,339.9,0.8116746511746971,0.3116746511746971
162,exp8_aug_05,23.25,0.0123075153209102,339.9,0.8308457152172739,0.3308457152172741
163,exp8_aug_05,24.8,0.0122083471079388,339.9,0.8498419966136093,0.3498419966136095
164,exp8_aug_05,26.35,0.012136368464175,339.9,0.868705639195975,0.3687056391959751
165,exp8_aug_05,27.9,0.0120915793896188,339.9,0.8874787867966426,0.3874787867966428
166,exp8_aug_05,29.45,0.0120739798842701,339.9,0.906203583247884,0.4062035832478841
167,exp8_aug_05,31.0,0.0120835699481289,339.9,0.9249221723819708,0.4249221723819708
147,exp8_aug_06,0.0,0.0170577868203859,339.9,0.5013270306511209,0.0013270306511207
148,exp8_aug_06,1.55,0.0165507750693014,339.9,0.527370154129606,0.0273701541296058
149,exp8_aug_06,3.1,0.0160709528874244,339.9,0.5526484813100456,0.0526484813100457
150,exp8_aug_06,4.65,0.0156183202747549,339.9,0.5772041560247123,0.0772041560247121
151,exp8_aug_06,6.2,0.015192877231293,339.9,0.6010793221058766,0.1010793221058766
152,exp8_aug_06,7.75,0.0147946237570387,339.9,0.6243161233858111,0.1243161233858111
153,exp8_aug_06,9.3,0.0144235598519919,339.9,0.6469567036967871,0.1469567036967872
154,exp8_aug_06,10.85,0.0140796855161526,339.9,0.6690432068710765,0.1690432068710766
155,exp8_aug_06,12.4,0.0137630007495209,339.9,0.690617776740951,0.190617776740951
156,exp8_aug_06,13.95,0.0134735055520967,339.9,0.7117225571386818,0.211722557138682
157,exp8_aug_06,15.5,0.0132111999238801,339.9,0.7323996918965414,0.2323996918965415
158,exp8_aug_06,17.05,0.012976083864871,339.9,0.7526913248468009,0.2526913248468011
159,exp8_aug_06,18.6,0.0127681573750695,339.9,0.7726395998217322,0.2726395998217324
160,exp8_aug_06,20.15,0.0125874204544755,339.9,0.7922866606536072,0.2922866606536072
161,exp8_aug_06,21.7,0.0124338731030891,339.9,0.8116746511746971,0.3116746511746971
162,exp8_aug_06,23.25,0.0123075153209102,339.9,0.8308457152172739,0.3308457152172741
163,exp8_aug_06,24.8,0.0122083471079388,339.9,0.8498419966136093,0.3498419966136095
164,exp8_aug_06,26.35,0.012136368464175,339.9,0.868705639195975,0.3687056391959751
165,exp8_aug_06,27.9,0.0120915793896188,339.9,0.8874787867966426,0.3874787867966428
166,exp8_aug_06,29.45,0.0120739798842701,339.9,0.906203583247884,0.4062035832478841
167,exp8_aug_06,31.0,0.0120835699481289,339.9,0.9249221723819708,0.4249221723819708
147,exp8_aug_07,0.0,0.0170577868203859,339.9,0.5013270306511209,0.0013270306511207
148,exp8_aug_07,1.55,0.0165507750693014,339.9,0.527370154129606,0.0273701541296058
149,exp8_aug_07,3.1,0.0160709528874244,339.9,0.5526484813100456,0.0526484813100457
150,exp8_aug_07,4.65,0.0156183202747549,339.9,0.5772041560247123,0.0772041560247121
151,exp8_aug_07,6.2,0.015192877231293,339.9,0.6010793221058766,0.1010793221058766
152,exp8_aug_07,7.75,0.0147946237570387,339.9,0.6243161233858111,0.1243161233858111
153,exp8_aug_07,9.3,0.0144235598519919,339.9,0.6469567036967871,0.1469567036967872
154,exp8_aug_07,10.85,0.0140796855161526,339.9,0.6690432068710765,0.1690432068710766
155,exp8_aug_07,12.4,0.0137630007495209,339.9,0.690617776740951,0.190617776740951
156,exp8_aug_07,13.95,0.0134735055520967,339.9,0.7117225571386818,0.211722557138682
157,exp8_aug_07,15.5,0.0132111999238801,339.9,0.7323996918965414,0.2323996918965415
158,exp8_aug_07,17.05,0.012976083864871,339.9,0.7526913248468009,0.2526913248468011
159,exp8_aug_07,18.6,0.0127681573750695,339.9,0.7726395998217322,0.2726395998217324
160,exp8_aug_07,20.15,0.0125874204544755,339.9,0.7922866606536072,0.2922866606536072
161,exp8_aug_07,21.7,0.0124338731030891,339.9,0.8116746511746971,0.3116746511746971
162,exp8_aug_07,23.25,0.0123075153209102,339.9,0.8308457152172739,0.3308457152172741
163,exp8_aug_07,24.8,0.0122083471079388,339.9,0.8498419966136093,0.3498419966136095
164,exp8_aug_07,26.35,0.012136368464175,339.9,0.868705639195975,0.3687056391959751
165,exp8_aug_07,27.9,0.0120915793896188,339.9,0.8874787867966426,0.3874787867966428
166,exp8_aug_07,29.45,0.0120739798842701,339.9,0.906203583247884,0.4062035832478841
167,exp8_aug_07,31.0,0.0120835699481289,339.9,0.9249221723819708,0.4249221723819708
147,exp8_aug_08,0.0,0.0170577868203859,339.9,0.5013270306511209,0.0013270306511207
148,exp8_aug_08,1.55,0.0165507750693014,339.9,0.527370154129606,0.0273701541296058
149,exp8_aug_08,3.1,0.0160709528874244,339.9,0.5526484813100456,0.0526484813100457
150,exp8_aug_08,4.65,0.0156183202747549,339.9,0.5772041560247123,0.0772041560247121
151,exp8_aug_08,6.2,0.015192877231293,339.9,0.6010793221058766,0.1010793221058766
152,exp8_aug_08,7.75,0.0147946237570387,339.9,0.6243161233858111,0.1243161233858111
153,exp8_aug_08,9.3,0.0144235598519919,339.9,0.6469567036967871,0.1469567036967872
154,exp8_aug_08,10.85,0.0140796855161526,339.9,0.6690432068710765,0.1690432068710766
155,exp8_aug_08,12.4,0.0137630007495209,339.9,0.690617776740951,0.190617776740951
156,exp8_aug_08,13.95,0.0134735055520967,339.9,0.7117225571386818,0.211722557138682
157,exp8_aug_08,15.5,0.0132111999238801,339.9,0.7323996918965414,0.2323996918965415
158,exp8_aug_08,17.05,0.012976083864871,339.9,0.7526913248468009,0.2526913248468011
159,exp8_aug_08,18.6,0.0127681573750695,339.9,0.7726395998217322,0.2726395998217324
160,exp8_aug_08,20.15,0.0125874204544755,339.9,0.7922866606536072,0.2922866606536072
161,exp8_aug_08,21.7,0.0124338731030891,339.9,0.8116746511746971,0.3116746511746971
162,exp8_aug_08,23.25,0.0123075153209102,339.9,0.8308457152172739,0.3308457152172741
163,exp8_aug_08,24.8,0.0122083471079388,339.9,0.8498419966136093,0.3498419966136095
164,exp8_aug_08,26.35,0.012136368464175,339.9,0.868705639195975,0.3687056391959751
165,exp8_aug_08,27.9,0.0120915793896188,339.9,0.8874787867966426,0.3874787867966428
166,exp8_aug_08,29.45,0.0120739798842701,339.9,0.906203583247884,0.4062035832478841
167,exp8_aug_08,31.0,0.0120835699481289,339.9,0.9249221723819708,0.4249221723819708
147,exp8_aug_09,0.0,0.0170577868203859,339.9,0.5013270306511209,0.0013270306511207
148,exp8_aug_09,1.55,0.0165507750693014,339.9,0.527370154129606,0.0273701541296058
149,exp8_aug_09,3.1,0.0160709528874244,339.9,0.5526484813100456,0.0526484813100457
150,exp8_aug_09,4.65,0.0156183202747549,339.9,0.5772041560247123,0.0772041560247121
151,exp8_aug_09,6.2,0.015192877231293,339.9,0.6010793221058766,0.1010793221058766
152,exp8_aug_09,7.75,0.0147946237570387,339.9,0.6243161233858111,0.1243161233858111
153,exp8_aug_09,9.3,0.0144235598519919,339.9,0.6469567036967871,0.1469567036967872
154,exp8_aug_09,10.85,0.0140796855161526,339.9,0.6690432068710765,0.1690432068710766
155,exp8_aug_09,12.4,0.0137630007495209,339.9,0.690617776740951,0.190617776740951
156,exp8_aug_09,13.95,0.0134735055520967,339.9,0.7117225571386818,0.211722557138682
157,exp8_aug_09,15.5,0.0132111999238801,339.9,0.7323996918965414,0.2323996918965415
158,exp8_aug_09,17.05,0.012976083864871,339.9,0.7526913248468009,0.2526913248468011
159,exp8_aug_09,18.6,0.0127681573750695,339.9,0.7726395998217322,0.2726395998217324
160,exp8_aug_09,20.15,0.0125874204544755,339.9,0.7922866606536072,0.2922866606536072
161,exp8_aug_09,21.7,0.0124338731030891,339.9,0.8116746511746971,0.3116746511746971
162,exp8_aug_09,23.25,0.0123075153209102,339.9,0.8308457152172739,0.3308457152172741
163,exp8_aug_09,24.8,0.0122083471079388,339.9,0.8498419966136093,0.3498419966136095
164,exp8_aug_09,26.35,0.012136368464175,339.9,0.868705639195975,0.3687056391959751
165,exp8_aug_09,27.9,0.0120915793896188,339.9,0.8874787867966426,0.3874787867966428
166,exp8_aug_09,29.45,0.0120739798842701,339.9,0.906203583247884,0.4062035832478841
167,exp8_aug_09,31.0,0.0120835699481289,339.9,0.9249221723819708,0.4249221723819708
147,exp8_aug_10,0.0,0.0170577868203859,339.9,0.5013270306511209,0.0013270306511207
148,exp8_aug_10,1.55,0.0165507750693014,339.9,0.527370154129606,0.0273701541296058
149,exp8_aug_10,3.1,0.0160709528874244,339.9,0.5526484813100456,0.0526484813100457
150,exp8_aug_10,4.65,0.0156183202747549,339.9,0.5772041560247123,0.0772041560247121
151,exp8_aug_10,6.2,0.015192877231293,339.9,0.6010793221058766,0.1010793221058766
152,exp8_aug_10,7.75,0.0147946237570387,339.9,0.6243161233858111,0.1243161233858111
153,exp8_aug_10,9.3,0.0144235598519919,339.9,0.6469567036967871,0.1469567036967872
154,exp8_aug_10,10.85,0.0140796855161526,339.9,0.6690432068710765,0.1690432068710766
155,exp8_aug_10,12.4,0.0137630007495209,339.9,0.690617776740951,0.190617776740951
156,exp8_aug_10,13.95,0.0134735055520967,339.9,0.7117225571386818,0.211722557138682
157,exp8_aug_10,15.5,0.0132111999238801,339.9,0.7323996918965414,0.2323996918965415
158,exp8_aug_10,17.05,0.012976083864871,339.9,0.7526913248468009,0.2526913248468011
159,exp8_aug_10,18.6,0.0127681573750695,339.9,0.7726395998217322,0.2726395998217324
160,exp8_aug_10,20.15,0.0125874204544755,339.9,0.7922866606536072,0.2922866606536072
161,exp8_aug_10,21.7,0.0124338731030891,339.9,0.8116746511746971,0.3116746511746971
162,exp8_aug_10,23.25,0.0123075153209102,339.9,0.8308457152172739,0.3308457152172741
163,exp8_aug_10,24.8,0.0122083471079388,339.9,0.8498419966136093,0.3498419966136095
164,exp8_aug_10,26.35,0.012136368464175,339.9,0.868705639195975,0.3687056391959751
165,exp8_aug_10,27.9,0.0120915793896188,339.9,0.8874787867966426,0.3874787867966428
166,exp8_aug_10,29.45,0.0120739798842701,339.9,0.906203583247884,0.4062035832478841
167,exp8_aug_10,31.0,0.0120835699481289,339.9,0.9249221723819708,0.4249221723819708
168,exp9_aug_01,0.0,0.0162541701586156,339.9,0.5012571700723285,0.0012571700723283
169,exp9_aug_01,1.55,0.0159384510463783,339.9,0.5262059229546299,0.0262059229546298
170,exp9_aug_01,3.1,0.0156268239462862,339.9,0.5506684825223761,0.050668482522376
171,exp9_aug_01,4.65,0.0153192888583392,339.9,0.5746511913943922,0.0746511913943921
172,exp9_aug_01,6.2,0.0150158457825375,339.9,0.5981603921895029,0.0981603921895028
173,exp9_aug_01,7.75,0.0147164947188809,339.9,0.6212024275265335,0.1212024275265334
174,exp9_aug_01,9.3,0.0144212356673696,339.9,0.6437836400243088,0.1437836400243089
175,exp9_aug_01,10.85,0.0141300686280034,339.9,0.6659103723016541,0.1659103723016542
176,exp9_aug_01,12.4,0.0138429936007824,339.9,0.6875889669773947,0.1875889669773946
177,exp9_aug_01,13.95,0.0135600105857066,339.9,0.7088257666703546,0.2088257666703548
178,exp9_aug_01,15.5,0.013281119582776,339.9,0.7296271139993602,0.2296271139993602
179,exp9_aug_01,17.05,0.0130063205919905,339.9,0.7499993515832356,0.2499993515832356
180,exp9_aug_01,18.6,0.0127356136133503,339.9,0.769948822040806,0.2699488220408061
181,exp9_aug_01,20.15,0.0124689986468552,339.9,0.7894818679908967,0.2894818679908967
182,exp9_aug_01,21.7,0.0122064756925054,339.9,0.8086048320523324,0.3086048320523324
183,exp9_aug_01,23.25,0.0119480447503007,339.9,0.8273240568439384,0.3273240568439385
184,exp9_aug_01,24.8,0.0116937058202412,339.9,0.8456458849845396,0.3456458849845397
185,exp9_aug_01,26.35,0.0114434589023269,339.9,0.8635766590929612,0.3635766590929614
186,exp9_aug_01,27.9,0.0111973039965578,339.9,0.8811227217880282,0.3811227217880283
187,exp9_aug_01,29.45,0.0109552411029338,339.9,0.8982904156885654,0.3982904156885656
188,exp9_aug_01,31.0,0.0107172702214551,339.9,0.9150860834133984,0.4150860834133983
168,exp9_aug_02,0.0,0.0162541701586156,339.9,0.5012571700723285,0.0012571700723283
169,exp9_aug_02,1.55,0.0159384510463783,339.9,0.5262059229546299,0.0262059229546298
170,exp9_aug_02,3.1,0.0156268239462862,339.9,0.5506684825223761,0.050668482522376
171,exp9_aug_02,4.65,0.0153192888583392,339.9,0.5746511913943922,0.0746511913943921
172,exp9_aug_02,6.2,0.0150158457825375,339.9,0.5981603921895029,0.0981603921895028
173,exp9_aug_02,7.75,0.0147164947188809,339.9,0.6212024275265335,0.1212024275265334
174,exp9_aug_02,9.3,0.0144212356673696,339.9,0.6437836400243088,0.1437836400243089
175,exp9_aug_02,10.85,0.0141300686280034,339.9,0.6659103723016541,0.1659103723016542
176,exp9_aug_02,12.4,0.0138429936007824,339.9,0.6875889669773947,0.1875889669773946
177,exp9_aug_02,13.95,0.0135600105857066,339.9,0.7088257666703546,0.2088257666703548
178,exp9_aug_02,15.5,0.013281119582776,339.9,0.7296271139993602,0.2296271139993602
179,exp9_aug_02,17.05,0.0130063205919905,339.9,0.7499993515832356,0.2499993515832356
180,exp9_aug_02,18.6,0.0127356136133503,339.9,0.769948822040806,0.2699488220408061
181,exp9_aug_02,20.15,0.0124689986468552,339.9,0.7894818679908967,0.2894818679908967
182,exp9_aug_02,21.7,0.0122064756925054,339.9,0.8086048320523324,0.3086048320523324
183,exp9_aug_02,23.25,0.0119480447503007,339.9,0.8273240568439384,0.3273240568439385
184,exp9_aug_02,24.8,0.0116937058202412,339.9,0.8456458849845396,0.3456458849845397
185,exp9_aug_02,26.35,0.0114434589023269,339.9,0.8635766590929612,0.3635766590929614
186,exp9_aug_02,27.9,0.0111973039965578,339.9,0.8811227217880282,0.3811227217880283
187,exp9_aug_02,29.45,0.0109552411029338,339.9,0.8982904156885654,0.3982904156885656
188,exp9_aug_02,31.0,0.0107172702214551,339.9,0.9150860834133984,0.4150860834133983
168,exp9_aug_03,0.0,0.0162541701586156,339.9,0.5012571700723285,0.0012571700723283
169,exp9_aug_03,1.55,0.0159384510463783,339.9,0.5262059229546299,0.0262059229546298
170,exp9_aug_03,3.1,0.0156268239462862,339.9,0.5506684825223761,0.050668482522376
171,exp9_aug_03,4.65,0.0153192888583392,339.9,0.5746511913943922,0.0746511913943921
172,exp9_aug_03,6.2,0.0150158457825375,339.9,0.5981603921895029,0.0981603921895028
173,exp9_aug_03,7.75,0.0147164947188809,339.9,0.6212024275265335,0.1212024275265334
174,exp9_aug_03,9.3,0.0144212356673696,339.9,0.6437836400243088,0.1437836400243089
175,exp9_aug_03,10.85,0.0141300686280034,339.9,0.6659103723016541,0.1659103723016542
176,exp9_aug_03,12.4,0.0138429936007824,339.9,0.6875889669773947,0.1875889669773946
177,exp9_aug_03,13.95,0.0135600105857066,339.9,0.7088257666703546,0.2088257666703548
178,exp9_aug_03,15.5,0.013281119582776,339.9,0.7296271139993602,0.2296271139993602
179,exp9_aug_03,17.05,0.0130063205919905,339.9,0.7499993515832356,0.2499993515832356
180,exp9_aug_03,18.6,0.0127356136133503,339.9,0.769948822040806,0.2699488220408061
181,exp9_aug_03,20.15,0.0124689986468552,339.9,0.7894818679908967,0.2894818679908967
182,exp9_aug_03,21.7,0.0122064756925054,339.9,0.8086048320523324,0.3086048320523324
183,exp9_aug_03,23.25,0.0119480447503007,339.9,0.8273240568439384,0.3273240568439385
184,exp9_aug_03,24.8,0.0116937058202412,339.9,0.8456458849845396,0.3456458849845397
185,exp9_aug_03,26.35,0.0114434589023269,339.9,0.8635766590929612,0.3635766590929614
186,exp9_aug_03,27.9,0.0111973039965578,339.9,0.8811227217880282,0.3811227217880283
187,exp9_aug_03,29.45,0.0109552411029338,339.9,0.8982904156885654,0.3982904156885656
188,exp9_aug_03,31.0,0.0107172702214551,339.9,0.9150860834133984,0.4150860834133983
168,exp9_aug_04,0.0,0.0162541701586156,339.9,0.5012571700723285,0.0012571700723283
169,exp9_aug_04,1.55,0.0159384510463783,339.9,0.5262059229546299,0.0262059229546298
170,exp9_aug_04,3.1,0.0156268239462862,339.9,0.5506684825223761,0.050668482522376
171,exp9_aug_04,4.65,0.0153192888583392,339.9,0.5746511913943922,0.0746511913943921
172,exp9_aug_04,6.2,0.0150158457825375,339.9,0.5981603921895029,0.0981603921895028
173,exp9_aug_04,7.75,0.0147164947188809,339.9,0.6212024275265335,0.1212024275265334
174,exp9_aug_04,9.3,0.0144212356673696,339.9,0.6437836400243088,0.1437836400243089
175,exp9_aug_04,10.85,0.0141300686280034,339.9,0.6659103723016541,0.1659103723016542
176,exp9_aug_04,12.4,0.0138429936007824,339.9,0.6875889669773947,0.1875889669773946
177,exp9_aug_04,13.95,0.0135600105857066,339.9,0.7088257666703546,0.2088257666703548
178,exp9_aug_04,15.5,0.013281119582776,339.9,0.7296271139993602,0.2296271139993602
179,exp9_aug_04,17.05,0.0130063205919905,339.9,0.7499993515832356,0.2499993515832356
180,exp9_aug_04,18.6,0.0127356136133503,339.9,0.769948822040806,0.2699488220408061
181,exp9_aug_04,20.15,0.0124689986468552,339.9,0.7894818679908967,0.2894818679908967
182,exp9_aug_04,21.7,0.0122064756925054,339.9,0.8086048320523324,0.3086048320523324
183,exp9_aug_04,23.25,0.0119480447503007,339.9,0.8273240568439384,0.3273240568439385
184,exp9_aug_04,24.8,0.0116937058202412,339.9,0.8456458849845396,0.3456458849845397
185,exp9_aug_04,26.35,0.0114434589023269,339.9,0.8635766590929612,0.3635766590929614
186,exp9_aug_04,27.9,0.0111973039965578,339.9,0.8811227217880282,0.3811227217880283
187,exp9_aug_04,29.45,0.0109552411029338,339.9,0.8982904156885654,0.3982904156885656
188,exp9_aug_04,31.0,0.0107172702214551,339.9,0.9150860834133984,0.4150860834133983
168,exp9_aug_05,0.0,0.0162541701586156,339.9,0.5012571700723285,0.0012571700723283
169,exp9_aug_05,1.55,0.0159384510463783,339.9,0.5262059229546299,0.0262059229546298
170,exp9_aug_05,3.1,0.0156268239462862,339.9,0.5506684825223761,0.050668482522376
171,exp9_aug_05,4.65,0.0153192888583392,339.9,0.5746511913943922,0.0746511913943921
172,exp9_aug_05,6.2,0.0150158457825375,339.9,0.5981603921895029,0.0981603921895028
173,exp9_aug_05,7.75,0.0147164947188809,339.9,0.6212024275265335,0.1212024275265334
174,exp9_aug_05,9.3,0.0144212356673696,339.9,0.6437836400243088,0.1437836400243089
175,exp9_aug_05,10.85,0.0141300686280034,339.9,0.6659103723016541,0.1659103723016542
176,exp9_aug_05,12.4,0.0138429936007824,339.9,0.6875889669773947,0.1875889669773946
177,exp9_aug_05,13.95,0.0135600105857066,339.9,0.7088257666703546,0.2088257666703548
178,exp9_aug_05,15.5,0.013281119582776,339.9,0.7296271139993602,0.2296271139993602
179,exp9_aug_05,17.05,0.0130063205919905,339.9,0.7499993515832356,0.2499993515832356
180,exp9_aug_05,18.6,0.0127356136133503,339.9,0.769948822040806,0.2699488220408061
181,exp9_aug_05,20.15,0.0124689986468552,339.9,0.7894818679908967,0.2894818679908967
182,exp9_aug_05,21.7,0.0122064756925054,339.9,0.8086048320523324,0.3086048320523324
183,exp9_aug_05,23.25,0.0119480447503007,339.9,0.8273240568439384,0.3273240568439385
184,exp9_aug_05,24.8,0.0116937058202412,339.9,0.8456458849845396,0.3456458849845397
185,exp9_aug_05,26.35,0.0114434589023269,339.9,0.8635766590929612,0.3635766590929614
186,exp9_aug_05,27.9,0.0111973039965578,339.9,0.8811227217880282,0.3811227217880283
187,exp9_aug_05,29.45,0.0109552411029338,339.9,0.8982904156885654,0.3982904156885656
188,exp9_aug_05,31.0,0.0107172702214551,339.9,0.9150860834133984,0.4150860834133983
168,exp9_aug_06,0.0,0.0162541701586156,339.9,0.5012571700723285,0.0012571700723283
169,exp9_aug_06,1.55,0.0159384510463783,339.9,0.5262059229546299,0.0262059229546298
170,exp9_aug_06,3.1,0.0156268239462862,339.9,0.5506684825223761,0.050668482522376
171,exp9_aug_06,4.65,0.0153192888583392,339.9,0.5746511913943922,0.0746511913943921
172,exp9_aug_06,6.2,0.0150158457825375,339.9,0.5981603921895029,0.0981603921895028
173,exp9_aug_06,7.75,0.0147164947188809,339.9,0.6212024275265335,0.1212024275265334
174,exp9_aug_06,9.3,0.0144212356673696,339.9,0.6437836400243088,0.1437836400243089
175,exp9_aug_06,10.85,0.0141300686280034,339.9,0.6659103723016541,0.1659103723016542
176,exp9_aug_06,12.4,0.0138429936007824,339.9,0.6875889669773947,0.1875889669773946
177,exp9_aug_06,13.95,0.0135600105857066,339.9,0.7088257666703546,0.2088257666703548
178,exp9_aug_06,15.5,0.013281119582776,339.9,0.7296271139993602,0.2296271139993602
179,exp9_aug_06,17.05,0.0130063205919905,339.9,0.7499993515832356,0.2499993515832356
180,exp9_aug_06,18.6,0.0127356136133503,339.9,0.769948822040806,0.2699488220408061
181,exp9_aug_06,20.15,0.0124689986468552,339.9,0.7894818679908967,0.2894818679908967
182,exp9_aug_06,21.7,0.0122064756925054,339.9,0.8086048320523324,0.3086048320523324
183,exp9_aug_06,23.25,0.0119480447503007,339.9,0.8273240568439384,0.3273240568439385
184,exp9_aug_06,24.8,0.0116937058202412,339.9,0.8456458849845396,0.3456458849845397
185,exp9_aug_06,26.35,0.0114434589023269,339.9,0.8635766590929612,0.3635766590929614
186,exp9_aug_06,27.9,0.0111973039965578,339.9,0.8811227217880282,0.3811227217880283
187,exp9_aug_06,29.45,0.0109552411029338,339.9,0.8982904156885654,0.3982904156885656
188,exp9_aug_06,31.0,0.0107172702214551,339.9,0.9150860834133984,0.4150860834133983
168,exp9_aug_07,0.0,0.0162541701586156,339.9,0.5012571700723285,0.0012571700723283
169,exp9_aug_07,1.55,0.0159384510463783,339.9,0.5262059229546299,0.0262059229546298
170,exp9_aug_07,3.1,0.0156268239462862,339.9,0.5506684825223761,0.050668482522376
171,exp9_aug_07,4.65,0.0153192888583392,339.9,0.5746511913943922,0.0746511913943921
172,exp9_aug_07,6.2,0.0150158457825375,339.9,0.5981603921895029,0.0981603921895028
173,exp9_aug_07,7.75,0.0147164947188809,339.9,0.6212024275265335,0.1212024275265334
174,exp9_aug_07,9.3,0.0144212356673696,339.9,0.6437836400243088,0.1437836400243089
175,exp9_aug_07,10.85,0.0141300686280034,339.9,0.6659103723016541,0.1659103723016542
176,exp9_aug_07,12.4,0.0138429936007824,339.9,0.6875889669773947,0.1875889669773946
177,exp9_aug_07,13.95,0.0135600105857066,339.9,0.7088257666703546,0.2088257666703548
178,exp9_aug_07,15.5,0.013281119582776,339.9,0.7296271139993602,0.2296271139993602
179,exp9_aug_07,17.05,0.0130063205919905,339.9,0.7499993515832356,0.2499993515832356
180,exp9_aug_07,18.6,0.0127356136133503,339.9,0.769948822040806,0.2699488220408061
181,exp9_aug_07,20.15,0.0124689986468552,339.9,0.7894818679908967,0.2894818679908967
182,exp9_aug_07,21.7,0.0122064756925054,339.9,0.8086048320523324,0.3086048320523324
183,exp9_aug_07,23.25,0.0119480447503007,339.9,0.8273240568439384,0.3273240568439385
184,exp9_aug_07,24.8,0.0116937058202412,339.9,0.8456458849845396,0.3456458849845397
185,exp9_aug_07,26.35,0.0114434589023269,339.9,0.8635766590929612,0.3635766590929614
186,exp9_aug_07,27.9,0.0111973039965578,339.9,0.8811227217880282,0.3811227217880283
187,exp9_aug_07,29.45,0.0109552411029338,339.9,0.8982904156885654,0.3982904156885656
188,exp9_aug_07,31.0,0.0107172702214551,339.9,0.9150860834133984,0.4150860834133983
168,exp9_aug_08,0.0,0.0162541701586156,339.9,0.5012571700723285,0.0012571700723283
169,exp9_aug_08,1.55,0.0159384510463783,339.9,0.5262059229546299,0.0262059229546298
170,exp9_aug_08,3.1,0.0156268239462862,339.9,0.5506684825223761,0.050668482522376
171,exp9_aug_08,4.65,0.0153192888583392,339.9,0.5746511913943922,0.0746511913943921
172,exp9_aug_08,6.2,0.0150158457825375,339.9,0.5981603921895029,0.0981603921895028
173,exp9_aug_08,7.75,0.0147164947188809,339.9,0.6212024275265335,0.1212024275265334
174,exp9_aug_08,9.3,0.0144212356673696,339.9,0.6437836400243088,0.1437836400243089
175,exp9_aug_08,10.85,0.0141300686280034,339.9,0.6659103723016541,0.1659103723016542
176,exp9_aug_08,12.4,0.0138429936007824,339.9,0.6875889669773947,0.1875889669773946
177,exp9_aug_08,13.95,0.0135600105857066,339.9,0.7088257666703546,0.2088257666703548
178,exp9_aug_08,15.5,0.013281119582776,339.9,0.7296271139993602,0.2296271139993602
179,exp9_aug_08,17.05,0.0130063205919905,339.9,0.7499993515832356,0.2499993515832356
180,exp9_aug_08,18.6,0.0127356136133503,339.9,0.769948822040806,0.2699488220408061
181,exp9_aug_08,20.15,0.0124689986468552,339.9,0.7894818679908967,0.2894818679908967
182,exp9_aug_08,21.7,0.0122064756925054,339.9,0.8086048320523324,0.3086048320523324
183,exp9_aug_08,23.25,0.0119480447503007,339.9,0.8273240568439384,0.3273240568439385
184,exp9_aug_08,24.8,0.0116937058202412,339.9,0.8456458849845396,0.3456458849845397
185,exp9_aug_08,26.35,0.0114434589023269,339.9,0.8635766590929612,0.3635766590929614
186,exp9_aug_08,27.9,0.0111973039965578,339.9,0.8811227217880282,0.3811227217880283
187,exp9_aug_08,29.45,0.0109552411029338,339.9,0.8982904156885654,0.3982904156885656
188,exp9_aug_08,31.0,0.0107172702214551,339.9,0.9150860834133984,0.4150860834133983
168,exp9_aug_09,0.0,0.0162541701586156,339.9,0.5012571700723285,0.0012571700723283
169,exp9_aug_09,1.55,0.0159384510463783,339.9,0.5262059229546299,0.0262059229546298
170,exp9_aug_09,3.1,0.0156268239462862,339.9,0.5506684825223761,0.050668482522376
171,exp9_aug_09,4.65,0.0153192888583392,339.9,0.5746511913943922,0.0746511913943921
172,exp9_aug_09,6.2,0.0150158457825375,339.9,0.5981603921895029,0.0981603921895028
173,exp9_aug_09,7.75,0.0147164947188809,339.9,0.6212024275265335,0.1212024275265334
174,exp9_aug_09,9.3,0.0144212356673696,339.9,0.6437836400243088,0.1437836400243089
175,exp9_aug_09,10.85,0.0141300686280034,339.9,0.6659103723016541,0.1659103723016542
176,exp9_aug_09,12.4,0.0138429936007824,339.9,0.6875889669773947,0.1875889669773946
177,exp9_aug_09,13.95,0.0135600105857066,339.9,0.7088257666703546,0.2088257666703548
178,exp9_aug_09,15.5,0.013281119582776,339.9,0.7296271139993602,0.2296271139993602
179,exp9_aug_09,17.05,0.0130063205919905,339.9,0.7499993515832356,0.2499993515832356
180,exp9_aug_09,18.6,0.0127356136133503,339.9,0.769948822040806,0.2699488220408061
181,exp9_aug_09,20.15,0.0124689986468552,339.9,0.7894818679908967,0.2894818679908967
182,exp9_aug_09,21.7,0.0122064756925054,339.9,0.8086048320523324,0.3086048320523324
183,exp9_aug_09,23.25,0.0119480447503007,339.9,0.8273240568439384,0.3273240568439385
184,exp9_aug_09,24.8,0.0116937058202412,339.9,0.8456458849845396,0.3456458849845397
185,exp9_aug_09,26.35,0.0114434589023269,339.9,0.8635766590929612,0.3635766590929614
186,exp9_aug_09,27.9,0.0111973039965578,339.9,0.8811227217880282,0.3811227217880283
187,exp9_aug_09,29.45,0.0109552411029338,339.9,0.8982904156885654,0.3982904156885656
188,exp9_aug_09,31.0,0.0107172702214551,339.9,0.9150860834133984,0.4150860834133983
168,exp9_aug_10,0.0,0.0162541701586156,339.9,0.5012571700723285,0.0012571700723283
169,exp9_aug_10,1.55,0.0159384510463783,339.9,0.5262059229546299,0.0262059229546298
170,exp9_aug_10,3.1,0.0156268239462862,339.9,0.5506684825223761,0.050668482522376
171,exp9_aug_10,4.65,0.0153192888583392,339.9,0.5746511913943922,0.0746511913943921
172,exp9_aug_10,6.2,0.0150158457825375,339.9,0.5981603921895029,0.0981603921895028
173,exp9_aug_10,7.75,0.0147164947188809,339.9,0.6212024275265335,0.1212024275265334
174,exp9_aug_10,9.3,0.0144212356673696,339.9,0.6437836400243088,0.1437836400243089
175,exp9_aug_10,10.85,0.0141300686280034,339.9,0.6659103723016541,0.1659103723016542
176,exp9_aug_10,12.4,0.0138429936007824,339.9,0.6875889669773947,0.1875889669773946
177,exp9_aug_10,13.95,0.0135600105857066,339.9,0.7088257666703546,0.2088257666703548
178,exp9_aug_10,15.5,0.013281119582776,339.9,0.7296271139993602,0.2296271139993602
179,exp9_aug_10,17.05,0.0130063205919905,339.9,0.7499993515832356,0.2499993515832356
180,exp9_aug_10,18.6,0.0127356136133503,339.9,0.769948822040806,0.2699488220408061
181,exp9_aug_10,20.15,0.0124689986468552,339.9,0.7894818679908967,0.2894818679908967
182,exp9_aug_10,21.7,0.0122064756925054,339.9,0.8086048320523324,0.3086048320523324
183,exp9_aug_10,23.25,0.0119480447503007,339.9,0.8273240568439384,0.3273240568439385
184,exp9_aug_10,24.8,0.0116937058202412,339.9,0.8456458849845396,0.3456458849845397
185,exp9_aug_10,26.35,0.0114434589023269,339.9,0.8635766590929612,0.3635766590929614
186,exp9_aug_10,27.9,0.0111973039965578,339.9,0.8811227217880282,0.3811227217880283
187,exp9_aug_10,29.45,0.0109552411029338,339.9,0.8982904156885654,0.3982904156885656
188,exp9_aug_10,31.0,0.0107172702214551,339.9,0.9150860834133984,0.4150860834133983
