var_1,var_2,var_3,var_4,var_5,var_6,var_7,var_8,var_9,var_10,var_11,var_12,nX,nP,nM,set
0.0,0.0,0.114363365,0.6744889,15.5798,0.0,0.0,0.114363365,0.6744889,0.0,1.237127,0.9999999,0.4549466,0.19590625,0.3491471,set_1
-1.2493314e-07,0.27141926,0.43636835,0.74393266,11.626507,0.0,0.0,0.114363365,0.6744889,0.2020202,1.1815249,0.9999999,0.4536769,0.20714206,0.33918107,set_1
-1.2782043e-07,0.6105795,0.80830574,0.8422828,7.1027822,0.0,0.0,0.114363365,0.6744889,0.5050505,1.1025587,0.9999999,0.44589573,0.22647983,0.32762444,set_1
-1.2683492e-07,0.82676804,1.0128472,0.91018456,4.6019945,0.0,0.0,0.114363365,0.6744889,0.72727275,1.0480244,0.9999999,0.4252412,0.2395467,0.3352121,set_1
-2.560102e-07,1.1233729,1.2275178,1.0086069,1.846657,0.0,0.0,0.114363365,0.6744889,1.070707,0.9694461,0.9999999,0.2779811,0.25999698,0.46202192,set_1
-1.6422356e-07,1.258171,1.2642382,1.0523533,1.1550634,0.0,0.0,0.114363365,0.6744889,1.2323232,0.9347623,0.9999999,0.16175391,0.26503703,0.57320905,set_1
3.5437608e-10,1.4009869,1.2634213,1.0997137,0.76426125,0.0,0.0,0.114363365,0.6744889,1.4141414,0.89760315,0.9999999,0.08440214,0.25860137,0.6569965,set_1
-5.311688e-08,1.483384,1.2524881,1.1302336,0.6104511,0.0,0.0,0.114363365,0.6744889,1.5353535,0.87390244,0.9999999,0.05722137,0.25128964,0.6914889,set_1
1.8381154e-08,1.5782354,1.2317559,1.1696829,0.47987452,0.0,0.0,0.114363365,0.6744889,1.6969697,0.843646,0.9999999,0.03676675,0.24162194,0.72161126,set_1
0.0,0.0,0.1146311,0.6744889,15.5798,0.0,0.0,0.1146311,0.6744889,0.0,1.237127,0.9999999,0.4549459,0.19590843,0.3491457,set_1
-4.4210548e-08,0.14151908,0.2848647,0.70961016,13.486541,0.0,0.0,0.1146311,0.6744889,0.1010101,1.2090302,0.9999999,0.4545142,0.20124811,0.34423766,set_1
-8.058754e-08,0.4827561,0.6720321,0.8037527,8.753996,0.0,0.0,0.1146311,0.6744889,0.38383836,1.1335428,0.9999999,0.45041966,0.21866593,0.33091444,set_1
-2.6246235e-07,0.5480349,0.74134666,0.82315,7.9110174,0.0,0.0,0.1146311,0.6744889,0.44444442,1.1179293,0.9999999,0.44850793,0.22258322,0.3289088,set_1
-5.008412e-07,0.7891566,0.9810314,0.8981012,5.0020275,0.0,0.0,0.1146311,0.6744889,0.68686867,1.0577749,0.9999999,0.43088692,0.23733902,0.33177406,set_1
-3.7998376e-07,1.1573303,1.2409456,1.0197159,1.6364429,0.0,0.0,0.1146311,0.6744889,1.111111,0.96059793,0.9999999,0.2475811,0.26226947,0.49014944,set_1
-3.3050506e-07,1.428579,1.2573403,1.109978,0.7309854,0.0,0.0,0.1146311,0.6744889,1.4545455,0.8896381,0.9999999,0.07661969,0.25739184,0.66598845,set_1
-1.7276217e-07,1.529604,1.2345681,1.1451831,0.64269984,0.0,0.0,0.1146311,0.6744889,1.5959595,0.8623983,0.9999999,0.055607688,0.25278586,0.69160646,set_1
-2.0186552e-07,1.6002271,1.219963,1.1745105,0.5435145,0.0,0.0,0.1146311,0.6744889,1.7171717,0.8399319,0.9999999,0.03992018,0.24554595,0.71453387,set_1
0.0,0.0,0.10758646,0.6744889,15.5798,0.0,0.0,0.10758646,0.6744889,0.0,1.237127,0.9999999,0.45496702,0.19584997,0.34918305,set_1
1.9833164e-08,0.08642063,0.21234527,0.6956585,14.293493,0.0,0.0,0.10758646,0.6744889,0.06060606,1.2202688,0.9999999,0.45474908,0.19897917,0.3462718,set_1
2.236937e-08,0.3205471,0.48699838,0.7574443,10.935337,0.0,0.0,0.10758646,0.6744889,0.24242423,1.1706843,0.9999999,0.4532088,0.20957339,0.33721787,set_1
1.9526112e-08,0.43774632,0.617856,0.7906762,9.342136,0.0,0.0,0.10758646,0.6744889,0.34343433,1.1440113,0.9999999,0.4514366,0.21599472,0.3325687,set_1
-5.0606054e-08,0.76764435,0.9579532,0.89200526,5.2171154,0.0,0.0,0.10758646,0.6744889,0.6666667,1.0626575,0.9999999,0.43341383,0.23609799,0.3304882,set_1
-1.8839866e-07,0.9506706,1.1354604,0.9574739,3.04984,0.0,0.0,0.10758646,0.6744889,0.8888889,1.0102192,0.9999999,0.38104174,0.24826187,0.3706964,set_1
-1.9332177e-07,1.0575712,1.1977341,0.9918091,2.2042992,0.0,0.0,0.10758646,0.6744889,1.010101,0.9827792,0.9999999,0.32023573,0.25578493,0.42397934,set_1
1.1131239e-07,1.6264405,1.216569,1.1696575,0.5879343,0.0,0.0,0.10758646,0.6744889,1.6969697,0.843646,0.9999999,0.043561373,0.24857739,0.70786124,set_1
1.7815202e-07,1.6903429,1.2006944,1.198355,0.5115621,0.0,0.0,0.10758646,0.6744889,1.8181818,0.8218912,0.9999999,0.032226756,0.24168773,0.7260855,set_1
0.0,0.0,0.109038666,0.6744889,15.5798,0.0,0.0,0.109038666,0.6744889,0.0,1.237127,0.9999999,0.4549626,0.195862,0.34917542,set_1
-2.5121247e-07,0.4603246,0.64316875,0.7972235,9.047371,0.0,0.0,0.109038666,0.6744889,0.36363634,1.1387749,0.9999999,0.4509614,0.21730301,0.33173558,set_1
-2.1560896e-07,0.75011295,0.941432,0.8858924,5.434,0.0,0.0,0.109038666,0.6744889,0.64646465,1.06754,0.9999999,0.43558782,0.23498255,0.32942957,set_1
-2.5979494e-07,0.8442814,1.027101,0.91619027,4.3865314,0.0,0.0,0.109038666,0.6744889,0.74747473,1.0432323,0.9999999,0.42163664,0.24062325,0.33774012,set_1
-3.066391e-07,1.0220655,1.165689,0.97474045,2.6446912,0.0,0.0,0.109038666,0.6744889,0.94949496,0.9963914,0.9999999,0.35631987,0.25207055,0.3916096,set_1
-2.8215325e-07,1.3078763,1.2663405,1.0683426,0.97414184,0.0,0.0,0.109038666,0.6744889,1.2929292,0.9222027,0.9999999,0.1266642,0.26348618,0.6098496,set_1
-3.1795133e-07,1.4281335,1.259018,1.1099434,0.691241,0.0,0.0,0.109038666,0.6744889,1.4545455,0.8896381,0.9999999,0.07221883,0.25555024,0.67223096,set_1
-2.8184195e-07,1.5763053,1.229691,1.1696479,0.4714787,0.0,0.0,0.109038666,0.6744889,1.6969697,0.843646,0.9999999,0.03628986,0.24107721,0.7226329,set_1
-4.0530148e-07,1.6650921,1.2031008,1.2124069,0.38184157,0.0,0.0,0.109038666,0.6744889,1.8787879,0.81140614,0.9999999,0.023865568,0.23136188,0.7447725,set_1
0.0,0.0,0.12526882,0.6744889,15.5798,0.0,0.0,0.12526882,0.6744889,0.0,1.237127,0.9999999,0.45491385,0.19599685,0.34908932,set_1
1.1826744e-07,0.5483564,0.7500758,0.8231526,7.9109473,0.0,0.0,0.12526882,0.6744889,0.44444442,1.1179293,0.9999999,0.4484688,0.22268586,0.3288453,set_1
1.1995928e-07,0.61145645,0.8153266,0.84228003,7.1165876,0.0,0.0,0.12526882,0.6744889,0.5050505,1.1025587,0.9999999,0.4458859,0.22655419,0.3275599,set_1
1.295324e-07,0.78911924,0.98893464,0.8981013,5.0027294,0.0,0.0,0.12526882,0.6744889,0.68686867,1.0577749,0.9999999,0.43085113,0.23743168,0.33171722,set_1
2.421288e-08,1.0400165,1.1885396,0.9804769,2.4937541,0.0,0.0,0.12526882,0.6744889,0.96969694,0.99186194,0.9999999,0.34505564,0.25352174,0.4014226,set_1
-5.6924883e-08,1.4016109,1.2727733,1.0997277,0.7434852,0.0,0.0,0.12526882,0.6744889,1.4141414,0.89760315,0.9999999,0.081698745,0.25774914,0.6605521,set_1
-7.400623e-08,1.4443011,1.2668753,1.115094,0.6670172,0.0,0.0,0.12526882,0.6744889,1.4747474,0.88569576,0.9999999,0.06753272,0.25440654,0.6780607,set_1
-7.219106e-08,1.509477,1.2551067,1.1402471,0.5647055,0.0,0.0,0.12526882,0.6744889,1.5757575,0.8662364,0.9999999,0.050115626,0.2483839,0.7015004,set_1
-1.3530926e-07,1.5788299,1.2387652,1.1697048,0.47426414,0.0,0.0,0.12526882,0.6744889,1.6969697,0.843646,0.9999999,0.036282796,0.24120608,0.7225112,set_1
0.0,0.0,0.114575274,0.6744889,15.5798,0.0,0.0,0.114575274,0.6744889,0.0,1.237127,0.9999999,0.45494598,0.19590801,0.349146,set_1
9.128384e-08,0.16834605,0.31653422,0.7165376,13.097211,0.0,0.0,0.114575274,0.6744889,0.12121212,1.2034572,0.9999999,0.4543844,0.2023859,0.3432297,set_1
3.4471746e-08,0.48275793,0.6719636,0.80375373,8.754139,0.0,0.0,0.114575274,0.6744889,0.38383836,1.1335428,0.9999999,0.4504201,0.21866499,0.33091497,set_1
-2.1968907e-07,0.8278067,1.0159953,0.9102023,4.578583,0.0,0.0,0.114575274,0.6744889,0.72727275,1.0480244,0.9999999,0.4249215,0.23961595,0.3354625,set_1
-2.359667e-07,0.91819227,1.0941662,0.93995214,3.6156828,0.0,0.0,0.114575274,0.6744889,0.8282828,1.024189,0.9999999,0.40285593,0.24511719,0.35202682,set_1
-3.7144747e-07,1.3460253,1.271031,1.0841361,0.8285991,0.0,0.0,0.114575274,0.6744889,1.3535353,0.909806,0.9999999,0.09938041,0.26033947,0.6402801,set_1
-4.1388222e-07,1.4229016,1.2589016,1.1099762,0.7162132,0.0,0.0,0.114575274,0.6744889,1.4545455,0.8896381,0.9999999,0.07513248,0.25669986,0.66816765,set_1
-5.145901e-07,1.6373634,1.2076949,1.1936544,0.50283873,0.0,0.0,0.114575274,0.6744889,1.7979797,0.8254849,0.9999999,0.03333386,0.24160202,0.72506416,set_1
-4.731807e-07,1.676519,1.1965485,1.2124541,0.46178055,0.0,0.0,0.114575274,0.6744889,1.8787879,0.81140614,0.9999999,0.027637236,0.23720819,0.73515457,set_1
0.0,0.0,0.12398944,0.6744889,15.5798,0.0,0.0,0.12398944,0.6744889,0.0,1.237127,0.9999999,0.45491767,0.19598618,0.34909615,set_1
-5.666214e-08,0.5268063,0.726442,0.8167185,8.18618,0.0,0.0,0.12398944,0.6744889,0.4242424,1.1230792,0.9999999,0.44917488,0.22137114,0.329454,set_1
-5.976768e-08,0.6113728,0.8147088,0.8422814,7.113314,0.0,0.0,0.12398944,0.6744889,0.5050505,1.1025587,0.9999999,0.44588283,0.22655019,0.327567,set_1
-1.3308086e-07,0.9528093,1.1267185,0.95166147,3.2812967,0.0,0.0,0.12398944,0.6744889,0.86868685,1.0148691,0.9999999,0.3905813,0.24739671,0.362022,set_1
-1.5587496e-07,1.0225935,1.1756848,0.9747633,2.6474009,0.0,0.0,0.12398944,0.6744889,0.94949496,0.9963914,0.9999999,0.3563471,0.2521958,0.3914571,set_1
-1.6817884e-07,1.1768667,1.2510173,1.0252163,1.5550921,0.0,0.0,0.12398944,0.6744889,1.1313131,0.95623183,0.9999999,0.23390874,0.26331753,0.50277376,set_1
-2.1794526e-07,1.486835,1.2582004,1.130245,0.61197555,0.0,0.0,0.12398944,0.6744889,1.5353535,0.87390244,0.9999999,0.057147395,0.25136673,0.6914859,set_1
-2.326849e-07,1.5593435,1.2429186,1.159963,0.50814474,0.0,0.0,0.12398944,0.6744889,1.6565657,0.85107636,0.9999999,0.040703986,0.24400966,0.71528643,set_1
-2.3801638e-07,1.7050833,1.198375,1.2309402,0.36173373,0.0,0.0,0.12398944,0.6744889,1.959596,0.79766905,0.9999999,0.020372957,0.22795263,0.75167435,set_1
0.0,0.0,0.1175182,0.6744889,15.5798,0.0,0.0,0.1175182,0.6744889,0.0,1.237127,0.9999999,0.45493707,0.19593248,0.34913048,set_1
-6.463818e-08,0.24629126,0.41023427,0.7371308,11.981756,0.0,0.0,0.1175182,0.6744889,0.18181817,1.187011,0.9999999,0.45387518,0.20595235,0.34017247,set_1
-1.2949961e-08,0.48281246,0.67474294,0.80375767,8.751556,0.0,0.0,0.1175182,0.6744889,0.38383836,1.1335428,0.9999999,0.45040753,0.21869953,0.33089292,set_1
-1.0868192e-07,0.6111701,0.8091849,0.8422775,7.116087,0.0,0.0,0.1175182,0.6744889,0.5050505,1.1025587,0.9999999,0.44591415,0.22648056,0.32760522,set_1
-2.8108062e-07,0.7315311,0.92809737,0.8797423,5.6695366,0.0,0.0,0.1175182,0.6744889,0.6262626,1.0724512,0.9999999,0.4376082,0.23386727,0.32852453,set_1
-1.6624318e-07,0.99861723,1.1659706,0.9690098,2.746339,0.0,0.0,0.1175182,0.6744889,0.9292929,1.0009452,0.9999999,0.36358976,0.2509388,0.38547146,set_1
-1.4568434e-07,1.0833008,1.2171727,0.9974259,2.0518317,0.0,0.0,0.1175182,0.6744889,1.030303,0.97829276,0.9999999,0.30398387,0.25745353,0.43856263,set_1
-1.7413947e-07,1.1347088,1.2389735,1.0141671,1.7174902,0.0,0.0,0.1175182,0.6744889,1.090909,0.96502846,0.9999999,0.26053292,0.26116592,0.4783012,set_1
-7.4074563e-07,1.7030921,1.194685,1.2263421,0.39600584,0.0,0.0,0.1175182,0.6744889,1.939394,0.8010362,0.9999999,0.022371173,0.23102169,0.7466072,set_1
0.0,0.0,0.10587375,0.6744889,15.5798,0.0,0.0,0.10587375,0.6744889,0.0,1.237127,0.9999999,0.4549722,0.1958357,0.34919208,set_1
-1.3942222e-08,0.1414543,0.27653378,0.70961016,13.48657,0.0,0.0,0.10587375,0.6744889,0.1010101,1.2090302,0.9999999,0.45454168,0.2011715,0.3442868,set_1
-1.1378432e-08,0.22059888,0.3698384,0.7302971,12.345049,0.0,0.0,0.10587375,0.6744889,0.16161615,1.1924764,0.9999999,0.4540993,0.20464781,0.3412529,set_1
1.5404673e-09,0.34458667,0.512302,0.7641465,10.60668,0.0,0.0,0.10587375,0.6744889,0.26262626,1.1653299,0.9999999,0.45292842,0.21081218,0.3362594,set_1
-1.7531643e-07,0.56903815,0.7563964,0.8295575,7.6413345,0.0,0.0,0.10587375,0.6744889,0.46464646,1.112811,0.9999999,0.4477659,0.22379528,0.3284389,set_1
-2.0339868e-07,0.6314111,0.8205828,0.8485986,6.8638277,0.0,0.0,0.10587375,0.6744889,0.5252525,1.0974694,0.9999999,0.44491273,0.22763264,0.32745457,set_1
-2.5326548e-07,0.9692991,1.1279626,0.95747876,3.1068325,0.0,0.0,0.10587375,0.6744889,0.8888889,1.0102192,0.9999999,0.38303488,0.24840058,0.36856452,set_1
-3.728392e-07,1.3039982,1.2634915,1.0683701,0.97896075,0.0,0.0,0.10587375,0.6744889,1.2929292,0.9222027,0.9999999,0.12761277,0.26354244,0.60884476,set_1
-6.965208e-08,1.5666931,1.2265985,1.1599523,0.55664444,0.0,0.0,0.10587375,0.6744889,1.6565657,0.85107636,0.9999999,0.044383775,0.24714467,0.70847154,set_1
0.0,0.0,0.12307722,0.6744889,15.5798,0.0,0.0,0.12307722,0.6744889,0.0,1.237127,0.9999999,0.4549204,0.19597866,0.349101,set_1
-8.699349e-08,0.65241665,0.85451066,0.8548962,6.6166325,0.0,0.0,0.12307722,0.6744889,0.5454545,1.0924389,0.9999999,0.44368806,0.22904986,0.32726207,set_1
-1.1240711e-07,0.71228975,0.91362435,0.8735872,5.8979855,0.0,0.0,0.12307722,0.6744889,0.60606056,1.0774199,0.9999999,0.4393571,0.23273091,0.327912,set_1
-1.8988922e-07,0.88168097,1.0694383,0.92813545,3.9938512,0.0,0.0,0.12307722,0.6744889,0.78787875,1.0337013,0.9999999,0.41329637,0.24296121,0.34374243,set_1
-9.958475e-08,0.9528035,1.1269367,0.9516688,3.2743986,0.0,0.0,0.12307722,0.6744889,0.86868685,1.0148691,0.9999999,0.39034128,0.24740587,0.3622529,set_1
1.0621457e-07,1.0737268,1.2071215,0.9918288,2.219555,0.0,0.0,0.12307722,0.6744889,1.010101,0.9827792,0.9999999,0.32082537,0.2561424,0.42303216,set_1
2.6075124e-08,1.5444175,1.2388835,1.150138,0.6118506,0.0,0.0,0.12307722,0.6744889,1.6161616,0.8585641,0.9999999,0.05126831,0.25085828,0.69787335,set_1
-7.164611e-08,1.6920261,1.200829,1.2171005,0.43637425,0.0,0.0,0.12307722,0.6744889,1.8989899,0.807915,0.9999999,0.02545132,0.23485151,0.7396972,set_1
-1.2030893e-07,1.7183883,1.1920854,1.2309313,0.41264468,0.0,0.0,0.12307722,0.6744889,1.959596,0.79766905,0.9999999,0.022362387,0.23177601,0.74586165,set_1
0.0,0.0,0.110083416,0.6744889,15.5798,0.0,0.0,0.110083416,0.6744889,0.0,1.237127,0.9999999,0.45495954,0.19587062,0.3491698,set_1
1.0571841e-08,0.114200406,0.24803582,0.7026505,13.8852005,0.0,0.0,0.110083416,0.6744889,0.08080807,1.2146494,0.9999999,0.45464233,0.20009276,0.3452649,set_1
-6.585507e-08,0.24620488,0.40346676,0.7371283,11.98139,0.0,0.0,0.110083416,0.6744889,0.18181817,1.187011,0.9999999,0.45389947,0.20588574,0.34021476,set_1
1.5783252e-07,0.6315671,0.8239246,0.84860235,6.8638744,0.0,0.0,0.110083416,0.6744889,0.5252525,1.0974694,0.9999999,0.4448967,0.22767325,0.32743004,set_1
1.2093159e-07,0.6920124,0.88440686,0.8673803,6.1310816,0.0,0.0,0.110083416,0.6744889,0.5858586,1.0824397,0.9999999,0.44100165,0.23139836,0.3276,set_1
1.6090897e-07,0.98696023,1.1436713,0.96327084,2.9443812,0.0,0.0,0.110083416,0.6744889,0.9090909,1.005552,0.9999999,0.3747783,0.24962711,0.37559456,set_1
2.4966255e-07,1.3838468,1.2620198,1.0945592,0.79524624,0.0,0.0,0.110083416,0.6744889,1.3939394,0.9016767,0.9999999,0.09047223,0.2596378,0.64989,set_1
2.9083296e-08,1.6012768,1.2192694,1.1745205,0.528781,0.0,0.0,0.110083416,0.6744889,1.7171717,0.8399319,0.9999999,0.03889058,0.24458137,0.71652806,set_1
1.5154811e-09,1.6531861,1.2055087,1.1983825,0.4697488,0.0,0.0,0.110083416,0.6744889,1.8181818,0.8218912,0.9999999,0.030412598,0.2389018,0.73068565,set_1
0.0,0.0,0.11352946,0.6744889,15.5798,0.0,0.0,0.11352946,0.6744889,0.0,1.237127,0.9999999,0.45494914,0.19589931,0.34915155,set_1
-4.2770267e-08,0.1415107,0.2838167,0.70961016,13.486545,0.0,0.0,0.11352946,0.6744889,0.1010101,1.2090302,0.9999999,0.45451766,0.20123848,0.34424382,set_1
1.8981481e-08,0.46046054,0.6471447,0.79723114,9.045919,0.0,0.0,0.11352946,0.6744889,0.36363634,1.1387749,0.9999999,0.45094442,0.21734983,0.33170575,set_1
-1.813315e-07,0.56925124,0.76266074,0.829552,7.641252,0.0,0.0,0.11352946,0.6744889,0.46464646,1.112811,0.9999999,0.44773746,0.22386922,0.32839337,set_1
-3.833774e-07,0.88337255,1.0617893,0.92811704,4.000274,0.0,0.0,0.11352946,0.6744889,0.78787875,1.0337013,0.9999999,0.41344854,0.24288994,0.34366158,set_1
-3.7051933e-07,0.9889188,1.1461728,0.9632531,2.944639,0.0,0.0,0.11352946,0.6744889,0.9090909,1.005552,0.9999999,0.37472218,0.2496879,0.37558994,set_1
-3.4578412e-07,1.0561209,1.192083,0.9861484,2.3439963,0.0,0.0,0.11352946,0.6744889,0.989899,0.9873282,0.9999999,0.33275753,0.25475708,0.41248542,set_1
-3.8411522e-07,1.3678075,1.26727,1.0893601,0.812663,0.0,0.0,0.11352946,0.6744889,1.3737373,0.9057464,0.9999999,0.09482853,0.2600713,0.6451002,set_1
-2.332336e-07,1.4988949,1.2481742,1.1352456,0.60328305,0.0,0.0,0.11352946,0.6744889,1.5555555,0.8700615,0.9999999,0.055019017,0.25078377,0.6941972,set_1
0.0,0.0,0.11385198,0.6744889,15.5798,0.0,0.0,0.11385198,0.6744889,0.0,1.237127,0.9999999,0.4549482,0.19590196,0.34914985,set_1
-1.9245859e-07,0.24624328,0.4068749,0.7371308,11.981775,0.0,0.0,0.11385198,0.6744889,0.18181817,1.187011,0.9999999,0.45388708,0.20591904,0.34019387,set_1
-1.9393684e-07,0.61100924,0.8064262,0.8422795,7.114601,0.0,0.0,0.11385198,0.6744889,0.5050505,1.1025587,0.9999999,0.44592464,0.22644864,0.32762673,set_1
-1.9787353e-07,0.7118571,0.90647906,0.87357634,5.898246,0.0,0.0,0.11385198,0.6744889,0.60606056,1.0774199,0.9999999,0.4393966,0.23264095,0.3279625,set_1
-1.757951e-07,0.9152229,1.0937593,0.9399411,3.6136403,0.0,0.0,0.11385198,0.6744889,0.8282828,1.024189,0.9999999,0.4028528,0.24506949,0.3520777,set_1
-1.2741424e-07,1.1022856,1.2218773,1.0030353,1.9408772,0.0,0.0,0.11385198,0.6744889,1.0505049,0.973858,0.9999999,0.29066002,0.25872913,0.45061085,set_1
-3.6082224e-07,1.2901394,1.2654531,1.0630565,1.0496659,0.0,0.0,0.11385198,0.6744889,1.2727273,0.92638826,0.9999999,0.14044929,0.26457348,0.5949772,set_1
-5.528507e-07,1.4462163,1.2552335,1.1150903,0.7050221,0.0,0.0,0.11385198,0.6744889,1.4747474,0.88569576,0.9999999,0.07174742,0.25626087,0.67199165,set_1
-5.235696e-07,1.5241854,1.2424864,1.1452057,0.5745383,0.0,0.0,0.11385198,0.6744889,1.5959595,0.8623983,0.9999999,0.049695767,0.24882355,0.7014807,set_1
0.0,0.0,0.10916561,0.6744889,15.5798,0.0,0.0,0.10916561,0.6744889,0.0,1.237127,0.9999999,0.4549622,0.1958631,0.34917474,set_1
-7.104321e-08,0.27134436,0.43164742,0.74393266,11.626543,0.0,0.0,0.10916561,0.6744889,0.2020202,1.1815249,0.9999999,0.45369405,0.20709454,0.33921143,set_1
-1.6383491e-07,0.48234335,0.6685466,0.80375654,8.744915,0.0,0.0,0.10916561,0.6744889,0.38383836,1.1335428,0.9999999,0.450433,0.21863417,0.3309329,set_1
-1.7185667e-07,0.71154547,0.90328014,0.8735763,5.8948708,0.0,0.0,0.10916561,0.6744889,0.60606056,1.0774199,0.9999999,0.43939835,0.23260283,0.3279988,set_1
-1.4583807e-07,0.76981556,0.9580599,0.8920102,5.2266016,0.0,0.0,0.10916561,0.6744889,0.6666667,1.0626575,0.9999999,0.4334673,0.23612003,0.33041266,set_1
-1.994599e-07,1.1900365,1.248503,1.0306871,1.4462981,0.0,0.0,0.10916561,0.6744889,1.1515151,0.951916,0.9999999,0.21644644,0.263907,0.5196465,set_1
-1.0464356e-07,1.2737498,1.2629106,1.0577224,1.0921862,0.0,0.0,0.10916561,0.6744889,1.2525252,0.9305653,0.9999999,0.14961144,0.26472226,0.58566636,set_1
6.8108214e-08,1.4563942,1.2534585,1.1201663,0.6557585,0.0,0.0,0.10916561,0.6744889,1.4949495,0.8817419,0.9999999,0.06493876,0.2538264,0.68123484,set_1
-1.3573356e-07,1.6292865,1.2141536,1.1936604,0.42478222,0.0,0.0,0.10916561,0.6744889,1.7979797,0.8254849,0.9999999,0.028946057,0.23611426,0.7349397,set_1
0.0,0.0,0.118544154,0.6744889,15.5798,0.0,0.0,0.118544154,0.6744889,0.0,1.237127,0.9999999,0.454934,0.19594097,0.34912506,set_1
3.9845503e-08,0.16838124,0.32027414,0.7165376,13.097197,0.0,0.0,0.118544154,0.6744889,0.12121212,1.2034572,0.9999999,0.45437175,0.202421,0.34320715,set_1
2.5348903e-08,0.2962913,0.46857774,0.75070244,11.2786665,0.0,0.0,0.118544154,0.6744889,0.22222221,1.1760731,0.9999999,0.45343062,0.20841654,0.3381529,set_1
1.1132451e-08,0.39204466,0.5762532,0.7774735,9.962306,0.0,0.0,0.118544154,0.6744889,0.30303028,1.1546115,0.9999999,0.45221642,0.2134947,0.33428887,set_1
-4.1838607e-08,0.63182366,0.8306619,0.84859216,6.864052,0.0,0.0,0.118544154,0.6744889,0.5252525,1.0974694,0.9999999,0.4448649,0.22775422,0.32738087,set_1
-1.4417093e-08,1.0558615,1.1950474,0.98613954,2.3476543,0.0,0.0,0.118544154,0.6744889,0.989899,0.9873282,0.9999999,0.33299816,0.2547806,0.41222122,set_1
8.046262e-08,1.239134,1.2660044,1.0469707,1.2088854,0.0,0.0,0.118544154,0.6744889,1.2121212,0.9390081,0.9999999,0.17275514,0.26495954,0.5622853,set_1
4.776345e-08,1.3830844,1.2681301,1.0945312,0.7881635,0.0,0.0,0.118544154,0.6744889,1.3939394,0.9016767,0.9999999,0.0894722,0.25937623,0.6511516,set_1
2.0933058e-08,1.6694824,1.2059845,1.2077546,0.43788216,0.0,0.0,0.118544154,0.6744889,1.8585858,0.81488013,0.9999999,0.027072705,0.23581485,0.7371124,set_1
0.0,0.0,0.10754986,0.6744889,15.5798,0.0,0.0,0.10754986,0.6744889,0.0,1.237127,0.9999999,0.45496714,0.19584961,0.3491832,set_1
1.4010077e-08,0.3917912,0.5666023,0.7774703,9.9632015,0.0,0.0,0.10754986,0.6744889,0.30303028,1.1546115,0.9999999,0.45225462,0.21338883,0.33435658,set_1
-2.0663887e-08,0.5263113,0.71287,0.81670845,8.186067,0.0,0.0,0.10754986,0.6744889,0.4242424,1.1230792,0.9999999,0.44923463,0.22121309,0.3295523,set_1
-1.24847e-07,1.155622,1.2392855,1.0197086,1.6120121,0.0,0.0,0.10754986,0.6744889,1.111111,0.96059793,0.9999999,0.24455997,0.2622236,0.49321648,set_1
-1.2570966e-07,1.2049313,1.2544899,1.0361485,1.3403857,0.0,0.0,0.10754986,0.6744889,1.1717172,0.9476215,0.9999999,0.19835562,0.26433542,0.537309,set_1
-1.09608926e-07,1.3166283,1.2678249,1.073652,0.90756893,0.0,0.0,0.10754986,0.6744889,1.3131312,0.9180098,0.9999999,0.11494631,0.2621298,0.62292385,set_1
-8.416555e-08,1.4748532,1.2491235,1.1302477,0.6014621,0.0,0.0,0.10754986,0.6744889,1.5353535,0.87390244,0.9999999,0.056704108,0.25079313,0.69250274,set_1
-7.282613e-08,1.5122797,1.2419012,1.1452051,0.5452577,0.0,0.0,0.10754986,0.6744889,1.5959595,0.8623983,0.9999999,0.04761027,0.24707988,0.7053098,set_1
-1.8715113e-07,1.6931463,1.189831,1.2309431,0.35334882,0.0,0.0,0.10754986,0.6744889,1.959596,0.79766905,0.9999999,0.020267108,0.2274783,0.75225455,set_1
0.0,0.0,0.11040577,0.6744889,15.5798,0.0,0.0,0.11040577,0.6744889,0.0,1.237127,0.9999999,0.45495856,0.19587334,0.34916815,set_1
-1.7789434e-07,0.32057768,0.48903283,0.75744057,10.939373,0.0,0.0,0.11040577,0.6744889,0.24242423,1.1706843,0.9999999,0.45319945,0.20959038,0.3372102,set_1
-4.1681307e-07,0.8820257,1.0562131,0.92813253,4.02562,0.0,0.0,0.11040577,0.6744889,0.78787875,1.0337013,0.9999999,0.4139904,0.24278668,0.3432229,set_1
-4.657901e-07,0.9360194,1.0993328,0.94582146,3.4857097,0.0,0.0,0.11040577,0.6744889,0.8484848,1.0195161,0.9999999,0.39828396,0.24608657,0.35562944,set_1
-4.992786e-07,1.1259301,1.221999,1.0086346,1.8699099,0.0,0.0,0.11040577,0.6744889,1.070707,0.9694461,0.9999999,0.28055423,0.25992984,0.45951593,set_1
-4.9506616e-07,1.1932924,1.2471149,1.0307025,1.4646413,0.0,0.0,0.11040577,0.6744889,1.1515151,0.951916,0.9999999,0.21889617,0.2639969,0.51710695,set_1
-4.1301865e-07,1.3393264,1.2660182,1.0789092,0.89447236,0.0,0.0,0.11040577,0.6744889,1.3333333,0.9138843,0.9999999,0.110352494,0.26219046,0.6274571,set_1
-3.7913938e-07,1.3850954,1.2634327,1.0945472,0.78633285,0.0,0.0,0.11040577,0.6744889,1.3939394,0.9016767,0.9999999,0.089290634,0.25930214,0.65140724,set_1
-3.7911622e-07,1.4951179,1.248169,1.1352406,0.5872667,0.0,0.0,0.11040577,0.6744889,1.5555555,0.8700615,0.9999999,0.053699356,0.24987267,0.696428,set_1
0.0,0.0,0.11095017,0.6744889,15.5798,0.0,0.0,0.11095017,0.6744889,0.0,1.237127,0.9999999,0.4549568,0.19587788,0.34916526,set_1
5.3967263e-08,0.11420582,0.24886832,0.7026505,13.885197,0.0,0.0,0.11095017,0.6744889,0.08080807,1.2146494,0.9999999,0.45463958,0.20010029,0.34526008,set_1
1.3071181e-07,0.32051855,0.4902495,0.75743943,10.93334,0.0,0.0,0.11095017,0.6744889,0.24242423,1.1706843,0.9999999,0.4531977,0.20960824,0.33719406,set_1
-2.1411803e-07,0.692197,0.88444453,0.8673819,6.1362267,0.0,0.0,0.11095017,0.6744889,0.5858586,1.0824397,0.9999999,0.44102088,0.23139556,0.32758358,set_1
-2.6890538e-07,0.75087655,0.94089586,0.8859044,5.449745,0.0,0.0,0.11095017,0.6744889,0.64646465,1.06754,0.9999999,0.43568856,0.23497172,0.3293397,set_1
-3.1470736e-07,0.84209216,1.0289687,0.9162123,4.3816185,0.0,0.0,0.11095017,0.6744889,0.74747473,1.0432323,0.9999999,0.4215802,0.24061821,0.33780158,set_1
-4.210275e-07,1.0650074,1.1994004,0.9918274,2.211938,0.0,0.0,0.11095017,0.6744889,1.010101,0.9827792,0.9999999,0.3206006,0.25591585,0.42348352,set_1
1.5398683e-08,1.3226295,1.2567118,1.0683491,1.0650997,0.0,0.0,0.11095017,0.6744889,1.2929292,0.9222027,0.9999999,0.13941905,0.2655708,0.5950102,set_1
-4.036572e-08,1.718084,1.1898245,1.2263318,0.41181314,0.0,0.0,0.11095017,0.6744889,1.939394,0.8010362,0.9999999,0.02291222,0.23215008,0.74493766,set_1
0.0,0.0,0.10272463,0.6744889,15.5798,0.0,0.0,0.10272463,0.6744889,0.0,1.237127,0.9999999,0.45498165,0.1958096,0.3492087,set_1
2.5891884e-08,0.11415674,0.24096707,0.7026505,13.885221,0.0,0.0,0.10272463,0.6744889,0.08080807,1.2146494,0.9999999,0.4546653,0.20002894,0.3453057,set_1
-9.210413e-08,0.5899482,0.775649,0.83593106,7.3771577,0.0,0.0,0.10272463,0.6744889,0.48484847,1.1076956,0.9999999,0.44692206,0.22505324,0.3280247,set_1
-2.2144967e-08,0.78831404,0.9719589,0.8981047,5.002697,0.0,0.0,0.10272463,0.6744889,0.68686867,1.0577749,0.9999999,0.43095002,0.23721938,0.33183062,set_1
-3.2446553e-07,1.1735396,1.2382497,1.0252066,1.5442724,0.0,0.0,0.10272463,0.6744889,1.1313131,0.95623183,0.9999999,0.23293124,0.2631027,0.50396603,set_1
-3.1480013e-07,1.3061146,1.260959,1.0683538,0.98424685,0.0,0.0,0.10272463,0.6744889,1.2929292,0.9222027,0.9999999,0.12834677,0.26367247,0.6079808,set_1
-3.0603894e-07,1.3549795,1.2602803,1.084136,0.8587184,0.0,0.0,0.10272463,0.6744889,1.3535353,0.909806,0.9999999,0.10324343,0.26138085,0.6353757,set_1
-2.8618953e-07,1.4480942,1.2493857,1.11507,0.699013,0.0,0.0,0.10272463,0.6744889,1.4747474,0.88569576,0.9999999,0.07117654,0.25597513,0.67284834,set_1
-2.8642026e-07,1.5406168,1.2325166,1.1501282,0.56665516,0.0,0.0,0.10272463,0.6744889,1.6161616,0.8585641,0.9999999,0.04774603,0.24818437,0.7040697,set_1
0.0,0.0,0.10871723,0.6744889,15.5798,0.0,0.0,0.10871723,0.6744889,0.0,1.237127,0.9999999,0.45496368,0.19585931,0.34917697,set_1
-7.787507e-08,0.16829473,0.31101453,0.7165376,13.097233,0.0,0.0,0.10871723,0.6744889,0.12121212,1.2034572,0.9999999,0.45440298,0.20233418,0.34326282,set_1
-1.02289846e-07,0.2961388,0.45973757,0.75070286,11.278678,0.0,0.0,0.10871723,0.6744889,0.22222221,1.1760731,0.9999999,0.45346323,0.20832616,0.33821055,set_1
-6.59621e-08,1.2063352,1.2527517,1.0361327,1.3607007,0.0,0.0,0.10871723,0.6744889,1.1717172,0.9476215,0.9999999,0.20128872,0.26445022,0.53426105,set_1
-7.3409225e-08,1.4582851,1.2494859,1.1201292,0.6859287,0.0,0.0,0.10871723,0.6744889,1.4949495,0.8817419,0.9999999,0.06805595,0.25535053,0.67659354,set_1
-5.3593396e-08,1.5274518,1.2350048,1.1451651,0.6112026,0.0,0.0,0.10871723,0.6744889,1.5959595,0.8623983,0.9999999,0.052870248,0.25099018,0.6961396,set_1
-8.766081e-08,1.6078985,1.2171906,1.1793077,0.5033225,0.0,0.0,0.10871723,0.6744889,1.7373737,0.8362865,0.9999999,0.036226347,0.24260122,0.72117245,set_1
-4.0031225e-08,1.6487794,1.2059873,1.1983527,0.45841962,0.0,0.0,0.10871723,0.6744889,1.8181818,0.8218912,0.9999999,0.029853124,0.23811841,0.7320284,set_1
8.344891e-09,1.6863525,1.1944625,1.2170714,0.4218235,0.0,0.0,0.10871723,0.6744889,1.8989899,0.807915,0.9999999,0.024916418,0.23386513,0.74121845,set_1
0.0,0.0,0.10125162,0.6744889,15.5798,0.0,0.0,0.10125162,0.6744889,0.0,1.237127,0.9999999,0.45498604,0.1957974,0.3492166,set_1
3.0874379e-09,0.114147894,0.23955224,0.7026505,13.885223,0.0,0.0,0.10125162,0.6744889,0.08080807,1.2146494,0.9999999,0.45466983,0.2000162,0.34531394,set_1
-3.0926927e-08,0.4601457,0.6366137,0.79722774,9.047009,0.0,0.0,0.10125162,0.6744889,0.36363634,1.1387749,0.9999999,0.45098862,0.21722975,0.3317817,set_1
-2.197824e-07,0.93402034,1.0977783,0.9458234,3.445891,0.0,0.0,0.10125162,0.6744889,0.8484848,1.0195161,0.9999999,0.39715,0.24607086,0.35677913,set_1
-4.0384577e-08,1.1563263,1.2319101,1.0197201,1.6374342,0.0,0.0,0.10125162,0.6744889,1.111111,0.96059793,0.9999999,0.24796562,0.26214525,0.48988912,set_1
-4.32289e-08,1.2054846,1.2474822,1.0361592,1.3632634,0.0,0.0,0.10125162,0.6744889,1.1717172,0.9476215,0.9999999,0.20184535,0.2643935,0.53376114,set_1
-6.293377e-08,1.3037848,1.2606543,1.0683714,0.9782295,0.0,0.0,0.10125162,0.6744889,1.2929292,0.9222027,0.9999999,0.12759954,0.26350394,0.60889655,set_1
-1.4616808e-07,1.6612229,1.1993929,1.2030904,0.44591063,0.0,0.0,0.10125162,0.6744889,1.8383838,0.8183656,0.9999999,0.02836572,0.23685418,0.73478013,set_1
-1.5085584e-07,1.6890306,1.190756,1.2170991,0.41929182,0.0,0.0,0.10125162,0.6744889,1.8989899,0.807915,0.9999999,0.024802417,0.23369129,0.7415062,set_1
0.0,0.0,0.11274147,0.6744889,15.5798,0.0,0.0,0.11274147,0.6744889,0.0,1.237127,0.9999999,0.4549515,0.19589278,0.34915572,set_1
2.0605766e-08,0.08644378,0.21734601,0.6956585,14.293483,0.0,0.0,0.11274147,0.6744889,0.06060606,1.2202688,0.9999999,0.45473307,0.19902343,0.3462435,set_1
2.0224661e-08,0.34474,0.5186945,0.7641528,10.603933,0.0,0.0,0.11274147,0.6744889,0.26262626,1.1653299,0.9999999,0.45290473,0.21088278,0.33621243,set_1
-1.2800006e-08,0.48270336,0.67062974,0.8037534,8.752568,0.0,0.0,0.11274147,0.6744889,0.38383836,1.1335428,0.9999999,0.45042515,0.21865161,0.33092323,set_1
-1.8319167e-07,0.9020582,1.0757194,0.93403476,3.8182874,0.0,0.0,0.11274147,0.6744889,0.8080808,1.0289164,0.9999999,0.40874436,0.24397908,0.3472766,set_1
-5.7445643e-08,1.316401,1.2727777,1.0736486,0.8940051,0.0,0.0,0.11274147,0.6744889,1.3131312,0.9180098,0.9999999,0.11294748,0.26176357,0.62528896,set_1
-5.477011e-08,1.4190959,1.262996,1.1099775,0.6737384,0.0,0.0,0.11274147,0.6744889,1.4545455,0.8896381,0.9999999,0.070547484,0.2546887,0.6747638,set_1
-6.4707786e-09,1.5759244,1.2214395,1.1696767,0.5526942,0.0,0.0,0.11274147,0.6744889,1.6969697,0.843646,0.9999999,0.04201331,0.24644518,0.7115415,set_1
1.0153588e-07,1.7128391,1.1824285,1.2354919,0.40850163,0.0,0.0,0.11274147,0.6744889,1.979798,0.794312,0.9999999,0.021814158,0.23116657,0.74701935,set_1
0.0,0.0,0.11601095,0.6744889,15.5798,0.0,0.0,0.11601095,0.6744889,0.0,1.237127,0.9999999,0.45494163,0.19591987,0.34913844,set_1
-2.2652074e-08,0.22071122,0.37920064,0.7302976,12.345127,0.0,0.0,0.11601095,0.6744889,0.16161615,1.1924764,0.9999999,0.4540665,0.20473875,0.34119478,set_1
1.5280023e-08,0.46051157,0.64919984,0.7972269,9.046309,0.0,0.0,0.11601095,0.6744889,0.36363634,1.1387749,0.9999999,0.45093605,0.21737231,0.33169162,set_1
-2.2706723e-07,1.1237552,1.2296174,1.0086331,1.8387809,0.0,0.0,0.11601095,0.6744889,1.070707,0.9694461,0.9999999,0.27704406,0.26004428,0.4629117,set_1
-2.2479523e-07,1.4240044,1.2632893,1.1099845,0.6889448,0.0,0.0,0.11601095,0.6744889,1.4545455,0.8896381,0.9999999,0.07200851,0.25543195,0.6725595,set_1
-1.0893278e-07,1.4961042,1.24698,1.1352549,0.6230518,0.0,0.0,0.11601095,0.6744889,1.5555555,0.8700615,0.9999999,0.056913644,0.25189334,0.691193,set_1
-5.660185e-08,1.5358582,1.2371043,1.1501493,0.58975655,0.0,0.0,0.11601095,0.6744889,1.6161616,0.8585641,0.9999999,0.049667403,0.24956472,0.7007678,set_1
-5.2710092e-08,1.5826665,1.2265364,1.1697012,0.52997684,0.0,0.0,0.11601095,0.6744889,1.6969697,0.843646,0.9999999,0.04015726,0.24493876,0.71490395,set_1
-6.291747e-08,1.7092507,1.1894932,1.2309439,0.39883822,0.0,0.0,0.11601095,0.6744889,1.959596,0.79766905,0.9999999,0.021920703,0.23082006,0.74725926,set_1
0.0,0.0,0.107575715,0.6744889,15.5798,0.0,0.0,0.107575715,0.6744889,0.0,1.237127,0.9999999,0.45496702,0.19584984,0.34918308,set_1
1.9196582e-07,0.7718146,0.9503765,0.892014,5.278058,0.0,0.0,0.107575715,0.6744889,0.6666667,1.0626575,0.9999999,0.4338823,0.23600982,0.3301078,set_1
9.386065e-08,0.91907895,1.0795286,0.9399462,3.6914854,0.0,0.0,0.107575715,0.6744889,0.8282828,1.024189,0.9999999,0.40488416,0.24489792,0.35021797,set_1
5.9489594e-08,0.99004775,1.1331406,0.9632596,3.0145102,0.0,0.0,0.107575715,0.6744889,0.9090909,1.005552,0.9999999,0.37791982,0.24945977,0.37262037,set_1
1.9678264e-07,1.1798301,1.23802,1.0252198,1.5735106,0.0,0.0,0.107575715,0.6744889,1.1313131,0.95623183,0.9999999,0.23654611,0.26323208,0.50022185,set_1
2.0502162e-07,1.4018536,1.2625184,1.0997173,0.7388657,0.0,0.0,0.107575715,0.6744889,1.4141414,0.89760315,0.9999999,0.08140488,0.25753158,0.6610635,set_1
1.8728336e-07,1.4840882,1.2501953,1.1302389,0.5967927,0.0,0.0,0.107575715,0.6744889,1.5353535,0.87390244,0.9999999,0.055997852,0.25053298,0.69346917,set_1
2.1755079e-07,1.5597305,1.2321246,1.1599652,0.5180328,0.0,0.0,0.107575715,0.6744889,1.6565657,0.85107636,0.9999999,0.041582696,0.24469262,0.71372473,set_1
2.2362384e-07,1.6047425,1.2199624,1.1793493,0.47472388,0.0,0.0,0.107575715,0.6744889,1.7373737,0.8362865,0.9999999,0.034434825,0.24065912,0.7249061,set_1
0.0,0.0,0.10988916,0.6744889,15.5798,0.0,0.0,0.10988916,0.6744889,0.0,1.237127,0.9999999,0.45496002,0.1958691,0.3491709,set_1
-1.201885e-07,0.22064006,0.37353912,0.7302976,12.345158,0.0,0.0,0.10988916,0.6744889,0.16161615,1.1924764,0.9999999,0.45408636,0.20468362,0.34123003,set_1
-1.0603839e-07,0.50461847,0.6917515,0.8102437,8.466409,0.0,0.0,0.10988916,0.6744889,0.4040404,1.1282892,0.9999999,0.44986054,0.21993072,0.33020872,set_1
-3.469849e-07,0.90873456,1.096581,0.93996173,3.5661578,0.0,0.0,0.10988916,0.6744889,0.8282828,1.024189,0.9999999,0.40166843,0.24504195,0.35328963,set_1
-4.498704e-07,1.0254769,1.1874738,0.98048675,2.4129143,0.0,0.0,0.10988916,0.6744889,0.96969694,0.99186194,0.9999999,0.33996162,0.2534275,0.40661085,set_1
-2.8250926e-07,1.1996673,1.2519693,1.0361545,1.370163,0.0,0.0,0.10988916,0.6744889,1.1717172,0.9476215,0.9999999,0.20300698,0.26438332,0.5326097,set_1
2.6088566e-07,1.4419351,1.2421063,1.1099461,0.8337021,0.0,0.0,0.10988916,0.6744889,1.4545455,0.8896381,0.9999999,0.08852875,0.2617684,0.64970285,set_1
2.7952163e-07,1.6085467,1.2156295,1.1744852,0.5597311,0.0,0.0,0.10988916,0.6744889,1.7171717,0.8399319,0.9999999,0.040957477,0.24659346,0.712449,set_1
4.0078996e-07,1.6611621,1.2023076,1.1983479,0.49753696,0.0,0.0,0.10988916,0.6744889,1.8181818,0.8218912,0.9999999,0.031900883,0.24083737,0.7272617,set_1
0.0,0.0,0.11264096,0.6744889,15.5798,0.0,0.0,0.11264096,0.6744889,0.0,1.237127,0.9999999,0.4549518,0.19589196,0.34915626,set_1
-2.7400824e-07,0.3206157,0.4910274,0.75744057,10.939356,0.0,0.0,0.11264096,0.6744889,0.24242423,1.1706843,0.9999999,0.45319197,0.2096111,0.33719695,set_1
-2.1976113e-07,0.48200357,0.67283106,0.8037498,8.734111,0.0,0.0,0.11264096,0.6744889,0.38383836,1.1335428,0.9999999,0.45041347,0.21869107,0.33089542,set_1
-2.1862259e-07,0.67090577,0.87047315,0.8611384,6.3401937,0.0,0.0,0.11264096,0.6744889,0.56565654,1.0874386,0.9999999,0.44231594,0.23025909,0.327425,set_1
-3.4005274e-07,0.82649755,1.0118899,0.91019726,4.5993075,0.0,0.0,0.11264096,0.6744889,0.72727275,1.0480244,0.9999999,0.42521653,0.2395337,0.33524975,set_1
-5.710184e-07,1.142919,1.2309378,1.0141896,1.7580805,0.0,0.0,0.11264096,0.6744889,1.090909,0.96502846,0.9999999,0.26521662,0.26116303,0.47362033,set_1
-1.6233696e-07,1.4000646,1.263304,1.0997158,0.7565093,0.0,0.0,0.11264096,0.6744889,1.4141414,0.89760315,0.9999999,0.08352056,0.25827345,0.658206,set_1
-1.8581821e-07,1.6189449,1.2193991,1.1888975,0.43209648,0.0,0.0,0.11264096,0.6744889,1.7777778,0.8290916,0.9999999,0.030156588,0.2369949,0.7328485,set_1
-2.4534967e-07,1.6572397,1.2074786,1.2077788,0.39513367,0.0,0.0,0.11264096,0.6744889,1.8585858,0.81488013,0.9999999,0.025141535,0.23275009,0.74210835,set_1
0.0,0.0,0.10282396,0.6744889,15.5798,0.0,0.0,0.10282396,0.6744889,0.0,1.237127,0.9999999,0.45498136,0.19581045,0.3492082,set_1
9.963005e-08,0.16824253,0.30546108,0.7165376,13.097256,0.0,0.0,0.10282396,0.6744889,0.12121212,1.2034572,0.9999999,0.45442167,0.2022821,0.3432962,set_1
1.434807e-07,0.32045358,0.48229384,0.7574381,10.9392,0.0,0.0,0.10282396,0.6744889,0.24242423,1.1706843,0.9999999,0.453225,0.20952052,0.33725455,set_1
1.019949e-07,0.4824519,0.662076,0.80375326,8.754224,0.0,0.0,0.10282396,0.6744889,0.38383836,1.1335428,0.9999999,0.45046204,0.21855222,0.33098572,set_1
-6.498186e-08,0.65165806,0.8387205,0.8548894,6.6149416,0.0,0.0,0.10282396,0.6744889,0.5454545,1.0924389,0.9999999,0.4437611,0.22885865,0.3273802,set_1
2.039883e-09,0.78909963,0.9723658,0.8981063,5.000339,0.0,0.0,0.10282396,0.6744889,0.68686867,1.0577749,0.9999999,0.43091872,0.23723687,0.33184448,set_1
-3.4436198e-07,1.1055789,1.2112213,1.0030434,1.967648,0.0,0.0,0.10282396,0.6744889,1.0505049,0.973858,0.9999999,0.2934788,0.25859728,0.44792393,set_1
-2.251043e-07,1.5620583,1.2195673,1.1599557,0.5960778,0.0,0.0,0.10282396,0.6744889,1.6565657,0.85107636,0.9999999,0.047702707,0.2496074,0.70268995,set_1
-2.8325164e-07,1.6180825,1.206951,1.1841288,0.5232283,0.0,0.0,0.10282396,0.6744889,1.7575758,0.8326826,0.9999999,0.036624577,0.24367082,0.71970457,set_1
0.0,0.0,0.10497072,0.6744889,15.5798,0.0,0.0,0.10497072,0.6744889,0.0,1.237127,0.9999999,0.454975,0.1958282,0.34919685,set_1
1.01710576e-07,0.16826129,0.30748427,0.7165376,13.097247,0.0,0.0,0.10497072,0.6744889,0.12121212,1.2034572,0.9999999,0.45441487,0.20230101,0.34328407,set_1
3.1169726e-08,0.50451016,0.6875698,0.8102493,8.467016,0.0,0.0,0.10497072,0.6744889,0.4040404,1.1282892,0.9999999,0.4498788,0.21988219,0.33023903,set_1
3.4135326e-07,0.6517036,0.8403615,0.8548786,6.615549,0.0,0.0,0.10497072,0.6744889,0.5454545,1.0924389,0.9999999,0.443755,0.22887751,0.3273675,set_1
2.8951212e-07,0.80841404,0.99052423,0.9041565,4.795968,0.0,0.0,0.10497072,0.6744889,0.7070707,1.0528723,0.9999999,0.42820626,0.23837829,0.33341548,set_1
3.552208e-07,1.1730015,1.2410095,1.0252099,1.5340145,0.0,0.0,0.10497072,0.6744889,1.1313131,0.95623183,0.9999999,0.23150624,0.26311406,0.5053797,set_1
3.4423852e-07,1.3785146,1.2619146,1.0945425,0.76934373,0.0,0.0,0.10497072,0.6744889,1.3939394,0.9016767,0.9999999,0.08750817,0.25858834,0.6539034,set_1
3.445826e-07,1.424664,1.2544503,1.1099751,0.7060376,0.0,0.0,0.10497072,0.6744889,1.4545455,0.8896381,0.9999999,0.07405496,0.25623047,0.66971457,set_1
4.825431e-07,1.7110595,1.1828883,1.2309258,0.40406632,0.0,0.0,0.10497072,0.6744889,1.959596,0.79766905,0.9999999,0.022187963,0.23126061,0.7465514,set_1
0.0,0.0,0.104925804,0.6744889,15.5798,0.0,0.0,0.104925804,0.6744889,0.0,1.237127,0.9999999,0.45497507,0.19582783,0.3491971,set_1
3.985784e-08,0.2712835,0.42779663,0.74393266,11.62657,0.0,0.0,0.104925804,0.6744889,0.2020202,1.1815249,0.9999999,0.45370796,0.20705576,0.3392363,set_1
-8.925005e-08,0.5042208,0.68865466,0.810251,8.457875,0.0,0.0,0.104925804,0.6744889,0.4040404,1.1282892,0.9999999,0.44987088,0.21990253,0.33022657,set_1
-2.7417276e-08,0.67162085,0.8612985,0.86114454,6.3650584,0.0,0.0,0.104925804,0.6744889,0.56565654,1.0874386,0.9999999,0.44243956,0.23013268,0.3274278,set_1
7.7135816e-08,0.7504116,0.9369476,0.8858946,5.444798,0.0,0.0,0.104925804,0.6744889,0.64646465,1.06754,0.9999999,0.4356799,0.23492347,0.32939664,set_1
1.4009103e-07,0.93421346,1.0995718,0.9458117,3.4525146,0.0,0.0,0.104925804,0.6744889,0.8484848,1.0195161,0.9999999,0.3973313,0.24608971,0.35657898,set_1
3.125926e-07,1.6086884,1.2175213,1.1841403,0.4457308,0.0,0.0,0.104925804,0.6744889,1.7575758,0.8326826,0.9999999,0.031872664,0.23834455,0.7297828,set_1
2.6259676e-07,1.638588,1.2085758,1.1983982,0.41687834,0.0,0.0,0.104925804,0.6744889,1.8181818,0.8218912,0.9999999,0.027768735,0.2351818,0.7370495,set_1
1.9079472e-07,1.6929868,1.1905534,1.2263647,0.36981007,0.0,0.0,0.104925804,0.6744889,1.939394,0.8010362,0.9999999,0.021441327,0.22915104,0.7494076,set_1
0.0,0.0,0.118470065,0.6744889,15.5798,0.0,0.0,0.118470065,0.6744889,0.0,1.237127,0.9999999,0.45493433,0.19594035,0.34912536,set_1
2.9613258e-07,0.6112185,0.8096046,0.84226847,7.1188793,0.0,0.0,0.118470065,0.6744889,0.5050505,1.1025587,0.9999999,0.44591737,0.22648254,0.3276001,set_1
4.150871e-07,0.7317466,0.9298211,0.87973744,5.661788,0.0,0.0,0.118470065,0.6744889,0.6262626,1.0724512,0.9999999,0.4375539,0.23389809,0.32854795,set_1
3.1396925e-07,0.91719496,1.096523,0.9399376,3.6189373,0.0,0.0,0.118470065,0.6744889,0.8282828,1.024189,0.9999999,0.40293995,0.24512786,0.35193217,set_1
-2.4607175e-07,1.0900674,1.2126157,0.9974435,2.0952988,0.0,0.0,0.118470065,0.6744889,1.030303,0.97829276,0.9999999,0.30788437,0.25741264,0.43470293,set_1
-3.2284848e-07,1.2383902,1.2654755,1.0469885,1.2121673,0.0,0.0,0.118470065,0.6744889,1.2121212,0.9390081,0.9999999,0.17329673,0.26497924,0.561724,set_1
-1.786311e-07,1.4631574,1.2533882,1.1201452,0.7032168,0.0,0.0,0.118470065,0.6744889,1.4949495,0.8817419,0.9999999,0.06961835,0.25621316,0.6741685,set_1
-1.4268727e-07,1.5314837,1.2400787,1.1451836,0.6179255,0.0,0.0,0.118470065,0.6744889,1.5959595,0.8623983,0.9999999,0.05324858,0.2513647,0.69538665,set_1
-1.2542323e-07,1.6012547,1.2249358,1.1745112,0.5221749,0.0,0.0,0.118470065,0.6744889,1.7171717,0.8399319,0.9999999,0.038351893,0.24411805,0.7175301,set_1
0.0,0.0,0.113122925,0.67488027,29.212,0.0,0.0,0.113122925,0.67488027,0.0,1.2585858,0.9999999,0.44786718,0.19329342,0.3588394,set_1
-1.637155e-08,0.14058916,0.28274825,0.71053725,26.428238,0.0,0.0,0.113122925,0.67488027,0.1010101,1.2248846,0.9999999,0.44746798,0.19634579,0.35618627,set_1
-2.725463e-07,0.6946225,0.9145917,0.88144183,16.155052,0.0,0.0,0.113122925,0.67488027,0.6262626,1.0695461,0.9999999,0.44394183,0.21768059,0.33837754,set_1
-9.750454e-08,0.745926,0.9672105,0.89972293,15.295756,0.0,0.0,0.113122925,0.67488027,0.68686867,1.0538857,0.9999999,0.44330528,0.22068025,0.33601448,set_1
7.603835e-07,0.99571586,1.2077683,0.99289,11.3904,0.0,0.0,0.113122925,0.67488027,1.010101,0.97721523,0.9999999,0.43853208,0.23806345,0.32340443,set_1
6.9967007e-07,1.0675437,1.2737879,1.0206515,10.345176,0.0,0.0,0.113122925,0.67488027,1.111111,0.9558787,0.9999999,0.43635073,0.24382198,0.3198273,set_1
6.381824e-07,1.3216658,1.4859279,1.1209939,7.003121,0.0,0.0,0.113122925,0.67488027,1.4949495,0.8861555,0.9999999,0.4217528,0.26524934,0.31299785,set_1
9.0446304e-07,1.5569183,1.644069,1.2146304,4.461022,0.0,0.0,0.113122925,0.67488027,1.8787879,0.83424133,0.9999999,0.37850565,0.285921,0.33557332,set_1
8.298248e-07,1.6052686,1.6707046,1.2336917,4.0132656,0.0,0.0,0.113122925,0.67488027,1.959596,0.8255495,0.9999999,0.3603712,0.29072246,0.3489063,set_1
0.0,0.0,0.10605665,0.67488027,29.212,0.0,0.0,0.10605665,0.67488027,0.0,1.2585858,0.9999999,0.4478807,0.19325659,0.3588627,set_1
-2.4419012e-07,0.16688238,0.30754676,0.7175525,25.912794,0.0,0.0,0.10605665,0.67488027,0.12121212,1.2182416,0.9999999,0.44739413,0.19695617,0.3556497,set_1
-1.270935e-07,0.5663463,0.7684925,0.83765715,18.407963,0.0,0.0,0.10605665,0.67488027,0.48484847,1.1081766,0.9999999,0.44522205,0.21095884,0.34381908,set_1
-7.5163274e-07,0.84408754,1.0611632,0.9355235,13.693419,0.0,0.0,0.10605665,0.67488027,0.8080808,1.023598,0.9999999,0.4418294,0.22696288,0.3312077,set_1
-7.482767e-07,0.96700513,1.1807771,0.9816758,11.786011,0.0,0.0,0.10605665,0.67488027,0.96969694,0.98618925,0.9999999,0.4392731,0.23589297,0.32483393,set_1
-6.355342e-07,1.2322012,1.414193,1.084966,8.0968685,0.0,0.0,0.10605665,0.67488027,1.3535353,0.9097776,0.9999999,0.4286538,0.25763494,0.31371132,set_1
-6.038038e-07,1.2845045,1.455888,1.1057118,7.4403787,0.0,0.0,0.10605665,0.67488027,1.4343435,0.8959203,0.9999999,0.42493916,0.26207593,0.31298488,set_1
-5.6680955e-07,1.4235247,1.5590938,1.1612104,5.8107753,0.0,0.0,0.10605665,0.67488027,1.6565657,0.8621012,0.9999999,0.4091034,0.27396628,0.31693032,set_1
-5.5237325e-07,1.5820601,1.6587828,1.2243305,4.1928644,0.0,0.0,0.10605665,0.67488027,1.919192,0.8296955,0.9999999,0.3686737,0.2884972,0.3428291,set_1
0.0,0.0,0.11070916,0.67488027,29.212,0.0,0.0,0.11070916,0.67488027,0.0,1.2585858,0.9999999,0.4478718,0.19328085,0.35884732,set_1
1.69265e-07,0.4464104,0.63789284,0.79887086,20.589863,0.0,0.0,0.11070916,0.67488027,0.36363634,1.1431063,0.9999999,0.4460815,0.205823,0.34809548,set_1
8.6088505e-08,0.74598527,0.96440226,0.89970547,15.302629,0.0,0.0,0.11070916,0.67488027,0.68686867,1.0538857,0.9999999,0.44331223,0.22064649,0.3360413,set_1
2.5426905e-07,0.98217255,1.197971,0.9873331,11.564048,0.0,0.0,0.11070916,0.67488027,0.989899,0.9817182,0.9999999,0.43888518,0.2370704,0.3240444,set_1
2.6505268e-07,1.0403512,1.2516657,1.0096856,10.711294,0.0,0.0,0.11070916,0.67488027,1.070707,0.9643624,0.9999999,0.43722972,0.24166642,0.3211038,set_1
2.7469497e-07,1.0969468,1.3023446,1.0316479,9.908738,0.0,0.0,0.11070916,0.67488027,1.1515151,0.9477423,0.9999999,0.43528765,0.24628113,0.3184312,set_1
2.706095e-07,1.1384554,1.3385078,1.0478737,9.33727,0.0,0.0,0.11070916,0.67488027,1.2121212,0.93577844,0.9999999,0.43360087,0.24973178,0.31666738,set_1
1.7985928e-07,1.2588173,1.4383308,1.0953662,7.7632947,0.0,0.0,0.11070916,0.67488027,1.3939394,0.9027964,0.9999999,0.42687863,0.25990042,0.31322092,set_1
7.603718e-08,1.3740088,1.526361,1.1412535,6.374343,0.0,0.0,0.11070916,0.67488027,1.5757575,0.87376726,0.9999999,0.41607395,0.2697104,0.31421563,set_1
0.0,0.0,0.10047221,0.67488027,29.212,0.0,0.0,0.10047221,0.67488027,0.0,1.2585858,0.9999999,0.4478914,0.19322741,0.3588812,set_1
1.3948719e-08,0.21790488,0.3631868,0.73147106,24.919033,0.0,0.0,0.10047221,0.67488027,0.16161615,1.2053001,0.9999999,0.44722146,0.19826196,0.35451663,set_1
4.2876156e-09,0.33728576,0.5037501,0.76561725,22.629616,0.0,0.0,0.10047221,0.67488027,0.26262626,1.1735852,0.9999999,0.4467073,0.20184283,0.35144988,set_1
-5.429512e-09,0.44647515,0.6296534,0.7988659,20.584976,0.0,0.0,0.10047221,0.67488027,0.36363634,1.1431063,0.9999999,0.44610295,0.20576799,0.34812906,set_1
-7.131004e-08,0.6587818,0.8649447,0.86906534,16.780323,0.0,0.0,0.10047221,0.67488027,0.5858586,1.0804132,0.9999999,0.44436443,0.21559672,0.34003893,set_1
-1.7555801e-07,0.8278287,1.0409368,0.92963326,13.951812,0.0,0.0,0.10047221,0.67488027,0.78787875,1.028594,0.9999999,0.4421142,0.2258365,0.3320493,set_1
-3.9601127e-07,1.1779327,1.36742,1.0639085,8.783463,0.0,0.0,0.10047221,0.67488027,1.2727273,0.9244165,0.9999999,0.43168774,0.25310385,0.3152084,set_1
-2.0601857e-07,1.360477,1.5109184,1.136247,6.520898,0.0,0.0,0.10047221,0.67488027,1.5555555,0.87675726,0.9999999,0.41760415,0.26856142,0.31383446,set_1
3.8796495e-09,1.5699236,1.6477832,1.2195432,4.3150244,0.0,0.0,0.10047221,0.67488027,1.8989899,0.8319495,0.9999999,0.37347233,0.28721336,0.33931428,set_1
0.0,0.0,0.10937963,0.67488027,29.212,0.0,0.0,0.10937963,0.67488027,0.0,1.2585858,0.9999999,0.44787434,0.1932739,0.35885176,set_1
-1.1595247e-08,0.65887487,0.871546,0.8690589,16.783138,0.0,0.0,0.10937963,0.67488027,0.5858586,1.0804132,0.9999999,0.44434533,0.21564826,0.34000638,set_1
-3.194082e-07,0.8442519,1.06362,0.9354768,13.693754,0.0,0.0,0.10937963,0.67488027,0.8080808,1.023598,0.9999999,0.44182146,0.22698592,0.33119264,set_1
-1.2276561e-07,0.9820018,1.1969773,0.98729557,11.565512,0.0,0.0,0.10937963,0.67488027,0.989899,0.9817182,0.9999999,0.43888968,0.23705551,0.3240548,set_1
5.3477913e-07,1.192586,1.383495,1.0691861,8.613676,0.0,0.0,0.10937963,0.67488027,1.2929292,0.92067313,0.9999999,0.43097416,0.25428003,0.3147458,set_1
5.6083246e-07,1.2456349,1.4270556,1.0901765,7.9280777,0.0,0.0,0.10937963,0.67488027,1.3737373,0.90629745,0.9999999,0.4277834,0.25878042,0.31343612,set_1
5.74955e-07,1.2847109,1.4581919,1.1057066,7.4382668,0.0,0.0,0.10937963,0.67488027,1.4343435,0.8959203,0.9999999,0.42492115,0.26210707,0.3129717,set_1
4.789566e-07,1.4112554,1.552667,1.1562364,5.9465437,0.0,0.0,0.10937963,0.67488027,1.6363636,0.86487633,0.9999999,0.41098404,0.27292573,0.3160903,set_1
1.9881958e-07,1.5701395,1.6537945,1.2194805,4.30742,0.0,0.0,0.10937963,0.67488027,1.8989899,0.8319495,0.9999999,0.37319952,0.2873103,0.33949012,set_1
0.0,0.0,0.10855152,0.67488027,29.212,0.0,0.0,0.10855152,0.67488027,0.0,1.2585858,0.9999999,0.44787592,0.19326954,0.3588545,set_1
-2.1464425e-07,0.4875803,0.68263876,0.8119295,19.832859,0.0,0.0,0.10855152,0.67488027,0.4040404,1.1312001,0.9999999,0.4458149,0.20747581,0.34670928,set_1
-3.1174696e-07,0.711782,0.9270783,0.88755316,15.877406,0.0,0.0,0.10855152,0.67488027,0.64646465,1.064286,0.9999999,0.44374987,0.21860367,0.33764648,set_1
-1.312059e-07,0.9067482,1.1245685,0.9587767,12.709773,0.0,0.0,0.10855152,0.67488027,0.8888889,1.0045382,0.9999999,0.44063783,0.23139025,0.32797194,set_1
-2.3372966e-08,1.0543371,1.2631775,1.0151523,10.507102,0.0,0.0,0.10855152,0.67488027,1.090909,0.9601341,0.9999999,0.43678048,0.24279979,0.3204197,set_1
5.1868952e-08,1.2969413,1.4686388,1.1107758,7.2735553,0.0,0.0,0.10855152,0.67488027,1.4545455,0.89264935,0.9999999,0.42383766,0.26321816,0.31294414,set_1
-3.6185008e-07,1.4485865,1.5771878,1.171042,5.5437913,0.0,0.0,0.10855152,0.67488027,1.6969697,0.8565809,0.9999999,0.4049245,0.2761196,0.31895587,set_1
-4.815544e-07,1.4978455,1.6088896,1.1906064,5.030308,0.0,0.0,0.10855152,0.67488027,1.7777778,0.84618074,0.9999999,0.39475372,0.280453,0.3247933,set_1
-5.157407e-07,1.5343807,1.6313385,1.2051228,4.6637144,0.0,0.0,0.10855152,0.67488027,1.8383838,0.83877724,0.9999999,0.3851387,0.2838,0.3310613,set_1
0.0,0.0,0.099834986,0.67488027,29.212,0.0,0.0,0.099834986,0.67488027,0.0,1.2585858,0.9999999,0.44789258,0.1932241,0.35888332,set_1
-4.798524e-08,0.11364309,0.23776212,0.7034833,26.956808,0.0,0.0,0.099834986,0.67488027,0.08080807,1.2316247,0.9999999,0.44757906,0.19563706,0.3567839,set_1
-1.00903435e-07,0.5469825,0.7422037,0.83129627,18.75208,0.0,0.0,0.099834986,0.67488027,0.46464646,1.1138635,0.9999999,0.44539255,0.21002664,0.34458086,set_1
-2.0012394e-07,1.0960615,1.2949251,1.0315826,9.912036,0.0,0.0,0.099834986,0.67488027,1.1515151,0.9477423,0.9999999,0.43532047,0.24618918,0.31849033,set_1
-2.8304962e-07,1.1647822,1.354471,1.0584967,8.97403,0.0,0.0,0.099834986,0.67488027,1.2525252,0.9281419,0.9999999,0.4323828,0.25192404,0.31569317,set_1
-3.8131626e-07,1.2183701,1.3991928,1.0796282,8.270696,0.0,0.0,0.099834986,0.67488027,1.3333333,0.91329664,0.9999999,0.42949685,0.2564532,0.31404996,set_1
-5.219542e-07,1.3350992,1.4912714,1.126008,6.8234334,0.0,0.0,0.099834986,0.67488027,1.5151515,0.88289607,0.9999999,0.42036888,0.2663802,0.313251,set_1
-4.9405145e-07,1.5207272,1.619756,1.2001966,4.779645,0.0,0.0,0.099834986,0.67488027,1.8181818,0.84114105,0.9999999,0.38850644,0.28262833,0.32886532,set_1
-5.226504e-07,1.5934317,1.6616447,1.2289553,4.0858126,0.0,0.0,0.099834986,0.67488027,1.939394,0.82758206,0.9999999,0.3640627,0.28964874,0.34628853,set_1
0.0,0.0,0.112943746,0.67488027,29.212,0.0,0.0,0.112943746,0.67488027,0.0,1.2585858,0.9999999,0.44786754,0.1932925,0.35884,set_1
6.386993e-08,0.21799636,0.37470296,0.73147106,24.918991,0.0,0.0,0.112943746,0.67488027,0.16161615,1.2053001,0.9999999,0.4471966,0.19833219,0.35447118,set_1
-3.7157037e-08,0.69442284,0.91221464,0.88141835,16.172918,0.0,0.0,0.112943746,0.67488027,0.6262626,1.0695461,0.9999999,0.4439456,0.21763599,0.3384184,set_1
1.812426e-07,0.95218307,1.1711328,0.9760212,12.01285,0.0,0.0,0.112943746,0.67488027,0.94949496,0.9906513,0.9999999,0.4396204,0.23479661,0.325583,set_1
2.0276589e-07,1.0111743,1.2265007,0.9985696,11.13247,0.0,0.0,0.112943746,0.67488027,1.030303,0.97284305,0.9999999,0.43808717,0.23937073,0.3225421,set_1
2.1122656e-07,1.2583315,1.4399319,1.0953766,7.7611756,0.0,0.0,0.112943746,0.67488027,1.3939394,0.9027964,0.9999999,0.42686895,0.25991708,0.31321397,set_1
9.384448e-08,1.3358333,1.499527,1.1261535,6.81854,0.0,0.0,0.112943746,0.67488027,1.5151515,0.88289607,0.9999999,0.42030492,0.26648548,0.3132096,set_1
-7.594667e-08,1.4363303,1.5711412,1.1661856,5.6783032,0.0,0.0,0.112943746,0.67488027,1.6767677,0.85935605,0.9999999,0.4070885,0.2750672,0.31784424,set_1
-1.0685841e-07,1.4732369,1.5958409,1.180923,5.282121,0.0,0.0,0.112943746,0.67488027,1.7373737,0.8512087,0.9999999,0.400141,0.27830315,0.32155588,set_1
0.0,0.0,0.104164906,0.67488027,29.212,0.0,0.0,0.104164906,0.67488027,0.0,1.2585858,0.9999999,0.44788432,0.19324669,0.35886902,set_1
-2.3351176e-07,0.6041073,0.8083425,0.85034513,17.738071,0.0,0.0,0.104164906,0.67488027,0.5252525,1.0968126,0.9999999,0.44489554,0.21277691,0.34232754,set_1
-3.2577256e-07,0.7793811,0.99432266,0.91178644,14.744058,0.0,0.0,0.104164906,0.67488027,0.72727275,1.0435159,0.9999999,0.44286227,0.22268687,0.3344509,set_1
-3.490866e-07,0.82828635,1.0441058,0.9296372,13.946699,0.0,0.0,0.104164906,0.67488027,0.78787875,1.028594,0.9999999,0.44210345,0.22587816,0.33201844,set_1
-3.313349e-07,0.9371843,1.1511884,0.9703093,12.237724,0.0,0.0,0.104164906,0.67488027,0.9292929,0.99516433,0.9999999,0.43998566,0.2336198,0.3263946,set_1
-1.0540424e-07,1.1105927,1.3101437,1.0370789,9.71693,0.0,0.0,0.104164906,0.67488027,1.1717172,0.9437715,0.9999999,0.43476763,0.24738197,0.3178504,set_1
-5.9758406e-08,1.1518646,1.3458211,1.0532362,9.153941,0.0,0.0,0.104164906,0.67488027,1.2323232,0.9319092,0.9999999,0.4330063,0.2508258,0.31616786,set_1
-9.802446e-08,1.4603487,1.583521,1.175984,5.406249,0.0,0.0,0.104164906,0.67488027,1.7171717,0.85382307,0.9999999,0.40254965,0.27719146,0.3202589,set_1
-1.16965204e-07,1.6064284,1.6704421,1.2338442,3.975449,0.0,0.0,0.104164906,0.67488027,1.959596,0.8255495,0.9999999,0.35887226,0.29093403,0.3501937,set_1
0.0,0.0,0.111649215,0.67488027,29.212,0.0,0.0,0.111649215,0.67488027,0.0,1.2585858,0.9999999,0.44787002,0.19328578,0.3588442,set_1
6.914037e-08,0.6042686,0.8143013,0.85034513,17.737991,0.0,0.0,0.111649215,0.67488027,0.5252525,1.0968126,0.9999999,0.4448791,0.21282548,0.34229544,set_1
9.530166e-08,0.65908235,0.87348914,0.86910033,16.780582,0.0,0.0,0.111649215,0.67488027,0.5858586,1.0804132,0.9999999,0.44433993,0.21566908,0.339991,set_1
2.670133e-07,0.82851774,1.0495739,0.92963916,13.946483,0.0,0.0,0.111649215,0.67488027,0.78787875,1.028594,0.9999999,0.44208598,0.22593023,0.33198377,set_1
-1.4630544e-07,1.0688457,1.2779323,1.0207134,10.304855,0.0,0.0,0.111649215,0.67488027,1.111111,0.9558787,0.9999999,0.43629694,0.24397801,0.31972507,set_1
-2.776898e-07,1.1108899,1.3150415,1.0370755,9.716906,0.0,0.0,0.111649215,0.67488027,1.1717172,0.9437715,0.9999999,0.4347497,0.24743383,0.31781647,set_1
-4.0812085e-07,1.1927353,1.3848245,1.0691912,8.614483,0.0,0.0,0.111649215,0.67488027,1.2929292,0.92067313,0.9999999,0.4309704,0.25429282,0.31473678,set_1
-4.8899034e-07,1.2977675,1.4694947,1.1108379,7.280938,0.0,0.0,0.111649215,0.67488027,1.4545455,0.89264935,0.9999999,0.42386135,0.26321512,0.3129235,set_1
-2.1048794e-07,1.5824928,1.6617891,1.224306,4.193958,0.0,0.0,0.111649215,0.67488027,1.919192,0.8296955,0.9999999,0.36868304,0.28852776,0.3427892,set_1
0.0,0.0,0.112757735,0.67488027,29.212,0.0,0.0,0.112757735,0.67488027,0.0,1.2585858,0.9999999,0.44786793,0.19329152,0.35884058,set_1
-5.1413075e-08,0.1136919,0.25016457,0.7034833,26.956787,0.0,0.0,0.112757735,0.67488027,0.08080807,1.2316247,0.9999999,0.44755384,0.19570722,0.35673898,set_1
-1.094179e-07,0.42544246,0.6158134,0.7923174,20.97789,0.0,0.0,0.112757735,0.67488027,0.34343433,1.149046,0.9999999,0.4462061,0.20502724,0.3487667,set_1
-8.746541e-08,0.6767422,0.89317024,0.87525916,16.47617,0.0,0.0,0.112757735,0.67488027,0.60606056,1.0749261,0.9999999,0.4441455,0.21664385,0.33921063,set_1
-3.1911203e-08,0.8758537,1.0972753,0.9471798,13.193551,0.0,0.0,0.112757735,0.67488027,0.8484848,1.0139601,0.9999999,0.4412421,0.22919853,0.32955936,set_1
-1.8646296e-07,1.1246506,1.3278064,1.0424536,9.52685,0.0,0.0,0.112757735,0.67488027,1.1919192,0.9397857,0.9999999,0.43418658,0.24858925,0.3172242,set_1
-3.113056e-07,1.4730351,1.5964451,1.1808482,5.277502,0.0,0.0,0.112757735,0.67488027,1.7373737,0.8512087,0.9999999,0.40007058,0.27832195,0.32160747,set_1
-2.7230422e-07,1.5339016,1.6347009,1.2050927,4.65603,0.0,0.0,0.112757735,0.67488027,1.8383838,0.83877724,0.9999999,0.3849468,0.2838576,0.33119562,set_1
-2.5902318e-07,1.570246,1.6557882,1.2194805,4.3064766,0.0,0.0,0.112757735,0.67488027,1.8989899,0.8319495,0.9999999,0.37315655,0.28733593,0.33950755,set_1
0.0,0.0,0.11225248,0.67488027,29.212,0.0,0.0,0.11225248,0.67488027,0.0,1.2585858,0.9999999,0.44786882,0.19328894,0.3588422,set_1
-2.217713e-08,0.086208224,0.21662354,0.6963906,27.498919,0.0,0.0,0.11225248,0.67488027,0.06060606,1.2383649,0.9999999,0.4476372,0.19508107,0.35728166,set_1
-1.6171577e-07,0.6041619,0.81467575,0.8503294,17.73967,0.0,0.0,0.11225248,0.67488027,0.5252525,1.0968126,0.9999999,0.44487798,0.2128258,0.3422962,set_1
-3.5204937e-07,1.0259633,1.2395748,1.0041312,10.91976,0.0,0.0,0.11225248,0.67488027,1.0505049,0.96857876,0.9999999,0.43766463,0.24052429,0.32181108,set_1
-4.4916447e-08,1.1927056,1.3852906,1.0691849,8.613913,0.0,0.0,0.11225248,0.67488027,1.2929292,0.92067313,0.9999999,0.43096778,0.2542986,0.31473362,set_1
-4.474561e-08,1.2326063,1.4180889,1.0849514,8.096811,0.0,0.0,0.11225248,0.67488027,1.3535353,0.9097776,0.9999999,0.4286376,0.25767842,0.313684,set_1
-1.2114724e-07,1.3740325,1.5273025,1.1412565,6.374075,0.0,0.0,0.11225248,0.67488027,1.5757575,0.87376726,0.9999999,0.41606817,0.2697208,0.31421107,set_1
-7.367598e-08,1.4362503,1.571394,1.166141,5.6737466,0.0,0.0,0.11225248,0.67488027,1.6767677,0.85935605,0.9999999,0.40703523,0.27508312,0.3178817,set_1
-5.9517618e-09,1.5218693,1.6271343,1.2003189,4.7753334,0.0,0.0,0.11225248,0.67488027,1.8181818,0.84114105,0.9999999,0.38835955,0.28273293,0.32890752,set_1
0.0,0.0,0.11147027,0.67488027,29.212,0.0,0.0,0.11147027,0.67488027,0.0,1.2585858,0.9999999,0.4478703,0.19328485,0.35884485,set_1
-4.0981277e-08,0.113686875,0.24892898,0.7034833,26.95679,0.0,0.0,0.11147027,0.67488027,0.08080807,1.2316247,0.9999999,0.44755632,0.19570024,0.35674348,set_1
-7.860436e-08,0.2672036,0.4314458,0.7452509,23.969,0.0,0.0,0.11147027,0.67488027,0.2020202,1.1924199,0.9999999,0.44700342,0.19971882,0.35327768,set_1
5.569458e-09,0.6941445,0.9107391,0.88140595,16.176315,0.0,0.0,0.11147027,0.67488027,0.6262626,1.0695461,0.9999999,0.44395,0.2176169,0.33843318,set_1
4.497554e-08,0.74568206,0.9647358,0.8996848,15.305435,0.0,0.0,0.11147027,0.67488027,0.68686867,1.0538857,0.9999999,0.44331187,0.22064248,0.33604565,set_1
-4.218917e-08,0.95210356,1.1702543,0.9759547,12.012909,0.0,0.0,0.11147027,0.67488027,0.94949496,0.9906513,0.9999999,0.43962377,0.23478676,0.3255895,set_1
4.1359652e-07,1.335715,1.4983194,1.1260092,6.8230987,0.0,0.0,0.11147027,0.67488027,1.5151515,0.88289607,0.9999999,0.42033657,0.26645786,0.3132056,set_1
4.1434106e-07,1.3736084,1.5264401,1.1411425,6.378767,0.0,0.0,0.11147027,0.67488027,1.5757575,0.87376726,0.9999999,0.41611016,0.2696926,0.31419727,set_1
2.812463e-07,1.5577445,1.6479648,1.2146153,4.4238644,0.0,0.0,0.11147027,0.67488027,1.8787879,0.83424133,0.9999999,0.37744084,0.28613123,0.3364279,set_1
0.0,0.0,0.1120401,0.67488027,29.212,0.0,0.0,0.1120401,0.67488027,0.0,1.2585858,0.9999999,0.4478693,0.19328783,0.3588429,set_1
-6.938162e-08,0.44643083,0.63901925,0.79887086,20.589855,0.0,0.0,0.1120401,0.67488027,0.36363634,1.1431063,0.9999999,0.44607866,0.20583116,0.34809023,set_1
-1.5422359e-08,0.92226744,1.1419368,0.96457464,12.471704,0.0,0.0,0.1120401,0.67488027,0.9090909,0.9997883,0.9999999,0.4403042,0.23254222,0.3271536,set_1
-4.2325816e-08,0.9969239,1.2126253,0.9929608,11.345641,0.0,0.0,0.1120401,0.67488027,1.010101,0.97721523,0.9999999,0.4384914,0.23822626,0.3232823,set_1
-1.0354432e-07,1.040387,1.2526304,1.0096877,10.710638,0.0,0.0,0.1120401,0.67488027,1.070707,0.9643624,0.9999999,0.43722603,0.24167788,0.3210961,set_1
-1.6923852e-07,1.0829563,1.2909491,1.0261953,10.103787,0.0,0.0,0.1120401,0.67488027,1.1313131,0.951758,0.9999999,0.43579888,0.2451413,0.31905982,set_1
2.1378892e-07,1.3866625,1.5361853,1.1462703,6.2307615,0.0,0.0,0.1120401,0.67488027,1.5959595,0.8707503,0.9999999,0.41448426,0.27079156,0.3147242,set_1
2.3003399e-07,1.5704406,1.6553788,1.2195326,4.305973,0.0,0.0,0.1120401,0.67488027,1.8989899,0.8319495,0.9999999,0.37314016,0.28733706,0.3395228,set_1
1.7071646e-07,1.6310579,1.6870245,1.2432654,3.7643933,0.0,0.0,0.1120401,0.67488027,2.0,0.82148737,0.9999999,0.34762284,0.29353565,0.35884148,set_1
0.0,0.0,0.1174633,0.67488027,29.212,0.0,0.0,0.1174633,0.67488027,0.0,1.2585858,0.9999999,0.4478589,0.19331613,0.35882494,set_1
-5.7457658e-08,0.11370946,0.25468063,0.7034833,26.956781,0.0,0.0,0.1174633,0.67488027,0.08080807,1.2316247,0.9999999,0.44754463,0.19573271,0.35672256,set_1
-6.625645e-08,0.19280124,0.34902155,0.724535,25.408642,0.0,0.0,0.1174633,0.67488027,0.14141414,1.2117333,0.9999999,0.44728112,0.19768298,0.35503584,set_1
-5.8183534e-08,0.33758742,0.5188968,0.765641,22.627157,0.0,0.0,0.1174633,0.67488027,0.26262626,1.1735852,0.9999999,0.44667256,0.20194553,0.35138184,set_1
-7.998058e-08,0.52780443,0.73493767,0.824886,19.10343,0.0,0.0,0.1174633,0.67488027,0.44444442,1.1195564,0.9999999,0.44550654,0.20925827,0.34523514,set_1
-1.7214417e-07,0.6767053,0.8967416,0.8752526,16.477282,0.0,0.0,0.1174633,0.67488027,0.60606056,1.0749261,0.9999999,0.44413543,0.21667181,0.33919284,set_1
-2.7976614e-07,0.8755969,1.1006405,0.9471519,13.194035,0.0,0.0,0.1174633,0.67488027,0.8484848,1.0139601,0.9999999,0.44123298,0.22922611,0.3295409,set_1
-2.6470363e-07,1.33614,1.5019404,1.126058,6.8226967,0.0,0.0,0.1174633,0.67488027,1.5151515,0.88289607,0.9999999,0.42031765,0.26650015,0.31318223,set_1
2.6972202e-09,1.5013294,1.6070536,1.1905797,5.086034,0.0,0.0,0.1174633,0.67488027,1.7777778,0.84618074,0.9999999,0.39570898,0.2802772,0.3240138,set_1
0.0,0.0,0.116948165,0.67488027,29.212,0.0,0.0,0.116948165,0.67488027,0.0,1.2585858,0.9999999,0.44785988,0.19331346,0.35882664,set_1
-2.3887657e-07,0.35995153,0.5442135,0.77234066,22.205147,0.0,0.0,0.116948165,0.67488027,0.28282827,1.1674109,0.9999999,0.4465602,0.20269407,0.3507457,set_1
-2.8456662e-07,0.48778847,0.68971205,0.81194586,19.831549,0.0,0.0,0.116948165,0.67488027,0.4040404,1.1312001,0.9999999,0.44579718,0.20752999,0.34667286,set_1
-9.738681e-08,0.8916246,1.1155409,0.9529969,12.949214,0.0,0.0,0.116948165,0.67488027,0.86868685,1.0092522,0.9999999,0.44093046,0.23033611,0.3287334,set_1
-1.639918e-07,0.9970009,1.2158871,0.99291074,11.347166,0.0,0.0,0.116948165,0.67488027,1.010101,0.97721523,0.9999999,0.43848124,0.23825485,0.3232639,set_1
5.8339765e-08,1.2328204,1.4210316,1.0849342,8.097054,0.0,0.0,0.116948165,0.67488027,1.3535353,0.9097776,0.9999999,0.42862672,0.25770932,0.31366396,set_1
8.402395e-08,1.3108683,1.482617,1.1159306,7.1250644,0.0,0.0,0.116948165,0.67488027,1.4747474,0.88941437,0.9999999,0.42273086,0.2643412,0.31292793,set_1
7.890149e-08,1.5220474,1.6298565,1.2002844,4.7752533,0.0,0.0,0.116948165,0.67488027,1.8181818,0.84114105,0.9999999,0.38834167,0.28276205,0.32889625,set_1
1.942706e-07,1.6311641,1.6897225,1.2432104,3.7648764,0.0,0.0,0.116948165,0.67488027,2.0,0.82148737,0.9999999,0.34762082,0.29356167,0.35881755,set_1
0.0,0.0,0.12291525,0.67488027,29.212,0.0,0.0,0.12291525,0.67488027,0.0,1.2585858,0.9999999,0.4478486,0.19334458,0.35880688,set_1
-8.613293e-08,0.11373004,0.25991312,0.7034833,26.956772,0.0,0.0,0.12291525,0.67488027,0.08080807,1.2316247,0.9999999,0.44753402,0.19576237,0.35670364,set_1
-1.2511211e-07,0.24294245,0.4132303,0.7383772,24.437872,0.0,0.0,0.12291525,0.67488027,0.18181817,1.1988817,0.9999999,0.44708028,0.19907983,0.3538399,set_1
-1.8551737e-07,0.42561093,0.62455434,0.7923021,20.977097,0.0,0.0,0.12291525,0.67488027,0.34343433,1.149046,0.9999999,0.446185,0.20508988,0.3487251,set_1
-5.0232803e-08,0.67690086,0.9009912,0.8752626,16.476645,0.0,0.0,0.12291525,0.67488027,0.60606056,1.0749261,0.9999999,0.44412312,0.21670945,0.33916745,set_1
4.4724764e-08,0.779587,1.007864,0.91175413,14.748294,0.0,0.0,0.12291525,0.67488027,0.72727275,1.0435159,0.9999999,0.44282126,0.22280128,0.33437747,set_1
1.1168436e-07,1.3110653,1.4861852,1.1159616,7.124981,0.0,0.0,0.12291525,0.67488027,1.4747474,0.88941437,0.9999999,0.42271626,0.26437917,0.3129046,set_1
8.570596e-08,1.5587533,1.654671,1.2147712,4.419468,0.0,0.0,0.12291525,0.67488027,1.8787879,0.83424133,0.9999999,0.37726134,0.28623113,0.33650747,set_1
8.851068e-08,1.5951076,1.6746833,1.2290903,4.0818853,0.0,0.0,0.12291525,0.67488027,1.939394,0.82758206,0.9999999,0.36379734,0.2898233,0.3463794,set_1
0.0,0.0,0.114401765,0.67488027,29.212,0.0,0.0,0.114401765,0.67488027,0.0,1.2585858,0.9999999,0.44786477,0.19330014,0.35883507,set_1
-1.73721e-07,0.26710767,0.43391418,0.7452434,23.971714,0.0,0.0,0.114401765,0.67488027,0.2020202,1.1924199,0.9999999,0.4469975,0.19973275,0.3532698,set_1
-1.6209532e-07,0.33741266,0.5160673,0.7656232,22.629623,0.0,0.0,0.114401765,0.67488027,0.26262626,1.1735852,0.9999999,0.44667873,0.20192465,0.35139656,set_1
-4.7418155e-08,0.50818455,0.7114413,0.81841373,19.452682,0.0,0.0,0.114401765,0.67488027,0.4242424,1.1253153,0.9999999,0.44565958,0.20838927,0.34595117,set_1
-1.1926133e-08,0.5858941,0.79766417,0.8439993,18.055428,0.0,0.0,0.114401765,0.67488027,0.5050505,1.1024449,0.9999999,0.44503984,0.2119499,0.3430103,set_1
-6.309457e-07,1.2839234,1.4609363,1.1057532,7.439722,0.0,0.0,0.114401765,0.67488027,1.4343435,0.8959203,0.9999999,0.4249226,0.2621216,0.31295583,set_1
-6.2290127e-07,1.3224564,1.4906359,1.1210992,6.97093,0.0,0.0,0.114401765,0.67488027,1.4949495,0.8861555,0.9999999,0.42156228,0.2653994,0.31303835,set_1
-6.0249903e-07,1.4480939,1.5795013,1.1710747,5.551479,0.0,0.0,0.114401765,0.67488027,1.6969697,0.8565809,0.9999999,0.40501735,0.2761114,0.31887126,set_1
-5.8848104e-07,1.5704212,1.6540201,1.2195015,4.3273463,0.0,0.0,0.114401765,0.67488027,1.8989899,0.8319495,0.9999999,0.37379938,0.2872261,0.33897445,set_1
0.0,0.0,0.11464101,0.67488027,29.212,0.0,0.0,0.11464101,0.67488027,0.0,1.2585858,0.9999999,0.44786435,0.19330135,0.3588343,set_1
3.0925392e-08,0.21800902,0.37627038,0.73147106,24.918987,0.0,0.0,0.11464101,0.67488027,0.16161615,1.2053001,0.9999999,0.44719324,0.19834173,0.35446498,set_1
4.618336e-09,0.6411245,0.8567366,0.86284053,17.092182,0.0,0.0,0.11464101,0.67488027,0.56565654,1.0858567,0.9999999,0.4445188,0.2147313,0.3407499,set_1
8.994762e-09,0.71183956,0.9318365,0.8875461,15.877257,0.0,0.0,0.11464101,0.67488027,0.64646465,1.064286,0.9999999,0.4437361,0.21864463,0.33761922,set_1
2.0449242e-08,0.8121203,1.0350441,0.9237095,14.212628,0.0,0.0,0.11464101,0.67488027,0.7676768,1.0335511,0.9999999,0.44234318,0.22486143,0.3327954,set_1
2.7603175e-08,0.9966708,1.2139851,0.992982,11.348373,0.0,0.0,0.11464101,0.67488027,1.010101,0.97721523,0.9999999,0.43848938,0.23823072,0.32327986,set_1
6.662885e-08,1.0967311,1.3045211,1.0316596,9.911575,0.0,0.0,0.11464101,0.67488027,1.1515151,0.9477423,0.9999999,0.43528444,0.2462932,0.31842238,set_1
5.1045333e-08,1.1519202,1.3523545,1.0532488,9.15509,0.0,0.0,0.11464101,0.67488027,1.2323232,0.9319092,0.9999999,0.43298566,0.25088853,0.3161258,set_1
-2.3394543e-07,1.3613545,1.5192027,1.1362854,6.5215096,0.0,0.0,0.11464101,0.67488027,1.5555555,0.87675726,0.9999999,0.4175703,0.26865175,0.3137779,set_1
0.0,0.0,0.11553588,0.67488027,29.212,0.0,0.0,0.11553588,0.67488027,0.0,1.2585858,0.9999999,0.44786263,0.19330606,0.35883132,set_1
-4.3656533e-07,0.6410586,0.8570874,0.86286247,17.094776,0.0,0.0,0.11553588,0.67488027,0.56565654,1.0858567,0.9999999,0.44451737,0.21473092,0.3407517,set_1
-4.3813407e-07,1.0830748,1.293052,1.0261837,10.10594,0.0,0.0,0.11553588,0.67488027,1.1313131,0.951758,0.9999999,0.43579328,0.24515785,0.31904888,set_1
-4.247656e-07,1.2459605,1.4308087,1.0901797,7.9286222,0.0,0.0,0.11553588,0.67488027,1.3737373,0.90629745,0.9999999,0.42777002,0.25881997,0.31341004,set_1
-3.9077048e-07,1.2979604,1.4719219,1.110844,7.280407,0.0,0.0,0.11553588,0.67488027,1.4545455,0.89264935,0.9999999,0.42384902,0.26324296,0.31290802,set_1
-3.852138e-07,1.3490018,1.5107733,1.1312022,6.6670904,0.0,0.0,0.11553588,0.67488027,1.5353535,0.87978023,0.9999999,0.4189578,0.2675934,0.3134488,set_1
-5.116818e-07,1.4610158,1.5899736,1.1759802,5.4071355,0.0,0.0,0.11553588,0.67488027,1.7171717,0.85382307,0.9999999,0.4025269,0.27725977,0.32021332,set_1
-5.729289e-07,1.4977055,1.613795,1.1906193,5.0226293,0.0,0.0,0.11553588,0.67488027,1.7777778,0.84618074,0.9999999,0.39459333,0.2805272,0.32487947,set_1
-6.2637633e-07,1.5584297,1.6504889,1.2147378,4.420425,0.0,0.0,0.11553588,0.67488027,1.8787879,0.83424133,0.9999999,0.3773182,0.28618097,0.33650082,set_1
0.0,0.0,0.12259873,0.67479736,15.5798,0.0,0.0,0.12259873,0.67479736,0.0,1.1930486,0.9999999,0.4548277,0.19621365,0.34895867,set_1
-4.7372435e-08,0.26352462,0.4341657,0.74197507,11.745581,0.0,0.0,0.12259873,0.67479736,0.2020202,1.1465398,0.9999999,0.45357317,0.20714219,0.3392847,set_1
-1.1000682e-07,0.55557513,0.7545736,0.82537663,7.83111,0.0,0.0,0.12259873,0.67479736,0.46464646,1.0879277,0.9999999,0.44800678,0.22352318,0.32847008,set_1
-7.059426e-08,0.6371906,0.837974,0.85016376,6.8158817,0.0,0.0,0.12259873,0.67479736,0.5454545,1.0702925,0.9999999,0.4443343,0.22856307,0.3271026,set_1
-3.150653e-10,0.7538086,0.9514768,0.8865909,5.4335074,0.0,0.0,0.12259873,0.67479736,0.6666667,1.0442421,0.9999999,0.43508896,0.23575053,0.3291605,set_1
8.668625e-08,0.9136865,1.1006644,0.9395706,3.618105,0.0,0.0,0.12259873,0.67479736,0.8484848,1.00596,0.9999999,0.40227696,0.2457459,0.35197708,set_1
7.947049e-08,1.198868,1.2604032,1.0343611,1.3920672,0.0,0.0,0.12259873,0.67479736,1.1919192,0.936392,0.9999999,0.2040888,0.2651642,0.530747,set_1
-2.678154e-07,1.3823354,1.2646079,1.0921514,0.86216974,0.0,0.0,0.12259873,0.67479736,1.4141414,0.8932359,0.9999999,0.0973958,0.26229963,0.6403045,set_1
-3.7118843e-07,1.471067,1.2525204,1.1225371,0.71608496,0.0,0.0,0.12259873,0.67479736,1.5353535,0.87033665,0.9999999,0.068126835,0.25686347,0.6750097,set_1
0.0,0.0,0.11212045,0.67479736,15.5798,0.0,0.0,0.11212045,0.67479736,0.0,1.1930486,0.9999999,0.45485932,0.19612649,0.34901425,set_1
-8.6259135e-08,0.11050949,0.24537687,0.7019894,13.942,0.0,0.0,0.11212045,0.67479736,0.08080807,1.1743225,0.9999999,0.45453608,0.20023227,0.34523168,set_1
-1.6933251e-07,0.35822448,0.5323919,0.768103,10.429662,0.0,0.0,0.11212045,0.67479736,0.28282827,1.1282976,0.9999999,0.45256343,0.21194126,0.33549532,set_1
-1.3230364e-07,0.4483285,0.6318375,0.79381424,9.218052,0.0,0.0,0.11212045,0.67479736,0.36363634,1.11023,0.9999999,0.45102072,0.21700948,0.3319698,set_1
-3.8145735e-09,0.9690603,1.1300839,0.9567966,3.1381667,0.0,0.0,0.11212045,0.67479736,0.9090909,0.993415,0.9999999,0.38343307,0.24902235,0.3675446,set_1
8.8108834e-08,1.0880117,1.2059219,0.996151,2.1328144,0.0,0.0,0.11212045,0.67479736,1.0505049,0.96460396,0.9999999,0.3101002,0.25788084,0.43201903,set_1
7.3911366e-08,1.1708938,1.2426641,1.0235583,1.5794762,0.0,0.0,0.11212045,0.67479736,1.1515151,0.9443856,0.9999999,0.23583874,0.26378372,0.50037754,set_1
5.0541686e-08,1.2346432,1.2607183,1.045068,1.2401938,0.0,0.0,0.11212045,0.67479736,1.2323232,0.9284182,0.9999999,0.17589839,0.26569617,0.55840546,set_1
5.4281085e-08,1.6885414,1.194557,1.2136718,0.4664917,0.0,0.0,0.11212045,0.67479736,1.919192,0.8007198,0.9999999,0.026510218,0.23682894,0.7366609,set_1
0.0,0.0,0.11574114,0.67479736,15.5798,0.0,0.0,0.11574114,0.67479736,0.0,1.1930486,0.9999999,0.45484835,0.1961566,0.34899503,set_1
-2.2708035e-07,0.7351567,0.92615664,0.8805921,5.6690655,0.0,0.0,0.11574114,0.67479736,0.64646465,1.0485419,0.9999999,0.43718854,0.2344914,0.32832006,set_1
-1.5705342e-07,0.90179175,1.0743885,0.9337947,3.854147,0.0,0.0,0.11574114,0.67479736,0.8282828,1.010151,0.9999999,0.40893805,0.24454719,0.34651473,set_1
-3.6691455e-07,1.1225095,1.2248461,1.0071902,1.8951118,0.0,0.0,0.11574114,0.67479736,1.090909,0.9564893,0.9999999,0.28180608,0.2605299,0.45766407,set_1
-5.352755e-07,1.2859128,1.2690085,1.0609698,1.0546231,0.0,0.0,0.11574114,0.67479736,1.2929292,0.916601,0.9999999,0.13946062,0.2650562,0.59548324,set_1
-6.030431e-07,1.3613131,1.2706968,1.087011,0.8205841,0.0,0.0,0.11574114,0.67479736,1.3939394,0.8971165,0.9999999,0.09449457,0.26052132,0.6449841,set_1
-5.153059e-07,1.4344692,1.2612774,1.1124945,0.6896114,0.0,0.0,0.11574114,0.67479736,1.4949495,0.8779383,0.9999999,0.06912524,0.2555214,0.67535335,set_1
-2.2103683e-07,1.6119347,1.2183155,1.1809682,0.5186853,0.0,0.0,0.11574114,0.67479736,1.7777778,0.82588047,0.9999999,0.03556627,0.243103,0.7213307,set_1
-4.130262e-08,1.7070101,1.1899873,1.227366,0.42334366,0.0,0.0,0.11574114,0.67479736,1.979798,0.7901616,0.9999999,0.02252272,0.23234999,0.74512726,set_1
0.0,0.0,0.1372058,0.67479736,15.5798,0.0,0.0,0.1372058,0.67479736,0.0,1.1930486,0.9999999,0.45478368,0.19633514,0.34888116,set_1
-1.2531063e-08,0.21423596,0.3906424,0.7287523,12.445952,0.0,0.0,0.1372058,0.67479736,0.16161615,1.1557541,0.9999999,0.453908,0.2049213,0.34117076,set_1
-2.6997694e-07,0.73554313,0.9444921,0.8805895,5.6545696,0.0,0.0,0.1372058,0.67479736,0.64646465,1.0485419,0.9999999,0.43701056,0.2347273,0.32826215,set_1
-3.666187e-07,0.9000206,1.0927331,0.9337933,3.8312278,0.0,0.0,0.1372058,0.67479736,0.8282828,1.010151,0.9999999,0.4083284,0.2447577,0.34691387,set_1
-3.44871e-07,0.95140976,1.1359072,0.9510898,3.294474,0.0,0.0,0.1372058,0.67479736,0.8888889,0.99760306,0.9999999,0.3902203,0.2481018,0.36167789,set_1
-4.6605197e-07,1.3212831,1.2798666,1.0714574,0.98728395,0.0,0.0,0.1372058,0.67479736,1.3333333,0.9087512,0.9999999,0.12386354,0.2646942,0.61144227,set_1
-5.141753e-07,1.4431412,1.2703216,1.1124978,0.7243117,0.0,0.0,0.1372058,0.67479736,1.4949495,0.8779383,0.9999999,0.07232952,0.25722447,0.670446,set_1
-4.6761792e-07,1.6508192,1.2235166,1.1997825,0.44060767,0.0,0.0,0.1372058,0.67479736,1.8585858,0.8114377,0.9999999,0.027383389,0.23606779,0.7365489,set_1
-4.2347085e-07,1.6960444,1.208455,1.2228276,0.4005728,0.0,0.0,0.1372058,0.67479736,1.959596,0.79367083,0.9999999,0.022048276,0.23096494,0.7469868,set_1
0.0,0.0,0.11653744,0.67479736,15.5798,0.0,0.0,0.11653744,0.67479736,0.0,1.1930486,0.9999999,0.45484594,0.19616324,0.34899083,set_1
-3.0108644e-08,0.5344861,0.72750175,0.81911576,8.099068,0.0,0.0,0.11653744,0.67479736,0.44444442,1.0923495,0.9999999,0.4487453,0.22218251,0.32907215,set_1
-1.09715074e-07,0.88156277,1.0630665,0.9279722,4.0141487,0.0,0.0,0.11653744,0.67479736,0.8080808,1.0143703,0.9999999,0.41315296,0.24348107,0.34336597,set_1
-2.4549317e-07,1.0379716,1.1791416,0.97942835,2.5368838,0.0,0.0,0.11653744,0.67479736,0.989899,0.976893,0.9999999,0.34694573,0.25394875,0.3991055,set_1
-3.1139126e-07,1.1908467,1.2490219,1.0289742,1.5032322,0.0,0.0,0.11653744,0.67479736,1.1717172,0.94039065,0.9999999,0.22247373,0.2646943,0.512832,set_1
-1.1172199e-07,1.4418209,1.2609564,1.1124917,0.69891524,0.0,0.0,0.11653744,0.67479736,1.4949495,0.8779383,0.9999999,0.06987303,0.25599438,0.67413265,set_1
-6.890006e-08,1.543731,1.2420815,1.1521347,0.5439732,0.0,0.0,0.11653744,0.67479736,1.6565657,0.84789056,0.9999999,0.043830987,0.24639809,0.709771,set_1
-9.0727426e-08,1.6293776,1.219544,1.1904173,0.4448251,0.0,0.0,0.11653744,0.67479736,1.8181818,0.81861,0.9999999,0.02936208,0.23723237,0.73340553,set_1
-1.2463735e-07,1.6759999,1.2047186,1.2136686,0.40092623,0.0,0.0,0.11653744,0.67479736,1.919192,0.8007198,0.9999999,0.023485754,0.23198119,0.74453306,set_1
0.0,0.0,0.12439487,0.67479736,15.5798,0.0,0.0,0.12439487,0.67479736,0.0,1.1930486,0.9999999,0.45482227,0.19622861,0.3489491,set_1
-2.3213673e-08,0.4486145,0.6422249,0.7938122,9.218531,0.0,0.0,0.12439487,0.67479736,0.36363634,1.11023,0.9999999,0.45097786,0.21712506,0.33189705,set_1
3.8324842e-08,0.5761565,0.77817535,0.831606,7.5643835,0.0,0.0,0.12439487,0.67479736,0.48484847,1.0835073,0.9999999,0.44720352,0.22482578,0.3279707,set_1
-2.5415255e-07,0.8999933,1.0826645,0.9337863,3.837769,0.0,0.0,0.12439487,0.67479736,0.8282828,1.010151,0.9999999,0.4085444,0.24463217,0.34682348,set_1
-3.101613e-07,1.0560352,1.194553,0.9850291,2.4008641,0.0,0.0,0.12439487,0.67479736,1.010101,0.97276616,0.9999999,0.33572057,0.25532782,0.40895167,set_1
-3.156469e-07,1.2899334,1.2733785,1.0609679,1.0651827,0.0,0.0,0.12439487,0.67479736,1.2929292,0.916601,0.9999999,0.1406913,0.26534352,0.59396523,set_1
-6.2188803e-07,1.4670349,1.261863,1.1225421,0.6494739,0.0,0.0,0.12439487,0.67479736,1.5353535,0.87033665,0.9999999,0.061361976,0.25343224,0.6852058,set_1
-6.049377e-07,1.5528706,1.2445562,1.1570033,0.52356845,0.0,0.0,0.12439487,0.67479736,1.6767677,0.8441995,0.9999999,0.0411194,0.24483533,0.71404535,set_1
-6.9713366e-07,1.6068193,1.2303537,1.1809802,0.46081632,0.0,0.0,0.12439487,0.67479736,1.7777778,0.82588047,0.9999999,0.03196349,0.23907234,0.7289642,set_1
0.0,0.0,0.12304133,0.67479736,15.5798,0.0,0.0,0.12304133,0.67479736,0.0,1.1930486,0.9999999,0.45482635,0.19621733,0.34895632,set_1
-3.6702843e-08,0.44858253,0.641071,0.7938122,9.21855,0.0,0.0,0.12304133,0.67479736,0.36363634,1.11023,0.9999999,0.4509827,0.21711212,0.3319052,set_1
-1.3520332e-07,0.61687136,0.8189374,0.8440021,7.0554333,0.0,0.0,0.12304133,0.67479736,0.5252525,1.0746689,0.9999999,0.44537473,0.22733758,0.32728767,set_1
-1.7566286e-09,0.9352195,1.1097913,0.945337,3.485487,0.0,0.0,0.12304133,0.67479736,0.86868685,1.0017823,0.9999999,0.3975071,0.24682209,0.3556708,set_1
-8.271364e-08,1.0901883,1.212932,0.9961483,2.1366842,0.0,0.0,0.12304133,0.67479736,1.0505049,0.96460396,0.9999999,0.310256,0.2579945,0.43174955,set_1
-1.1763062e-08,1.3366312,1.2747009,1.0766556,0.91359854,0.0,0.0,0.12304133,0.67479736,1.3535353,0.90486825,0.9999999,0.11119066,0.2630613,0.625748,set_1
1.4860868e-07,1.4393327,1.2655678,1.1124955,0.69265556,0.0,0.0,0.12304133,0.67479736,1.4949495,0.8779383,0.9999999,0.06918956,0.25568435,0.6751261,set_1
1.6223714e-07,1.4793783,1.2590636,1.1275243,0.626106,0.0,0.0,0.12304133,0.67479736,1.5555555,0.8665767,0.9999999,0.057591137,0.25208727,0.6903216,set_1
1.6859083e-07,1.5521332,1.2439322,1.1569984,0.5220205,0.0,0.0,0.12304133,0.67479736,1.6767677,0.8441995,0.9999999,0.041034907,0.2447402,0.7142249,set_1
0.0,0.0,0.13122346,0.67479736,15.5798,0.0,0.0,0.13122346,0.67479736,0.0,1.1930486,0.9999999,0.45480165,0.1962854,0.3489129,set_1
-5.558392e-07,0.59707963,0.8038362,0.83781517,7.315279,0.0,0.0,0.13122346,0.67479736,0.5050505,1.0790758,0.9999999,0.44632253,0.22614013,0.3275374,set_1
-5.2512144e-07,0.6771078,0.8843275,0.86240244,6.3350487,0.0,0.0,0.13122346,0.67479736,0.5858586,1.0615716,0.9999999,0.44182464,0.23110485,0.3270705,set_1
-4.5590195e-07,0.7914759,0.99394596,0.8985347,4.9991035,0.0,0.0,0.13122346,0.67479736,0.7070707,1.0356324,0.9999999,0.43032047,0.23812793,0.33155164,set_1
-6.526099e-07,1.021467,1.1786449,0.9738054,2.6795526,0.0,0.0,0.13122346,0.67479736,0.96969694,0.981012,0.9999999,0.35717285,0.2528108,0.39001632,set_1
-6.266575e-07,1.4005879,1.273097,1.0972631,0.7967292,0.0,0.0,0.13122346,0.67479736,1.4343435,0.8893907,0.9999999,0.08665115,0.2600843,0.6532645,set_1
-6.276058e-07,1.4749943,1.2615707,1.1225239,0.68736804,0.0,0.0,0.13122346,0.67479736,1.5353535,0.87033665,0.9999999,0.06486704,0.25542277,0.67971015,set_1
-5.8975246e-07,1.6764004,1.2130207,1.2090454,0.4353162,0.0,0.0,0.13122346,0.67479736,1.8989899,0.80428916,0.9999999,0.025580542,0.23485571,0.73956376,set_1
-5.95376e-07,1.7029865,1.204135,1.222811,0.41146076,0.0,0.0,0.13122346,0.67479736,1.959596,0.79367083,0.9999999,0.02246867,0.23177622,0.74575514,set_1
0.0,0.0,0.13606718,0.67479736,15.5798,0.0,0.0,0.13606718,0.67479736,0.0,1.1930486,0.9999999,0.45478714,0.19632563,0.34888718,set_1
-3.4149572e-08,0.11064718,0.268411,0.7019894,13.941938,0.0,0.0,0.13606718,0.67479736,0.08080807,1.1743225,0.9999999,0.45446137,0.20043977,0.34509894,set_1
-9.781735e-08,0.1888026,0.36080313,0.7221012,12.803229,0.0,0.0,0.13606718,0.67479736,0.14141414,1.1603595,0.9999999,0.45407534,0.20376958,0.34215507,set_1
-2.4963387e-07,0.28741983,0.4760997,0.7485443,11.389223,0.0,0.0,0.13606718,0.67479736,0.22222221,1.141945,0.9999999,0.45330784,0.20850049,0.33819166,set_1
-3.7641857e-07,0.49151167,0.70248365,0.8065129,8.618216,0.0,0.0,0.13606718,0.67479736,0.4040404,1.1012572,0.9999999,0.44988975,0.21987191,0.33023828,set_1
4.550765e-07,0.9857421,1.1573219,0.96250635,2.994022,0.0,0.0,0.13606718,0.67479736,0.9292929,0.9892581,0.9999999,0.37601334,0.25034767,0.37363893,set_1
-2.1542185e-08,1.6261761,1.231423,1.1857079,0.47463524,0.0,0.0,0.13606718,0.67479736,1.7979797,0.8222419,0.9999999,0.031655483,0.23961511,0.7287294,set_1
-6.127344e-08,1.6562462,1.222029,1.1997839,0.44937932,0.0,0.0,0.13606718,0.67479736,1.8585858,0.8114377,0.9999999,0.027768236,0.23668315,0.73554856,set_1
-8.898712e-08,1.6932402,1.2097714,1.2182622,0.41853607,0.0,0.0,0.13606718,0.67479736,1.939394,0.7971853,0.9999999,0.023409039,0.23273647,0.74385446,set_1
0.0,0.0,0.12603322,0.67479736,15.5798,0.0,0.0,0.12603322,0.67479736,0.0,1.1930486,0.9999999,0.45481735,0.19624223,0.34894043,set_1
-1.1948715e-07,0.31165838,0.49200246,0.7550913,11.074272,0.0,0.0,0.12603322,0.67479736,0.24242423,1.137383,0.9999999,0.4530911,0.20959346,0.33731544,set_1
-1.6470479e-07,0.71558726,0.9184582,0.8745497,5.871181,0.0,0.0,0.12603322,0.67479736,0.6262626,1.0528564,0.9999999,0.43879232,0.233458,0.3277497,set_1
-5.2461445e-08,0.7914676,0.98881173,0.898539,5.0088615,0.0,0.0,0.12603322,0.67479736,0.7070707,1.0356324,0.9999999,0.43043837,0.23805855,0.33150312,set_1
2.9432456e-08,0.9528473,1.1258886,0.95108247,3.3116171,0.0,0.0,0.12603322,0.67479736,0.8888889,0.99760306,0.9999999,0.39086425,0.2479863,0.36114943,set_1
4.1564427e-08,1.1892898,1.2575896,1.0289786,1.4842312,0.0,0.0,0.12603322,0.67479736,1.1717172,0.94039065,0.9999999,0.21969214,0.2647224,0.5155855,set_1
-5.3232057e-08,1.3500538,1.2753508,1.0818374,0.878947,0.0,0.0,0.12603322,0.67479736,1.3737373,0.90099496,0.9999999,0.1041304,0.262314,0.6335556,set_1
-1.4624678e-07,1.5155478,1.2531571,1.1423416,0.57253426,0.0,0.0,0.12603322,0.67479736,1.6161616,0.8553099,0.9999999,0.04861878,0.248565,0.70281625,set_1
4.323425e-09,1.689106,1.2039914,1.2228101,0.38455114,0.0,0.0,0.12603322,0.67479736,1.959596,0.79367083,0.9999999,0.021511972,0.22984031,0.74864775,set_1
0.0,0.0,0.13449273,0.6748914,15.5798,0.0,0.0,0.13449273,0.6748914,0.0,1.2520337,0.9999999,0.4549171,0.19599454,0.34908837,set_1
-2.196195e-07,0.4382419,0.6402385,0.7911074,9.347554,0.0,0.0,0.13449273,0.6748914,0.34343433,1.1325369,0.9999999,0.45131212,0.21631955,0.33236834,set_1
-8.8345686e-08,0.6289894,0.8434485,0.84821385,6.8755865,0.0,0.0,0.13449273,0.6748914,0.5252525,1.0787592,0.9999999,0.44479084,0.22799763,0.3272115,set_1
-3.1933828e-07,0.87518716,1.0706382,0.9262414,4.078961,0.0,0.0,0.13449273,0.6748914,0.78787875,1.0129898,0.9999999,0.4148875,0.24300812,0.3421044,set_1
-4.971252e-07,1.0488126,1.196281,0.9832072,2.4614007,0.0,0.0,0.13449273,0.6748914,0.989899,0.9716224,0.9999999,0.3412697,0.25459573,0.40413457,set_1
-4.685675e-07,1.1505792,1.2468554,1.0163186,1.7337455,0.0,0.0,0.13449273,0.6748914,1.111111,0.95056766,0.9999999,0.25982076,0.26225522,0.477924,set_1
-5.3217695e-07,1.3779812,1.2789499,1.0911279,0.8164246,0.0,0.0,0.13449273,0.6748914,1.3939394,0.9133167,0.9999999,0.09313743,0.26031008,0.6465525,set_1
-5.6906805e-07,1.47845,1.2657646,1.1275654,0.6279585,0.0,0.0,0.13449273,0.6748914,1.5353535,0.90049773,0.9999999,0.058993526,0.2519404,0.6890661,set_1
-5.71706e-07,1.622045,1.2315724,1.1891266,0.43890545,0.0,0.0,0.13449273,0.6748914,1.7777778,0.88817024,0.9999999,0.030570177,0.23682736,0.7326024,set_1
0.0,0.0,0.13275822,0.6748914,15.5798,0.0,0.0,0.13275822,0.6748914,0.0,1.2520337,0.9999999,0.4549223,0.19598013,0.34909755,set_1
-2.1969464e-07,0.4605028,0.66286385,0.79758096,9.052448,0.0,0.0,0.13275822,0.6748914,0.36363634,1.1263376,0.9999999,0.4508456,0.21760513,0.33154926,set_1
-3.4553977e-07,0.7276214,0.93593544,0.87879264,5.719449,0.0,0.0,0.13275822,0.6748914,0.6262626,1.0517689,0.9999999,0.43780267,0.23402491,0.32817242,set_1
-4.015328e-08,0.85737896,1.0540698,0.92040217,4.2685285,0.0,0.0,0.13275822,0.6748914,0.7676768,1.0175703,0.9999999,0.41895938,0.24190708,0.3391336,set_1
1.09222164e-07,0.9972035,1.164862,0.96634805,2.8766124,0.0,0.0,0.13275822,0.6748914,0.9292929,0.98301697,0.9999999,0.37015775,0.2508902,0.37895206,set_1
1.6698098e-07,1.0484221,1.1984628,0.9831845,2.4349322,0.0,0.0,0.13275822,0.6748914,0.989899,0.9716224,0.9999999,0.33940926,0.25467256,0.40591815,set_1
-3.5569303e-07,1.4188254,1.2747834,1.106826,0.7114086,0.0,0.0,0.13275822,0.6748914,1.4545455,0.9073568,0.9999999,0.074624166,0.2562707,0.6691051,set_1
-4.2851877e-07,1.487732,1.2634257,1.1327573,0.59634334,0.0,0.0,0.13275822,0.6748914,1.5555555,0.8991031,0.9999999,0.05467352,0.25005132,0.6952751,set_1
-3.9813216e-07,1.6282201,1.2281103,1.194249,0.42041516,0.0,0.0,0.13275822,0.6748914,1.7979797,0.887582,0.9999999,0.028793113,0.23513505,0.7360718,set_1
0.0,0.0,0.11934849,0.6748914,15.5798,0.0,0.0,0.11934849,0.6748914,0.0,1.2520337,0.9999999,0.45496267,0.19586882,0.3491685,set_1
-4.9229214e-08,0.32150465,0.4979543,0.75812453,10.927734,0.0,0.0,0.11934849,0.6748914,0.24242423,1.1652253,0.9999999,0.45315152,0.20974278,0.33710566,set_1
-2.8021444e-07,0.8207272,1.0115769,0.90862596,4.666778,0.0,0.0,0.11934849,0.6748914,0.72727275,1.026815,0.9999999,0.42600253,0.23958012,0.33441734,set_1
-2.6666658e-07,0.96125513,1.1307017,0.9549558,3.1941085,0.0,0.0,0.11934849,0.6748914,0.8888889,0.9912881,0.9999999,0.3864138,0.24839793,0.36518824,set_1
-1.8510099e-07,1.1457391,1.2402208,1.0162278,1.7058961,0.0,0.0,0.11934849,0.6748914,1.111111,0.95056766,0.9999999,0.25678408,0.2621206,0.48109534,set_1
-4.4877987e-07,1.2798407,1.2690319,1.0593779,1.0873764,0.0,0.0,0.11934849,0.6748914,1.2727273,0.9274209,0.9999999,0.14654538,0.26513872,0.5883159,set_1
-8.620349e-07,1.5408952,1.2436625,1.1533409,0.534617,0.0,0.0,0.11934849,0.6748914,1.6363636,0.89387196,0.9999999,0.044282135,0.2455743,0.71014357,set_1
-8.467946e-07,1.5877682,1.2319427,1.173828,0.47687328,0.0,0.0,0.11934849,0.6748914,1.7171717,0.89000416,0.9999999,0.035798162,0.24061829,0.7235836,set_1
-4.621501e-07,1.7282867,1.1858649,1.2450995,0.35180986,0.0,0.0,0.11934849,0.6748914,2.0,0.88692844,0.9999999,0.019075803,0.2254277,0.7554965,set_1
0.0,0.0,0.12532763,0.6748914,15.5798,0.0,0.0,0.12532763,0.6748914,0.0,1.2520337,0.9999999,0.45494464,0.19591849,0.34913692,set_1
-3.0592165e-07,0.5885451,0.7916213,0.83575106,7.4051857,0.0,0.0,0.12532763,0.6748914,0.48484847,1.0903087,0.9999999,0.44684875,0.22531587,0.32783535,set_1
-3.6517469e-07,0.89245486,1.0809478,0.9320123,3.8778615,0.0,0.0,0.12532763,0.6748914,0.8080808,1.0083447,0.9999999,0.41005,0.24404587,0.34590414,set_1
-3.9403425e-08,1.0972146,1.2193274,0.9998507,2.061617,0.0,0.0,0.12532763,0.6748914,1.0505049,0.96073323,0.9999999,0.30281606,0.25846916,0.43871477,set_1
-4.9293014e-08,1.3273611,1.2742195,1.0753509,0.93893003,0.0,0.0,0.12532763,0.6748914,1.3333333,0.91985846,0.9999999,0.11696192,0.2633199,0.6197181,set_1
-7.0031355e-08,1.3764491,1.2713971,1.0911309,0.830569,0.0,0.0,0.12532763,0.6748914,1.3939394,0.9133167,0.9999999,0.09518092,0.26079792,0.64402115,set_1
-1.1538658e-07,1.4555088,1.2601483,1.1171914,0.7117994,0.0,0.0,0.12532763,0.6748914,1.4949495,0.9038296,0.9999999,0.07090603,0.25635576,0.67273825,set_1
-1.5801618e-07,1.5512677,1.2419144,1.1533021,0.5803008,0.0,0.0,0.12532763,0.6748914,1.6363636,0.89387196,0.9999999,0.047639914,0.24837914,0.7039809,set_1
-1.5154116e-07,1.7132502,1.1964743,1.2298584,0.399123,0.0,0.0,0.12532763,0.6748914,1.939394,0.88621306,0.9999999,0.022582479,0.23041567,0.7470018,set_1
0.0,0.0,0.12062701,0.6748914,15.5798,0.0,0.0,0.12062701,0.6748914,0.0,1.2520337,0.9999999,0.45495883,0.1958794,0.34916183,set_1
-3.9337472e-08,0.08722162,0.22592543,0.69626874,14.281984,0.0,0.0,0.12062701,0.6748914,0.06060606,1.2294796,0.9999999,0.45473042,0.19906215,0.3462074,set_1
-7.9847084e-08,0.16946039,0.3237504,0.71725565,13.0792675,0.0,0.0,0.12062701,0.6748914,0.12121212,1.2070858,0.9999999,0.4543745,0.2024578,0.3431677,set_1
-1.2969909e-07,0.5467739,0.74513555,0.823196,7.926792,0.0,0.0,0.12062701,0.6748914,0.44444442,1.1018846,0.9999999,0.44846463,0.22271153,0.3288239,set_1
4.3528857e-08,0.64955187,0.8492974,0.85444987,6.6559715,0.0,0.0,0.12062701,0.6748914,0.5454545,1.0732687,0.9999999,0.44377726,0.22905612,0.3271666,set_1
1.2282224e-07,0.7467988,0.9436579,0.8848951,5.506098,0.0,0.0,0.12062701,0.6748914,0.64646465,1.046689,0.9999999,0.43599683,0.23506679,0.3289364,set_1
2.8967918e-08,0.9118064,1.0894732,0.9378534,3.7175612,0.0,0.0,0.12062701,0.6748914,0.8282828,1.0038979,0.9999999,0.40546146,0.24507686,0.34946167,set_1
2.3366988e-07,1.1977572,1.2567911,1.0326475,1.4291328,0.0,0.0,0.12062701,0.6748914,1.1717172,0.94137883,0.9999999,0.21145478,0.26471132,0.5238339,set_1
2.9163232e-07,1.5948303,1.2264742,1.1738877,0.5279536,0.0,0.0,0.12062701,0.6748914,1.7171717,0.89000416,0.9999999,0.03913394,0.24402052,0.7168455,set_1
0.0,0.0,0.12501493,0.6748914,15.5798,0.0,0.0,0.12501493,0.6748914,0.0,1.2520337,0.9999999,0.45494547,0.1959159,0.3491386,set_1
-2.6706272e-07,0.6693913,0.87224007,0.86056596,6.418128,0.0,0.0,0.12501493,0.6748914,0.56565654,1.0678818,0.9999999,0.44251522,0.23032469,0.3271601,set_1
-2.7012206e-07,0.7278969,0.92925364,0.8788297,5.724791,0.0,0.0,0.12501493,0.6748914,0.6262626,1.0517689,0.9999999,0.43786258,0.23394468,0.32819274,set_1
-2.7350112e-07,0.9285735,1.1081922,0.9435836,3.5299864,0.0,0.0,0.12501493,0.6748914,0.8484848,0.99963874,0.9999999,0.39950684,0.24623086,0.35426232,set_1
-2.5122392e-07,0.9797353,1.1474829,0.96068555,3.0316997,0.0,0.0,0.12501493,0.6748914,0.9090909,0.9870488,0.9999999,0.37862757,0.24963188,0.37174058,set_1
-2.1170983e-07,1.3687379,1.2747316,1.0910735,0.8002797,0.0,0.0,0.12501493,0.6748914,1.3939394,0.9133167,0.9999999,0.09159405,0.25962898,0.648777,set_1
-1.5001083e-07,1.4309815,1.2638438,1.1119782,0.718333,0.0,0.0,0.12501493,0.6748914,1.4747474,0.90561295,0.9999999,0.07377757,0.256615,0.6696074,set_1
-2.9130273e-08,1.5593992,1.2324054,1.1584595,0.61370707,0.0,0.0,0.12501493,0.6748914,1.6565657,0.89288557,0.9999999,0.04927105,0.25020078,0.70052814,set_1
6.707129e-09,1.630107,1.2161361,1.1891367,0.52108634,0.0,0.0,0.12501493,0.6748914,1.7777778,0.88817024,0.9999999,0.035562236,0.24256903,0.7218687,set_1
0.0,0.0,0.12921152,0.6748914,15.5798,0.0,0.0,0.12921152,0.6748914,0.0,1.2520337,0.9999999,0.45493302,0.19595072,0.34911624,set_1
1.1704561e-07,0.5258437,0.72955704,0.8168615,8.200962,0.0,0.0,0.12921152,0.6748914,0.4242424,1.107786,0.9999999,0.44913122,0.22149011,0.32937866,set_1
1.02114385e-07,0.62956727,0.8366921,0.8482617,6.8953094,0.0,0.0,0.12921152,0.6748914,0.5252525,1.0787592,0.9999999,0.4448636,0.2279027,0.32723367,set_1
6.627933e-08,0.8571481,1.0517765,0.9204217,4.265759,0.0,0.0,0.12921152,0.6748914,0.7676768,1.0175703,0.9999999,0.41893217,0.24187867,0.3391891,set_1
-1.6923607e-08,1.2658544,1.2752979,1.0540655,1.1350294,0.0,0.0,0.12921152,0.6748914,1.2525252,0.92997265,0.9999999,0.15613669,0.2653856,0.5784777,set_1
-4.8530275e-08,1.4490405,1.2681235,1.117218,0.66474724,0.0,0.0,0.12921152,0.6748914,1.4949495,0.9038296,0.9999999,0.0660235,0.25401735,0.6799592,set_1
-1.1661538e-07,1.5978231,1.2355665,1.1789414,0.45560077,0.0,0.0,0.12921152,0.6748914,1.7373737,0.88928264,0.9999999,0.03342303,0.23877995,0.72779703,set_1
-1.00845426e-07,1.6300294,1.2259923,1.1942474,0.42202923,0.0,0.0,0.12921152,0.6748914,1.7979797,0.887582,0.9999999,0.028877556,0.23525602,0.7358664,set_1
-3.8085645e-08,1.7076919,1.1994281,1.2349776,0.35268557,0.0,0.0,0.12921152,0.6748914,1.959596,0.8864499,0.9999999,0.020185823,0.22645849,0.7533557,set_1
0.0,0.0,0.13043755,0.6748914,15.5798,0.0,0.0,0.13043755,0.6748914,0.0,1.2520337,0.9999999,0.45492935,0.1959609,0.3491098,set_1
-7.160213e-07,0.649814,0.85722315,0.8544599,6.6543684,0.0,0.0,0.13043755,0.6748914,0.5454545,1.0732687,0.9999999,0.4437348,0.22915344,0.3271118,set_1
-7.043118e-07,0.7279431,0.93390924,0.8788596,5.7204947,0.0,0.0,0.13043755,0.6748914,0.6262626,1.0517689,0.9999999,0.43781564,0.23400481,0.32817954,set_1
-6.843496e-07,0.8212683,1.0211741,0.90869075,4.655347,0.0,0.0,0.13043755,0.6748914,0.72727275,1.026815,0.9999999,0.42580688,0.23971115,0.33448195,set_1
-6.6677995e-07,0.9452647,1.1254333,0.9493438,3.3599238,0.0,0.0,0.13043755,0.6748914,0.86868685,0.9954684,0.9999999,0.39325166,0.24737798,0.35937035,set_1
-6.5614466e-07,1.0814512,1.2150862,0.9943763,2.17727,0.0,0.0,0.13043755,0.6748914,1.030303,0.9641727,0.9999999,0.3153927,0.25724733,0.42736,set_1
-6.5148924e-07,1.1315589,1.2393636,1.0109018,1.8228483,0.0,0.0,0.13043755,0.6748914,1.090909,0.9539924,0.9999999,0.2729876,0.26108,0.4659325,set_1
-6.5027064e-07,1.2785436,1.2768089,1.0595022,1.0799366,0.0,0.0,0.13043755,0.6748914,1.2727273,0.9274209,0.9999999,0.14527784,0.26505345,0.58966875,set_1
-5.63883e-07,1.6450536,1.2210771,1.1942568,0.47204864,0.0,0.0,0.13043755,0.6748914,1.7979797,0.887582,0.9999999,0.031467747,0.23875296,0.7297793,set_1
0.0,0.0,0.13437338,0.6748914,15.5798,0.0,0.0,0.13437338,0.6748914,0.0,1.2520337,0.9999999,0.45491752,0.19599359,0.34908888,set_1
5.6276193e-09,0.08728394,0.23925647,0.69626874,14.281957,0.0,0.0,0.13437338,0.6748914,0.06060606,1.2294796,0.9999999,0.45468795,0.19918008,0.34613198,set_1
-1.3058802e-07,0.24743006,0.42808178,0.73787403,11.956516,0.0,0.0,0.13437338,0.6748914,0.18181817,1.1859499,0.9999999,0.45381746,0.20617037,0.34001222,set_1
3.798219e-07,0.709276,0.9167023,0.8727758,5.960758,0.0,0.0,0.13437338,0.6748914,0.60606056,1.0570462,0.9999999,0.43958765,0.23282403,0.32758835,set_1
2.8920724e-07,1.1186233,1.2328362,1.0053564,1.9506831,0.0,0.0,0.13437338,0.6748914,1.070707,0.9573727,0.9999999,0.28919116,0.2598892,0.45091966,set_1
1.3022432e-07,1.2181711,1.2712481,1.0380409,1.3378842,0.0,0.0,0.13437338,0.6748914,1.1919192,0.9383982,0.9999999,0.19488065,0.2652983,0.5398211,set_1
1.7871164e-07,1.4719272,1.2708557,1.1276076,0.5843549,0.0,0.0,0.13437338,0.6748914,1.5353535,0.90049773,0.9999999,0.055058733,0.24950929,0.69543195,set_1
8.189484e-08,1.5225343,1.2571592,1.1482426,0.5334312,0.0,0.0,0.13437338,0.6748914,1.6161616,0.8950065,0.9999999,0.04538436,0.24572083,0.7088948,set_1
-2.498825e-07,1.6684898,1.2081456,1.2146971,0.44231611,0.0,0.0,0.13437338,0.6748914,1.8787879,0.8864278,0.9999999,0.026881862,0.23506583,0.73805225,set_1
0.0,0.0,0.12368013,0.6748914,15.5798,0.0,0.0,0.12368013,0.6748914,0.0,1.2520337,0.9999999,0.45494956,0.19590478,0.34914568,set_1
2.0516177e-08,0.08723558,0.22888619,0.69626874,14.281979,0.0,0.0,0.12368013,0.6748914,0.06060606,1.2294796,0.9999999,0.4547209,0.19908832,0.34619075,set_1
-3.6861515e-08,0.4601955,0.65623516,0.7975866,9.043879,0.0,0.0,0.12368013,0.6748914,0.36363634,1.1263376,0.9999999,0.45087218,0.21753998,0.33158782,set_1
-3.9029917e-09,0.62957346,0.8317407,0.84826654,6.89981,0.0,0.0,0.12368013,0.6748914,0.5252525,1.0787592,0.9999999,0.4448963,0.22783999,0.32726368,set_1
-6.85398e-08,1.0650702,1.2014148,0.98879355,2.3053327,0.0,0.0,0.12368013,0.6748914,1.010101,0.9677899,0.9999999,0.32802644,0.2558838,0.41608974,set_1
-2.1871745e-07,1.1476061,1.2427337,1.0163352,1.7084372,0.0,0.0,0.12368013,0.6748914,1.111111,0.95056766,0.9999999,0.25695476,0.26218182,0.4808634,set_1
-1.8378137e-07,1.3396144,1.2771902,1.080652,0.8614739,0.0,0.0,0.12368013,0.6748914,1.3535353,0.9176466,0.9999999,0.10400259,0.26131743,0.63468003,set_1
-2.9618937e-07,1.5169367,1.2454468,1.1430645,0.61792314,0.0,0.0,0.12368013,0.6748914,1.5959595,0.89637804,0.9999999,0.053826973,0.25099698,0.69517606,set_1
-3.2935256e-07,1.5691776,1.232175,1.1635969,0.5707813,0.0,0.0,0.12368013,0.6748914,1.6767677,0.8919485,0.9999999,0.044598993,0.24733666,0.7080644,set_1
0.0,0.0,0.10829646,0.67479736,15.5798,0.0,0.0,0.10829646,0.67479736,0.0,1.1930486,0.9999999,0.45487064,0.19609477,0.3490346,set_1
-1.19141134e-07,0.31136417,0.47612014,0.7550913,11.074402,0.0,0.0,0.10829646,0.67479736,0.24242423,1.137383,0.9999999,0.45315048,0.20942923,0.33742025,set_1
-1.3469729e-07,0.38105166,0.55470335,0.7745706,10.117096,0.0,0.0,0.10829646,0.67479736,0.30303028,1.1237453,0.9999999,0.45224455,0.2131608,0.33459467,set_1
-2.1761576e-07,0.616416,0.8069284,0.8440057,7.0569935,0.0,0.0,0.10829646,0.67479736,0.5252525,1.0746689,0.9999999,0.44543466,0.22719152,0.32737383,set_1
-1.7180778e-07,1.0201137,1.1643965,0.97380173,2.6660717,0.0,0.0,0.10829646,0.67479736,0.96969694,0.981012,0.9999999,0.35659358,0.25264028,0.3907661,set_1
-1.4315839e-07,1.1377143,1.228936,1.0126641,1.7704806,0.0,0.0,0.10829646,0.67479736,1.111111,0.9524238,0.9999999,0.26528093,0.26170245,0.47301662,set_1
-4.5633772e-07,1.4220414,1.2575831,1.1074219,0.7238486,0.0,0.0,0.10829646,0.67479736,1.4747474,0.8817567,0.9999999,0.074749954,0.25711122,0.66813886,set_1
-4.3831602e-07,1.6029514,1.220912,1.1809546,0.461416,0.0,0.0,0.10829646,0.67479736,1.7777778,0.82588047,0.9999999,0.032197464,0.23919114,0.72861135,set_1
-5.159936e-07,1.6956544,1.1913121,1.2273498,0.37637615,0.0,0.0,0.10829646,0.67479736,1.979798,0.7901616,0.9999999,0.02070475,0.2288604,0.7504349,set_1
0.0,0.0,0.103140034,0.67479736,15.5798,0.0,0.0,0.103140034,0.67479736,0.0,1.1930486,0.9999999,0.4548863,0.19605187,0.34906185,set_1
-9.3435354e-08,0.21385202,0.35905713,0.7287523,12.446126,0.0,0.0,0.103140034,0.67479736,0.16161615,1.1557541,0.9999999,0.45401815,0.20461518,0.3413667,set_1
-1.1537403e-07,0.3573187,0.52689433,0.7681026,10.41035,0.0,0.0,0.103140034,0.67479736,0.28282827,1.1282976,0.9999999,0.45259398,0.21189569,0.3355104,set_1
-1.287995e-07,0.57400846,0.765601,0.8316091,7.52683,0.0,0.0,0.103140034,0.67479736,0.48484847,1.0835073,0.9999999,0.44721913,0.224705,0.3280759,set_1
-7.845803e-08,0.8288251,1.0007575,0.91039133,4.6352634,0.0,0.0,0.103140034,0.67479736,0.74747473,1.0270977,0.9999999,0.42520678,0.24000902,0.3347842,set_1
-6.91607e-08,0.93615174,1.0904859,0.945347,3.525699,0.0,0.0,0.103140034,0.67479736,0.86868685,1.0017823,0.9999999,0.39880982,0.24656911,0.35462117,set_1
-8.439772e-08,1.1226462,1.2137648,1.0071981,1.9157131,0.0,0.0,0.103140034,0.67479736,1.090909,0.9564893,0.9999999,0.2842396,0.26035294,0.45540753,set_1
-2.5130151e-07,1.4387739,1.2511288,1.1124887,0.7110741,0.0,0.0,0.103140034,0.67479736,1.4949495,0.8779383,0.9999999,0.07149462,0.2565668,0.67193854,set_1
-2.3223257e-07,1.4917723,1.2432101,1.1324829,0.6191218,0.0,0.0,0.103140034,0.67479736,1.5757575,0.8628249,0.9999999,0.055714615,0.25161302,0.6926723,set_1
0.0,0.0,0.10812185,0.67479736,15.5798,0.0,0.0,0.10812185,0.67479736,0.0,1.1930486,0.9999999,0.45487127,0.19609328,0.34903544,set_1
-8.1970775e-08,0.21390796,0.36367625,0.7287523,12.4461,0.0,0.0,0.10812185,0.67479736,0.16161615,1.1557541,0.9999999,0.45400202,0.20465998,0.341338,set_1
-4.8490158e-08,0.59542763,0.7883887,0.83782387,7.2897263,0.0,0.0,0.10812185,0.67479736,0.5050505,1.0790758,0.9999999,0.44635737,0.22597563,0.32766694,set_1
-2.6220718e-07,0.8827436,1.0527426,0.9279637,4.0476565,0.0,0.0,0.10812185,0.67479736,0.8080808,1.0143703,0.9999999,0.41384685,0.24335003,0.34280312,set_1
-1.8084016e-07,0.986386,1.1374053,0.9624815,2.9971123,0.0,0.0,0.10812185,0.67479736,0.9292929,0.9892581,0.9999999,0.3763288,0.2501138,0.37355742,set_1
-5.1312566e-07,1.3526876,1.2611792,1.0818417,0.90346265,0.0,0.0,0.10812185,0.67479736,1.3737373,0.90099496,0.9999999,0.10767657,0.2630503,0.6292732,set_1
-5.678583e-07,1.4934225,1.2464397,1.1324873,0.6176865,0.0,0.0,0.10812185,0.67479736,1.5757575,0.8628249,0.9999999,0.05547451,0.25152674,0.6929987,set_1
-5.5705584e-07,1.6379799,1.2108684,1.1951042,0.44245213,0.0,0.0,0.10812185,0.67479736,1.8383838,0.81501347,0.9999999,0.028511992,0.23672555,0.7347625,set_1
-5.5113696e-07,1.7100928,1.1867368,1.23189,0.38404578,0.0,0.0,0.10812185,0.67479736,2.0,0.7866427,0.9999999,0.020372538,0.22895053,0.750677,set_1
0.0,0.0,0.10328461,0.67479736,15.5798,0.0,0.0,0.10328461,0.67479736,0.0,1.1930486,0.9999999,0.4548858,0.19605303,0.34906116,set_1
-2.816508e-08,0.16296495,0.29934943,0.7154241,13.1775255,0.0,0.0,0.10328461,0.67479736,0.12121212,1.1649835,0.9999999,0.454323,0.20234415,0.3433329,set_1
-3.2482447e-08,0.46997756,0.6480961,0.8001796,8.929558,0.0,0.0,0.10328461,0.67479736,0.38383836,1.1057492,0.9999999,0.45056495,0.21820761,0.33122742,set_1
-3.1853884e-07,0.90374434,1.0646752,0.9337855,3.8606203,0.0,0.0,0.10328461,0.67479736,0.8282828,1.010151,0.9999999,0.40911865,0.24445462,0.34642678,set_1
-2.7790634e-07,1.1369586,1.2281476,1.0126644,1.7502117,0.0,0.0,0.10328461,0.67479736,1.111111,0.9524238,0.9999999,0.26292136,0.26170832,0.4753703,set_1
-2.654708e-07,1.267266,1.2634356,1.0556854,1.0808363,0.0,0.0,0.10328461,0.67479736,1.2727273,0.9205396,0.9999999,0.1463819,0.26489002,0.5887281,set_1
-2.9871887e-07,1.3864481,1.2642756,1.0972593,0.7254003,0.0,0.0,0.10328461,0.67479736,1.4343435,0.8893907,0.9999999,0.07900807,0.25698432,0.66400766,set_1
-2.419099e-07,1.5093098,1.2381811,1.1423515,0.5820079,0.0,0.0,0.10328461,0.67479736,1.6161616,0.8553099,0.9999999,0.049834527,0.24918115,0.70098436,set_1
-2.0055886e-07,1.5816157,1.2179539,1.1714449,0.5295531,0.0,0.0,0.10328461,0.67479736,1.7373737,0.83314806,0.9999999,0.038611148,0.24450123,0.71688753,set_1
0.0,0.0,0.10790601,0.67479736,15.5798,0.0,0.0,0.10790601,0.67479736,0.0,1.1930486,0.9999999,0.4548719,0.19609146,0.3490366,set_1
1.6765857e-07,0.51309264,0.6979787,0.8128301,8.370806,0.0,0.0,0.10790601,0.67479736,0.4242424,1.0967878,0.9999999,0.44942492,0.22081737,0.32975772,set_1
1.7413919e-07,0.73401064,0.92546946,0.880588,5.626883,0.0,0.0,0.10790601,0.67479736,0.64646465,1.0485419,0.9999999,0.43695676,0.23451138,0.32853183,set_1
4.2293294e-08,1.121245,1.2173525,1.0071867,1.9122503,0.0,0.0,0.10790601,0.67479736,1.090909,0.9564893,0.9999999,0.28385434,0.2603795,0.4557661,set_1
6.920703e-08,1.1710737,1.2370908,1.023563,1.6014304,0.0,0.0,0.10790601,0.67479736,1.1515151,0.9443856,0.9999999,0.23886706,0.2637325,0.49740046,set_1
8.666828e-08,1.2371447,1.2542484,1.0450752,1.2705728,0.0,0.0,0.10790601,0.67479736,1.2323232,0.9284182,0.9999999,0.18047643,0.26595747,0.55356604,set_1
6.1102234e-08,1.3027173,1.2617537,1.0662212,1.0278107,0.0,0.0,0.10790601,0.67479736,1.3131312,0.9126587,0.9999999,0.13299164,0.26499757,0.6020108,set_1
-2.0427964e-07,1.5493383,1.2331023,1.1521252,0.57712996,0.0,0.0,0.10790601,0.67479736,1.6565657,0.84789056,0.9999999,0.046411164,0.24848089,0.70510787,set_1
-2.375237e-07,1.6158075,1.2171675,1.1809615,0.49414954,0.0,0.0,0.10790601,0.67479736,1.7777778,0.82588047,0.9999999,0.033979047,0.24141993,0.7246011,set_1
0.0,0.0,0.10572606,0.67479736,15.5798,0.0,0.0,0.10572606,0.67479736,0.0,1.1930486,0.9999999,0.4548785,0.19607331,0.34904823,set_1
-5.6185982e-08,0.110472776,0.23922622,0.7019894,13.942017,0.0,0.0,0.10572606,0.67479736,0.08080807,1.1743225,0.9999999,0.45455596,0.20017686,0.34526718,set_1
-6.589811e-08,0.40369385,0.57764673,0.7810133,9.810866,0.0,0.0,0.10572606,0.67479736,0.32323232,1.1192132,0.9999999,0.4518874,0.21440189,0.33371067,set_1
-1.9356854e-07,0.5550815,0.74057627,0.8253727,7.832644,0.0,0.0,0.10572606,0.67479736,0.46464646,1.0879277,0.9999999,0.44807112,0.22335665,0.32857218,set_1
-3.010498e-07,0.69572353,0.88313603,0.86848617,6.1055655,0.0,0.0,0.10572606,0.67479736,0.60606056,1.0572008,0.9999999,0.44050187,0.23205842,0.3274397,set_1
-4.8942985e-07,1.1704772,1.2387259,1.0235658,1.5770893,0.0,0.0,0.10572606,0.67479736,1.1515151,0.9443856,0.9999999,0.23563771,0.2637293,0.50063306,set_1
-4.799752e-07,1.3286407,1.2651205,1.0766599,0.90032864,0.0,0.0,0.10572606,0.67479736,1.3535353,0.90486825,0.9999999,0.10999678,0.26254418,0.62745905,set_1
-5.1166e-07,1.4944147,1.2390229,1.1324912,0.66512406,0.0,0.0,0.10572606,0.67479736,1.5757575,0.8628249,0.9999999,0.05999239,0.2541513,0.6858563,set_1
-5.182396e-07,1.6547385,1.2011936,1.1997826,0.47845566,0.0,0.0,0.10572606,0.67479736,1.8585858,0.8114377,0.9999999,0.029600188,0.23892614,0.7314736,set_1
0.0,0.0,0.10636815,0.67479736,15.5798,0.0,0.0,0.10636815,0.67479736,0.0,1.1930486,0.9999999,0.45487657,0.1960786,0.3490448,set_1
-6.832337e-08,0.18863332,0.33247235,0.7221014,12.807817,0.0,0.0,0.10636815,0.67479736,0.14141414,1.1603595,0.9999999,0.45416915,0.20349766,0.34233326,set_1
2.6103706e-08,0.51296824,0.69718707,0.8128285,8.366964,0.0,0.0,0.10636815,0.67479736,0.4242424,1.0967878,0.9999999,0.44942656,0.22081198,0.32976142,set_1
-4.4677725e-07,0.87880474,1.0572628,0.9279657,4.000488,0.0,0.0,0.10636815,0.67479736,0.8080808,1.0143703,0.9999999,0.41296244,0.24338187,0.3436557,set_1
-4.9046287e-07,0.94606435,1.1167674,0.9510772,3.270909,0.0,0.0,0.10636815,0.67479736,0.8888889,0.99760306,0.9999999,0.3896636,0.24781388,0.36252248,set_1
-5.1321393e-07,0.9960189,1.1553836,0.96815866,2.7827756,0.0,0.0,0.10636815,0.67479736,0.94949496,0.98512876,0.9999999,0.36471853,0.25136316,0.38391826,set_1
-3.88418e-07,1.2355752,1.2527022,1.0450654,1.274586,0.0,0.0,0.10636815,0.67479736,1.2323232,0.9284182,0.9999999,0.18119423,0.26595446,0.5528514,set_1
-1.7033359e-07,1.4335216,1.2485585,1.1074208,0.79008055,0.0,0.0,0.10636815,0.67479736,1.4747474,0.8817567,0.9999999,0.08208304,0.26007846,0.6578385,set_1
-1.5461355e-07,1.7034248,1.1893574,1.2228035,0.42004806,0.0,0.0,0.10636815,0.67479736,1.959596,0.79367083,0.9999999,0.022992976,0.23254548,0.74446154,set_1
0.0,0.0,0.110851884,0.67479736,15.5798,0.0,0.0,0.110851884,0.67479736,0.0,1.1930486,0.9999999,0.45486304,0.19611597,0.34902102,set_1
-1.5483994e-07,0.28755102,0.45121962,0.74854726,11.406448,0.0,0.0,0.110851884,0.67479736,0.22222221,1.141945,0.9999999,0.45338884,0.20823629,0.33837485,set_1
-1.7646143e-07,0.69576275,0.8876569,0.86849046,6.10139,0.0,0.0,0.110851884,0.67479736,0.60606056,1.0572008,0.9999999,0.44046247,0.2321167,0.32742086,set_1
2.489699e-08,0.93430495,1.1020671,0.9453361,3.4773989,0.0,0.0,0.110851884,0.67479736,0.86868685,1.0017823,0.9999999,0.39734343,0.24672294,0.35593367,set_1
1.254036e-07,1.0870072,1.2073034,0.9961544,2.1146808,0.0,0.0,0.110851884,0.67479736,1.0505049,0.96460396,0.9999999,0.30846232,0.2579254,0.4336123,set_1
1.1959582e-07,1.1371362,1.2307868,1.0126685,1.7690508,0.0,0.0,0.110851884,0.67479736,1.111111,0.9524238,0.9999999,0.2650965,0.26171666,0.47318685,set_1
-4.363959e-08,1.2690473,1.2636657,1.0556848,1.117851,0.0,0.0,0.110851884,0.67479736,1.2727273,0.9205396,0.9999999,0.15177514,0.26553935,0.58268553,set_1
-3.5066577e-07,1.5384105,1.2386745,1.152116,0.54263294,0.0,0.0,0.110851884,0.67479736,1.6565657,0.84789056,0.9999999,0.043911085,0.24633844,0.7097505,set_1
-4.2900672e-07,1.6885235,1.1953955,1.2228028,0.38609186,0.0,0.0,0.110851884,0.67479736,1.959596,0.79367083,0.9999999,0.02167119,0.2300371,0.74829173,set_1
0.0,0.0,0.108434714,0.67479736,15.5798,0.0,0.0,0.108434714,0.67479736,0.0,1.1930486,0.9999999,0.45487016,0.19609588,0.3490339,set_1
3.878035e-08,0.13696022,0.2733618,0.7087202,13.555477,0.0,0.0,0.108434714,0.67479736,0.1010101,1.169641,0.9999999,0.4544346,0.20128411,0.3442813,set_1
1.1161743e-07,0.28753358,0.44912812,0.748548,11.4056425,0.0,0.0,0.108434714,0.67479736,0.22222221,1.141945,0.9999999,0.4533969,0.20821597,0.3383871,set_1
-1.8625352e-07,0.5963588,0.7854672,0.83781743,7.3151336,0.0,0.0,0.108434714,0.67479736,0.5050505,1.0790758,0.9999999,0.44640765,0.22592087,0.32767144,set_1
-2.9625156e-07,0.734596,0.9225536,0.8805804,5.653346,0.0,0.0,0.108434714,0.67479736,0.64646465,1.0485419,0.9999999,0.43712083,0.2344576,0.3284216,set_1
-2.465538e-07,0.901798,1.0715181,0.93378085,3.8354142,0.0,0.0,0.108434714,0.67479736,0.8282828,1.010151,0.9999999,0.4085423,0.2445272,0.34693047,set_1
-5.0500427e-07,1.2822477,1.2656091,1.0609673,1.0434074,0.0,0.0,0.108434714,0.67479736,1.2929292,0.916601,0.9999999,0.13809171,0.26476362,0.59714466,set_1
-4.7978847e-07,1.4485285,1.2522776,1.1175215,0.6863583,0.0,0.0,0.108434714,0.67479736,1.5151515,0.87411964,0.9999999,0.067154266,0.25536487,0.6774808,set_1
-3.9925814e-07,1.6011575,1.2167108,1.1762155,0.53212184,0.0,0.0,0.108434714,0.67479736,1.7575758,0.8295109,0.9999999,0.03752557,0.24433993,0.7181345,set_1
0.0,0.0,0.115955085,0.67479736,15.5798,0.0,0.0,0.115955085,0.67479736,0.0,1.1930486,0.9999999,0.45484772,0.19615836,0.3489939,set_1
3.8161934e-07,1.0376849,1.178937,0.9794309,2.5352073,0.0,0.0,0.115955085,0.67479736,0.989899,0.976893,0.9999999,0.34684744,0.25394502,0.3992075,set_1
3.4676376e-07,1.253942,1.2635449,1.0503983,1.1912199,0.0,0.0,0.115955085,0.67479736,1.2525252,0.9244737,0.9999999,0.1654978,0.2659336,0.5685686,set_1
3.772187e-07,1.3993976,1.263664,1.0972663,0.7965653,0.0,0.0,0.115955085,0.67479736,1.4343435,0.8893907,0.9999999,0.08691512,0.26004612,0.65303874,set_1
3.9899874e-07,1.4598367,1.2546855,1.1175184,0.707659,0.0,0.0,0.115955085,0.67479736,1.5151515,0.87411964,0.9999999,0.068948366,0.256447,0.67460465,set_1
4.1203987e-07,1.550914,1.2375768,1.1521283,0.5796171,0.0,0.0,0.115955085,0.67479736,1.6565657,0.84789056,0.9999999,0.046488985,0.24861604,0.70489496,set_1
4.252148e-07,1.5961702,1.2270827,1.1714364,0.52108926,0.0,0.0,0.115955085,0.67479736,1.7373737,0.83314806,0.9999999,0.037601545,0.24384546,0.71855295,set_1
3.032363e-07,1.6759812,1.204321,1.2090483,0.4365304,0.0,0.0,0.115955085,0.67479736,1.8989899,0.80428916,0.9999999,0.02574694,0.23501529,0.7392378,set_1
2.629787e-07,1.7026083,1.195551,1.2228137,0.4125362,0.0,0.0,0.115955085,0.67479736,1.959596,0.79367083,0.9999999,0.022610754,0.23193365,0.74545556,set_1
0.0,0.0,0.11149351,0.67572254,29.212,0.0,0.0,0.11149351,0.67572254,0.0,1.2237259,0.9999999,0.44324836,0.17241119,0.3843404,set_2
6.432795e-09,0.12071793,0.27054316,0.71028,26.549774,0.0,0.0,0.11149351,0.67572254,0.1010101,1.1831591,0.9999999,0.44122952,0.17863256,0.38013795,set_2
-1.909547e-07,0.43437225,0.64980996,0.80769134,20.247972,0.0,0.0,0.11149351,0.67572254,0.4040404,1.082784,0.9999999,0.43410656,0.19975549,0.36613795,set_2
-1.940446e-07,0.49056062,0.71210945,0.826208,19.218815,0.0,0.0,0.11149351,0.67572254,0.46464646,1.0667342,0.9999999,0.43249503,0.20431253,0.3631925,set_2
1.958212e-08,0.68388605,0.9127846,0.8919321,15.913036,0.0,0.0,0.11149351,0.67572254,0.68686867,1.0182031,0.9999999,0.42608383,0.22142276,0.35249346,set_2
2.4219085e-07,0.9137944,1.1235921,0.9720592,12.472724,0.0,0.0,0.11149351,0.67572254,0.96969694,0.98126906,0.9999999,0.41676795,0.24255279,0.34067926,set_2
1.2227564e-07,1.347075,1.4529831,1.1291018,7.156138,0.0,0.0,0.11149351,0.67572254,1.5353535,0.9907137,0.9999999,0.389611,0.27112162,0.33926734,set_2
5.1467183e-08,1.421601,1.4998744,1.1577697,6.3727827,0.0,0.0,0.11149351,0.67572254,1.6363636,1.0041791,0.9999999,0.38123193,0.27336764,0.34540042,set_2
-5.3395468e-08,1.5665433,1.584736,1.2164978,4.917862,0.0,0.0,0.11149351,0.67572254,1.8383838,1.0417706,0.9999999,0.3553053,0.27554804,0.36914656,set_2
0.0,0.0,0.10775484,0.67572254,29.212,0.0,0.0,0.10775484,0.67572254,0.0,1.2237259,0.9999999,0.44327077,0.17236859,0.38436064,set_2
-2.3871473e-07,0.23167168,0.40753502,0.7437209,24.206745,0.0,0.0,0.10775484,0.67572254,0.2020202,1.1461467,0.9999999,0.43906265,0.18523495,0.3757024,set_2
-3.0001186e-07,0.7508525,0.9746848,0.91508925,14.855389,0.0,0.0,0.10775484,0.67572254,0.7676768,1.0047966,0.9999999,0.4235818,0.22760144,0.34881675,set_2
-3.0102376e-07,0.81713194,1.0358706,0.93801254,13.859673,0.0,0.0,0.10775484,0.67572254,0.8484848,0.9935281,0.9999999,0.42094326,0.23373094,0.34532577,set_2
-4.8102254e-07,0.9947402,1.1884547,1.0000535,11.391173,0.0,0.0,0.10775484,0.67572254,1.070707,0.97483444,0.9999999,0.4130738,0.2493603,0.33756593,set_2
-5.4366944e-07,1.0578343,1.2390393,1.0223949,10.576185,0.0,0.0,0.10775484,0.67572254,1.1515151,0.97210526,0.9999999,0.4099166,0.2543691,0.3357143,set_2
-4.8873767e-07,1.1666671,1.3221545,1.0614817,9.2372055,0.0,0.0,0.10775484,0.67572254,1.2929292,0.97312444,0.9999999,0.40376994,0.26198348,0.33424655,set_2
-2.7143204e-07,1.2584069,1.38839,1.0951568,8.16679,0.0,0.0,0.10775484,0.67572254,1.4141414,0.97921836,0.9999999,0.39749205,0.26719564,0.33531222,set_2
6.2686496e-09,1.664028,1.6367829,1.2590487,3.9684503,0.0,0.0,0.10775484,0.67572254,1.979798,1.076794,0.9999999,0.3237193,0.2760228,0.40025795,set_2
0.0,0.0,0.110505864,0.67572254,29.212,0.0,0.0,0.110505864,0.67572254,0.0,1.2237259,0.9999999,0.44325426,0.17239994,0.3843458,set_2
-3.2139244e-08,0.23172273,0.41003633,0.7437209,24.20675,0.0,0.0,0.110505864,0.67572254,0.2020202,1.1461467,0.9999999,0.43904486,0.18526924,0.37568584,set_2
-7.713029e-08,0.39444512,0.6042753,0.7951733,20.980251,0.0,0.0,0.110505864,0.67572254,0.36363634,1.0944856,0.9999999,0.43517092,0.1967049,0.3681242,set_2
-1.03051335e-07,0.5436901,0.7692205,0.84443516,18.256466,0.0,0.0,0.110505864,0.67572254,0.5252525,1.0515054,0.9999999,0.4308464,0.20888197,0.3602716,set_2
-5.5350753e-08,1.3189166,1.4317545,1.1177493,7.4893646,0.0,0.0,0.110505864,0.67572254,1.4949495,0.9865167,0.9999999,0.3924713,0.26996973,0.33755895,set_2
-3.2674755e-08,1.4370667,1.5095513,1.1635367,6.211339,0.0,0.0,0.110505864,0.67572254,1.6565657,1.0074633,0.9999999,0.3791781,0.2737173,0.3471046,set_2
-6.495719e-08,1.4949253,1.5455049,1.1868422,5.6097465,0.0,0.0,0.110505864,0.67572254,1.7373737,1.021198,0.9999999,0.36998877,0.27478302,0.3552282,set_2
-3.1679697e-08,1.5802478,1.5950682,1.2224483,4.7566876,0.0,0.0,0.110505864,0.67572254,1.8585858,1.0464782,0.9999999,0.35118732,0.27561423,0.37319842,set_2
7.831473e-08,1.6780946,1.6446793,1.2651867,3.8454335,0.0,0.0,0.110505864,0.67572254,2.0,1.0821611,0.9999999,0.31809485,0.27612826,0.40577692,set_2
0.0,0.0,0.109380245,0.67572254,29.212,0.0,0.0,0.109380245,0.67572254,0.0,1.2237259,0.9999999,0.4432611,0.17238708,0.38435185,set_2
1.3307074e-07,0.1883021,0.35480404,0.73046696,25.11001,0.0,0.0,0.109380245,0.67572254,0.16161615,1.1606475,0.9999999,0.43994984,0.1825454,0.3775048,set_2
8.55357e-08,0.50718224,0.7292787,0.83230054,18.898922,0.0,0.0,0.109380245,0.67572254,0.48484847,1.0616484,0.9999999,0.43197978,0.20576423,0.36225602,set_2
1.8856507e-07,0.6662764,0.894217,0.8860458,16.189392,0.0,0.0,0.109380245,0.67572254,0.6666667,1.0218896,0.9999999,0.4267207,0.21981527,0.35346395,set_2
1.1752605e-07,0.8828367,1.0953124,0.9607664,12.915805,0.0,0.0,0.109380245,0.67572254,0.9292929,0.98454535,0.9999999,0.4181739,0.23971227,0.34211388,set_2
4.2451805e-07,1.4080443,1.4901836,1.1520802,6.520073,0.0,0.0,0.109380245,0.67572254,1.6161616,1.0011533,0.9999999,0.38302812,0.27298647,0.34398544,set_2
4.2929284e-07,1.4662925,1.5271995,1.1752348,5.9058523,0.0,0.0,0.109380245,0.67572254,1.6969697,1.0141178,0.9999999,0.37484238,0.2743025,0.35085508,set_2
3.7715262e-07,1.59443,1.6021426,1.2285297,4.619812,0.0,0.0,0.109380245,0.67572254,1.8787879,1.0512546,0.9999999,0.3472842,0.2756858,0.37703001,set_2
3.2057733e-07,1.6781906,1.6440635,1.2652411,3.8449352,0.0,0.0,0.109380245,0.67572254,2.0,1.0821611,0.9999999,0.31808254,0.27612108,0.40579638,set_2
0.0,0.0,0.118726455,0.67572254,29.212,0.0,0.0,0.118726455,0.67572254,0.0,1.2237259,0.9999999,0.44320497,0.17249364,0.38430142,set_2
2.9980825e-07,0.43272898,0.65447235,0.8076173,20.262966,0.0,0.0,0.118726455,0.67572254,0.4040404,1.082784,0.9999999,0.43407983,0.199784,0.36613616,set_2
4.5217837e-07,0.579711,0.8133555,0.85640466,17.63868,0.0,0.0,0.118726455,0.67572254,0.56565654,1.0425354,0.9999999,0.42963946,0.21211085,0.35824975,set_2
5.765427e-07,0.76898354,0.9991604,0.92088914,14.593076,0.0,0.0,0.118726455,0.67572254,0.78787875,1.0018091,0.9999999,0.42283496,0.22934315,0.34782183,set_2
3.129351e-07,0.8840401,1.1021085,0.9608017,12.914469,0.0,0.0,0.118726455,0.67572254,0.9292929,0.98454535,0.9999999,0.4180974,0.23985375,0.34204885,set_2
-4.5159078e-07,1.1216655,1.2940577,1.0448496,9.799762,0.0,0.0,0.118726455,0.67572254,1.2323232,0.97163844,0.9999999,0.4064449,0.25904378,0.33451134,set_2
-5.198769e-07,1.3495449,1.4567342,1.1291122,7.161288,0.0,0.0,0.118726455,0.67572254,1.5353535,0.9907137,0.9999999,0.38957527,0.2712041,0.3392206,set_2
-3.7399934e-07,1.5245984,1.5672704,1.1987079,5.3179116,0.0,0.0,0.118726455,0.67572254,1.7777778,1.0292679,0.9999999,0.36441648,0.27521223,0.36037126,set_2
-3.5361845e-07,1.567244,1.5917482,1.2165582,4.8938246,0.0,0.0,0.118726455,0.67572254,1.8383838,1.0417706,0.9999999,0.35475168,0.27558887,0.36965948,set_2
0.0,0.0,0.11576983,0.67572254,29.212,0.0,0.0,0.11576983,0.67572254,0.0,1.2237259,0.9999999,0.44322273,0.17245995,0.38431734,set_2
6.158983e-08,0.12075942,0.27461314,0.71028,26.549778,0.0,0.0,0.11576983,0.67572254,0.1010101,1.1831591,0.9999999,0.44120276,0.17868373,0.3801135,set_2
7.6721875e-08,0.2741987,0.46662998,0.7568048,23.343395,0.0,0.0,0.11576983,0.67572254,0.24242423,1.1323115,0.9999999,0.43808293,0.18811399,0.37380314,set_2
1.3791421e-09,0.68355113,0.91581917,0.8918799,15.915039,0.0,0.0,0.11576983,0.67572254,0.68686867,1.0182031,0.9999999,0.42605948,0.22146618,0.35247427,set_2
-9.55617e-08,1.0587788,1.2444687,1.0225291,10.573487,0.0,0.0,0.11576983,0.67572254,1.1515151,0.97210526,0.9999999,0.40985075,0.25448215,0.3356671,set_2
-4.7632668e-08,1.1211228,1.2924895,1.0448093,9.797689,0.0,0.0,0.11576983,0.67572254,1.2323232,0.97163844,0.9999999,0.40646207,0.25901338,0.33452454,set_2
1.4315953e-07,1.3189428,1.4346074,1.1175988,7.4942875,0.0,0.0,0.11576983,0.67572254,1.4949495,0.9865167,0.9999999,0.39246622,0.27001205,0.33752176,set_2
9.240114e-08,1.4660406,1.5306342,1.1749623,5.911552,0.0,0.0,0.11576983,0.67572254,1.6969697,1.0141178,0.9999999,0.37487203,0.2743538,0.35077417,set_2
2.4160732e-07,1.6224768,1.6203226,1.2404543,4.3568015,0.0,0.0,0.11576983,0.67572254,1.919192,1.0607102,0.9999999,0.33877143,0.27587572,0.38535285,set_2
0.0,0.0,0.12128849,0.67572254,29.212,0.0,0.0,0.12128849,0.67572254,0.0,1.2237259,0.9999999,0.44318965,0.17252281,0.38428757,set_2
-5.747192e-07,0.61450624,0.8510212,0.86826634,17.049053,0.0,0.0,0.12128849,0.67572254,0.60606056,1.0336382,0.9999999,0.4284535,0.21525165,0.3562948,set_2
-5.399575e-07,0.7346744,0.9688239,0.9092558,15.115324,0.0,0.0,0.12128849,0.67572254,0.74747473,1.0077755,0.9999999,0.4241282,0.22622994,0.34964186,set_2
-5.1935865e-07,0.80144864,1.0307139,0.93225735,14.103904,0.0,0.0,0.12128849,0.67572254,0.8282828,0.9959549,0.9999999,0.4215137,0.23239817,0.34608814,set_2
-5.172445e-07,0.86714673,1.0892285,0.9550301,13.150441,0.0,0.0,0.12128849,0.67572254,0.9090909,0.9865754,0.9999999,0.41879258,0.23839097,0.3428164,set_2
-5.374729e-07,0.9319395,1.1447432,0.97762835,12.248181,0.0,0.0,0.12128849,0.67572254,0.989899,0.9796783,0.9999999,0.41595405,0.24412863,0.33991733,set_2
-6.5725044e-07,1.183506,1.3420581,1.0671635,9.053336,0.0,0.0,0.12128849,0.67572254,1.3131312,0.97358173,0.9999999,0.4027022,0.2631016,0.33419618,set_2
-7.5308384e-07,1.3198959,1.438689,1.1177831,7.485753,0.0,0.0,0.12128849,0.67572254,1.4949495,0.9865167,0.9999999,0.39237648,0.27008587,0.33753765,set_2
-3.4259088e-07,1.6234984,1.6233706,1.2405776,4.3552127,0.0,0.0,0.12128849,0.67572254,1.919192,1.0607102,0.9999999,0.33866954,0.27591756,0.3854129,set_2
0.0,0.0,0.12071872,0.67572254,29.212,0.0,0.0,0.12071872,0.67572254,0.0,1.2237259,0.9999999,0.44319308,0.17251633,0.3842906,set_2
1.51371e-08,0.14372034,0.30867866,0.71705145,26.057901,0.0,0.0,0.12071872,0.67572254,0.12121212,1.175325,0.9999999,0.44074684,0.18004075,0.37921238,set_2
-7.6801655e-08,0.31524384,0.5202254,0.7697083,22.523172,0.0,0.0,0.12071872,0.67572254,0.28282827,1.1193033,0.9999999,0.43709844,0.19100103,0.37190056,set_2
7.017704e-08,0.8513788,1.0750709,0.9495493,13.37524,0.0,0.0,0.12071872,0.67572254,0.8888889,0.9889675,0.9999999,0.41947258,0.23694551,0.3435819,set_2
8.5061835e-08,0.9646243,1.171789,0.98906666,11.80514,0.0,0.0,0.12071872,0.67572254,1.030303,0.97668946,0.9999999,0.4144656,0.24691772,0.3386166,set_2
-1.4996186e-07,1.2142017,1.3638818,1.078353,8.693819,0.0,0.0,0.12071872,0.67572254,1.3535353,0.97558916,0.9999999,0.4006889,0.2648972,0.33441395,set_2
-2.3369424e-07,1.3049232,1.4275421,1.1120547,7.6584167,0.0,0.0,0.12071872,0.67572254,1.4747474,0.98462325,0.9999999,0.39374074,0.26944035,0.33681893,set_2
-2.7161258e-07,1.3793237,1.477568,1.1404667,6.8396053,0.0,0.0,0.12071872,0.67572254,1.5757575,0.9959522,0.9999999,0.3864422,0.27222538,0.34133232,set_2
-1.5504149e-07,1.6374328,1.6302276,1.2466915,4.224118,0.0,0.0,0.12071872,0.67572254,1.939394,1.0658963,0.9999999,0.33394977,0.27597713,0.39007312,set_2
0.0,0.0,0.12560977,0.67572254,29.212,0.0,0.0,0.12560977,0.67572254,0.0,1.2237259,0.9999999,0.4431637,0.17257208,0.3842642,set_2
-1.1940512e-07,0.21043277,0.39711243,0.73711425,24.65301,0.0,0.0,0.12560977,0.67572254,0.18181817,1.1534595,0.9999999,0.43940055,0.18409236,0.37650713,set_2
-3.9770026e-07,0.71838605,0.95625985,0.9035682,15.374324,0.0,0.0,0.12560977,0.67572254,0.72727275,1.010918,0.9999999,0.42472667,0.22475047,0.35052294,set_2
-4.7181334e-07,0.7687783,1.003623,0.92089397,14.598211,0.0,0.0,0.12560977,0.67572254,0.78787875,1.0018091,0.9999999,0.42279658,0.22940752,0.34779587,set_2
-4.7318483e-07,0.81854326,1.0490283,0.9380787,13.856309,0.0,0.0,0.12560977,0.67572254,0.8484848,0.9935281,0.9999999,0.42080504,0.23399444,0.3452005,set_2
-4.4674368e-07,0.98046374,1.1887763,0.99460316,11.589427,0.0,0.0,0.12560977,0.67572254,1.0505049,0.97569305,0.9999999,0.41367736,0.2483297,0.3379929,set_2
-4.6657445e-07,1.2904377,1.4206926,1.1064299,7.8230457,0.0,0.0,0.12560977,0.67572254,1.4545455,0.98266083,0.9999999,0.3949584,0.2688354,0.33620617,set_2
-4.7526177e-07,1.3504145,1.4606087,1.1290429,7.1648374,0.0,0.0,0.12560977,0.67572254,1.5353535,0.9907137,0.9999999,0.38954714,0.27127108,0.33918175,set_2
-4.7345196e-07,1.4679598,1.5353051,1.1750071,5.919383,0.0,0.0,0.12560977,0.67572254,1.6969697,1.0141178,0.9999999,0.37488207,0.27444714,0.3506708,set_2
0.0,0.0,0.11672281,0.67572254,29.212,0.0,0.0,0.11672281,0.67572254,0.0,1.2237259,0.9999999,0.44321698,0.17247081,0.38431218,set_2
-6.805217e-08,0.21028319,0.38895977,0.73711425,24.652994,0.0,0.0,0.11672281,0.67572254,0.18181817,1.1534595,0.9999999,0.43945765,0.18398243,0.37655994,set_2
7.8676194e-09,0.43299937,0.6531261,0.8076859,20.257776,0.0,0.0,0.11672281,0.67572254,0.4040404,1.082784,0.9999999,0.4340887,0.19977537,0.36613595,set_2
-6.794385e-08,0.5438595,0.77415586,0.84444666,18.256866,0.0,0.0,0.11672281,0.67572254,0.5252525,1.0515054,0.9999999,0.4308033,0.20896457,0.36023217,set_2
-2.2897538e-07,0.6322371,0.8654728,0.8743039,16.7536,0.0,0.0,0.11672281,0.67572254,0.6262626,1.0294349,0.9999999,0.42787975,0.21678434,0.35533595,set_2
-4.90804e-07,0.80145997,1.0276263,0.9323683,14.099963,0.0,0.0,0.11672281,0.67572254,0.8282828,0.9959549,0.9999999,0.4215405,0.23235406,0.34610543,set_2
-5.479969e-07,0.88337266,1.1004223,0.96078223,12.916233,0.0,0.0,0.11672281,0.67572254,0.9292929,0.98454535,0.9999999,0.41812032,0.23981026,0.3420694,set_2
-2.9722003e-08,1.3348715,1.4458374,1.1235617,7.3205776,0.0,0.0,0.11672281,0.67572254,1.5151515,0.9884089,0.9999999,0.3910134,0.2706367,0.33834994,set_2
-1.5394176e-07,1.6234021,1.6211962,1.2407653,4.350321,0.0,0.0,0.11672281,0.67572254,1.919192,1.0607102,0.9999999,0.3385641,0.27588046,0.38555545,set_2
0.0,0.0,0.110083416,0.6744889,15.5798,0.0,0.0,0.110083416,0.6744889,0.0,1.237127,0.9999999,0.4487212,0.1852651,0.36601368,set_2
2.2659504e-08,0.10851504,0.24472517,0.7026505,13.908839,0.0,0.0,0.110083416,0.6744889,0.08080807,1.2146494,0.9999999,0.44626203,0.1932989,0.3604391,set_2
-9.9238974e-08,0.23755375,0.3965512,0.7371333,12.031946,0.0,0.0,0.110083416,0.6744889,0.18181817,1.187011,0.9999999,0.44272706,0.20349547,0.3537774,set_2
2.1854925e-07,0.6323853,0.80569816,0.8485875,7.0072484,0.0,0.0,0.110083416,0.6744889,0.5252525,1.0974694,0.9999999,0.4246282,0.2330961,0.34227574,set_2
2.9751703e-07,0.6954845,0.8639034,0.86736465,6.2933307,0.0,0.0,0.110083416,0.6744889,0.5858586,1.0824397,0.9999999,0.41947952,0.23668243,0.343838,set_2
2.1660445e-07,0.9996025,1.1112239,0.9632457,3.2038672,0.0,0.0,0.110083416,0.6744889,0.9090909,1.005552,0.9999999,0.36035994,0.2485044,0.3911357,set_2
3.3078263e-07,1.3833861,1.2638644,1.0945482,0.7802851,0.0,0.0,0.110083416,0.6744889,1.3939394,0.9016767,0.9999999,0.13364118,0.26755726,0.5988015,set_2
2.7697564e-07,1.6128366,1.2460663,1.1745203,0.32272214,0.0,0.0,0.110083416,0.6744889,1.7171717,0.8399319,0.9999999,0.060997415,0.26396984,0.67503273,set_2
2.65131e-07,1.6751866,1.2346498,1.1983794,0.24950731,0.0,0.0,0.110083416,0.6744889,1.8181818,0.8218912,0.9999999,0.049612556,0.26145327,0.68893415,set_2
0.0,0.0,0.11352946,0.6744889,15.5798,0.0,0.0,0.11352946,0.6744889,0.0,1.237127,0.9999999,0.44868973,0.18532386,0.36598644,set_2
-7.832087e-08,0.13491492,0.27973494,0.70961016,13.515856,0.0,0.0,0.11352946,0.6744889,0.1010101,1.2090302,0.9999999,0.4455649,0.19539663,0.35903847,set_2
-6.926454e-08,0.45462042,0.63424206,0.7972323,9.144602,0.0,0.0,0.11352946,0.6744889,0.36363634,1.1387749,0.9999999,0.43470585,0.22084942,0.34444472,set_2
-1.9917675e-07,0.5674733,0.7465242,0.82955253,7.766926,0.0,0.0,0.11352946,0.6744889,0.46464646,1.112811,0.9999999,0.428879,0.22898406,0.34213695,set_2
-2.4309546e-07,0.89212596,1.033726,0.9281181,4.2235804,0.0,0.0,0.11352946,0.6744889,0.78787875,1.0337013,0.9999999,0.39127585,0.24493295,0.36379123,set_2
-2.5471408e-07,0.9994436,1.1140087,0.9632509,3.200837,0.0,0.0,0.11352946,0.6744889,0.9090909,1.005552,0.9999999,0.36022222,0.2485408,0.39123696,set_2
-2.9977082e-07,1.0670605,1.1587782,0.9861421,2.609376,0.0,0.0,0.11352946,0.6744889,0.989899,0.9873282,0.9999999,0.3307778,0.25139025,0.41783187,set_2
-4.4578104e-07,1.3706832,1.2636142,1.0893495,0.8422299,0.0,0.0,0.11352946,0.6744889,1.3737373,0.9057464,0.9999999,0.14251798,0.26732862,0.59015334,set_2
-4.4912352e-07,1.5038406,1.2634474,1.1352326,0.4851234,0.0,0.0,0.11352946,0.6744889,1.5555555,0.8700615,0.9999999,0.08718261,0.26698467,0.6458327,set_2
0.0,0.0,0.11385198,0.6744889,15.5798,0.0,0.0,0.11385198,0.6744889,0.0,1.237127,0.9999999,0.44868675,0.18532936,0.3659838,set_2
3.2311505e-08,0.237605,0.39989132,0.7371308,12.032996,0.0,0.0,0.11385198,0.6744889,0.18181817,1.187011,0.9999999,0.44269162,0.20355788,0.35375047,set_2
-2.9730455e-08,0.61109626,0.78859985,0.8422761,7.25432,0.0,0.0,0.11385198,0.6744889,0.5050505,1.1025587,0.9999999,0.42609844,0.23183295,0.34206858,set_2
-6.6221745e-08,0.7163042,0.8854932,0.8735751,6.0643845,0.0,0.0,0.11385198,0.6744889,0.60606056,1.0774199,0.9999999,0.41747618,0.23780619,0.34471756,set_2
-1.18162006e-07,0.9234681,1.0643151,0.93993986,3.8474388,0.0,0.0,0.11385198,0.6744889,0.8282828,1.024189,0.9999999,0.3821818,0.24608016,0.37173808,set_2
-1.5562068e-07,1.1104106,1.1872716,1.0030332,2.2151957,0.0,0.0,0.11385198,0.6744889,1.0505049,0.973858,0.9999999,0.30399492,0.2539531,0.442052,set_2
-1.334391e-07,1.2981663,1.2463828,1.0630538,1.2022972,0.0,0.0,0.11385198,0.6744889,1.2727273,0.92638826,0.9999999,0.19349998,0.26445532,0.5420447,set_2
-9.799617e-08,1.4633207,1.2563109,1.1150943,0.703053,0.0,0.0,0.11385198,0.6744889,1.4747474,0.88569576,0.9999999,0.11605672,0.26814917,0.61579406,set_2
-1.0891943e-07,1.5499185,1.252585,1.1452124,0.5051286,0.0,0.0,0.11385198,0.6744889,1.5959595,0.8623983,0.9999999,0.0850177,0.26708692,0.64789534,set_2
0.0,0.0,0.10916561,0.6744889,15.5798,0.0,0.0,0.10916561,0.6744889,0.0,1.237127,0.9999999,0.44872957,0.18524946,0.3660209,set_2
1.3296226e-08,0.26250345,0.4239776,0.74393266,11.683052,0.0,0.0,0.10916561,0.6744889,0.2020202,1.1815249,0.9999999,0.44196305,0.20549619,0.3525407,set_2
-6.0265705e-08,0.47588542,0.65664536,0.8037504,8.835421,0.0,0.0,0.10916561,0.6744889,0.38383836,1.1335428,0.9999999,0.43365628,0.22256936,0.3437744,set_2
-6.8174515e-08,0.71438515,0.8844413,0.87357265,6.0436068,0.0,0.0,0.10916561,0.6744889,0.60606056,1.0774199,0.9999999,0.41741094,0.23775695,0.3448321,set_2
-4.1439392e-08,0.7756729,0.9362247,0.8920102,5.4000945,0.0,0.0,0.10916561,0.6744889,0.6666667,1.0626575,0.9999999,0.41064996,0.24056728,0.34878272,set_2
-4.127906e-08,1.1988187,1.2187614,1.0306953,1.6826572,0.0,0.0,0.10916561,0.6744889,1.1515151,0.951916,0.9999999,0.2541725,0.2589413,0.4868862,set_2
-4.707293e-08,1.2790606,1.2434813,1.0577252,1.2463157,0.0,0.0,0.10916561,0.6744889,1.2525252,0.9305653,0.9999999,0.20069402,0.26376858,0.5355374,set_2
-2.8483104e-08,1.4645395,1.2603891,1.1201664,0.60425234,0.0,0.0,0.10916561,0.6744889,1.4949495,0.8817419,0.9999999,0.1043589,0.26778683,0.6278543,set_2
4.8601258e-08,1.6625577,1.2389609,1.1936615,0.24304858,0.0,0.0,0.10916561,0.6744889,1.7979797,0.8254849,0.9999999,0.0503515,0.26159367,0.6880548,set_2
0.0,0.0,0.118544154,0.6744889,15.5798,0.0,0.0,0.118544154,0.6744889,0.0,1.237127,0.9999999,0.44864395,0.18540935,0.36594674,set_2
4.726325e-08,0.1610757,0.31544036,0.7165376,13.132111,0.0,0.0,0.118544154,0.6744889,0.12121212,1.2034572,0.9999999,0.4448318,0.19752689,0.3576413,set_2
-7.310538e-08,0.2875626,0.46042407,0.7507031,11.338903,0.0,0.0,0.118544154,0.6744889,0.22222221,1.1760731,0.9999999,0.44107005,0.20767741,0.35125253,set_2
-1.9212624e-07,0.384417,0.5656969,0.777475,10.041731,0.0,0.0,0.118544154,0.6744889,0.30303028,1.1546115,0.9999999,0.4375975,0.215472,0.34693044,set_2
1.23337e-08,0.6328728,0.8126749,0.84858984,7.005517,0.0,0.0,0.118544154,0.6744889,0.5252525,1.0974694,0.9999999,0.42453566,0.2332349,0.3422294,set_2
1.5887574e-07,1.0654398,1.1605889,0.9861359,2.6213322,0.0,0.0,0.118544154,0.6744889,0.989899,0.9873282,0.9999999,0.33135638,0.2513875,0.41725618,set_2
1.8048671e-07,1.2490319,1.2402151,1.046968,1.4150116,0.0,0.0,0.118544154,0.6744889,1.2121212,0.9390081,0.9999999,0.22233862,0.26200435,0.515657,set_2
2.802014e-07,1.393851,1.2651169,1.0945315,0.8157506,0.0,0.0,0.118544154,0.6744889,1.3939394,0.9016767,0.9999999,0.13697676,0.2676311,0.59539217,set_2
3.88961e-07,1.7013992,1.2378811,1.207762,0.19982985,0.0,0.0,0.118544154,0.6744889,1.8585858,0.81488013,0.9999999,0.044175025,0.25980037,0.6960246,set_2
0.0,0.0,0.10754986,0.6744889,15.5798,0.0,0.0,0.10754986,0.6744889,0.0,1.237127,0.9999999,0.44874442,0.18522188,0.36603376,set_2
-1.4640723e-07,0.384017,0.55563134,0.7774703,10.045998,0.0,0.0,0.10754986,0.6744889,0.30303028,1.1546115,0.9999999,0.4377131,0.21526206,0.34702492,set_2
-2.2193021e-07,0.5224235,0.698527,0.8167145,8.296663,0.0,0.0,0.10754986,0.6744889,0.4242424,1.1230792,0.9999999,0.4314276,0.2258075,0.3427649,set_2
-5.9021097e-08,1.1646572,1.2061785,1.0196948,1.8751806,0.0,0.0,0.10754986,0.6744889,1.111111,0.96059793,0.9999999,0.27427992,0.25691205,0.46880805,set_2
-6.447946e-08,1.2131406,1.2253762,1.0361325,1.5718331,0.0,0.0,0.10754986,0.6744889,1.1717172,0.9476215,0.9999999,0.24215026,0.2600369,0.49781284,set_2
-3.2053247e-08,1.324747,1.2532374,1.0736275,1.0250063,0.0,0.0,0.10754986,0.6744889,1.3131312,0.9180098,0.9999999,0.16978176,0.26595396,0.56426424,set_2
8.076106e-08,1.4920263,1.2590945,1.1302127,0.52996755,0.0,0.0,0.10754986,0.6744889,1.5353535,0.87390244,0.9999999,0.09327465,0.26736468,0.6393607,set_2
9.011032e-08,1.534008,1.2560093,1.1451703,0.4431038,0.0,0.0,0.10754986,0.6744889,1.5959595,0.8623983,0.9999999,0.079959385,0.26644173,0.65359885,set_2
5.422874e-08,1.7501621,1.2200683,1.2309066,0.13876888,0.0,0.0,0.10754986,0.6744889,1.959596,0.79766905,0.9999999,0.036286604,0.256773,0.7069405,set_2
0.0,0.0,0.11040577,0.6744889,15.5798,0.0,0.0,0.11040577,0.6744889,0.0,1.237127,0.9999999,0.44871834,0.18527055,0.36601108,set_2
-3.8208746e-08,0.31186336,0.48001796,0.75744057,11.006474,0.0,0.0,0.11040577,0.6744889,0.24242423,1.1706843,0.9999999,0.44032806,0.20951083,0.3501611,set_2
-4.2148588e-07,0.89129245,1.0312512,0.9281188,4.2249665,0.0,0.0,0.11040577,0.6744889,0.78787875,1.0337013,0.9999999,0.3913449,0.24488543,0.36376965,set_2
-4.2698005e-07,0.9455804,1.0734667,0.9458051,3.6923194,0.0,0.0,0.11040577,0.6744889,0.8484848,1.0195161,0.9999999,0.37758467,0.2466716,0.37574375,set_2
-3.29641e-07,1.1314125,1.1933165,1.0086067,2.0970201,0.0,0.0,0.11040577,0.6744889,1.070707,0.9694461,0.9999999,0.29432234,0.25492737,0.45075023,set_2
-3.291926e-07,1.1965877,1.2217195,1.0306754,1.6651096,0.0,0.0,0.11040577,0.6744889,1.1515151,0.951916,0.9999999,0.252672,0.2590369,0.48829114,set_2
-4.4554332e-07,1.341118,1.256896,1.0788997,0.9665513,0.0,0.0,0.11040577,0.6744889,1.3333333,0.9138843,0.9999999,0.16089523,0.26650074,0.57260406,set_2
-5.0360734e-07,1.3882084,1.260975,1.0945457,0.80657244,0.0,0.0,0.11040577,0.6744889,1.3939394,0.9016767,0.9999999,0.13634986,0.26757208,0.59607804,set_2
-5.8080633e-07,1.5072044,1.2595501,1.1352494,0.50234723,0.0,0.0,0.11040577,0.6744889,1.5555555,0.8700615,0.9999999,0.08875326,0.26713246,0.64411426,set_2
0.0,0.0,0.11095017,0.6744889,15.5798,0.0,0.0,0.11095017,0.6744889,0.0,1.237127,0.9999999,0.4487133,0.18527985,0.3660069,set_2
9.315185e-08,0.108525515,0.24555749,0.7026505,13.90884,0.0,0.0,0.11095017,0.6744889,0.08080807,1.2146494,0.9999999,0.44625387,0.19331406,0.360432,set_2
2.1445115e-07,0.31188932,0.48084605,0.75743747,11.0035925,0.0,0.0,0.11095017,0.6744889,0.24242423,1.1706843,0.9999999,0.4403192,0.20953229,0.35014847,set_2
-3.5285373e-07,0.6957221,0.8645289,0.86738724,6.29352,0.0,0.0,0.11095017,0.6744889,0.5858586,1.0824397,0.9999999,0.41946974,0.2366974,0.34383282,set_2
-3.9850687e-07,0.75679743,0.91897887,0.885909,5.623733,0.0,0.0,0.11095017,0.6744889,0.64646465,1.06754,0.9999999,0.41314524,0.2397068,0.3471479,set_2
-4.386631e-07,0.8545005,1.000799,0.91621035,4.607283,0.0,0.0,0.11095017,0.6744889,0.74747473,1.0432323,0.9999999,0.39891064,0.24361336,0.35747594,set_2
-4.925831e-07,1.0858853,1.1638391,0.99181706,2.4990375,0.0,0.0,0.11095017,0.6744889,1.010101,0.9827792,0.9999999,0.3236127,0.25214115,0.42424616,set_2
-2.7163037e-07,1.3085084,1.2569673,1.0683929,1.0565147,0.0,0.0,0.11095017,0.6744889,1.2929292,0.9222027,0.9999999,0.1755034,0.26550922,0.5589874,set_2
-1.8422523e-07,1.7403104,1.2235152,1.2263842,0.15558231,0.0,0.0,0.11095017,0.6744889,1.939394,0.8010362,0.9999999,0.03800178,0.25752315,0.7044751,set_2
0.0,0.0,0.10272463,0.6744889,15.5798,0.0,0.0,0.10272463,0.6744889,0.0,1.237127,0.9999999,0.4487885,0.1851396,0.36607188,set_2
5.445182e-08,0.10842646,0.23765793,0.7026505,13.908829,0.0,0.0,0.10272463,0.6744889,0.08080807,1.2146494,0.9999999,0.44633147,0.19317015,0.36049834,set_2
-7.222391e-08,0.5887797,0.75901234,0.83593637,7.5070567,0.0,0.0,0.10272463,0.6744889,0.48484847,1.1076956,0.9999999,0.4276349,0.23026448,0.34210065,set_2
-2.718883e-07,0.7958147,0.94691044,0.8981152,5.201786,0.0,0.0,0.10272463,0.6744889,0.68686867,1.0577749,0.9999999,0.40817207,0.24130209,0.3505259,set_2
-2.9898615e-07,1.1825674,1.2096161,1.0252341,1.771997,0.0,0.0,0.10272463,0.6744889,1.1313131,0.95623183,0.9999999,0.26396292,0.25791633,0.47812068,set_2
-2.8797442e-07,1.3080032,1.25137,1.0683954,1.0594649,0.0,0.0,0.10272463,0.6744889,1.2929292,0.9222027,0.9999999,0.17602167,0.26544082,0.55853754,set_2
-2.8585916e-07,1.3547573,1.2581762,1.0841784,0.874313,0.0,0.0,0.10272463,0.6744889,1.3535353,0.909806,0.9999999,0.14854619,0.26697674,0.584477,set_2
-2.5811332e-07,1.445876,1.2614664,1.1151092,0.60252106,0.0,0.0,0.10272463,0.6744889,1.4747474,0.88569576,0.9999999,0.106382675,0.2676841,0.62593323,set_2
-3.521804e-07,1.5447575,1.2551419,1.1501702,0.38996458,0.0,0.0,0.10272463,0.6744889,1.6161616,0.8585641,0.9999999,0.073853016,0.2657167,0.6604303,set_2
0.0,0.0,0.10871723,0.6744889,15.5798,0.0,0.0,0.10871723,0.6744889,0.0,1.237127,0.9999999,0.44873366,0.18524182,0.36602458,set_2
2.2511439e-07,0.16090092,0.30618346,0.7165376,13.132093,0.0,0.0,0.10871723,0.6744889,0.12121212,1.2034572,0.9999999,0.4449258,0.1973533,0.35772085,set_2
2.2958727e-07,0.28727847,0.4514647,0.7506992,11.339903,0.0,0.0,0.10871723,0.6744889,0.22222221,1.1760731,0.9999999,0.44116765,0.20749886,0.35133347,set_2
-1.642151e-07,1.2137451,1.2274532,1.0361556,1.561604,0.0,0.0,0.10871723,0.6744889,1.1717172,0.9476215,0.9999999,0.24114376,0.26011756,0.4987387,set_2
-2.8701248e-07,1.4592837,1.2644166,1.1201576,0.56844544,0.0,0.0,0.10871723,0.6744889,1.4949495,0.8817419,0.9999999,0.10091506,0.2675785,0.6315064,set_2
-2.9994666e-07,1.5299779,1.2595307,1.1451973,0.4189999,0.0,0.0,0.10871723,0.6744889,1.5959595,0.8623983,0.9999999,0.077914044,0.26617557,0.6559104,set_2
-3.0285975e-07,1.6233503,1.2457803,1.1793286,0.28454357,0.0,0.0,0.10871723,0.6744889,1.7373737,0.8362865,0.9999999,0.056926087,0.26311496,0.67995894,set_2
-2.9697202e-07,1.672974,1.2360963,1.1983671,0.23128992,0.0,0.0,0.10871723,0.6744889,1.8181818,0.8218912,0.9999999,0.048489418,0.26109454,0.69041604,set_2
-2.897661e-07,1.7189044,1.2264254,1.2170832,0.18352479,0.0,0.0,0.10871723,0.6744889,1.8989899,0.807915,0.9999999,0.04142488,0.25885168,0.6997234,set_2
0.0,0.0,0.10125162,0.6744889,15.5798,0.0,0.0,0.10125162,0.6744889,0.0,1.237127,0.9999999,0.44880193,0.18511452,0.3660835,set_2
-2.592045e-09,0.108408794,0.23624338,0.7026505,13.908827,0.0,0.0,0.10125162,0.6744889,0.08080807,1.2146494,0.9999999,0.4463454,0.1931443,0.36051026,set_2
-5.8924805e-08,0.45193288,0.6276908,0.79722184,9.113237,0.0,0.0,0.10125162,0.6744889,0.36363634,1.1387749,0.9999999,0.4347881,0.22072752,0.34448433,set_2
-1.1286423e-07,0.9473321,1.0638657,0.94583225,3.716765,0.0,0.0,0.10125162,0.6744889,0.8484848,1.0195161,0.9999999,0.37824467,0.24657649,0.37517884,set_2
-1.4940318e-07,1.1670861,1.1990705,1.0197277,1.8989897,0.0,0.0,0.10125162,0.6744889,1.111111,0.96059793,0.9999999,0.27618268,0.25675613,0.4670612,set_2
-1.4905515e-07,1.2158836,1.2185106,1.0361675,1.5943882,0.0,0.0,0.10125162,0.6744889,1.1717172,0.9476215,0.9999999,0.24426222,0.25987136,0.49586645,set_2
-1.4335966e-07,1.3118714,1.244709,1.0683833,1.1061857,0.0,0.0,0.10125162,0.6744889,1.2929292,0.9222027,0.9999999,0.18107334,0.26522884,0.5536978,set_2
-8.08026e-08,1.6858013,1.2304046,1.2031066,0.21184784,0.0,0.0,0.10125162,0.6744889,1.8383838,0.8183656,0.9999999,0.046224926,0.2604042,0.6933709,set_2
-5.1978617e-08,1.719396,1.223553,1.2171144,0.17355329,0.0,0.0,0.10125162,0.6744889,1.8989899,0.807915,0.9999999,0.04092006,0.25862926,0.70045066,set_2
0.0,0.0,0.11274147,0.6744889,15.5798,0.0,0.0,0.11274147,0.6744889,0.0,1.237127,0.9999999,0.4486969,0.18531044,0.36599267,set_2
-9.902764e-10,0.08189227,0.2148265,0.6956585,14.311382,0.0,0.0,0.11274147,0.6744889,0.06060606,1.2202688,0.9999999,0.44688123,0.19131623,0.3618025,set_2
2.9738676e-08,0.33606046,0.5096909,0.76414907,10.670816,0.0,0.0,0.11274147,0.6744889,0.26262626,1.1653299,0.9999999,0.43944418,0.21154666,0.34900922,set_2
2.6188976e-08,0.47732008,0.6578718,0.8037539,8.85022,0.0,0.0,0.11274147,0.6744889,0.38383836,1.1335428,0.9999999,0.43363905,0.2225938,0.34376717,set_2
-7.9307796e-08,0.9097296,1.0463668,0.9340531,4.051029,0.0,0.0,0.11274147,0.6744889,0.8080808,1.0289164,0.9999999,0.38724965,0.24551338,0.367237,set_2
-2.7110968e-07,1.3290882,1.2568352,1.0736444,1.0239301,0.0,0.0,0.11274147,0.6744889,1.3131312,0.9180098,0.9999999,0.16937125,0.26601917,0.5646096,set_2
-3.2037903e-07,1.4363475,1.2659984,1.1099755,0.65667117,0.0,0.0,0.11274147,0.6744889,1.4545455,0.8896381,0.9999999,0.113640465,0.26785755,0.618502,set_2
-2.9440017e-07,1.6018629,1.2530823,1.1696826,0.31419295,0.0,0.0,0.11274147,0.6744889,1.6969697,0.843646,0.9999999,0.061612908,0.26401272,0.67437434,set_2
-4.5599597e-07,1.7635014,1.22072,1.2354887,0.12784874,0.0,0.0,0.11274147,0.6744889,1.979798,0.794312,0.9999999,0.03479706,0.25610563,0.7090973,set_2
0.0,0.0,0.11601095,0.6744889,15.5798,0.0,0.0,0.11601095,0.6744889,0.0,1.237127,0.9999999,0.44866708,0.18536612,0.36596683,set_2
-1.365473e-07,0.21237552,0.3729182,0.7302976,12.390974,0.0,0.0,0.11601095,0.6744889,0.16161615,1.1924764,0.9999999,0.44342154,0.20156373,0.35501474,set_2
-2.3412954e-07,0.45471185,0.63636315,0.7972261,9.144485,0.0,0.0,0.11601095,0.6744889,0.36363634,1.1387749,0.9999999,0.43468085,0.22089241,0.34442675,set_2
-1.4724692e-07,1.1286952,1.1958113,1.0086188,2.1056678,0.0,0.0,0.11601095,0.6744889,1.070707,0.9694461,0.9999999,0.2949285,0.25490656,0.45016488,set_2
-1.8808606e-08,1.4474362,1.2591169,1.1099821,0.7307887,0.0,0.0,0.11601095,0.6744889,1.4545455,0.8896381,0.9999999,0.121062614,0.26810092,0.61083645,set_2
-1.5757989e-08,1.5211829,1.2572132,1.1352464,0.55241555,0.0,0.0,0.11601095,0.6744889,1.5555555,0.8700615,0.9999999,0.0929977,0.26756376,0.6394385,set_2
-6.0854916e-08,1.5623131,1.254282,1.150138,0.46517795,0.0,0.0,0.11601095,0.6744889,1.6161616,0.8585641,0.9999999,0.07971667,0.26660615,0.6536772,set_2
-1.08980345e-07,1.6146319,1.248454,1.1696899,0.3704071,0.0,0.0,0.11601095,0.6744889,1.6969697,0.843646,0.9999999,0.06561855,0.2648587,0.66952276,set_2
1.2027472e-07,1.7647395,1.221066,1.230934,0.17293492,0.0,0.0,0.11601095,0.6744889,1.959596,0.79766905,0.9999999,0.037747785,0.25748447,0.7047677,set_2
0.0,0.0,0.107575715,0.6744889,15.5798,0.0,0.0,0.107575715,0.6744889,0.0,1.237127,0.9999999,0.44874415,0.1852223,0.36603352,set_2
-2.3418467e-07,0.77886456,0.93063444,0.892014,5.435521,0.0,0.0,0.107575715,0.6744889,0.6666667,1.0626575,0.9999999,0.41093653,0.2405366,0.3485269,set_2
-1.123086e-07,0.9302425,1.0542916,0.9399439,3.8936052,0.0,0.0,0.107575715,0.6744889,0.8282828,1.024189,0.9999999,0.38313708,0.24606542,0.3707975,set_2
-7.5040106e-08,1.0013516,1.1057348,0.96325624,3.233674,0.0,0.0,0.107575715,0.6744889,0.9090909,1.005552,0.9999999,0.36135164,0.24846524,0.3901831,set_2
-3.5539662e-07,1.1844524,1.210825,1.0252206,1.7884319,0.0,0.0,0.107575715,0.6744889,1.1313131,0.95623183,0.9999999,0.26519382,0.2578793,0.47692698,set_2
-7.650586e-07,1.4033356,1.2615868,1.0997326,0.74632984,0.0,0.0,0.107575715,0.6744889,1.4141414,0.89760315,0.9999999,0.12763616,0.2677356,0.6046282,set_2
-7.9591024e-07,1.4916486,1.260607,1.1302527,0.51767546,0.0,0.0,0.107575715,0.6744889,1.5353535,0.87390244,0.9999999,0.09209324,0.2672681,0.6406387,set_2
-6.2431866e-07,1.5738125,1.253062,1.1599762,0.35893452,0.0,0.0,0.107575715,0.6744889,1.6565657,0.85107636,0.9999999,0.06809767,0.26503965,0.6668626,set_2
-5.341051e-07,1.6247848,1.2457978,1.1793594,0.2795834,0.0,0.0,0.107575715,0.6744889,1.7373737,0.8362865,0.9999999,0.056546126,0.2630199,0.680434,set_2
0.0,0.0,0.10988916,0.6744889,15.5798,0.0,0.0,0.10988916,0.6744889,0.0,1.237127,0.9999999,0.448723,0.18526179,0.36601526,set_2
-1.987807e-08,0.212232,0.36725894,0.7302976,12.390961,0.0,0.0,0.10988916,0.6744889,0.16161615,1.1924764,0.9999999,0.44348085,0.2014551,0.3550641,set_2
3.2315334e-08,0.50017726,0.67761946,0.8102471,8.57524,0.0,0.0,0.10988916,0.6744889,0.4040404,1.1282892,0.9999999,0.43257013,0.22420824,0.3432216,set_2
-2.7685948e-07,0.92429745,1.060665,0.9399417,3.8541489,0.0,0.0,0.10988916,0.6744889,0.8282828,1.024189,0.9999999,0.3823558,0.24604253,0.37160164,set_2
-3.3887468e-07,1.044454,1.146012,0.98046243,2.7457283,0.0,0.0,0.10988916,0.6744889,0.96969694,0.99186194,0.9999999,0.33884266,0.25051996,0.41063735,set_2
-2.859089e-07,1.2135842,1.2241273,1.0361423,1.5938466,0.0,0.0,0.10988916,0.6744889,1.1717172,0.9476215,0.9999999,0.2441445,0.25991914,0.4959364,set_2
-2.5268477e-08,1.4446197,1.2571058,1.109969,0.7163396,0.0,0.0,0.10988916,0.6744889,1.4545455,0.8896381,0.9999999,0.11973573,0.2680369,0.6122273,set_2
-2.5640963e-08,1.6240661,1.2445848,1.1745083,0.3379892,0.0,0.0,0.10988916,0.6744889,1.7171717,0.8399319,0.9999999,0.061872832,0.26417848,0.67394865,set_2
9.855199e-08,1.6844234,1.2347367,1.1983709,0.2516554,0.0,0.0,0.10988916,0.6744889,1.8181818,0.8218912,0.9999999,0.04955116,0.26144516,0.68900365,set_2
0.0,0.0,0.11264096,0.6744889,15.5798,0.0,0.0,0.11264096,0.6744889,0.0,1.237127,0.9999999,0.44869787,0.18530867,0.36599344,set_2
-1.8848685e-07,0.31193942,0.4820109,0.75744057,11.006483,0.0,0.0,0.11264096,0.6744889,0.24242423,1.1706843,0.9999999,0.44030595,0.20955062,0.35014343,set_2
-1.7099299e-07,0.47742438,0.6572155,0.8037565,8.854577,0.0,0.0,0.11264096,0.6744889,0.38383836,1.1335428,0.9999999,0.43364865,0.22257651,0.34377486,set_2
-1.837663e-07,0.6745026,0.8476068,0.86114377,6.520762,0.0,0.0,0.11264096,0.6744889,0.56565654,1.0874386,0.9999999,0.42125884,0.23560028,0.3431409,set_2
-2.7100577e-07,0.83498466,0.98720324,0.910183,4.7961917,0.0,0.0,0.11264096,0.6744889,0.72727275,1.0480244,0.9999999,0.40214062,0.24294482,0.35491458,set_2
-2.6741588e-07,1.147853,1.202715,1.0141553,1.981431,0.0,0.0,0.11264096,0.6744889,1.090909,0.96502846,0.9999999,0.28421655,0.25594652,0.45983696,set_2
-3.201365e-07,1.4039687,1.2629488,1.0997083,0.7606139,0.0,0.0,0.11264096,0.6744889,1.4141414,0.89760315,0.9999999,0.12907608,0.26777056,0.60315335,set_2
-3.2676198e-07,1.6506752,1.2432038,1.1888971,0.25763103,0.0,0.0,0.11264096,0.6744889,1.7777778,0.8290916,0.9999999,0.05245801,0.26213276,0.68540925,set_2
-2.7384846e-07,1.6971701,1.2344376,1.2077782,0.19921163,0.0,0.0,0.11264096,0.6744889,1.8585858,0.81488013,0.9999999,0.044284977,0.25982112,0.69589394,set_2
0.0,0.0,0.10282396,0.6744889,15.5798,0.0,0.0,0.10282396,0.6744889,0.0,1.237127,0.9999999,0.44878766,0.18514132,0.36607108,set_2
2.356252e-08,0.16079587,0.30063194,0.7165376,13.132081,0.0,0.0,0.10282396,0.6744889,0.12121212,1.2034572,0.9999999,0.44498226,0.1972493,0.35776848,set_2
-3.993262e-08,0.3116207,0.47340944,0.75743717,11.00515,0.0,0.0,0.10282396,0.6744889,0.24242423,1.1706843,0.9999999,0.44040135,0.20938157,0.3502171,set_2
-5.968889e-08,0.47703063,0.6487584,0.80375004,8.856339,0.0,0.0,0.10282396,0.6744889,0.38383836,1.1335428,0.9999999,0.43374982,0.22240293,0.34384722,set_2
8.531987e-08,0.6531898,0.81987333,0.85489064,6.7632585,0.0,0.0,0.10282396,0.6744889,0.5454545,1.0924389,0.9999999,0.42309034,0.23424588,0.34266376,set_2
1.4125627e-07,0.7956721,0.9472117,0.89811254,5.199998,0.0,0.0,0.10282396,0.6744889,0.68686867,1.0577749,0.9999999,0.4081552,0.24130382,0.350541,set_2
6.514564e-08,1.1169593,1.178654,1.0030591,2.227187,0.0,0.0,0.10282396,0.6744889,1.0505049,0.973858,0.9999999,0.3047224,0.25388047,0.44139713,set_2
5.9448368e-08,1.571213,1.2510501,1.1599438,0.35227674,0.0,0.0,0.10282396,0.6744889,1.6565657,0.85107636,0.9999999,0.06769547,0.2649475,0.667357,set_2
5.777548e-08,1.6346637,1.2416633,1.1841173,0.2570582,0.0,0.0,0.10282396,0.6744889,1.7575758,0.8326826,0.9999999,0.053826645,0.26238915,0.68378425,set_2
0.0,0.0,0.10497072,0.6744889,15.5798,0.0,0.0,0.10497072,0.6744889,0.0,1.237127,0.9999999,0.44876796,0.18517792,0.36605412,set_2
-1.6010006e-08,0.16083375,0.30265412,0.7165376,13.132086,0.0,0.0,0.10497072,0.6744889,0.12121212,1.2034572,0.9999999,0.4449617,0.19728717,0.35775116,set_2
-1.4053332e-07,0.49994934,0.6733897,0.8102499,8.576236,0.0,0.0,0.10497072,0.6744889,0.4040404,1.1282892,0.9999999,0.43262166,0.22412123,0.3432571,set_2
2.2141255e-07,0.6532762,0.8215245,0.85487795,6.7637405,0.0,0.0,0.10497072,0.6744889,0.5454545,1.0924389,0.9999999,0.4230714,0.23427755,0.34265104,set_2
2.6330386e-07,0.81558406,0.9654295,0.9041554,4.9954095,0.0,0.0,0.10497072,0.6744889,0.7070707,1.0528723,0.9999999,0.40528366,0.24211654,0.35259986,set_2
1.2883103e-07,1.179278,1.2134081,1.0252103,1.7527323,0.0,0.0,0.10497072,0.6744889,1.1313131,0.95623183,0.9999999,0.2624116,0.25801432,0.47957417,set_2
2.1881706e-07,1.3815112,1.2618173,1.0945402,0.77091837,0.0,0.0,0.10497072,0.6744889,1.3939394,0.9016767,0.9999999,0.13278316,0.26752666,0.5996902,set_2
2.4460317e-07,1.4258889,1.2635989,1.1099708,0.6343338,0.0,0.0,0.10497072,0.6744889,1.4545455,0.8896381,0.9999999,0.11182507,0.26772687,0.62044805,set_2
-2.2627493e-07,1.7551689,1.2113513,1.2309206,0.1980716,0.0,0.0,0.10497072,0.6744889,1.959596,0.79766905,0.9999999,0.03938509,0.2581788,0.70243603,set_2
0.0,0.0,0.104925804,0.6744889,15.5798,0.0,0.0,0.104925804,0.6744889,0.0,1.237127,0.9999999,0.44876838,0.18517716,0.36605448,set_2
3.9559215e-08,0.26238096,0.42012867,0.74393266,11.683043,0.0,0.0,0.104925804,0.6744889,0.2020202,1.1815249,0.9999999,0.44200468,0.20542076,0.35257456,set_2
9.192687e-08,0.4995771,0.6742214,0.81025535,8.568963,0.0,0.0,0.104925804,0.6744889,0.4040404,1.1282892,0.9999999,0.43260923,0.2241415,0.34324926,set_2
7.00485e-10,0.6739088,0.8417035,0.86114556,6.5194464,0.0,0.0,0.104925804,0.6744889,0.56565654,1.0874386,0.9999999,0.42133147,0.23548338,0.34318513,set_2
-1.03662984e-07,0.756045,0.9147264,0.8858907,5.621199,0.0,0.0,0.104925804,0.6744889,0.64646465,1.06754,0.9999999,0.41319096,0.23962036,0.34718868,set_2
-2.4496617e-07,0.94519603,1.0693755,0.9458028,3.693614,0.0,0.0,0.104925804,0.6744889,0.8484848,1.0195161,0.9999999,0.3776805,0.24660678,0.37571278,set_2
-2.5035095e-07,1.6377835,1.2411246,1.1840911,0.27214825,0.0,0.0,0.104925804,0.6744889,1.7575758,0.8326826,0.9999999,0.054785952,0.2626551,0.68255895,set_2
-2.63465e-07,1.6735212,1.2348,1.1983477,0.22507441,0.0,0.0,0.104925804,0.6744889,1.8181818,0.8218912,0.9999999,0.048119403,0.26096627,0.6909143,set_2
-2.858622e-07,1.7401423,1.2209834,1.2263128,0.14990771,0.0,0.0,0.104925804,0.6744889,1.939394,0.8010362,0.9999999,0.037757274,0.25739777,0.7048449,set_2
0.0,0.0,0.118470065,0.6744889,15.5798,0.0,0.0,0.118470065,0.6744889,0.0,1.237127,0.9999999,0.44864458,0.18540812,0.3659473,set_2
-3.320974e-07,0.6114228,0.7921394,0.84226847,7.2557516,0.0,0.0,0.118470065,0.6744889,0.5050505,1.1025587,0.9999999,0.42605665,0.23190358,0.34203973,set_2
-3.6825725e-07,0.73843706,0.90677124,0.8797435,5.8448772,0.0,0.0,0.118470065,0.6744889,0.6262626,1.0724512,0.9999999,0.41533265,0.23888893,0.34577844,set_2
-4.197639e-07,0.9312107,1.065555,0.93994135,3.8670015,0.0,0.0,0.118470065,0.6744889,0.8282828,1.024189,0.9999999,0.38242516,0.2462155,0.37135938,set_2
-2.6531603e-07,1.0981425,1.183749,0.9974185,2.3249826,0.0,0.0,0.118470065,0.6744889,1.030303,0.97829276,0.9999999,0.31221676,0.25317568,0.4346076,set_2
-1.6081556e-07,1.240541,1.2471215,1.0469519,1.3570913,0.0,0.0,0.118470065,0.6744889,1.2121212,0.9390081,0.9999999,0.21679433,0.2623003,0.5209053,set_2
-1.7231078e-07,1.4577175,1.269294,1.1201202,0.5760314,0.0,0.0,0.118470065,0.6744889,1.4949495,0.8817419,0.9999999,0.10156393,0.2676494,0.63078666,set_2
-1.460927e-07,1.5300679,1.2638031,1.1451619,0.43095112,0.0,0.0,0.118470065,0.6744889,1.5959595,0.8623983,0.9999999,0.0788218,0.26632696,0.65485126,set_2
-1.2826384e-07,1.610217,1.2532226,1.1744905,0.30353856,0.0,0.0,0.118470065,0.6744889,1.7171717,0.8399319,0.9999999,0.05950815,0.2636583,0.67683357,set_2
0.0,0.0,0.113122925,0.67488027,29.212,0.0,0.0,0.113122925,0.67488027,0.0,1.2585858,0.9999999,0.4433286,0.1722641,0.3844073,set_2
-2.3321586e-08,0.12443774,0.27709788,0.71053725,26.465986,0.0,0.0,0.113122925,0.67488027,0.1010101,1.2248846,0.9999999,0.44129667,0.1786053,0.38009802,set_2
-1.6198291e-07,0.65402627,0.88672924,0.8814061,16.357998,0.0,0.0,0.113122925,0.67488027,0.6262626,1.0695461,0.9999999,0.4275715,0.21810393,0.3543246,set_2
-2.3563334e-07,0.7071314,0.93905723,0.8996847,15.500676,0.0,0.0,0.113122925,0.67488027,0.68686867,1.0538857,0.9999999,0.42566022,0.22298048,0.35135928,set_2
-2.0779686e-07,0.97457635,1.1783886,0.9929121,11.611281,0.0,0.0,0.113122925,0.67488027,1.010101,0.97721523,0.9999999,0.41439766,0.24731429,0.33828804,set_2
-1.8416073e-07,1.0529118,1.2416077,1.0206704,10.590879,0.0,0.0,0.113122925,0.67488027,1.111111,0.9558787,0.9999999,0.41044614,0.25376928,0.33578458,set_2
-5.663305e-07,1.3274281,1.44157,1.120947,7.3536687,0.0,0.0,0.113122925,0.67488027,1.4949495,0.8861555,0.9999999,0.39115816,0.27095628,0.3378856,set_2
-6.1421287e-07,1.5641536,1.5881355,1.2146279,4.902115,0.0,0.0,0.113122925,0.67488027,1.8787879,0.83424133,0.9999999,0.35267875,0.2775042,0.36981705,set_2
-6.0391574e-07,1.6095341,1.6122612,1.2336888,4.47283,0.0,0.0,0.113122925,0.67488027,1.959596,0.8255495,0.9999999,0.33943042,0.27812555,0.38244408,set_2
0.0,0.0,0.10605665,0.67488027,29.212,0.0,0.0,0.10605665,0.67488027,0.0,1.2585858,0.9999999,0.44337085,0.17218359,0.38444555,set_2
-2.6868133e-08,0.14802004,0.30086455,0.7175525,25.95753,0.0,0.0,0.10605665,0.67488027,0.12121212,1.2182416,0.9999999,0.4409118,0.17984869,0.37923947,set_2
-1.195484e-07,0.5250744,0.747382,0.8376591,18.556658,0.0,0.0,0.10605665,0.67488027,0.48484847,1.1081766,0.9999999,0.4318304,0.20666002,0.36150956,set_2
-2.399408e-08,0.8101127,1.0310754,0.93551695,13.915537,0.0,0.0,0.10605665,0.67488027,0.8080808,1.023598,0.9999999,0.42169812,0.23247917,0.34582266,set_2
1.01785936e-07,0.94207335,1.146942,0.9816677,12.040978,0.0,0.0,0.10605665,0.67488027,0.96969694,0.98618925,0.9999999,0.41595936,0.24445249,0.33958817,set_2
-1.5341104e-08,1.2300338,1.3706514,1.0849452,8.437408,0.0,0.0,0.10605665,0.67488027,1.3535353,0.9097776,0.9999999,0.39944163,0.2659571,0.33460128,set_2
-2.4720018e-07,1.286068,1.4097948,1.1056918,7.8025455,0.0,0.0,0.10605665,0.67488027,1.4343435,0.8959203,0.9999999,0.39495364,0.26897347,0.3360729,set_2
-7.925674e-07,1.4314294,1.505368,1.1612101,6.2348123,0.0,0.0,0.10605665,0.67488027,1.6565657,0.8621012,0.9999999,0.37875128,0.2746824,0.34656635,set_2
-7.827564e-07,1.5867509,1.5965551,1.2243212,4.682317,0.0,0.0,0.10605665,0.67488027,1.919192,0.8296955,0.9999999,0.34637228,0.2777724,0.3758553,set_2
0.0,0.0,0.11070916,0.67488027,29.212,0.0,0.0,0.11070916,0.67488027,0.0,1.2585858,0.9999999,0.4433431,0.17223655,0.38442034,set_2
-1.0370028e-08,0.40777087,0.6208302,0.79887086,20.707941,0.0,0.0,0.11070916,0.67488027,0.36363634,1.1431063,0.9999999,0.43511596,0.19725403,0.36763003,set_2
2.6437936e-08,0.707645,0.93770266,0.89971644,15.495567,0.0,0.0,0.11070916,0.67488027,0.68686867,1.0538857,0.9999999,0.42566723,0.2229757,0.35135704,set_2
-1.559634e-07,0.9587848,1.1633142,0.98729116,11.82732,0.0,0.0,0.11070916,0.67488027,0.989899,0.9817182,0.9999999,0.41517648,0.2459041,0.3389194,set_2
-2.0916308e-07,1.0219563,1.2149487,1.0096356,10.992611,0.0,0.0,0.11070916,0.67488027,1.070707,0.9643624,0.9999999,0.41208142,0.25123328,0.3366853,set_2
-2.230486e-07,1.0836146,1.2635729,1.0315945,10.208138,0.0,0.0,0.11070916,0.67488027,1.1515151,0.9477423,0.9999999,0.4088074,0.25610074,0.33509186,set_2
-1.9886258e-07,1.1288285,1.2981719,1.0478222,9.650322,0.0,0.0,0.11070916,0.67488027,1.2121212,0.93577844,0.9999999,0.40620244,0.2594207,0.33437684,set_2
-2.0569063e-07,1.2589066,1.3930175,1.0953214,8.118967,0.0,0.0,0.11070916,0.67488027,1.3939394,0.9027964,0.9999999,0.3972477,0.26757562,0.3351767,set_2
-3.4659257e-07,1.380407,1.4754812,1.1412045,6.776203,0.0,0.0,0.11070916,0.67488027,1.5757575,0.87376726,0.9999999,0.38543445,0.27306035,0.34150517,set_2
0.0,0.0,0.10047221,0.67488027,29.212,0.0,0.0,0.10047221,0.67488027,0.0,1.2585858,0.9999999,0.44340444,0.17211993,0.38447565,set_2
1.667455e-07,0.19416574,0.3545276,0.73147106,24.97729,0.0,0.0,0.10047221,0.67488027,0.16161615,1.2053001,0.9999999,0.44006652,0.18249331,0.37744015,set_2
8.0358454e-08,0.3043688,0.49062473,0.76561725,22.719156,0.0,0.0,0.10047221,0.67488027,0.26262626,1.1735852,0.9999999,0.43772385,0.18960676,0.3726694,set_2
-3.62992e-08,0.4080612,0.612644,0.7988659,20.702724,0.0,0.0,0.10047221,0.67488027,0.36363634,1.1431063,0.9999999,0.43517867,0.19714046,0.3676808,set_2
-1.9923803e-08,0.61804724,0.8408444,0.8690654,16.952677,0.0,0.0,0.10047221,0.67488027,0.5858586,1.0804132,0.9999999,0.42889342,0.21469386,0.35641274,set_2
3.7482772e-07,0.7930335,1.0114312,0.92963326,14.1689005,0.0,0.0,0.10047221,0.67488027,0.78787875,1.028594,0.9999999,0.4224241,0.23082861,0.34674728,set_2
5.060032e-07,1.1708652,1.3269498,1.0639379,9.096888,0.0,0.0,0.10047221,0.67488027,1.2727273,0.9244165,0.9999999,0.4034557,0.26237032,0.334174,set_2
4.26336e-07,1.3654046,1.4621519,1.136259,6.9046965,0.0,0.0,0.10047221,0.67488027,1.5555555,0.87675726,0.9999999,0.3869432,0.2724802,0.34057665,set_2
3.2770035e-07,1.5756009,1.5853649,1.2194972,4.8068748,0.0,0.0,0.10047221,0.67488027,1.8989899,0.8319495,0.9999999,0.35000727,0.2775875,0.37240526,set_2
0.0,0.0,0.10937963,0.67488027,29.212,0.0,0.0,0.10937963,0.67488027,0.0,1.2585858,0.9999999,0.44335103,0.17222142,0.38442755,set_2
6.0916015e-08,0.6176081,0.8473347,0.8690589,16.956146,0.0,0.0,0.10937963,0.67488027,0.5858586,1.0804132,0.9999999,0.42883986,0.21479152,0.35636866,set_2
-2.59653e-08,0.8106359,1.0337873,0.9354859,13.9133415,0.0,0.0,0.10937963,0.67488027,0.8080808,1.023598,0.9999999,0.42166752,0.23253973,0.3457927,set_2
-5.9588615e-08,0.95869845,1.1627586,0.9872923,11.823988,0.0,0.0,0.10937963,0.67488027,0.989899,0.9817182,0.9999999,0.41518006,0.24590077,0.3389192,set_2
7.188122e-08,1.1876222,1.3410635,1.0691537,8.944766,0.0,0.0,0.10937963,0.67488027,1.2929292,0.92067313,0.9999999,0.40248054,0.26336706,0.3341524,set_2
9.301637e-08,1.244834,1.3822131,1.0901375,8.279697,0.0,0.0,0.10937963,0.67488027,1.3737373,0.90629745,0.9999999,0.39836273,0.26678917,0.33484808,set_2
8.5342634e-08,1.2866257,1.411501,1.1056651,7.805478,0.0,0.0,0.10937963,0.67488027,1.4343435,0.8959203,0.9999999,0.3949428,0.2690049,0.33605233,set_2
5.4084726e-08,1.4189837,1.4995806,1.1562128,6.365826,0.0,0.0,0.10937963,0.67488027,1.6363636,0.86487633,0.9999999,0.38050136,0.2743378,0.3451608,set_2
1.4846775e-07,1.5755184,1.5924835,1.219473,4.789956,0.0,0.0,0.10937963,0.67488027,1.8989899,0.8319495,0.9999999,0.34956935,0.2776395,0.37279114,set_2
0.0,0.0,0.10855152,0.67488027,29.212,0.0,0.0,0.10855152,0.67488027,0.0,1.2585858,0.9999999,0.443356,0.17221196,0.38443202,set_2
-2.1464425e-07,0.4474868,0.66414267,0.8119295,19.961578,0.0,0.0,0.10855152,0.67488027,0.4040404,1.1312001,0.9999999,0.43405768,0.20033361,0.36560872,set_2
-2.2805455e-07,0.6719868,0.90129566,0.88755393,16.062992,0.0,0.0,0.10855152,0.67488027,0.64646465,1.064286,0.9999999,0.42696834,0.21968779,0.35334393,set_2
-2.3996768e-07,0.87744534,1.0925839,0.9587831,12.948513,0.0,0.0,0.10855152,0.67488027,0.8888889,1.0045382,0.9999999,0.41886678,0.23865446,0.3424788,set_2
-2.3988284e-07,1.03732,1.2259743,1.015146,10.791901,0.0,0.0,0.10855152,0.67488027,1.090909,0.9601341,0.9999999,0.41129693,0.25246835,0.33623475,set_2
-2.0235346e-07,1.3000598,1.4207072,1.1107563,7.65055,0.0,0.0,0.10855152,0.67488027,1.4545455,0.89264935,0.9999999,0.39372763,0.2696697,0.33660263,set_2
-3.708533e-07,1.4564893,1.522828,1.1710246,5.9729733,0.0,0.0,0.10855152,0.67488027,1.6969697,0.8565809,0.9999999,0.37488732,0.27538395,0.3497287,set_2
-4.2635713e-07,1.5053139,1.5522673,1.1905919,5.477024,0.0,0.0,0.10855152,0.67488027,1.7777778,0.84618074,0.9999999,0.36612868,0.27647713,0.35739425,set_2
-4.426795e-07,1.5408623,1.5728478,1.2051095,5.124664,0.0,0.0,0.10855152,0.67488027,1.8383838,0.83877724,0.9999999,0.35841545,0.27711132,0.3644732,set_2
0.0,0.0,0.099834986,0.67488027,29.212,0.0,0.0,0.099834986,0.67488027,0.0,1.2585858,0.9999999,0.44340825,0.17211267,0.38447908,set_2
-8.685321e-09,0.100282766,0.23317635,0.7034833,26.987343,0.0,0.0,0.099834986,0.67488027,0.08080807,1.2316247,0.9999999,0.44180086,0.17713866,0.3810605,set_2
8.619333e-08,0.50623363,0.7219038,0.8312657,18.89501,0.0,0.0,0.099834986,0.67488027,0.46464646,1.1138635,0.9999999,0.43244097,0.20498623,0.36257285,set_2
-3.2704784e-07,1.0819973,1.2569462,1.0316767,10.201877,0.0,0.0,0.099834986,0.67488027,1.1515151,0.9477423,0.9999999,0.40887815,0.2559784,0.33514345,set_2
-3.511009e-07,1.1567556,1.3139472,1.0586034,9.286208,0.0,0.0,0.099834986,0.67488027,1.2525252,0.9281419,0.9999999,0.40444535,0.26134953,0.33420506,set_2
-3.862937e-07,1.2147578,1.3564105,1.0797459,8.60241,0.0,0.0,0.099834986,0.67488027,1.3333333,0.91329664,0.9999999,0.40053397,0.26504242,0.33442354,set_2
-4.948023e-07,1.3392792,1.4425882,1.1261247,7.2049265,0.0,0.0,0.099834986,0.67488027,1.5151515,0.88289607,0.9999999,0.38989362,0.27139804,0.33870834,set_2
-5.856707e-07,1.5277239,1.5606514,1.200294,5.2441783,0.0,0.0,0.099834986,0.67488027,1.8181818,0.84114105,0.9999999,0.36124876,0.27683976,0.36191148,set_2
-4.4136587e-07,1.5968273,1.59886,1.2290417,4.5779414,0.0,0.0,0.099834986,0.67488027,1.939394,0.82758206,0.9999999,0.34310186,0.27787396,0.37902418,set_2
0.0,0.0,0.112943746,0.67488027,29.212,0.0,0.0,0.112943746,0.67488027,0.0,1.2585858,0.9999999,0.4433297,0.17226201,0.38440832,set_2
8.5119225e-08,0.19435972,0.36604223,0.73147106,24.977308,0.0,0.0,0.112943746,0.67488027,0.16161615,1.2053001,0.9999999,0.43998682,0.18264674,0.37736645,set_2
3.796976e-08,0.65485823,0.887069,0.88141453,16.353943,0.0,0.0,0.112943746,0.67488027,0.6262626,1.0695461,0.9999999,0.4275615,0.21812955,0.3543089,set_2
7.237068e-08,0.9262482,1.1375338,0.9760324,12.265374,0.0,0.0,0.112943746,0.67488027,0.94949496,0.9906513,0.9999999,0.41666022,0.2431019,0.3402379,set_2
7.598971e-08,0.99028236,1.1908641,0.998582,11.403004,0.0,0.0,0.112943746,0.67488027,1.030303,0.97284305,0.9999999,0.4136365,0.24864602,0.33771747,set_2
6.216299e-08,1.2586172,1.3944662,1.0953839,8.11731,0.0,0.0,0.112943746,0.67488027,1.3939394,0.9027964,0.9999999,0.39723045,0.26759696,0.33517256,set_2
-4.5806935e-08,1.340698,1.4506047,1.1261605,7.203606,0.0,0.0,0.112943746,0.67488027,1.5151515,0.88289607,0.9999999,0.38979217,0.2715331,0.33867478,set_2
-1.9166175e-07,1.4442327,1.5173078,1.1661937,6.1030717,0.0,0.0,0.112943746,0.67488027,1.6767677,0.85935605,0.9999999,0.37682882,0.27509186,0.3480793,set_2
-2.1013223e-07,1.481284,1.5400184,1.1809312,5.722531,0.0,0.0,0.112943746,0.67488027,1.7373737,0.8512087,0.9999999,0.37069678,0.2760057,0.3532975,set_2
0.0,0.0,0.104164906,0.67488027,29.212,0.0,0.0,0.104164906,0.67488027,0.0,1.2585858,0.9999999,0.4433823,0.172162,0.3844557,set_2
-8.993185e-08,0.5622672,0.7859192,0.85034513,17.89685,0.0,0.0,0.104164906,0.67488027,0.5252525,1.0968126,0.9999999,0.43068,0.20985381,0.35946622,set_2
-3.785022e-08,0.7420197,0.9664193,0.91177136,14.947634,0.0,0.0,0.104164906,0.67488027,0.72727275,1.0435159,0.9999999,0.42440417,0.22612087,0.34947494,set_2
-2.4444013e-08,0.79356897,1.0147151,0.92961824,14.163015,0.0,0.0,0.104164906,0.67488027,0.78787875,1.028594,0.9999999,0.42238662,0.23090874,0.3467046,set_2
-3.523108e-08,0.91010106,1.1183938,0.97029275,12.4837885,0.0,0.0,0.104164906,0.67488027,0.9292929,0.99516433,0.9999999,0.41744202,0.2415759,0.34098208,set_2
-1.8890142e-07,1.0985627,1.2712263,1.0371028,10.016692,0.0,0.0,0.104164906,0.67488027,1.1717172,0.9437715,0.9999999,0.407993,0.2571723,0.33483478,set_2
-2.3230898e-07,1.1434784,1.3052564,1.0532708,9.467894,0.0,0.0,0.104164906,0.67488027,1.2323232,0.9319092,0.9999999,0.40533826,0.26039347,0.3342683,set_2
-2.4561393e-07,1.4686545,1.5278542,1.1760231,5.8450613,0.0,0.0,0.104164906,0.67488027,1.7171717,0.85382307,0.9999999,0.3728604,0.2756511,0.35148847,set_2
-5.94958e-07,1.6092249,1.6075727,1.233874,4.4686556,0.0,0.0,0.104164906,0.67488027,1.959596,0.8255495,0.9999999,0.33938414,0.27805746,0.38255844,set_2
0.0,0.0,0.111649215,0.67488027,29.212,0.0,0.0,0.111649215,0.67488027,0.0,1.2585858,0.9999999,0.44333744,0.17224726,0.38441527,set_2
5.4054528e-08,0.5626089,0.79187363,0.85034513,17.896873,0.0,0.0,0.111649215,0.67488027,0.5252525,1.0968126,0.9999999,0.43062648,0.20995694,0.3594165,set_2
3.1593395e-08,0.6179467,0.8492935,0.8690979,16.953539,0.0,0.0,0.111649215,0.67488027,0.5858586,1.0804132,0.9999999,0.42881948,0.21483517,0.3563453,set_2
-9.079423e-08,0.79404914,1.0201629,0.92961925,14.16308,0.0,0.0,0.111649215,0.67488027,0.78787875,1.028594,0.9999999,0.42233142,0.23101254,0.34665608,set_2
8.296849e-08,1.0533656,1.2405989,1.020727,10.590917,0.0,0.0,0.111649215,0.67488027,1.111111,0.9558787,0.9999999,0.41045177,0.25375786,0.33579037,set_2
1.5731753e-07,1.0991898,1.2761185,1.037102,10.016789,0.0,0.0,0.111649215,0.67488027,1.1717172,0.9437715,0.9999999,0.40793905,0.25726396,0.33479694,set_2
2.665707e-07,1.1881377,1.342561,1.0692351,8.942993,0.0,0.0,0.111649215,0.67488027,1.2929292,0.92067313,0.9999999,0.4024564,0.26340073,0.33414283,set_2
2.7163398e-07,1.3008288,1.4224275,1.1108779,7.6502357,0.0,0.0,0.111649215,0.67488027,1.4545455,0.89264935,0.9999999,0.3937009,0.26970562,0.33659348,set_2
7.505987e-08,1.5874436,1.599921,1.2243489,4.6800203,0.0,0.0,0.111649215,0.67488027,1.919192,0.8296955,0.9999999,0.34626815,0.27781492,0.3759169,set_2
0.0,0.0,0.112757735,0.67488027,29.212,0.0,0.0,0.112757735,0.67488027,0.0,1.2585858,0.9999999,0.4433308,0.17225985,0.38440934,set_2
-8.9921755e-08,0.10038606,0.2455777,0.7034833,26.987354,0.0,0.0,0.112757735,0.67488027,0.08080807,1.2316247,0.9999999,0.4417208,0.17729184,0.3809874,set_2
-2.1309411e-07,0.38785732,0.59948385,0.7922931,21.091103,0.0,0.0,0.112757735,0.67488027,0.34343433,1.149046,0.9999999,0.4356237,0.19575518,0.3686211,set_2
-3.3460235e-08,0.63605285,0.8684696,0.87529033,16.652607,0.0,0.0,0.112757735,0.67488027,0.60606056,1.0749261,0.9999999,0.4281962,0.21647553,0.35532823,set_2
2.0292154e-08,0.844424,1.0664136,0.94725025,13.421079,0.0,0.0,0.112757735,0.67488027,0.8484848,1.0139601,0.9999999,0.4202518,0.23568702,0.34406117,set_2
-2.8074332e-08,1.1140907,1.2885572,1.042512,9.828999,0.0,0.0,0.112757735,0.67488027,1.1919192,0.9397857,0.9999999,0.40706047,0.25838688,0.33455268,set_2
1.4208254e-08,1.4814007,1.5401554,1.1808336,5.7220173,0.0,0.0,0.112757735,0.67488027,1.7373737,0.8512087,0.9999999,0.37068835,0.27600688,0.35330486,set_2
5.8744053e-08,1.5410881,1.5751557,1.2050874,5.1254406,0.0,0.0,0.112757735,0.67488027,1.8383838,0.83877724,0.9999999,0.3583999,0.2771446,0.36445552,set_2
7.5053e-08,1.5757723,1.5943867,1.2194769,4.7897406,0.0,0.0,0.112757735,0.67488027,1.8989899,0.8319495,0.9999999,0.34953845,0.27766508,0.37279645,set_2
0.0,0.0,0.11225248,0.67488027,29.212,0.0,0.0,0.11225248,0.67488027,0.0,1.2585858,0.9999999,0.44333386,0.17225416,0.384412,set_2
6.8804695e-09,0.07593397,0.21313208,0.6963906,27.522125,0.0,0.0,0.11225248,0.67488027,0.06060606,1.2383649,0.9999999,0.44213784,0.17599694,0.38186517,set_2
-1.8186936e-08,0.56257224,0.7922614,0.8503294,17.898476,0.0,0.0,0.11225248,0.67488027,0.5252525,1.0968126,0.9999999,0.43062353,0.20995963,0.3594168,set_2
-6.405791e-08,1.0064836,1.2037256,1.0041152,11.192869,0.0,0.0,0.11225248,0.67488027,1.0505049,0.96857876,0.9999999,0.41285104,0.24997759,0.33717138,set_2
-9.901851e-08,1.187895,1.3430518,1.069187,8.942985,0.0,0.0,0.11225248,0.67488027,1.2929292,0.92067313,0.9999999,0.40245402,0.2634054,0.33414054,set_2
-1.0312471e-07,1.2309774,1.3741107,1.0849578,8.44063,0.0,0.0,0.11225248,0.67488027,1.3535353,0.9097776,0.9999999,0.39940754,0.26602104,0.3345714,set_2
-6.3901766e-08,1.3806926,1.4764801,1.1412587,6.7748237,0.0,0.0,0.11225248,0.67488027,1.5757575,0.87376726,0.9999999,0.38541192,0.2730774,0.34151068,set_2
-1.17635174e-07,1.4444895,1.517239,1.166143,6.101241,0.0,0.0,0.11225248,0.67488027,1.6767677,0.85935605,0.9999999,0.37680918,0.2750904,0.34810042,set_2
-2.4691622e-07,1.5294873,1.5682921,1.2003256,5.239238,0.0,0.0,0.11225248,0.67488027,1.8181818,0.84114105,0.9999999,0.3610607,0.27694464,0.36199468,set_2
0.0,0.0,0.11147027,0.67488027,29.212,0.0,0.0,0.11147027,0.67488027,0.0,1.2585858,0.9999999,0.4433385,0.17224523,0.38441625,set_2
-5.7457658e-08,0.10037579,0.24434209,0.7034833,26.987354,0.0,0.0,0.11147027,0.67488027,0.08080807,1.2316247,0.9999999,0.44172877,0.17727661,0.3809946,set_2
-4.782584e-08,0.23944004,0.4208657,0.74523866,24.04111,0.0,0.0,0.11147027,0.67488027,0.2020202,1.1924199,0.9999999,0.43908116,0.18542534,0.37549353,set_2
-2.7666664e-07,0.6539382,0.8855214,0.8814371,16.356707,0.0,0.0,0.11147027,0.67488027,0.6262626,1.0695461,0.9999999,0.42758253,0.21808518,0.35433224,set_2
-3.496056e-07,0.70711887,0.9379457,0.899735,15.4983225,0.0,0.0,0.11147027,0.67488027,0.68686867,1.0538857,0.9999999,0.4256696,0.2229669,0.35136354,set_2
-3.6773855e-07,0.92643815,1.1371274,0.9760154,12.260581,0.0,0.0,0.11147027,0.67488027,0.94949496,0.9906513,0.9999999,0.41665944,0.24310821,0.3402324,set_2
-5.359294e-07,1.3409326,1.4496208,1.1261044,7.2052774,0.0,0.0,0.11147027,0.67488027,1.5151515,0.88289607,0.9999999,0.38980845,0.2715204,0.33867112,set_2
-5.427071e-07,1.3805101,1.4757339,1.1412344,6.7773685,0.0,0.0,0.11147027,0.67488027,1.5757575,0.87376726,0.9999999,0.3854382,0.27306613,0.34149566,set_2
-4.485653e-07,1.5642319,1.5872694,1.2147177,4.900569,0.0,0.0,0.11147027,0.67488027,1.8787879,0.83424133,0.9999999,0.35265628,0.277491,0.36985272,set_2
0.0,0.0,0.1120401,0.67488027,29.212,0.0,0.0,0.1120401,0.67488027,0.0,1.2585858,0.9999999,0.44333518,0.17225169,0.3844131,set_2
1.401468e-07,0.407815,0.6219559,0.79887086,20.707947,0.0,0.0,0.1120401,0.67488027,0.36363634,1.1431063,0.9999999,0.43510675,0.19727167,0.36762157,set_2
1.9493712e-07,0.89417374,1.1093385,0.9645385,12.716917,0.0,0.0,0.1120401,0.67488027,0.9090909,0.9997883,0.9999999,0.41812044,0.2401911,0.34168845,set_2
3.56688e-07,0.9748057,1.1774168,0.9929098,11.613872,0.0,0.0,0.1120401,0.67488027,1.010101,0.97721523,0.9999999,0.41440737,0.24729413,0.3382985,set_2
4.1710544e-07,1.0220443,1.2158313,1.0096295,10.992816,0.0,0.0,0.1120401,0.67488027,1.070707,0.9643624,0.9999999,0.41207203,0.25124955,0.33667836,set_2
4.1771483e-07,1.0684345,1.2525628,1.0261334,10.399938,0.0,0.0,0.1120401,0.67488027,1.1313131,0.951758,0.9999999,0.40963578,0.25494638,0.33541787,set_2
2.3421664e-07,1.3930352,1.485779,1.1462295,6.6287327,0.0,0.0,0.1120401,0.67488027,1.5959595,0.8707503,0.9999999,0.38377914,0.27353454,0.34268633,set_2
3.4200227e-07,1.5759454,1.5934613,1.2194183,4.794802,0.0,0.0,0.1120401,0.67488027,1.8989899,0.8319495,0.9999999,0.34965393,0.27766538,0.3726807,set_2
3.5322432e-07,1.6321872,1.622183,1.2431437,4.274348,0.0,0.0,0.1120401,0.67488027,2.0,0.82148737,0.9999999,0.3320183,0.27841875,0.38956288,set_2
0.0,0.0,0.1174633,0.67488027,29.212,0.0,0.0,0.1174633,0.67488027,0.0,1.2585858,0.9999999,0.4433026,0.1723135,0.38438392,set_2
-2.9688957e-08,0.1004235,0.25009328,0.7034833,26.987358,0.0,0.0,0.1174633,0.67488027,0.08080807,1.2316247,0.9999999,0.44169158,0.17734759,0.38096082,set_2
-1.4736097e-08,0.17157276,0.34134287,0.7245341,25.460241,0.0,0.0,0.1174633,0.67488027,0.14141414,1.2117333,0.9999999,0.44040182,0.18133806,0.37826005,set_2
8.145358e-08,0.30508545,0.50580645,0.76563627,22.716637,0.0,0.0,0.1174633,0.67488027,0.26262626,1.1735852,0.9999999,0.43760833,0.18983349,0.37255812,set_2
1.2707432e-07,0.48752603,0.71517885,0.8248815,19.242,0.0,0.0,0.1174633,0.67488027,0.44444442,1.1195564,0.9999999,0.43288276,0.20363,0.3634872,set_2
-4.6068017e-08,0.6363412,0.8720334,0.87525785,16.654453,0.0,0.0,0.1174633,0.67488027,0.60606056,1.0749261,0.9999999,0.42816284,0.21653593,0.35530123,set_2
-2.7358502e-07,0.84403306,1.0693784,0.94716597,13.425919,0.0,0.0,0.1174633,0.67488027,0.8484848,1.0139601,0.9999999,0.42022932,0.2357224,0.34404832,set_2
-2.8295736e-07,1.3411477,1.4536357,1.1260716,7.2028556,0.0,0.0,0.1174633,0.67488027,1.5151515,0.88289607,0.9999999,0.38975403,0.27158198,0.338664,set_2
-3.2852205e-07,1.5074507,1.5548763,1.1905929,5.4970036,0.0,0.0,0.1174633,0.67488027,1.7777778,0.84618074,0.9999999,0.36634585,0.2765666,0.35708755,set_2
0.0,0.0,0.116948165,0.67488027,29.212,0.0,0.0,0.116948165,0.67488027,0.0,1.2585858,0.9999999,0.4433057,0.1723076,0.38438666,set_2
-2.978886e-07,0.32571012,0.5302428,0.77234066,22.300777,0.0,0.0,0.116948165,0.67488027,0.28282827,1.1674109,0.9999999,0.43712434,0.19128405,0.3715916,set_2
-2.681944e-07,0.44789082,0.6712246,0.811933,19.960323,0.0,0.0,0.116948165,0.67488027,0.4040404,1.1312001,0.9999999,0.43399802,0.20045093,0.36555105,set_2
-3.9535357e-07,0.86146855,1.0840616,0.9530468,13.182732,0.0,0.0,0.116948165,0.67488027,0.86868685,1.0092522,0.9999999,0.41951582,0.23726636,0.3432178,set_2
-4.3735844e-07,0.97525746,1.1810899,0.9929732,11.609739,0.0,0.0,0.116948165,0.67488027,1.010101,0.97721523,0.9999999,0.41436356,0.24737555,0.3382609,set_2
-6.1462964e-07,1.2310542,1.378209,1.0849801,8.430804,0.0,0.0,0.116948165,0.67488027,1.3535353,0.9097776,0.9999999,0.3993382,0.26609564,0.3345662,set_2
-4.796446e-07,1.3144286,1.4358866,1.1159631,7.4921374,0.0,0.0,0.116948165,0.67488027,1.4747474,0.88941437,0.9999999,0.39237186,0.2704079,0.33722034,set_2
6.2634996e-08,1.530459,1.5702424,1.200289,5.2455435,0.0,0.0,0.116948165,0.67488027,1.8181818,0.84114105,0.9999999,0.3611261,0.27699047,0.36188343,set_2
7.2321505e-08,1.632992,1.6251236,1.2432439,4.271209,0.0,0.0,0.116948165,0.67488027,2.0,0.82148737,0.9999999,0.3318704,0.27845424,0.3896754,set_2
0.0,0.0,0.12291525,0.67488027,29.212,0.0,0.0,0.12291525,0.67488027,0.0,1.2585858,0.9999999,0.44326994,0.17237557,0.3843545,set_2
-1.026052e-07,0.10046701,0.25532526,0.7034833,26.987362,0.0,0.0,0.12291525,0.67488027,0.08080807,1.2316247,0.9999999,0.44165784,0.1774122,0.38092998,set_2
-2.0308224e-07,0.21736664,0.40366262,0.7383819,24.502337,0.0,0.0,0.12291525,0.67488027,0.18181817,1.1988817,0.9999999,0.43946797,0.18416315,0.37636885,set_2
-3.858468e-07,0.3885355,0.6083772,0.792316,21.08838,0.0,0.0,0.12291525,0.67488027,0.34343433,1.149046,0.9999999,0.43555063,0.19590059,0.36854884,set_2
-9.4699324e-08,0.6365426,0.87621695,0.87525284,16.654743,0.0,0.0,0.12291525,0.67488027,0.60606056,1.0749261,0.9999999,0.42812407,0.2166096,0.3552663,set_2
1.4862573e-07,0.74242413,0.9797046,0.9117254,14.954657,0.0,0.0,0.12291525,0.67488027,0.72727275,1.0435159,0.9999999,0.4242797,0.22634467,0.34937567,set_2
2.1244391e-07,1.3147193,1.4383564,1.1158527,7.502953,0.0,0.0,0.12291525,0.67488027,1.4747474,0.88941437,0.9999999,0.39239386,0.27044737,0.33715883,set_2
1.8641165e-07,1.5650613,1.5935484,1.2146316,4.902658,0.0,0.0,0.12291525,0.67488027,1.8787879,0.83424133,0.9999999,0.35261312,0.27758154,0.3698054,set_2
1.9559889e-07,1.599238,1.6118139,1.2289482,4.5778794,0.0,0.0,0.12291525,0.67488027,1.939394,0.82758206,0.9999999,0.3429016,0.2780523,0.3790461,set_2
0.0,0.0,0.114401765,0.67488027,29.212,0.0,0.0,0.114401765,0.67488027,0.0,1.2585858,0.9999999,0.443321,0.17227863,0.3844004,set_2
-4.2136787e-09,0.23932515,0.42338416,0.7452434,24.042995,0.0,0.0,0.114401765,0.67488027,0.2020202,1.1924199,0.9999999,0.4390637,0.18545642,0.37547988,set_2
-2.135778e-08,0.304652,0.5029806,0.7656266,22.718828,0.0,0.0,0.114401765,0.67488027,0.26262626,1.1735852,0.9999999,0.43763146,0.18978588,0.37258267,set_2
-9.947659e-08,0.46866238,0.69275403,0.8184395,19.582392,0.0,0.0,0.114401765,0.67488027,0.4242424,1.1253153,0.9999999,0.43344435,0.20205988,0.36449572,set_2
-1.2868624e-07,0.5457679,0.776572,0.8440323,18.203531,0.0,0.0,0.114401765,0.67488027,0.5050505,1.1024449,0.9999999,0.43116134,0.2084765,0.3603622,set_2
-1.9869688e-09,1.2862966,1.4129949,1.1056712,7.817459,0.0,0.0,0.114401765,0.67488027,1.4343435,0.8959203,0.9999999,0.39497757,0.2690215,0.33600098,set_2
5.340688e-09,1.32711,1.4409204,1.1210188,7.363408,0.0,0.0,0.114401765,0.67488027,1.4949495,0.8861555,0.9999999,0.39121464,0.2709451,0.33784026,set_2
1.00473095e-07,1.4563719,1.5242472,1.1709965,5.9886465,0.0,0.0,0.114401765,0.67488027,1.6969697,0.8565809,0.9999999,0.37503502,0.27542475,0.3495403,set_2
1.8187816e-07,1.5755143,1.5932016,1.2194226,4.806762,0.0,0.0,0.114401765,0.67488027,1.8989899,0.8319495,0.9999999,0.3499157,0.27768546,0.37239885,set_2
0.0,0.0,0.11464101,0.67488027,29.212,0.0,0.0,0.11464101,0.67488027,0.0,1.2585858,0.9999999,0.4433195,0.17228131,0.38439918,set_2
-1.4835517e-08,0.1943859,0.36760917,0.73147106,24.97731,0.0,0.0,0.11464101,0.67488027,0.16161615,1.2053001,0.9999999,0.43997604,0.18266748,0.37735644,set_2
7.8034725e-09,0.6005815,0.8332204,0.8628404,17.260042,0.0,0.0,0.11464101,0.67488027,0.56565654,1.0858567,0.9999999,0.42939883,0.2132665,0.3573346,set_2
-3.2317843e-08,0.67271185,0.9060428,0.8875461,16.063526,0.0,0.0,0.11464101,0.67488027,0.64646465,1.064286,0.9999999,0.4269201,0.21977825,0.35330167,set_2
-1.2015812e-07,0.77699506,1.0060514,0.9237095,14.425575,0.0,0.0,0.11464101,0.67488027,0.7676768,1.0335511,0.9999999,0.42299643,0.22944412,0.34755945,set_2
-2.4905273e-07,0.9745841,1.179015,0.9929821,11.613395,0.0,0.0,0.11464101,0.67488027,1.010101,0.97721523,0.9999999,0.41439277,0.24732177,0.33828542,set_2
-3.609023e-07,1.0835625,1.2660359,1.0316597,10.207723,0.0,0.0,0.11464101,0.67488027,1.1515151,0.9477423,0.9999999,0.40878257,0.2561442,0.3350732,set_2
-3.6201214e-07,1.1436436,1.3117664,1.0532489,9.469682,0.0,0.0,0.11464101,0.67488027,1.2323232,0.9319092,0.9999999,0.40527588,0.26050252,0.33422157,set_2
4.2652147e-08,1.3674383,1.4691551,1.1362855,6.9159904,0.0,0.0,0.11464101,0.67488027,1.5555555,0.87675726,0.9999999,0.3869201,0.2726098,0.34047014,set_2
0.0,0.0,0.11553588,0.67488027,29.212,0.0,0.0,0.11553588,0.67488027,0.0,1.2585858,0.9999999,0.44331414,0.17229152,0.3843943,set_2
-1.4582251e-07,0.5997221,0.8334568,0.86286247,17.263214,0.0,0.0,0.11553588,0.67488027,0.56565654,1.0858567,0.9999999,0.4294032,0.21325333,0.3573434,set_2
-1.4875539e-08,1.0687636,1.2550114,1.026149,10.398842,0.0,0.0,0.11553588,0.67488027,1.1313131,0.951758,0.9999999,0.40960726,0.25499514,0.33539757,set_2
1.466511e-07,1.245263,1.3861136,1.0901055,8.279696,0.0,0.0,0.11553588,0.67488027,1.3737373,0.90629745,0.9999999,0.3983203,0.26685593,0.33482376,set_2
1.1927057e-07,1.3007883,1.4248043,1.1107702,7.651827,0.0,0.0,0.11553588,0.67488027,1.4545455,0.89264935,0.9999999,0.39368513,0.26974052,0.3365743,set_2
1.06725466e-07,1.3545967,1.4611238,1.1311293,7.0593934,0.0,0.0,0.11553588,0.67488027,1.5353535,0.87978023,0.9999999,0.388371,0.2721082,0.33952084,set_2
1.6787354e-07,1.469423,1.5343853,1.1759077,5.8469925,0.0,0.0,0.11553588,0.67488027,1.7171717,0.85382307,0.9999999,0.37280506,0.27574956,0.3514454,set_2
2.0093809e-07,1.5058371,1.556222,1.1905464,5.477906,0.0,0.0,0.11553588,0.67488027,1.7777778,0.84618074,0.9999999,0.36609197,0.2765355,0.3573725,set_2
2.2166321e-07,1.564591,1.589714,1.2146643,4.8999643,0.0,0.0,0.11553588,0.67488027,1.8787879,0.83424133,0.9999999,0.35261104,0.27752322,0.36986578,set_2
0.0,0.0,0.12259873,0.67479736,15.5798,0.0,0.0,0.12259873,0.67479736,0.0,1.1930486,0.9999999,0.4484487,0.18578555,0.3657657,set_2
-8.8553115e-08,0.25502735,0.42670116,0.74197507,11.80062,0.0,0.0,0.12259873,0.67479736,0.2020202,1.1465398,0.9999999,0.4418518,0.20547472,0.35267344,set_2
-1.1652485e-07,0.5530569,0.73993134,0.82537276,7.9446807,0.0,0.0,0.12259873,0.67479736,0.46464646,1.0879277,0.9999999,0.42930552,0.22861369,0.34208083,set_2
-1.5035542e-07,0.6382457,0.82062644,0.8501626,6.952161,0.0,0.0,0.12259873,0.67479736,0.5454545,1.0702925,0.9999999,0.42374513,0.23409188,0.34216306,set_2
-2.177369e-07,0.76036847,0.9290912,0.88659567,5.6115685,0.0,0.0,0.12259873,0.67479736,0.6666667,1.0442421,0.9999999,0.4123634,0.24046256,0.34717408,set_2
-2.875998e-07,0.92931265,1.0660932,0.9395787,3.8953674,0.0,0.0,0.12259873,0.67479736,0.8484848,1.00596,0.9999999,0.38232642,0.2466868,0.37098676,set_2
-2.4455477e-07,1.2114835,1.2318735,1.0343659,1.6204109,0.0,0.0,0.12259873,0.67479736,1.1919192,0.936392,0.9999999,0.24491644,0.26022807,0.4948555,set_2
-4.1650787e-07,1.3851887,1.2663507,1.0921583,0.84903693,0.0,0.0,0.12259873,0.67479736,1.4141414,0.8932359,0.9999999,0.13933305,0.26779792,0.592869,set_2
-4.789323e-07,1.4746556,1.2673154,1.122545,0.60086775,0.0,0.0,0.12259873,0.67479736,1.5353535,0.87033665,0.9999999,0.10060809,0.26793388,0.63145804,set_2
0.0,0.0,0.11212045,0.67479736,15.5798,0.0,0.0,0.11212045,0.67479736,0.0,1.1930486,0.9999999,0.4485446,0.18560664,0.36584872,set_2
-7.575394e-08,0.10502973,0.24216919,0.7019894,13.964916,0.0,0.0,0.11212045,0.67479736,0.08080807,1.1743225,0.9999999,0.44614342,0.19340234,0.3604543,set_2
-5.8695086e-08,0.3500417,0.5228431,0.7681056,10.500923,0.0,0.0,0.11212045,0.67479736,0.28282827,1.1282976,0.9999999,0.43870008,0.2130328,0.34826714,set_2
-7.390776e-08,0.44215694,0.61985046,0.79381716,9.309277,0.0,0.0,0.11212045,0.67479736,0.36363634,1.11023,0.9999999,0.43498456,0.22031206,0.3447034,set_2
-1.893199e-07,0.9810618,1.0962456,0.9567992,3.407945,0.0,0.0,0.11212045,0.67479736,0.9090909,0.993415,0.9999999,0.36708504,0.24829647,0.38461846,set_2
-1.9778635e-07,1.0996406,1.1707822,0.9961544,2.4127462,0.0,0.0,0.11212045,0.67479736,1.0505049,0.96460396,0.9999999,0.31627116,0.25326306,0.43046576,set_2
-2.7715697e-07,1.1810244,1.2111161,1.0235598,1.8307652,0.0,0.0,0.11212045,0.67479736,1.1515151,0.9443856,0.9999999,0.26732275,0.25805074,0.47462648,set_2
-3.7003235e-07,1.2445775,1.2354388,1.0450681,1.4422793,0.0,0.0,0.11212045,0.67479736,1.2323232,0.9284182,0.9999999,0.22376925,0.26211914,0.51411164,set_2
-5.6967076e-07,1.7129697,1.2310382,1.2136588,0.18959153,0.0,0.0,0.11212045,0.67479736,1.919192,0.8007198,0.9999999,0.041101437,0.25880885,0.7000897,set_2
0.0,0.0,0.11574114,0.67479736,15.5798,0.0,0.0,0.11574114,0.67479736,0.0,1.1930486,0.9999999,0.44851142,0.1856685,0.36582008,set_2
-6.3558595e-08,0.7411164,0.9051779,0.8805921,5.835779,0.0,0.0,0.11574114,0.67479736,0.64646465,1.0485419,0.9999999,0.41474435,0.2394421,0.3458136,set_2
-1.2479336e-07,0.912004,1.0462912,0.9337935,4.0783033,0.0,0.0,0.11574114,0.67479736,0.8282828,1.010151,0.9999999,0.3870288,0.2460325,0.36693874,set_2
-1.6294015e-07,1.1324326,1.1922328,1.0071963,2.1545486,0.0,0.0,0.11574114,0.67479736,1.090909,0.9564893,0.9999999,0.29688582,0.25515395,0.44796026,set_2
-1.3402567e-07,1.2889897,1.2525272,1.0609759,1.184762,0.0,0.0,0.11574114,0.67479736,1.2929292,0.916601,0.9999999,0.1902707,0.26482835,0.5449009,set_2
-1.540838e-07,1.3660605,1.26423,1.0870157,0.87281954,0.0,0.0,0.11574114,0.67479736,1.3939394,0.8971165,0.9999999,0.14445,0.26749927,0.5880507,set_2
-1.6790203e-07,1.4392741,1.2681588,1.112501,0.6370596,0.0,0.0,0.11574114,0.67479736,1.4949495,0.8779383,0.9999999,0.10850636,0.2679779,0.6235158,set_2
-1.1048826e-07,1.6301992,1.2463813,1.1809777,0.30526447,0.0,0.0,0.11574114,0.67479736,1.7777778,0.82588047,0.9999999,0.056244813,0.26315442,0.68060076,set_2
-6.1520936e-08,1.7484047,1.2191603,1.2273736,0.21057165,0.0,0.0,0.11574114,0.67479736,1.979798,0.7901616,0.9999999,0.03937443,0.25827762,0.70234793,set_2
0.0,0.0,0.1372058,0.67479736,15.5798,0.0,0.0,0.1372058,0.67479736,0.0,1.1930486,0.9999999,0.4483152,0.18603481,0.36565,set_2
-1.02250965e-07,0.20634106,0.38453242,0.7287523,12.490628,0.0,0.0,0.1372058,0.67479736,0.16161615,1.1557541,0.9999999,0.4431919,0.20178129,0.35502684,set_2
-1.6329228e-07,0.74140096,0.9236764,0.88058823,5.820125,0.0,0.0,0.1372058,0.67479736,0.64646465,1.0485419,0.9999999,0.41442654,0.23976815,0.34580526,set_2
-1.1610474e-07,0.9144729,1.0606096,0.93379676,4.0887394,0.0,0.0,0.1372058,0.67479736,0.8282828,1.010151,0.9999999,0.38697708,0.24629936,0.3667236,set_2
-1.0373543e-07,0.9674654,1.100605,0.9510926,3.5775845,0.0,0.0,0.1372058,0.67479736,0.8888889,0.99760306,0.9999999,0.37255293,0.24801187,0.3794352,set_2
-2.07977e-07,1.3255777,1.2676586,1.0714654,1.0842953,0.0,0.0,0.1372058,0.67479736,1.3333333,0.9087512,0.9999999,0.17407931,0.2661755,0.5597452,set_2
-5.257738e-07,1.4479598,1.2759212,1.1125119,0.6817696,0.0,0.0,0.1372058,0.67479736,1.4949495,0.8779383,0.9999999,0.11245757,0.26825076,0.61929166,set_2
-5.320917e-07,1.6833035,1.2499127,1.1997975,0.2459577,0.0,0.0,0.1372058,0.67479736,1.8585858,0.8114377,0.9999999,0.047200225,0.260919,0.6918807,set_2
-5.298799e-07,1.7382736,1.238227,1.2228422,0.18335584,0.0,0.0,0.1372058,0.67479736,1.959596,0.79367083,0.9999999,0.0385864,0.25792733,0.70348626,set_2
0.0,0.0,0.11653744,0.67479736,15.5798,0.0,0.0,0.11653744,0.67479736,0.0,1.1930486,0.9999999,0.44850412,0.18568204,0.3658138,set_2
1.7327596e-07,0.53156227,0.7123991,0.81911576,8.216181,0.0,0.0,0.11653744,0.67479736,0.44444442,1.0923495,0.9999999,0.4306047,0.22696711,0.3424282,set_2
9.0683905e-08,0.891831,1.0370262,0.92797446,4.2221284,0.0,0.0,0.11653744,0.67479736,0.8080808,1.0143703,0.9999999,0.39056304,0.24544567,0.3639913,set_2
2.1660588e-07,1.0471141,1.1477404,0.9794345,2.786572,0.0,0.0,0.11653744,0.67479736,0.989899,0.976893,0.9999999,0.33953694,0.2509663,0.40949675,set_2
2.575284e-07,1.1928785,1.2223495,1.0289809,1.7129608,0.0,0.0,0.11653744,0.67479736,1.1717172,0.94039065,0.9999999,0.25544894,0.25916156,0.4853895,set_2
1.6627439e-07,1.4386799,1.2652426,1.1125013,0.6636112,0.0,0.0,0.11653744,0.67479736,1.4949495,0.8779383,0.9999999,0.11128442,0.26808912,0.62062645,set_2
1.4507104e-07,1.5583203,1.2526233,1.1521357,0.4668181,0.0,0.0,0.11653744,0.67479736,1.6565657,0.84789056,0.9999999,0.07757033,0.26654133,0.6558883,set_2
1.3598688e-07,1.6643867,1.2347854,1.1904101,0.33904013,0.0,0.0,0.11653744,0.67479736,1.8181818,0.81861,0.9999999,0.055921704,0.2632678,0.6808105,set_2
1.1946881e-07,1.7214109,1.2245929,1.2136596,0.26297045,0.0,0.0,0.11653744,0.67479736,1.919192,0.8007198,0.9999999,0.045223556,0.26039952,0.69437695,set_2
0.0,0.0,0.12439487,0.67479736,15.5798,0.0,0.0,0.12439487,0.67479736,0.0,1.1930486,0.9999999,0.4484323,0.18581611,0.3657516,set_2
-3.00972e-08,0.44283053,0.6296383,0.7938122,9.314789,0.0,0.0,0.12439487,0.67479736,0.36363634,1.11023,0.9999999,0.43487072,0.22050513,0.3446242,set_2
-1.8109134e-08,0.57497716,0.762063,0.83160734,7.6900244,0.0,0.0,0.12439487,0.67479736,0.48484847,1.0835073,0.9999999,0.42800936,0.23010242,0.34188822,set_2
-1.5314664e-07,0.91012895,1.0553825,0.93378496,4.055625,0.0,0.0,0.12439487,0.67479736,0.8282828,1.010151,0.9999999,0.38652918,0.24612166,0.36734912,set_2
-2.8493162e-07,1.0663023,1.1611841,0.9850282,2.6664743,0.0,0.0,0.12439487,0.67479736,1.010101,0.97276616,0.9999999,0.3324302,0.25177583,0.415794,set_2
-2.3639117e-07,1.2911198,1.2540225,1.0609683,1.2171724,0.0,0.0,0.12439487,0.67479736,1.2929292,0.916601,0.9999999,0.19352725,0.26472065,0.5417521,set_2
-3.919676e-07,1.4746552,1.2678262,1.1225295,0.60552,0.0,0.0,0.12439487,0.67479736,1.5353535,0.87033665,0.9999999,0.10104482,0.26796746,0.63098776,set_2
-4.6710585e-07,1.5723555,1.2595258,1.1569893,0.41366005,0.0,0.0,0.12439487,0.67479736,1.6767677,0.8441995,0.9999999,0.07130723,0.26575804,0.66293466,set_2
-5.135193e-07,1.6354601,1.2507126,1.1809667,0.3122788,0.0,0.0,0.12439487,0.67479736,1.7777778,0.82588047,0.9999999,0.056512516,0.26325575,0.6802317,set_2
0.0,0.0,0.12304133,0.67479736,15.5798,0.0,0.0,0.12304133,0.67479736,0.0,1.1930486,0.9999999,0.4484447,0.18579303,0.36576226,set_2
-3.6702843e-08,0.44276717,0.6284853,0.7938122,9.314782,0.0,0.0,0.12304133,0.67479736,0.36363634,1.11023,0.9999999,0.4348844,0.22048159,0.34463403,set_2
-1.5336951e-07,0.6172948,0.8017695,0.84400415,7.1899467,0.0,0.0,0.12304133,0.67479736,0.5252525,1.0746689,0.9999999,0.42523825,0.2328294,0.34193233,set_2
-1.8708539e-08,0.94602436,1.0806162,0.94533694,3.7184572,0.0,0.0,0.12304133,0.67479736,0.86868685,1.0017823,0.9999999,0.3773385,0.2472577,0.37540382,set_2
8.825344e-08,1.0990715,1.1796564,0.99614793,2.4010105,0.0,0.0,0.12304133,0.67479736,1.0505049,0.96460396,0.9999999,0.31545702,0.25339353,0.4311495,set_2
4.5237247e-08,1.3380375,1.2615843,1.0766497,1.0167682,0.0,0.0,0.12304133,0.67479736,1.3535353,0.90486825,0.9999999,0.16472928,0.2666489,0.5686218,set_2
-3.3259e-08,1.4448583,1.2681034,1.1124856,0.67472243,0.0,0.0,0.12304133,0.67479736,1.4949495,0.8779383,0.9999999,0.11209706,0.268168,0.61973494,set_2
-6.868568e-08,1.4888662,1.2666427,1.1275151,0.5701678,0.0,0.0,0.12304133,0.67479736,1.5555555,0.8665767,0.9999999,0.09569346,0.26775277,0.63655376,set_2
-1.0463476e-07,1.5715765,1.2592673,1.1569904,0.40916488,0.0,0.0,0.12304133,0.67479736,1.6767677,0.8441995,0.9999999,0.07097286,0.26569733,0.6633298,set_2
0.0,0.0,0.13122346,0.67479736,15.5798,0.0,0.0,0.13122346,0.67479736,0.0,1.1930486,0.9999999,0.4483699,0.1859327,0.3656974,set_2
-3.1021472e-07,0.5972147,0.7867788,0.83781517,7.448942,0.0,0.0,0.13122346,0.67479736,0.5050505,1.0790758,0.9999999,0.42662096,0.23159017,0.34178883,set_2
-3.1117384e-07,0.680799,0.86447644,0.8624036,6.4919953,0.0,0.0,0.13122346,0.67479736,0.5858586,1.0615716,0.9999999,0.42037687,0.23658554,0.34303764,set_2
-2.9566738e-07,0.7997612,0.9696306,0.89853776,5.1928167,0.0,0.0,0.13122346,0.67479736,0.7070707,1.0356324,0.9999999,0.40720102,0.24224935,0.3505496,set_2
-3.138936e-07,1.0326236,1.146879,0.9737996,2.9329815,0.0,0.0,0.13122346,0.67479736,0.96969694,0.981012,0.9999999,0.34683317,0.2504197,0.40274712,set_2
-3.7776985e-07,1.3965139,1.2737415,1.0972562,0.7897123,0.0,0.0,0.13122346,0.67479736,1.4343435,0.8893907,0.9999999,0.1306244,0.26802272,0.6013529,set_2
-3.7424937e-07,1.4730377,1.2717168,1.1225191,0.60664487,0.0,0.0,0.13122346,0.67479736,1.5353535,0.87033665,0.9999999,0.10109479,0.2679921,0.6309131,set_2
-3.4750232e-07,1.7122685,1.2361392,1.2090371,0.2680006,0.0,0.0,0.13122346,0.67479736,1.8989899,0.80428916,0.9999999,0.0463814,0.26077762,0.692841,set_2
-3.4754575e-07,1.7448559,1.2294235,1.2228024,0.22952598,0.0,0.0,0.13122346,0.67479736,1.959596,0.79367083,0.9999999,0.0410851,0.2589831,0.69993186,set_2
0.0,0.0,0.13606718,0.67479736,15.5798,0.0,0.0,0.13606718,0.67479736,0.0,1.1930486,0.9999999,0.44832557,0.18601534,0.36565912,set_2
-5.0453696e-08,0.10530905,0.26519912,0.7019894,13.964944,0.0,0.0,0.13606718,0.67479736,0.08080807,1.1743225,0.9999999,0.4459174,0.1938215,0.36026105,set_2
-1.1311798e-07,0.18144271,0.35492665,0.72210133,12.846338,0.0,0.0,0.13606718,0.67479736,0.14141414,1.1603595,0.9999999,0.44391128,0.1997779,0.35631087,set_2
-2.3260857e-07,0.27963877,0.46612328,0.74854493,11.464392,0.0,0.0,0.13606718,0.67479736,0.22222221,1.141945,0.9999999,0.44094205,0.2076833,0.3513747,set_2
-2.1040309e-07,0.48837936,0.6852713,0.80651534,8.751906,0.0,0.0,0.13606718,0.67479736,0.4040404,1.1012572,0.9999999,0.4326683,0.22410986,0.3432218,set_2
1.7514762e-07,1.001343,1.125679,0.9624989,3.2482526,0.0,0.0,0.13606718,0.67479736,0.9292929,0.9892581,0.9999999,0.3606619,0.24918455,0.39015362,set_2
3.1096334e-07,1.6457038,1.2554308,1.1857191,0.29361767,0.0,0.0,0.13606718,0.67479736,1.7979797,0.8222419,0.9999999,0.053860813,0.26268214,0.683457,set_2
2.8753772e-07,1.6823773,1.2476045,1.1997951,0.25871366,0.0,0.0,0.13606718,0.67479736,1.8585858,0.8114377,0.9999999,0.048045278,0.26119378,0.6907609,set_2
2.6222207e-07,1.7277838,1.2375971,1.2182735,0.2135933,0.0,0.0,0.13606718,0.67479736,1.939394,0.7971853,0.9999999,0.041202977,0.25897706,0.69982,set_2
0.0,0.0,0.12603322,0.67479736,15.5798,0.0,0.0,0.12603322,0.67479736,0.0,1.1930486,0.9999999,0.4484173,0.1858442,0.3657385,set_2
-3.3461333e-08,0.3032883,0.48322022,0.7550913,11.139688,0.0,0.0,0.12603322,0.67479736,0.24242423,1.137383,0.9999999,0.44024417,0.20943826,0.35031754,set_2
-7.8318166e-08,0.7205199,0.8974122,0.87454927,6.0380187,0.0,0.0,0.12603322,0.67479736,0.6262626,1.0528564,0.9999999,0.416636,0.23863284,0.34473115,set_2
-3.5002092e-08,0.79945725,0.9650099,0.8985406,5.1985354,0.0,0.0,0.12603322,0.67479736,0.7070707,1.0356324,0.9999999,0.40731168,0.24217159,0.3505167,set_2
1.5753477e-08,0.9646332,1.0949955,0.9510869,3.5583398,0.0,0.0,0.12603322,0.67479736,0.8888889,0.99760306,0.9999999,0.37220547,0.24787466,0.3799199,set_2
-9.6151346e-08,1.195437,1.2286577,1.0289824,1.7132504,0.0,0.0,0.12603322,0.67479736,1.1717172,0.94039065,0.9999999,0.2552113,0.25926068,0.485528,set_2
1.27944535e-08,1.3537207,1.2663333,1.0818492,0.9507048,0.0,0.0,0.12603322,0.67479736,1.3737373,0.90099496,0.9999999,0.15503466,0.26715678,0.57780856,set_2
1.4618715e-07,1.5307868,1.2656817,1.1423558,0.47984073,0.0,0.0,0.12603322,0.67479736,1.6161616,0.8553099,0.9999999,0.08185096,0.26686448,0.6512845,set_2
1.4871333e-07,1.7360946,1.2325006,1.2228233,0.17918292,0.0,0.0,0.12603322,0.67479736,1.959596,0.79367083,0.9999999,0.03850412,0.25786197,0.70363396,set_2
0.0,0.0,0.13449273,0.6748914,15.5798,0.0,0.0,0.13449273,0.6748914,0.0,1.2520337,0.9999999,0.44854978,0.18558076,0.3658695,set_2
-3.067732e-07,0.43218052,0.62796324,0.7911074,9.44126,0.0,0.0,0.13449273,0.6748914,0.34343433,1.1325369,0.9999999,0.43547082,0.21951407,0.3450151,set_2
-2.4537258e-07,0.63061845,0.82345414,0.84821284,7.032881,0.0,0.0,0.13449273,0.6748914,0.5252525,1.0787592,0.9999999,0.42442396,0.23353732,0.34203875,set_2
-3.5657874e-07,0.8858453,1.0433471,0.92624235,4.2970095,0.0,0.0,0.13449273,0.6748914,0.78787875,1.0129898,0.9999999,0.39229625,0.24526584,0.36243796,set_2
-4.1859215e-07,1.0593075,1.1658444,0.9832141,2.7039542,0.0,0.0,0.13449273,0.6748914,0.989899,0.9716224,0.9999999,0.33516613,0.2514619,0.413372,set_2
-3.7294214e-07,1.1570836,1.2182109,1.016343,1.9604776,0.0,0.0,0.13449273,0.6748914,1.111111,0.95056766,0.9999999,0.28061503,0.25674477,0.46264023,set_2
-4.611113e-07,1.3795557,1.2745998,1.091132,0.85081196,0.0,0.0,0.13449273,0.6748914,1.3939394,0.9133167,0.9999999,0.14124523,0.26751143,0.5912433,set_2
-5.802623e-07,1.4865136,1.2748682,1.1275271,0.55972457,0.0,0.0,0.13449273,0.6748914,1.5353535,0.90049773,0.9999999,0.09614308,0.26741347,0.6364434,set_2
-6.085422e-07,1.6518669,1.2552577,1.1890849,0.26494807,0.0,0.0,0.13449273,0.6748914,1.7777778,0.88817024,0.9999999,0.0529975,0.26179436,0.68520814,set_2
0.0,0.0,0.13275822,0.6748914,15.5798,0.0,0.0,0.13275822,0.6748914,0.0,1.2520337,0.9999999,0.44856548,0.18555124,0.3658833,set_2
1.2068506e-08,0.45508498,0.6499538,0.79758096,9.151384,0.0,0.0,0.13275822,0.6748914,0.36363634,1.1263376,0.9999999,0.43447307,0.22125562,0.3442713,set_2
7.327051e-08,0.7325566,0.91589725,0.87881565,5.8779297,0.0,0.0,0.13275822,0.6748914,0.6262626,1.0517689,0.9999999,0.41538468,0.23914209,0.34547323,set_2
-5.1314466e-08,0.8668277,1.0283034,0.9203899,4.47436,0.0,0.0,0.13275822,0.6748914,0.7676768,1.0175703,0.9999999,0.39595556,0.24461931,0.35942516,set_2
-2.634104e-07,1.0088573,1.1316416,0.9663141,3.142054,0.0,0.0,0.13275822,0.6748914,0.9292929,0.98301697,0.9999999,0.35686663,0.24937502,0.39375842,set_2
-2.8445064e-07,1.0591596,1.1640422,0.98315173,2.7094178,0.0,0.0,0.13275822,0.6748914,0.989899,0.9716224,0.9999999,0.33545038,0.25143233,0.41311732,set_2
-2.2881451e-07,1.42596,1.2750717,1.1067699,0.7121427,0.0,0.0,0.13275822,0.6748914,1.4545455,0.9073568,0.9999999,0.11973427,0.26790005,0.61236566,set_2
-1.3792136e-07,1.5011849,1.2728184,1.1326838,0.52828693,0.0,0.0,0.13275822,0.6748914,1.5555555,0.8991031,0.9999999,0.0913007,0.26714733,0.6415519,set_2
-1.0623541e-07,1.6646049,1.2518829,1.1941794,0.2486046,0.0,0.0,0.13275822,0.6748914,1.7979797,0.887582,0.9999999,0.050731823,0.26119712,0.6880711,set_2
0.0,0.0,0.11934849,0.6748914,15.5798,0.0,0.0,0.11934849,0.6748914,0.0,1.2520337,0.9999999,0.4486881,0.18532255,0.3659894,set_2
-2.1654577e-07,0.31293133,0.48891407,0.75812453,10.9950905,0.0,0.0,0.11934849,0.6748914,0.24242423,1.1652253,0.9999999,0.44019744,0.20976827,0.3500343,set_2
-2.1101208e-07,0.8289752,0.9873185,0.90864646,4.8600025,0.0,0.0,0.11934849,0.6748914,0.72727275,1.026815,0.9999999,0.40281168,0.24310198,0.35408634,set_2
-7.628503e-08,0.9753288,1.0956838,0.9549361,3.4744697,0.0,0.0,0.11934849,0.6748914,0.8888889,0.9912881,0.9999999,0.36971703,0.24800768,0.38227534,set_2
-1.8990875e-07,1.1568123,1.2059786,1.0162053,1.9788291,0.0,0.0,0.11934849,0.6748914,1.111111,0.95056766,0.9999999,0.282259,0.2565232,0.46121788,set_2
-1.9637879e-07,1.2845592,1.2498071,1.059326,1.2401643,0.0,0.0,0.11934849,0.6748914,1.2727273,0.9274209,0.9999999,0.19802766,0.26417822,0.5377941,set_2
7.472041e-09,1.5577655,1.2594175,1.1532719,0.4179091,0.0,0.0,0.11934849,0.6748914,1.6363636,0.89387196,0.9999999,0.07475166,0.26564997,0.65959835,set_2
3.1142672e-08,1.6121806,1.2524991,1.173766,0.32543695,0.0,0.0,0.11934849,0.6748914,1.7171717,0.89000416,0.9999999,0.06141193,0.26361233,0.67497575,set_2
-1.6047665e-07,1.7828286,1.218324,1.2450651,0.11882067,0.0,0.0,0.11934849,0.6748914,2.0,0.88692844,0.9999999,0.033682995,0.25475508,0.7115619,set_2
0.0,0.0,0.12532763,0.6748914,15.5798,0.0,0.0,0.12532763,0.6748914,0.0,1.2520337,0.9999999,0.4486335,0.1854245,0.36594206,set_2
4.989649e-08,0.5879436,0.7748749,0.83575106,7.5361176,0.0,0.0,0.12532763,0.6748914,0.48484847,1.0903087,0.9999999,0.4274382,0.23066817,0.34189364,set_2
-2.3874982e-09,0.9029502,1.0522908,0.93203986,4.1062136,0.0,0.0,0.12532763,0.6748914,0.8080808,1.0083447,0.9999999,0.38815513,0.24575669,0.36608818,set_2
-1.0367951e-07,1.1062739,1.1883423,0.9997592,2.309,0.0,0.0,0.12532763,0.6748914,1.0505049,0.96073323,0.9999999,0.30970442,0.2538191,0.4364765,set_2
-5.0066177e-08,1.3284132,1.264171,1.0752202,1.0190217,0.0,0.0,0.12532763,0.6748914,1.3333333,0.91985846,0.9999999,0.16705248,0.26626903,0.5666785,set_2
-4.8802484e-08,1.3754561,1.2689955,1.0910112,0.8497046,0.0,0.0,0.12532763,0.6748914,1.3939394,0.9133167,0.9999999,0.14147303,0.26744825,0.5910787,set_2
-9.850103e-08,1.45363,1.269832,1.1171112,0.6353724,0.0,0.0,0.12532763,0.6748914,1.4949495,0.9038296,0.9999999,0.10786706,0.267773,0.6243599,set_2
-2.4579114e-07,1.5600303,1.2601547,1.1532782,0.44049895,0.0,0.0,0.12532763,0.6748914,1.6363636,0.89387196,0.9999999,0.076558724,0.26593208,0.6575092,set_2
-3.8747737e-07,1.7537115,1.2266443,1.2298424,0.17832886,0.0,0.0,0.12532763,0.6748914,1.939394,0.88621306,0.9999999,0.03920763,0.2573361,0.70345634,set_2
0.0,0.0,0.12062701,0.6748914,15.5798,0.0,0.0,0.12062701,0.6748914,0.0,1.2520337,0.9999999,0.44867638,0.18534431,0.36597928,set_2
-1.41221435e-08,0.082663625,0.22338402,0.69626874,14.300054,0.0,0.0,0.12062701,0.6748914,0.06060606,1.2294796,0.9999999,0.4468298,0.19143486,0.36173528,set_2
-3.961541e-08,0.16210234,0.31894213,0.7172593,13.11388,0.0,0.0,0.12062701,0.6748914,0.12121212,1.2070858,0.9999999,0.4448052,0.19761567,0.35757908,set_2
-1.1211797e-07,0.5441298,0.7300635,0.82319206,8.043818,0.0,0.0,0.12062701,0.6748914,0.44444442,1.1018846,0.9999999,0.43005905,0.22766536,0.34227556,set_2
-2.882922e-08,0.65166396,0.83063924,0.85442185,6.8034644,0.0,0.0,0.12062701,0.6748914,0.5454545,1.0732687,0.9999999,0.42301917,0.23455982,0.34242103,set_2
3.148709e-08,0.75342435,0.9210389,0.8848593,5.6864595,0.0,0.0,0.12062701,0.6748914,0.64646465,1.046689,0.9999999,0.41346413,0.23988912,0.34664673,set_2
4.8063647e-08,0.92238057,1.0586154,0.93785095,3.9635592,0.0,0.0,0.12062701,0.6748914,0.8282828,1.0038979,0.9999999,0.38448143,0.24628766,0.36923093,set_2
-5.1046214e-08,1.2068019,1.227602,1.0325835,1.6621423,0.0,0.0,0.12062701,0.6748914,1.1717172,0.94137883,0.9999999,0.25035393,0.25960848,0.4900376,set_2
-1.042504e-08,1.6104794,1.2565784,1.1737574,0.29850805,0.0,0.0,0.12062701,0.6748914,1.7171717,0.89000416,0.9999999,0.05940349,0.26316708,0.6774294,set_2
0.0,0.0,0.12501493,0.6748914,15.5798,0.0,0.0,0.12501493,0.6748914,0.0,1.2520337,0.9999999,0.4486363,0.18541916,0.36594456,set_2
-4.6190252e-07,0.6725133,0.8529904,0.86056596,6.570155,0.0,0.0,0.12501493,0.6748914,0.56565654,1.0678818,0.9999999,0.42130813,0.23581427,0.34287763,set_2
-4.4019401e-07,0.7333274,0.90775156,0.8788249,5.8954353,0.0,0.0,0.12501493,0.6748914,0.6262626,1.0517689,0.9999999,0.41556942,0.23901309,0.34541747,set_2
-3.4672667e-07,0.9392134,1.0781891,0.94357145,3.7693734,0.0,0.0,0.12501493,0.6748914,0.8484848,0.99963874,0.9999999,0.37925324,0.24691814,0.37382865,set_2
-3.8352607e-07,0.99105966,1.1159859,0.9606885,3.2829173,0.0,0.0,0.12501493,0.6748914,0.9090909,0.9870488,0.9999999,0.3628309,0.24867985,0.38848925,set_2
-6.546738e-07,1.3753375,1.2697076,1.0911499,0.8412876,0.0,0.0,0.12501493,0.6748914,1.3939394,0.9133167,0.9999999,0.1405465,0.2674549,0.59199864,set_2
-6.568199e-07,1.4372429,1.2711555,1.1120366,0.6625433,0.0,0.0,0.12501493,0.6748914,1.4747474,0.90561295,0.9999999,0.1127331,0.2678108,0.6194561,set_2
-6.423453e-07,1.5733991,1.2585325,1.1584657,0.41379452,0.0,0.0,0.12501493,0.6748914,1.6565657,0.89288557,0.9999999,0.07272125,0.26546162,0.66181713,set_2
-6.233036e-07,1.6562004,1.2450862,1.1891335,0.30394924,0.0,0.0,0.12501493,0.6748914,1.7777778,0.88817024,0.9999999,0.055749223,0.2625086,0.6817422,set_2
0.0,0.0,0.12921152,0.6748914,15.5798,0.0,0.0,0.12921152,0.6748914,0.0,1.2520337,0.9999999,0.448598,0.18549077,0.36591125,set_2
2.3424666e-07,0.5227013,0.71473587,0.8168615,8.315791,0.0,0.0,0.12921152,0.6748914,0.4242424,1.107786,0.9999999,0.43119255,0.22622633,0.34258115,set_2
1.4464891e-07,0.6307975,0.81856376,0.8482497,7.037929,0.0,0.0,0.12921152,0.6748914,0.5252525,1.0787592,0.9999999,0.4244927,0.23344585,0.34206146,set_2
1.238051e-07,0.8670247,1.0251347,0.9204188,4.478468,0.0,0.0,0.12921152,0.6748914,0.7676768,1.0175703,0.9999999,0.39604962,0.24457602,0.35937443,set_2
1.0302824e-07,1.2681031,1.2540679,1.0540793,1.3019373,0.0,0.0,0.12921152,0.6748914,1.2525252,0.92997265,0.9999999,0.20661725,0.26350892,0.52987385,set_2
4.869652e-07,1.4561217,1.2730104,1.1172608,0.6285405,0.0,0.0,0.12921152,0.6748914,1.4949495,0.9038296,0.9999999,0.10699658,0.26775807,0.6252454,set_2
6.921473e-07,1.6265852,1.2562037,1.1790193,0.30419123,0.0,0.0,0.12921152,0.6748914,1.7373737,0.88928264,0.9999999,0.05833713,0.26302117,0.67864174,set_2
6.7817416e-07,1.6652082,1.2495891,1.1943253,0.24998508,0.0,0.0,0.12921152,0.6748914,1.7979797,0.887582,0.9999999,0.050851464,0.26122376,0.6879248,set_2
7.01203e-07,1.7613223,1.229213,1.2350509,0.139568,0.0,0.0,0.12921152,0.6748914,1.959596,0.8864499,0.9999999,0.03628382,0.25603902,0.7076771,set_2
0.0,0.0,0.13043755,0.6748914,15.5798,0.0,0.0,0.13043755,0.6748914,0.0,1.2520337,0.9999999,0.4485868,0.18551163,0.36590156,set_2
-3.022259e-07,0.65217054,0.8385466,0.8544599,6.801605,0.0,0.0,0.13043755,0.6748914,0.5454545,1.0732687,0.9999999,0.4229138,0.23471533,0.34237093,set_2
-3.1232204e-07,0.7338482,0.9122818,0.8788664,5.892156,0.0,0.0,0.13043755,0.6748914,0.6262626,1.0517689,0.9999999,0.41548976,0.23910041,0.34540978,set_2
-3.251604e-07,0.83093,0.9956758,0.9087064,4.858673,0.0,0.0,0.13043755,0.6748914,0.72727275,1.026815,0.9999999,0.4026626,0.24326546,0.35407192,set_2
-3.1993378e-07,0.9573906,1.0954629,0.9493415,3.5995216,0.0,0.0,0.13043755,0.6748914,0.86868685,0.9954684,0.9999999,0.37401858,0.2475623,0.37841916,set_2
-2.7657956e-07,1.0908436,1.1837533,0.9943398,2.4269538,0.0,0.0,0.13043755,0.6748914,1.030303,0.9641727,0.9999999,0.31807333,0.253035,0.42889157,set_2
-2.5798704e-07,1.1390607,1.2092927,1.0108641,2.0618696,0.0,0.0,0.13043755,0.6748914,1.090909,0.9539924,0.9999999,0.28997472,0.25576267,0.45426258,set_2
-1.9639438e-07,1.2818612,1.259948,1.0594707,1.2135427,0.0,0.0,0.13043755,0.6748914,1.2727273,0.9274209,0.9999999,0.19505185,0.2643849,0.5405632,set_2
-4.486157e-07,1.6698352,1.244648,1.1942208,0.2969345,0.0,0.0,0.13043755,0.6748914,1.7979797,0.887582,0.9999999,0.053941067,0.26211023,0.6839487,set_2
0.0,0.0,0.13437338,0.6748914,15.5798,0.0,0.0,0.13437338,0.6748914,0.0,1.2520337,0.9999999,0.44855082,0.18557872,0.36587045,set_2
-4.109416e-08,0.08278973,0.23671311,0.69626874,14.300065,0.0,0.0,0.13437338,0.6748914,0.06060606,1.2294796,0.9999999,0.44670102,0.19167419,0.36162484,set_2
-2.5090154e-08,0.23919955,0.42028493,0.73787224,12.014412,0.0,0.0,0.13437338,0.6748914,0.18181817,1.1859499,0.9999999,0.44246215,0.20401621,0.3535216,set_2
-2.2894571e-07,0.71396804,0.8971545,0.87277716,6.115635,0.0,0.0,0.13437338,0.6748914,0.60606056,1.0570462,0.9999999,0.41751784,0.23814979,0.3443323,set_2
-2.1931159e-07,1.1247675,1.2035546,1.0053444,2.1826818,0.0,0.0,0.13437338,0.6748914,1.070707,0.9573727,0.9999999,0.2998546,0.25484964,0.44529575,set_2
-2.4584944e-07,1.2194515,1.2457746,1.038028,1.538105,0.0,0.0,0.13437338,0.6748914,1.1919192,0.9383982,0.9999999,0.2366946,0.26087207,0.50243336,set_2
-1.391713e-07,1.4806408,1.2777643,1.1276227,0.53322434,0.0,0.0,0.13437338,0.6748914,1.5353535,0.90049773,0.9999999,0.09374468,0.26721412,0.6390412,set_2
-2.1141823e-07,1.5397003,1.2716475,1.1482401,0.4263367,0.0,0.0,0.13437338,0.6748914,1.6161616,0.8950065,0.9999999,0.07695299,0.265902,0.65714496,set_2
-5.902374e-07,1.7177786,1.2374706,1.2146288,0.23215759,0.0,0.0,0.13437338,0.6748914,1.8787879,0.8864278,0.9999999,0.04519254,0.25959823,0.69520926,set_2
0.0,0.0,0.12368013,0.6748914,15.5798,0.0,0.0,0.12368013,0.6748914,0.0,1.2520337,0.9999999,0.4486485,0.18539639,0.36595517,set_2
3.3284632e-08,0.0826916,0.22634459,0.69626874,14.3000555,0.0,0.0,0.12368013,0.6748914,0.06060606,1.2294796,0.9999999,0.44680113,0.19148807,0.3617108,set_2
-6.0966343e-09,0.45448476,0.6433055,0.79758835,9.1427765,0.0,0.0,0.12368013,0.6748914,0.36363634,1.1263376,0.9999999,0.4345489,0.22112963,0.34432146,set_2
-9.690101e-09,0.6308232,0.8138278,0.8482593,7.040764,0.0,0.0,0.12368013,0.6748914,0.5252525,1.0787592,0.9999999,0.42455563,0.23335588,0.34208846,set_2
1.90533e-08,1.0767525,1.1675293,0.98882127,2.575191,0.0,0.0,0.12368013,0.6748914,1.010101,0.9677899,0.9999999,0.32755637,0.25212768,0.4203159,set_2
-1.14726035e-07,1.1569409,1.2114499,1.0163301,1.9573481,0.0,0.0,0.12368013,0.6748914,1.111111,0.95056766,0.9999999,0.28055358,0.2566696,0.46277678,set_2
-3.570802e-07,1.3454951,1.2672943,1.0805844,0.94177526,0.0,0.0,0.12368013,0.6748914,1.3535353,0.9176466,0.9999999,0.1561441,0.26680282,0.5770531,set_2
-3.902424e-07,1.5264376,1.2674143,1.1430106,0.44934762,0.0,0.0,0.12368013,0.6748914,1.5959595,0.89637804,0.9999999,0.08076499,0.26625088,0.6529841,set_2
-4.1269865e-07,1.5821669,1.2611369,1.1635426,0.34868467,0.0,0.0,0.12368013,0.6748914,1.6767677,0.8919485,0.9999999,0.06602786,0.26438916,0.66958296,set_2
0.0,0.0,0.10829646,0.67479736,15.5798,0.0,0.0,0.10829646,0.67479736,0.0,1.1930486,0.9999999,0.44857958,0.18554147,0.365879,set_2
-2.3281027e-07,0.30270168,0.46734798,0.7550913,11.139621,0.0,0.0,0.10829646,0.67479736,0.24242423,1.137383,0.9999999,0.44041917,0.20912288,0.35045794,set_2
-2.409564e-07,0.373253,0.5439833,0.7745696,10.197927,0.0,0.0,0.10829646,0.67479736,0.30303028,1.1237453,0.9999999,0.4378637,0.21482041,0.3473159,set_2
-2.4604842e-07,0.61663336,0.7890855,0.844002,7.196864,0.0,0.0,0.10829646,0.67479736,0.5252525,1.0746689,0.9999999,0.42541137,0.23257618,0.34201244,set_2
-2.0729215e-07,1.0303006,1.1309837,0.9738125,2.9318094,0.0,0.0,0.10829646,0.67479736,0.96969694,0.981012,0.9999999,0.34711438,0.2501727,0.40271294,set_2
-1.8429375e-07,1.1447694,1.196799,1.0126762,2.0249054,0.0,0.0,0.10829646,0.67479736,1.111111,0.9524238,0.9999999,0.28627065,0.25608346,0.4576459,set_2
-2.623963e-07,1.4286764,1.2593839,1.1074378,0.7118807,0.0,0.0,0.10829646,0.67479736,1.4747474,0.8817567,0.9999999,0.118380286,0.2681185,0.61350125,set_2
-2.9537466e-07,1.6325651,1.2424107,1.1809682,0.3040613,0.0,0.0,0.10829646,0.67479736,1.7777778,0.82588047,0.9999999,0.056193788,0.26312324,0.68068296,set_2
-2.2146222e-07,1.745237,1.2203766,1.2273638,0.16767725,0.0,0.0,0.10829646,0.67479736,1.979798,0.7901616,0.9999999,0.03719213,0.25727734,0.7055305,set_2
0.0,0.0,0.103140034,0.67479736,15.5798,0.0,0.0,0.103140034,0.67479736,0.0,1.1930486,0.9999999,0.4486267,0.18545347,0.36591983,set_2
-7.0842496e-08,0.20556791,0.35295922,0.7287523,12.490549,0.0,0.0,0.103140034,0.67479736,0.16161615,1.1557541,0.9999999,0.44352168,0.20117651,0.35530183,set_2
-1.7110514e-07,0.3490187,0.5158106,0.76810163,10.493812,0.0,0.0,0.103140034,0.67479736,0.28282827,1.1282976,0.9999999,0.43878573,0.21289265,0.34832165,set_2
-2.499364e-07,0.5721183,0.7471622,0.831607,7.6704865,0.0,0.0,0.103140034,0.67479736,0.48484847,1.0835073,0.9999999,0.42817917,0.22979328,0.34202757,set_2
1.5868153e-07,0.83720696,0.9778455,0.9103944,4.8180914,0.0,0.0,0.103140034,0.67479736,0.74747473,1.0270977,0.9999999,0.40188053,0.24333598,0.3547835,set_2
2.5478303e-07,0.9470589,1.0633448,0.94535136,3.7426305,0.0,0.0,0.103140034,0.67479736,0.86868685,1.0017823,0.9999999,0.37811193,0.24703829,0.3748498,set_2
1.9212695e-07,1.1307094,1.1829095,1.0071969,2.1606674,0.0,0.0,0.103140034,0.67479736,1.090909,0.9564893,0.9999999,0.29754657,0.25500005,0.4474534,set_2
2.2772717e-07,1.4444523,1.25563,1.1125114,0.67744756,0.0,0.0,0.103140034,0.67479736,1.4949495,0.8779383,0.9999999,0.112770215,0.26810685,0.6191229,set_2
1.9536473e-07,1.5018332,1.2539859,1.1325058,0.53800684,0.0,0.0,0.103140034,0.67479736,1.5757575,0.8628249,0.9999999,0.09114439,0.2674523,0.6414033,set_2
0.0,0.0,0.10812185,0.67479736,15.5798,0.0,0.0,0.10812185,0.67479736,0.0,1.1930486,0.9999999,0.4485811,0.18553844,0.36588043,set_2
-1.5305094e-08,0.2056807,0.3575763,0.7287523,12.490561,0.0,0.0,0.10812185,0.67479736,0.16161615,1.1557541,0.9999999,0.44347343,0.20126496,0.35526162,set_2
-6.041982e-08,0.5937703,0.77169883,0.8378173,7.4197793,0.0,0.0,0.10812185,0.67479736,0.5050505,1.0790758,0.9999999,0.4267748,0.23127615,0.34194902,set_2
-1.0149486e-07,0.89386386,1.0254414,0.92798275,4.265793,0.0,0.0,0.10812185,0.67479736,0.8080808,1.0143703,0.9999999,0.39138135,0.24534437,0.36327428,set_2
-1.2190274e-07,0.9992237,1.1048266,0.9625028,3.257281,0.0,0.0,0.10812185,0.67479736,0.9292929,0.9892581,0.9999999,0.36131784,0.2488672,0.389815,set_2
-1.0406717e-07,1.353883,1.2538192,1.0818608,0.96117496,0.0,0.0,0.10812185,0.67479736,1.3737373,0.90099496,0.9999999,0.15656434,0.26703018,0.57640547,set_2
-9.325691e-08,1.5023912,1.2568449,1.1325074,0.53907824,0.0,0.0,0.10812185,0.67479736,1.5757575,0.8628249,0.9999999,0.09114405,0.2674726,0.64138335,set_2
-1.13835455e-07,1.6688771,1.236051,1.1951288,0.256644,0.0,0.0,0.10812185,0.67479736,1.8383838,0.81501347,0.9999999,0.04937467,0.26146108,0.6891643,set_2
-1.14793735e-07,1.7562873,1.2177404,1.2319157,0.15870628,0.0,0.0,0.10812185,0.67479736,2.0,0.7866427,0.9999999,0.035858817,0.25669545,0.70744574,set_2
0.0,0.0,0.10328461,0.67479736,15.5798,0.0,0.0,0.10328461,0.67479736,0.0,1.1930486,0.9999999,0.4486254,0.18545589,0.3659187,set_2
3.8123336e-08,0.15574068,0.29466414,0.7154241,13.211314,0.0,0.0,0.10328461,0.67479736,0.12121212,1.1649835,0.9999999,0.44491372,0.19720882,0.35787746,set_2
-3.073093e-08,0.46438974,0.63487965,0.80017984,9.030827,0.0,0.0,0.10328461,0.67479736,0.38383836,1.1057492,0.9999999,0.43406245,0.2218654,0.3440722,set_2
-1.8776201e-07,0.8994576,1.0426669,0.93377835,4.0309353,0.0,0.0,0.10328461,0.67479736,0.8282828,1.010151,0.9999999,0.38643855,0.24576367,0.36779782,set_2
-2.549915e-07,1.1396571,1.1900585,1.0126606,2.0498476,0.0,0.0,0.10328461,0.67479736,1.111111,0.9524238,0.9999999,0.28834382,0.25586587,0.4557903,set_2
-9.350897e-08,1.2835141,1.2275093,1.0556903,1.3692579,0.0,0.0,0.10328461,0.67479736,1.2727273,0.9205396,0.9999999,0.21191522,0.26336774,0.5247171,set_2
1.2139118e-07,1.4250774,1.2388419,1.097274,0.94023323,0.0,0.0,0.10328461,0.67479736,1.4343435,0.8893907,0.9999999,0.14667577,0.26793072,0.5853935,set_2
1.8146702e-07,1.5608016,1.2375711,1.1423635,0.60692364,0.0,0.0,0.10328461,0.67479736,1.6161616,0.8553099,0.9999999,0.093177736,0.2679932,0.63882905,set_2
1.6623899e-07,1.6389117,1.2311778,1.1714532,0.44823372,0.0,0.0,0.10328461,0.67479736,1.7373737,0.83314806,0.9999999,0.06924726,0.2657283,0.66502446,set_2
0.0,0.0,0.10790601,0.67479736,15.5798,0.0,0.0,0.10790601,0.67479736,0.0,1.1930486,0.9999999,0.44858313,0.18553482,0.36588204,set_2
-1.8445168e-07,0.50912017,0.683522,0.8128301,8.482435,0.0,0.0,0.10790601,0.67479736,0.4242424,1.0967878,0.9999999,0.43184972,0.22524673,0.34290352,set_2
-1.8739735e-07,0.73999655,0.9028609,0.8805868,5.806243,0.0,0.0,0.10790601,0.67479736,0.64646465,1.0485419,0.9999999,0.4146174,0.2393747,0.34600797,set_2
-3.0524916e-07,1.1272234,1.1877818,1.0071912,2.146296,0.0,0.0,0.10790601,0.67479736,1.090909,0.9564893,0.9999999,0.29661065,0.25506613,0.4483232,set_2
-3.1496256e-07,1.1754712,1.2100729,1.0235662,1.8148416,0.0,0.0,0.10790601,0.67479736,1.1515151,0.9443856,0.9999999,0.26627746,0.25804955,0.47567296,set_2
-2.7916548e-07,1.238359,1.2331818,1.0450776,1.4360147,0.0,0.0,0.10790601,0.67479736,1.2323232,0.9284182,0.9999999,0.22347608,0.26207066,0.51445323,set_2
-2.3636093e-07,1.3002926,1.2487667,1.0662246,1.1283671,0.0,0.0,0.10790601,0.67479736,1.3131312,0.9126587,0.9999999,0.18219978,0.26538828,0.552412,set_2
-5.576052e-07,1.5571017,1.2484723,1.1521361,0.4592229,0.0,0.0,0.10790601,0.67479736,1.6565657,0.84789056,0.9999999,0.07707229,0.26644084,0.6564868,set_2
-6.742672e-07,1.6369089,1.2364533,1.1809715,0.35086477,0.0,0.0,0.10790601,0.67479736,1.7777778,0.82588047,0.9999999,0.059515856,0.26393172,0.6765524,set_2
0.0,0.0,0.10572606,0.67479736,15.5798,0.0,0.0,0.10572606,0.67479736,0.0,1.1930486,0.9999999,0.44860303,0.18549755,0.36589944,set_2
-8.975361e-08,0.10495543,0.23601963,0.7019894,13.964909,0.0,0.0,0.10572606,0.67479736,0.08080807,1.1743225,0.9999999,0.44620377,0.19329041,0.36050588,set_2
1.12509895e-08,0.39624748,0.56669915,0.7810118,9.893515,0.0,0.0,0.10572606,0.67479736,0.32323232,1.1192132,0.9999999,0.4369733,0.2166293,0.3463974,set_2
-1.2252332e-07,0.55267763,0.725122,0.8253754,7.952719,0.0,0.0,0.10572606,0.67479736,0.46464646,1.0879277,0.9999999,0.42949274,0.22831443,0.34219283,set_2
-3.6900883e-07,0.6996317,0.862548,0.86849225,6.2683783,0.0,0.0,0.10572606,0.67479736,0.60606056,1.0572008,0.9999999,0.41883263,0.23728684,0.34388053,set_2
-4.4990156e-07,1.1805401,1.2070434,1.0235631,1.8294091,0.0,0.0,0.10572606,0.67479736,1.1515151,0.9443856,0.9999999,0.2673362,0.25800148,0.47466242,set_2
-1.7148747e-07,1.3368163,1.2549552,1.0766474,0.9830942,0.0,0.0,0.10572606,0.67479736,1.3535353,0.90486825,0.9999999,0.16136031,0.26666299,0.5719767,set_2
-1.437316e-07,1.4997991,1.2592486,1.1324738,0.5081844,0.0,0.0,0.10572606,0.67479736,1.5757575,0.8628249,0.9999999,0.08832211,0.26720074,0.6444771,set_2
-2.622631e-07,1.6781178,1.2350183,1.1997651,0.22200286,0.0,0.0,0.10572606,0.67479736,1.8585858,0.8114377,0.9999999,0.04614857,0.2604719,0.69337946,set_2
0.0,0.0,0.10636815,0.67479736,15.5798,0.0,0.0,0.10636815,0.67479736,0.0,1.1930486,0.9999999,0.44859713,0.18550847,0.36589438,set_2
-1.8866461e-07,0.18083547,0.32707226,0.7221014,12.8469715,0.0,0.0,0.10636815,0.67479736,0.14141414,1.1603595,0.9999999,0.4441977,0.19924906,0.3565532,set_2
-2.7450176e-07,0.50728375,0.6854909,0.81282735,8.456041,0.0,0.0,0.10636815,0.67479736,0.4242424,1.0967878,0.9999999,0.4318193,0.2252914,0.34288928,set_2
-9.411196e-08,0.8936243,1.0243418,0.92797375,4.264394,0.0,0.0,0.10636815,0.67479736,0.8080808,1.0143703,0.9999999,0.39137796,0.24532206,0.36329994,set_2
-1.587101e-07,0.96441644,1.0791175,0.9510839,3.5733714,0.0,0.0,0.10636815,0.67479736,0.8888889,0.99760306,0.9999999,0.37282342,0.24765258,0.379524,set_2
-2.598909e-07,1.015528,1.1158584,0.96816576,3.10037,0.0,0.0,0.10636815,0.67479736,0.94949496,0.98512876,0.9999999,0.35478577,0.24947871,0.39573544,set_2
-2.4272174e-07,1.2435306,1.2302852,1.0450768,1.4530318,0.0,0.0,0.10636815,0.67479736,1.2323232,0.9284182,0.9999999,0.22499612,0.2619979,0.5130059,set_2
4.346877e-07,1.4299631,1.2576802,1.1074296,0.7165458,0.0,0.0,0.10636815,0.67479736,1.4747474,0.8817567,0.9999999,0.11886663,0.26812634,0.613007,set_2
3.751437e-07,1.7351401,1.2217419,1.222812,0.17813277,0.0,0.0,0.10636815,0.67479736,1.959596,0.79367083,0.9999999,0.038648743,0.25787714,0.70347416,set_2
0.0,0.0,0.110851884,0.67479736,15.5798,0.0,0.0,0.110851884,0.67479736,0.0,1.1930486,0.9999999,0.44855624,0.18558499,0.3658588,set_2
-4.8467363e-08,0.27885082,0.44309855,0.74854726,11.466551,0.0,0.0,0.110851884,0.67479736,0.22222221,1.141945,0.9999999,0.44119236,0.20722535,0.35158232,set_2
-3.4000635e-08,0.6991651,0.86780506,0.86849004,6.258251,0.0,0.0,0.110851884,0.67479736,0.60606056,1.0572008,0.9999999,0.41873124,0.2373757,0.34389305,set_2
-5.001431e-07,0.9460711,1.0709462,0.9453481,3.725827,0.0,0.0,0.110851884,0.67479736,0.86868685,1.0017823,0.9999999,0.37764344,0.24712133,0.37523526,set_2
-5.077271e-07,1.0973103,1.1725379,0.9961613,2.391118,0.0,0.0,0.110851884,0.67479736,1.0505049,0.96460396,0.9999999,0.31510097,0.25329787,0.43160114,set_2
-5.099085e-07,1.1459552,1.1977926,1.0126755,2.030967,0.0,0.0,0.110851884,0.67479736,1.111111,0.9524238,0.9999999,0.2866353,0.2560882,0.45727646,set_2
-5.002257e-07,1.2738938,1.2432729,1.0557005,1.2792234,0.0,0.0,0.110851884,0.67479736,1.2727273,0.9205396,0.9999999,0.20272325,0.26388863,0.53338814,set_2
-4.38217e-07,1.5562602,1.2543697,1.1521504,0.42592448,0.0,0.0,0.110851884,0.67479736,1.6565657,0.84789056,0.9999999,0.07415922,0.26603365,0.6598071,set_2
-5.626048e-07,1.7347249,1.2243297,1.2228366,0.17690942,0.0,0.0,0.110851884,0.67479736,1.959596,0.79367083,0.9999999,0.03854775,0.25784314,0.70360905,set_2
0.0,0.0,0.108434714,0.67479736,15.5798,0.0,0.0,0.108434714,0.67479736,0.0,1.1930486,0.9999999,0.44857824,0.18554379,0.36587802,set_2
9.5153915e-08,0.13053648,0.26940563,0.7087202,13.583874,0.0,0.0,0.108434714,0.67479736,0.1010101,1.169641,0.9999999,0.44553113,0.195316,0.35915282,set_2
1.5235182e-07,0.2787711,0.44120544,0.74854773,11.464079,0.0,0.0,0.108434714,0.67479736,0.22222221,1.141945,0.9999999,0.4412135,0.20719212,0.3515943,set_2
-5.3023854e-08,0.59577316,0.76866424,0.83781916,7.4465585,0.0,0.0,0.108434714,0.67479736,0.5050505,1.0790758,0.9999999,0.42684358,0.23122679,0.34192964,set_2
-3.2862897e-07,0.7399025,0.9004394,0.88057995,5.8287506,0.0,0.0,0.108434714,0.67479736,0.64646465,1.0485419,0.9999999,0.41477737,0.23933876,0.34588388,set_2
-3.806766e-07,0.9081104,1.0427967,0.9337828,4.062831,0.0,0.0,0.108434714,0.67479736,0.8282828,1.010151,0.9999999,0.38686627,0.24591096,0.36722285,set_2
-2.9986018e-07,1.2938182,1.2424405,1.0609614,1.2297063,0.0,0.0,0.108434714,0.67479736,1.2929292,0.916601,0.9999999,0.19508663,0.26456514,0.54034823,set_2
-2.2075862e-07,1.4648521,1.2585478,1.1175101,0.64331627,0.0,0.0,0.108434714,0.67479736,1.5151515,0.87411964,0.9999999,0.10693251,0.26807672,0.62499076,set_2
-1.8899775e-07,1.6258909,1.2443494,1.1762043,0.32470226,0.0,0.0,0.108434714,0.67479736,1.7575758,0.8295109,0.9999999,0.05883132,0.26368222,0.6774865,set_2
0.0,0.0,0.115955085,0.67479736,15.5798,0.0,0.0,0.115955085,0.67479736,0.0,1.1930486,0.9999999,0.44850945,0.18567216,0.3658184,set_2
4.1708034e-07,1.0480977,1.146807,0.9794232,2.791195,0.0,0.0,0.115955085,0.67479736,0.989899,0.976893,0.9999999,0.33972695,0.25096247,0.40931055,set_2
3.9092112e-07,1.2566447,1.2430688,1.050385,1.3527143,0.0,0.0,0.115955085,0.67479736,1.2525252,0.9244737,0.9999999,0.21257952,0.2630771,0.5243434,set_2
3.2189314e-07,1.3963313,1.2637378,1.0972582,0.7944405,0.0,0.0,0.115955085,0.67479736,1.4343435,0.8893907,0.9999999,0.13145053,0.26795617,0.6005933,set_2
3.4293737e-07,1.4577004,1.2631711,1.1175163,0.6398611,0.0,0.0,0.115955085,0.67479736,1.5151515,0.87411964,0.9999999,0.106701605,0.26807198,0.62522644,set_2
4.2396482e-07,1.5608662,1.253118,1.1521335,0.46124363,0.0,0.0,0.115955085,0.67479736,1.6565657,0.84789056,0.9999999,0.077011265,0.26646933,0.6565194,set_2
4.5311722e-07,1.6148058,1.2453377,1.171444,0.384871,0.0,0.0,0.115955085,0.67479736,1.7373737,0.83314806,0.9999999,0.0646375,0.26486242,0.67050016,set_2
4.2714876e-07,1.7095172,1.2295275,1.2090566,0.2517362,0.0,0.0,0.115955085,0.67479736,1.8989899,0.80428916,0.9999999,0.04559423,0.26045933,0.6939465,set_2
4.0277436e-07,1.7420659,1.2228069,1.222822,0.21404189,0.0,0.0,0.115955085,0.67479736,1.959596,0.79367083,0.9999999,0.040411793,0.25866374,0.7009244,set_2
0.0,0.0,0.11149351,0.67572254,29.212,0.0,0.0,0.11149351,0.67572254,0.0,1.2237259,0.9999999,0.7013977,0.041705113,0.2568972,set_3
-3.552675e-08,0.035219505,0.31082696,0.71028,26.199844,0.0,0.0,0.11149351,0.67572254,0.1010101,1.1831591,0.9999999,0.63507086,0.08058356,0.28434557,set_3
4.0242437e-08,0.26674578,0.73399246,0.80769664,19.522827,0.0,0.0,0.11149351,0.67572254,0.4040404,1.082784,0.9999999,0.44754535,0.20148914,0.3509655,set_3
1.1093221e-08,0.32961676,0.79505193,0.82619613,18.506334,0.0,0.0,0.11149351,0.67572254,0.46464646,1.0667342,0.9999999,0.41923022,0.21900421,0.36176562,set_3
-2.5421315e-07,0.58100855,0.97391987,0.8918247,15.394755,0.0,0.0,0.11149351,0.67572254,0.68686867,1.0182031,0.9999999,0.34350553,0.2610605,0.395434,set_3
-2.9075863e-07,0.8979681,1.133126,0.97194386,12.3937235,0.0,0.0,0.11149351,0.67572254,0.96969694,0.98126906,0.9999999,0.29485628,0.27807045,0.42707333,set_3
-5.6846955e-07,1.4012567,1.3382553,1.1291488,8.076494,0.0,0.0,0.11149351,0.67572254,1.5353535,0.9907137,0.9999999,0.2679018,0.26132458,0.4707736,set_3
-6.329808e-07,1.4707447,1.3665485,1.1578126,7.4367094,0.0,0.0,0.11149351,0.67572254,1.6363636,1.0041791,0.9999999,0.2670665,0.25506872,0.4778648,set_3
-6.94286e-07,1.5927095,1.4184248,1.2164952,6.231941,0.0,0.0,0.11149351,0.67572254,1.8383838,1.0417706,0.9999999,0.26627433,0.2406411,0.49308455,set_3
0.0,0.0,0.10775484,0.67572254,29.212,0.0,0.0,0.10775484,0.67572254,0.0,1.2237259,0.9999999,0.7020578,0.04141836,0.2565239,set_3
-8.861111e-08,0.09152356,0.47428453,0.7437209,23.62751,0.0,0.0,0.10775484,0.67572254,0.2020202,1.1461467,0.9999999,0.56711984,0.12415906,0.30872113,set_3
-5.6997074e-08,0.67287177,1.0238785,0.91519314,14.436273,0.0,0.0,0.10775484,0.67572254,0.7676768,1.0047966,0.9999999,0.32550585,0.2690418,0.40545237,set_3
-4.4655845e-08,0.764717,1.0702168,0.93815887,13.566362,0.0,0.0,0.10775484,0.67572254,0.8484848,0.9935281,0.9999999,0.31104478,0.2742756,0.41467968,set_3
-1.3379459e-07,0.9991643,1.1779602,1.000214,11.47174,0.0,0.0,0.10775484,0.67572254,1.070707,0.97483444,0.9999999,0.28567612,0.27827615,0.4360478,set_3
-1.7440334e-07,1.0773363,1.2114037,1.0225594,10.797028,0.0,0.0,0.10775484,0.67572254,1.1515151,0.97210526,0.9999999,0.28012362,0.2771352,0.44274113,set_3
-2.0875078e-07,1.2053525,1.2635828,1.0616341,9.7086315,0.0,0.0,0.10775484,0.67572254,1.2929292,0.97312444,0.9999999,0.27349168,0.2729512,0.4535572,set_3
-1.860199e-07,1.3062702,1.3027709,1.0952832,8.85482,0.0,0.0,0.10775484,0.67572254,1.4141414,0.97921836,0.9999999,0.2700654,0.2676838,0.46225083,set_3
1.1981881e-07,1.6662091,1.4477165,1.2592547,5.448793,0.0,0.0,0.10775484,0.67572254,1.979798,1.076794,0.9999999,0.26514968,0.2293878,0.50546247,set_3
0.0,0.0,0.110505864,0.67572254,29.212,0.0,0.0,0.110505864,0.67572254,0.0,1.2237259,0.9999999,0.70157224,0.04162923,0.25679848,set_3
-7.302129e-08,0.09185911,0.47663152,0.7437209,23.628838,0.0,0.0,0.110505864,0.67572254,0.2020202,1.1461467,0.9999999,0.5666132,0.12444315,0.3089437,set_3
-2.0560051e-07,0.22541465,0.6889055,0.7951278,20.250504,0.0,0.0,0.110505864,0.67572254,0.36363634,1.0944856,0.9999999,0.4687338,0.18808125,0.34318495,set_3
-2.6804355e-07,0.39478737,0.84981364,0.8443811,17.56666,0.0,0.0,0.110505864,0.67572254,0.5252525,1.0515054,0.9999999,0.39450765,0.23372488,0.3717675,set_3
-1.4588629e-08,1.3699923,1.3277732,1.1178954,8.322733,0.0,0.0,0.110505864,0.67572254,1.4949495,0.9865167,0.9999999,0.2685272,0.2635173,0.46795547,set_3
-3.2305714e-08,1.4844313,1.3709884,1.1637366,7.313999,0.0,0.0,0.110505864,0.67572254,1.6565657,1.0074633,0.9999999,0.26696253,0.25374532,0.47929218,set_3
-3.842068e-08,1.5359371,1.3911484,1.1870662,6.8332753,0.0,0.0,0.110505864,0.67572254,1.7373737,1.021198,0.9999999,0.26658526,0.24822836,0.48518637,set_3
-4.299317e-08,1.6057217,1.4205822,1.2226961,6.1314344,0.0,0.0,0.110505864,0.67572254,1.8585858,1.0464782,0.9999999,0.26612037,0.23920238,0.49467725,set_3
-2.4320888e-08,1.6767613,1.4531465,1.2654623,5.3428593,0.0,0.0,0.110505864,0.67572254,2.0,1.0821611,0.9999999,0.26478878,0.22774567,0.5074656,set_3
0.0,0.0,0.109380245,0.67572254,29.212,0.0,0.0,0.109380245,0.67572254,0.0,1.2237259,0.9999999,0.7017709,0.041542888,0.25668627,set_3
-8.954843e-08,0.06643089,0.41247016,0.73046696,24.609283,0.0,0.0,0.109380245,0.67572254,0.16161615,1.1606475,0.9999999,0.5940119,0.106686555,0.29930156,set_3
-5.12183e-08,0.3496869,0.8128065,0.8322723,18.182053,0.0,0.0,0.109380245,0.67572254,0.48484847,1.0616484,0.9999999,0.41090664,0.22405773,0.36503556,set_3
-3.1043035e-07,0.5563694,0.95935607,0.8861,15.633572,0.0,0.0,0.109380245,0.67572254,0.6666667,1.0218896,0.9999999,0.34890452,0.25846034,0.39263508,set_3
-3.5944663e-07,0.8529397,1.113947,0.96092176,12.754726,0.0,0.0,0.109380245,0.67572254,0.9292929,0.98454535,0.9999999,0.29965037,0.277248,0.4231017,set_3
-5.0134855e-07,1.4569263,1.3589054,1.1519089,7.5714154,0.0,0.0,0.109380245,0.67572254,1.6161616,1.0011533,0.9999999,0.26720217,0.25643855,0.47635928,set_3
-5.1585874e-07,1.5094612,1.3803004,1.1750193,7.0777326,0.0,0.0,0.109380245,0.67572254,1.6969697,1.0141178,0.9999999,0.26676613,0.25109166,0.48214215,set_3
-5.1027905e-07,1.6143984,1.4257743,1.2283399,6.012709,0.0,0.0,0.109380245,0.67572254,1.8787879,1.0512546,0.9999999,0.26606828,0.23759852,0.4963332,set_3
-4.2217596e-07,1.6747057,1.4535122,1.2650701,5.3391714,0.0,0.0,0.109380245,0.67572254,2.0,1.0821611,0.9999999,0.26483357,0.22772774,0.5074387,set_3
0.0,0.0,0.118726455,0.67572254,29.212,0.0,0.0,0.118726455,0.67572254,0.0,1.2237259,0.9999999,0.7001183,0.0422634,0.25761828,set_3
7.712127e-07,0.2662354,0.73933154,0.8076173,19.531258,0.0,0.0,0.118726455,0.67572254,0.4040404,1.082784,0.9999999,0.44680995,0.20188847,0.35130155,set_3
6.4585737e-07,0.44121617,0.89021015,0.85644996,16.979803,0.0,0.0,0.118726455,0.67572254,0.56565654,1.0425354,0.9999999,0.37891805,0.24257474,0.3785072,set_3
4.939653e-07,0.6977819,1.0439514,0.9209761,14.211518,0.0,0.0,0.118726455,0.67572254,0.78787875,1.0018091,0.9999999,0.32081795,0.27091312,0.40826893,set_3
5.3180656e-07,0.8571099,1.1185074,0.96082926,12.774673,0.0,0.0,0.118726455,0.67572254,0.9292929,0.98454535,0.9999999,0.29911217,0.2774462,0.42344162,set_3
8.275097e-07,1.1614524,1.2417452,1.0446267,10.230137,0.0,0.0,0.118726455,0.67572254,1.2323232,0.97163844,0.9999999,0.27529186,0.27536595,0.44934228,set_3
6.807856e-07,1.406034,1.3389878,1.1288824,8.110472,0.0,0.0,0.118726455,0.67572254,1.5353535,0.9907137,0.9999999,0.2675476,0.26155326,0.47089913,set_3
9.0806196e-07,1.5634689,1.4042183,1.1984658,6.614807,0.0,0.0,0.118726455,0.67572254,1.7777778,1.0292679,0.9999999,0.2661817,0.24546655,0.48835176,set_3
9.3843687e-07,1.5977807,1.41914,1.2163163,6.262164,0.0,0.0,0.118726455,0.67572254,1.8383838,1.0417706,0.9999999,0.26597524,0.24089755,0.49312723,set_3
0.0,0.0,0.11576983,0.67572254,29.212,0.0,0.0,0.11576983,0.67572254,0.0,1.2237259,0.9999999,0.7006416,0.04203467,0.25732377,set_3
-5.6117084e-08,0.035465624,0.31477118,0.71028,26.200914,0.0,0.0,0.11576983,0.67572254,0.1010101,1.1831591,0.9999999,0.634249,0.08101631,0.28473482,set_3
-6.5246695e-08,0.12284286,0.53982717,0.75682056,22.708694,0.0,0.0,0.11576983,0.67572254,0.24242423,1.1323115,0.9999999,0.53913105,0.14229661,0.31857237,set_3
-1.6898704e-07,0.5823903,0.97663057,0.8918401,15.39907,0.0,0.0,0.11576983,0.67572254,0.68686867,1.0182031,0.9999999,0.34314543,0.261224,0.39563063,set_3
-3.496774e-07,1.0823061,1.2130275,1.0223932,10.831481,0.0,0.0,0.11576983,0.67572254,1.1515151,0.97210526,0.9999999,0.27972206,0.27731052,0.44296744,set_3
-3.0583635e-07,1.1573322,1.2431672,1.0447308,10.200019,0.0,0.0,0.11576983,0.67572254,1.2323232,0.97163844,0.9999999,0.27551267,0.2752372,0.4492502,set_3
7.336294e-08,1.3732767,1.3283359,1.1177955,8.346253,0.0,0.0,0.11576983,0.67572254,1.4949495,0.9865167,0.9999999,0.2682788,0.26367104,0.46805015,set_3
1.864596e-07,1.5111233,1.3844842,1.1752064,7.071734,0.0,0.0,0.11576983,0.67572254,1.6969697,1.0141178,0.9999999,0.26665586,0.25104478,0.48229936,set_3
1.2218158e-07,1.6368797,1.439184,1.2406785,5.7794666,0.0,0.0,0.11576983,0.67572254,1.919192,1.0607102,0.9999999,0.265688,0.23430464,0.50000733,set_3
0.0,0.0,0.12128849,0.67572254,29.212,0.0,0.0,0.12128849,0.67572254,0.0,1.2237259,0.9999999,0.6996641,0.042462293,0.25787356,set_3
-3.3002664e-07,0.4899893,0.92244613,0.86826634,16.439499,0.0,0.0,0.12128849,0.67572254,0.60606056,1.0336382,0.9999999,0.36537692,0.24993567,0.38468742,set_3
-4.0257163e-07,0.65369177,1.019425,0.90925944,14.686222,0.0,0.0,0.12128849,0.67572254,0.74747473,1.0077755,0.9999999,0.3287275,0.26772028,0.40355226,set_3
-4.528901e-07,0.74590594,1.0666839,0.9322602,13.799611,0.0,0.0,0.12128849,0.67572254,0.8282828,0.9959549,0.9999999,0.313517,0.27353305,0.41294998,set_3
-4.708558e-07,0.83581185,1.109181,0.95502734,12.981508,0.0,0.0,0.12128849,0.67572254,0.9090909,0.9865754,0.9999999,0.30156428,0.27694944,0.4214863,set_3
-4.426696e-07,0.922598,1.1477098,0.9776164,12.221484,0.0,0.0,0.12128849,0.67572254,0.989899,0.9796783,0.9999999,0.29224077,0.2784785,0.42928073,set_3
-1.0056175e-07,1.2300026,1.2737733,1.0671701,9.607347,0.0,0.0,0.12128849,0.67572254,1.3131312,0.97358173,0.9999999,0.27220386,0.27244177,0.4553544,set_3
-2.2598014e-07,1.3743504,1.3310798,1.1177688,8.35145,0.0,0.0,0.12128849,0.67572254,1.4949495,0.9865167,0.9999999,0.26813072,0.26372078,0.46814853,set_3
1.4321083e-07,1.6379294,1.4416524,1.2406039,5.7850094,0.0,0.0,0.12128849,0.67572254,1.919192,1.0607102,0.9999999,0.2655788,0.23435801,0.5000632,set_3
0.0,0.0,0.12071872,0.67572254,29.212,0.0,0.0,0.12071872,0.67572254,0.0,1.2237259,0.9999999,0.6997651,0.042418025,0.25781685,set_3
1.5389315e-08,0.045454502,0.35493672,0.71705145,25.656036,0.0,0.0,0.12071872,0.67572254,0.12121212,1.175325,0.9999999,0.61945623,0.090216294,0.29032746,set_3
5.6307655e-08,0.15514621,0.59842527,0.7697371,21.845531,0.0,0.0,0.12071872,0.67572254,0.28282827,1.1193033,0.9999999,0.51326424,0.15913655,0.32759923,set_3
-1.07138106e-07,0.81285673,1.0991638,0.9494419,13.173169,0.0,0.0,0.12071872,0.67572254,0.8888889,0.9889675,0.9999999,0.30432683,0.27627334,0.41939983,set_3
-8.12907e-08,0.9632851,1.1662912,0.9889387,11.850045,0.0,0.0,0.12071872,0.67572254,1.030303,0.97668946,0.9999999,0.28844896,0.27863947,0.43291157,set_3
-2.5183402e-07,1.2635169,1.2868906,1.0783283,9.3178425,0.0,0.0,0.12071872,0.67572254,1.3535353,0.97558916,0.9999999,0.27100956,0.27075496,0.45823544,set_3
-3.5915411e-07,1.3591368,1.3244107,1.1120613,8.488733,0.0,0.0,0.12071872,0.67572254,1.4747474,0.98462325,0.9999999,0.2684316,0.26484424,0.46672413,set_3
-4.1081373e-07,1.4320648,1.3535793,1.1404768,7.832604,0.0,0.0,0.12071872,0.67572254,1.5757575,0.9959522,0.9999999,0.26723444,0.25903168,0.47373387,set_3
-4.2895863e-07,1.6479623,1.4456,1.2466629,5.6758537,0.0,0.0,0.12071872,0.67572254,1.939394,1.0658963,0.9999999,0.26540232,0.23275392,0.5018438,set_3
0.0,0.0,0.12560977,0.67572254,29.212,0.0,0.0,0.12560977,0.67572254,0.0,1.2237259,0.9999999,0.69889724,0.042799097,0.2583036,set_3
5.813541e-09,0.080420814,0.4586919,0.73711425,24.118347,0.0,0.0,0.12560977,0.67572254,0.18181817,1.1534595,0.9999999,0.57730937,0.11722355,0.3054671,set_3
3.4394105e-09,0.6316832,1.009442,0.90351444,14.924156,0.0,0.0,0.12560977,0.67572254,0.72727275,1.010918,0.9999999,0.33279005,0.26596949,0.40124053,set_3
1.1894855e-08,0.7015076,1.0462347,0.9208329,14.238876,0.0,0.0,0.12560977,0.67572254,0.78787875,1.0018091,0.9999999,0.32037887,0.27108243,0.4085387,set_3
-2.7421985e-09,0.7700678,1.0802459,0.93802303,13.593643,0.0,0.0,0.12560977,0.67572254,0.8484848,0.9935281,0.9999999,0.309984,0.27469388,0.4153221,set_3
-1.4260992e-07,0.9854919,1.1776092,0.9945573,11.680054,0.0,0.0,0.12560977,0.67572254,1.0505049,0.97569305,0.9999999,0.2864871,0.2786808,0.43483204,set_3
9.5683426e-08,1.3451674,1.3208854,1.1063907,8.628104,0.0,0.0,0.12560977,0.67572254,1.4545455,0.98266083,0.9999999,0.26861653,0.26595747,0.465426,set_3
2.151875e-07,1.4050851,1.3443294,1.1290054,8.098904,0.0,0.0,0.12560977,0.67572254,1.5353535,0.9907137,0.9999999,0.26747575,0.26150605,0.4710182,set_3
3.3784096e-07,1.5135031,1.3881372,1.1749718,7.0917525,0.0,0.0,0.12560977,0.67572254,1.6969697,1.0141178,0.9999999,0.2663695,0.25121817,0.48241237,set_3
0.0,0.0,0.11672281,0.67572254,29.212,0.0,0.0,0.11672281,0.67572254,0.0,1.2237259,0.9999999,0.7004729,0.0421083,0.25741878,set_3
4.4009344e-08,0.07944495,0.45099223,0.73711425,24.114454,0.0,0.0,0.11672281,0.67572254,0.18181817,1.1534595,0.9999999,0.57896674,0.116297886,0.30473536,set_3
-3.1792496e-08,0.2669146,0.73810804,0.807713,19.524694,0.0,0.0,0.11672281,0.67572254,0.4040404,1.082784,0.9999999,0.44689652,0.20185196,0.35125154,set_3
-2.5139997e-08,0.3965706,0.85423934,0.8444597,17.570045,0.0,0.0,0.11672281,0.67572254,0.5252525,1.0515054,0.9999999,0.3937749,0.23410599,0.3721191,set_3
1.8854138e-08,0.5116399,0.9349177,0.8742828,16.161633,0.0,0.0,0.11672281,0.67572254,0.6262626,1.0294349,0.9999999,0.35964796,0.2529855,0.38736647,set_3
7.322876e-08,0.7443447,1.0640852,0.93230814,13.792885,0.0,0.0,0.11672281,0.67572254,0.8282828,0.9959549,0.9999999,0.31380782,0.27341726,0.4127749,set_3
4.5010697e-08,0.8555636,1.1171601,0.96075517,12.77466,0.0,0.0,0.11672281,0.67572254,0.9292929,0.98454535,0.9999999,0.29927137,0.2773941,0.4233346,set_3
3.0588357e-08,1.3875134,1.3347218,1.1233507,8.216335,0.0,0.0,0.11672281,0.67572254,1.5151515,0.9884089,0.9999999,0.2679906,0.26256105,0.46944836,set_3
1.1336742e-07,1.6367309,1.4388793,1.240453,5.788748,0.0,0.0,0.11672281,0.67572254,1.919192,1.0607102,0.9999999,0.26564968,0.23440403,0.49994633,set_3
0.0,0.0,0.114363365,0.6744889,15.5798,0.0,0.0,0.114363365,0.6744889,0.0,1.237127,0.9999999,0.70143545,0.08748026,0.21108426,set_3
7.3245936e-08,0.169257,0.50361454,0.74393266,11.058781,0.0,0.0,0.114363365,0.6744889,0.2020202,1.1815249,0.9999999,0.546539,0.18548745,0.2679735,set_3
3.81315e-08,0.53136253,0.8873267,0.84227777,6.4522085,0.0,0.0,0.114363365,0.6744889,0.5050505,1.1025587,0.9999999,0.4227664,0.24430671,0.33292693,set_3
1.7065005e-07,0.77714324,1.0736866,0.9102088,4.1052585,0.0,0.0,0.114363365,0.6744889,0.72727275,1.0480244,0.9999999,0.3830677,0.24620368,0.37072867,set_3
3.0652743e-08,1.0808909,1.2559497,1.0086333,1.6068838,0.0,0.0,0.114363365,0.6744889,1.070707,0.9694461,0.9999999,0.26776576,0.25255606,0.4796782,set_3
2.2205165e-07,1.2131722,1.2933545,1.0523847,0.9087148,0.0,0.0,0.114363365,0.6744889,1.2323232,0.9347623,0.9999999,0.17545675,0.26363084,0.56091243,set_3
2.516486e-07,1.3582954,1.3002249,1.0997396,0.45856953,0.0,0.0,0.114363365,0.6744889,1.4141414,0.89760315,0.9999999,0.09805069,0.26683423,0.6351151,set_3
2.3823526e-07,1.4476423,1.2918077,1.1302601,0.28780302,0.0,0.0,0.114363365,0.6744889,1.5353535,0.87390244,0.9999999,0.06828954,0.26326317,0.6684473,set_3
2.8791482e-07,1.5532936,1.2732865,1.1697066,0.14423066,0.0,0.0,0.114363365,0.6744889,1.6969697,0.843646,0.9999999,0.04464702,0.25539118,0.69996184,set_3
0.0,0.0,0.1146311,0.6744889,15.5798,0.0,0.0,0.1146311,0.6744889,0.0,1.237127,0.9999999,0.7013807,0.087507345,0.21111187,set_3
-1.2619675e-09,0.07099633,0.32626098,0.70961016,13.133988,0.0,0.0,0.1146311,0.6744889,0.1010101,1.2090302,0.9999999,0.6199795,0.1402033,0.23981719,set_3
-1.3254663e-08,0.38505244,0.755343,0.80375326,8.062248,0.0,0.0,0.1146311,0.6744889,0.38383836,1.1335428,0.9999999,0.45663232,0.2326923,0.31067538,set_3
2.7966797e-08,0.45962006,0.8239501,0.8231524,7.228512,0.0,0.0,0.1146311,0.6744889,0.44444442,1.1179293,0.9999999,0.43770066,0.23997301,0.32232636,set_3
-9.621186e-08,0.72119313,1.0525641,0.8981077,4.414131,0.0,0.0,0.1146311,0.6744889,0.68686867,1.0577749,0.9999999,0.39057803,0.24665384,0.3627681,set_3
4.645935e-08,1.1420178,1.2447748,1.0197113,1.6012077,0.0,0.0,0.1146311,0.6744889,1.111111,0.96059793,0.9999999,0.26079938,0.25098574,0.48821488,set_3
5.28177e-07,1.4625357,1.2527583,1.1099734,0.7810924,0.0,0.0,0.1146311,0.6744889,1.4545455,0.8896381,0.9999999,0.12864116,0.25591356,0.61544526,set_3
5.114319e-07,1.5530188,1.250264,1.1451883,0.52925265,0.0,0.0,0.1146311,0.6744889,1.5959595,0.8623983,0.9999999,0.08554851,0.25448623,0.6599653,set_3
5.243383e-07,1.6238686,1.2411507,1.17452,0.38699263,0.0,0.0,0.1146311,0.6744889,1.7171717,0.8399319,0.9999999,0.06181679,0.25033808,0.6878452,set_3
0.0,0.0,0.10758646,0.6744889,15.5798,0.0,0.0,0.10758646,0.6744889,0.0,1.237127,0.9999999,0.7028161,0.08679594,0.21038789,set_3
1.2550776e-08,0.03870426,0.23930638,0.6956585,14.063163,0.0,0.0,0.10758646,0.6744889,0.06060606,1.2202688,0.9999999,0.653958,0.118581116,0.22746085,set_3
-1.9310953e-08,0.21220754,0.5622844,0.7574368,10.302171,0.0,0.0,0.10758646,0.6744889,0.24242423,1.1706843,0.9999999,0.5228093,0.19940732,0.2777833,set_3
-1.5280545e-08,0.33178183,0.7023523,0.7906696,8.6377945,0.0,0.0,0.10758646,0.6744889,0.34343433,1.1440113,0.9999999,0.47302645,0.2254846,0.3014889,set_3
6.0166045e-08,0.7157513,1.0225941,0.8920256,4.6898537,0.0,0.0,0.10758646,0.6744889,0.6666667,1.0626575,0.9999999,0.39360422,0.24685802,0.35953778,set_3
-1.18984694e-07,0.93007237,1.1694666,0.9574799,2.7755196,0.0,0.0,0.10758646,0.6744889,0.8888889,1.0102192,0.9999999,0.34648204,0.24507375,0.40844423,set_3
-1.0042456e-08,1.0321951,1.2286938,0.99181855,1.9516871,0.0,0.0,0.10758646,0.6744889,1.010101,0.9827792,0.9999999,0.29906753,0.2488507,0.4520818,set_3
2.875061e-07,1.5540802,1.2678783,1.1697075,0.15635443,0.0,0.0,0.10758646,0.6744889,1.6969697,0.843646,0.9999999,0.045609646,0.25537214,0.69901824,set_3
1.9680398e-07,1.6252091,1.2494406,1.1984018,0.10304141,0.0,0.0,0.10758646,0.6744889,1.8181818,0.8218912,0.9999999,0.035532225,0.2485542,0.7159136,set_3
0.0,0.0,0.109038666,0.6744889,15.5798,0.0,0.0,0.109038666,0.6744889,0.0,1.237127,0.9999999,0.7025208,0.08694233,0.21053684,set_3
2.782405e-08,0.3588823,0.7268071,0.7972235,8.351561,0.0,0.0,0.109038666,0.6744889,0.36363634,1.1387749,0.9999999,0.46477744,0.22920394,0.30601862,set_3
-1.44893875e-08,0.69086576,1.0097946,0.8858887,4.8749094,0.0,0.0,0.109038666,0.6744889,0.64646465,1.06754,0.9999999,0.39700598,0.2469674,0.35602662,set_3
-1.0660062e-07,0.79409516,1.0859625,0.9161898,3.9053965,0.0,0.0,0.109038666,0.6744889,0.74747473,1.0432323,0.9999999,0.37978476,0.2458914,0.37432387,set_3
-2.2177383e-07,0.9753804,1.2067044,0.9747426,2.3046896,0.0,0.0,0.109038666,0.6744889,0.94949496,0.9963914,0.9999999,0.32411417,0.24668968,0.42919615,set_3
-4.4042693e-08,1.2609485,1.2958516,1.0683562,0.7242143,0.0,0.0,0.109038666,0.6744889,1.2929292,0.9222027,0.9999999,0.14492184,0.26623937,0.5888388,set_3
1.1452734e-07,1.389341,1.2939752,1.109982,0.4015386,0.0,0.0,0.109038666,0.6744889,1.4545455,0.8896381,0.9999999,0.08754584,0.26589945,0.6465547,set_3
4.7603613e-08,1.5534846,1.2696122,1.1696898,0.14921996,0.0,0.0,0.109038666,0.6744889,1.6969697,0.843646,0.9999999,0.045072496,0.25541916,0.6995083,set_3
2.582552e-07,1.6539903,1.2446241,1.2124484,0.05172506,0.0,0.0,0.109038666,0.6744889,1.8787879,0.81140614,0.9999999,0.0299419,0.24525845,0.72479963,set_3
0.0,0.0,0.12526882,0.6744889,15.5798,0.0,0.0,0.12526882,0.6744889,0.0,1.237127,0.9999999,0.6992038,0.08858692,0.21220927,set_3
-1.6332184e-08,0.4623423,0.83124614,0.8231526,7.240676,0.0,0.0,0.12526882,0.6744889,0.44444442,1.1179293,0.9999999,0.43643105,0.24034388,0.32322502,set_3
-4.9332975e-08,0.5351134,0.8938326,0.84228027,6.4710712,0.0,0.0,0.12526882,0.6744889,0.5050505,1.1025587,0.9999999,0.42155522,0.24460874,0.33383608,set_3
-1.3228002e-07,0.73614234,1.0524287,0.8981003,4.484212,0.0,0.0,0.12526882,0.6744889,0.68686867,1.0577749,0.9999999,0.389257,0.24681824,0.36392477,set_3
1.3755455e-07,0.9982892,1.2229968,0.9804733,2.2073166,0.0,0.0,0.12526882,0.6744889,0.96969694,0.99186194,0.9999999,0.31661808,0.24693513,0.43644685,set_3
-5.7493168e-08,1.3593448,1.3052183,1.0997075,0.47260094,0.0,0.0,0.12526882,0.6744889,1.4141414,0.89760315,0.9999999,0.09941814,0.26639074,0.63419116,set_3
-1.2432565e-07,1.4051033,1.3017257,1.1150666,0.37854004,0.0,0.0,0.12526882,0.6744889,1.4747474,0.88569576,0.9999999,0.08276477,0.26502308,0.65221214,set_3
-1.371112e-07,1.4764017,1.2927392,1.1402185,0.2568502,0.0,0.0,0.12526882,0.6744889,1.5757575,0.8662364,0.9999999,0.061959434,0.2612148,0.67682576,set_3
-1.6789058e-07,1.5539039,1.2783345,1.1696756,0.1544602,0.0,0.0,0.12526882,0.6744889,1.6969697,0.843646,0.9999999,0.045275684,0.2551729,0.6995514,set_3
0.0,0.0,0.114575274,0.6744889,15.5798,0.0,0.0,0.114575274,0.6744889,0.0,1.237127,0.9999999,0.70139235,0.08750165,0.211106,set_3
1.2433846e-07,0.08867713,0.36427367,0.7165376,12.691301,0.0,0.0,0.114575274,0.6744889,0.12121212,1.2034572,0.9999999,0.6042191,0.15019202,0.24558891,set_3
1.10921064e-07,0.38506004,0.7552966,0.8037532,8.062233,0.0,0.0,0.114575274,0.6744889,0.38383836,1.1335428,0.9999999,0.45663813,0.23269019,0.31067166,set_3
-2.4261013e-07,0.7556054,1.0871143,0.91020834,3.9921484,0.0,0.0,0.114575274,0.6744889,0.72727275,1.0480244,0.9999999,0.38367832,0.24618514,0.3701366,set_3
-2.76723e-07,0.8445102,1.1580036,0.9399644,3.0855298,0.0,0.0,0.114575274,0.6744889,0.8282828,1.024189,0.9999999,0.36159965,0.2455474,0.39285293,set_3
-1.9390603e-07,1.3980339,1.2395723,1.0841092,1.0973287,0.0,0.0,0.114575274,0.6744889,1.3535353,0.909806,0.9999999,0.17757313,0.2523612,0.5700657,set_3
-2.0139726e-07,1.4700526,1.2442979,1.1099417,0.85063046,0.0,0.0,0.114575274,0.6744889,1.4545455,0.8896381,0.9999999,0.1366137,0.2541622,0.60922414,set_3
-1.8853156e-07,1.6724896,1.2276182,1.1936076,0.36133003,0.0,0.0,0.114575274,0.6744889,1.7979797,0.8254849,0.9999999,0.054071527,0.24624701,0.6996815,set_3
-1.8722808e-07,1.7124988,1.2187628,1.2124064,0.30260938,0.0,0.0,0.114575274,0.6744889,1.8787879,0.81140614,0.9999999,0.044813972,0.24247077,0.7127152,set_3
0.0,0.0,0.12398944,0.6744889,15.5798,0.0,0.0,0.12398944,0.6744889,0.0,1.237127,0.9999999,0.69946635,0.08845672,0.21207698,set_3
-5.666214e-08,0.43719444,0.8083228,0.8167185,7.5089025,0.0,0.0,0.12398944,0.6744889,0.4242424,1.1230792,0.9999999,0.44236398,0.23826487,0.31937107,set_3
-5.1600786e-08,0.5390817,0.89077044,0.84228367,6.4885025,0.0,0.0,0.12398944,0.6744889,0.5050505,1.1025587,0.9999999,0.4213862,0.24461778,0.33399606,set_3
-1.11267994e-07,0.9045045,1.1780064,0.951658,2.8602433,0.0,0.0,0.12398944,0.6744889,0.86868685,1.0148691,0.9999999,0.35059592,0.24523138,0.40417266,set_3
-1.7893974e-07,0.95724916,1.2297392,0.9747513,2.1979852,0.0,0.0,0.12398944,0.6744889,0.94949496,0.9963914,0.9999999,0.31980473,0.24786203,0.43233323,set_3
-2.6142945e-07,1.0925258,1.3031311,1.0251987,1.1132979,0.0,0.0,0.12398944,0.6744889,1.1313131,0.95623183,0.9999999,0.21467172,0.26241094,0.5229174,set_3
-2.6441296e-07,1.4289898,1.3022194,1.130222,0.24430478,0.0,0.0,0.12398944,0.6744889,1.5353535,0.87390244,0.9999999,0.064547874,0.26430756,0.67114455,set_3
-2.8521458e-07,1.5145733,1.2844841,1.1599432,0.16493773,0.0,0.0,0.12398944,0.6744889,1.6565657,0.85107636,0.9999999,0.04888891,0.2579418,0.6931693,set_3
-3.7725783e-07,1.6801149,1.2419894,1.2309195,0.010344431,0.0,0.0,0.12398944,0.6744889,1.959596,0.79766905,0.9999999,0.024962347,0.2409466,0.7340911,set_3
0.0,0.0,0.1175182,0.6744889,15.5798,0.0,0.0,0.1175182,0.6744889,0.0,1.237127,0.9999999,0.700791,0.087799735,0.21140926,set_3
-1.7669969e-07,0.14819951,0.47325146,0.7371308,11.4487915,0.0,0.0,0.1175182,0.6744889,0.18181817,1.187011,0.9999999,0.5594135,0.17773286,0.2628537,set_3
-8.467583e-08,0.38572255,0.7574494,0.8037551,8.064917,0.0,0.0,0.1175182,0.6744889,0.38383836,1.1335428,0.9999999,0.45624426,0.23282129,0.31093445,set_3
-3.0219485e-07,0.53342485,0.8884547,0.8422737,6.46407,0.0,0.0,0.1175182,0.6744889,0.5050505,1.1025587,0.9999999,0.42235377,0.24440047,0.33324575,set_3
-4.2225076e-07,0.67096955,0.9985428,0.879743,5.093453,0.0,0.0,0.1175182,0.6744889,0.6262626,1.0724512,0.9999999,0.39967313,0.24712521,0.35320163,set_3
-2.885797e-07,0.9494535,1.2051541,0.9690132,2.419837,0.0,0.0,0.1175182,0.6744889,0.9292929,1.0009452,0.9999999,0.33115292,0.24634251,0.42250457,set_3
-3.0109663e-07,1.0430429,1.2428253,0.9974314,1.8350952,0.0,0.0,0.1175182,0.6744889,1.030303,0.97829276,0.9999999,0.28938478,0.24996628,0.46064895,set_3
-3.2954074e-07,1.1015084,1.2574937,1.0141737,1.5595272,0.0,0.0,0.1175182,0.6744889,1.090909,0.96502846,0.9999999,0.26108065,0.25276294,0.48615646,set_3
-3.4040508e-07,1.7149932,1.2251159,1.2263511,0.16225082,0.0,0.0,0.1175182,0.6744889,1.939394,0.8010362,0.9999999,0.03315912,0.2405849,0.726256,set_3
0.0,0.0,0.10587375,0.6744889,15.5798,0.0,0.0,0.10587375,0.6744889,0.0,1.237127,0.9999999,0.70316434,0.08662344,0.21021216,set_3
-8.365746e-08,0.07033546,0.3182276,0.70961016,13.131448,0.0,0.0,0.10587375,0.6744889,0.1010101,1.2090302,0.9999999,0.62183696,0.13929817,0.23886488,set_3
-4.9841553e-08,0.12631467,0.42889312,0.73029846,11.844631,0.0,0.0,0.10587375,0.6744889,0.16161615,1.1924764,0.9999999,0.5758625,0.16808522,0.25605223,set_3
7.728424e-09,0.23647004,0.5893227,0.76414996,9.959971,0.0,0.0,0.10587375,0.6744889,0.26262626,1.1653299,0.9999999,0.51175535,0.2055347,0.28270996,set_3
-3.3323036e-07,0.4820354,0.83943284,0.8295488,6.9561815,0.0,0.0,0.10587375,0.6744889,0.46464646,1.112811,0.9999999,0.4333122,0.2414272,0.32526055,set_3
-3.6225603e-07,0.55417407,0.9005543,0.84858954,6.206624,0.0,0.0,0.10587375,0.6744889,0.5252525,1.0974694,0.9999999,0.41921744,0.24503118,0.3357514,set_3
-3.0630366e-07,0.9233029,1.1730577,0.95746213,2.735485,0.0,0.0,0.10587375,0.6744889,0.8888889,1.0102192,0.9999999,0.3458337,0.24532144,0.4088448,set_3
-1.8539416e-07,1.2607996,1.2941678,1.0683429,0.72174835,0.0,0.0,0.10587375,0.6744889,1.2929292,0.9222027,0.9999999,0.14469887,0.2663393,0.58896184,set_3
-5.7100254e-07,1.5277238,1.2734805,1.1599488,0.17360431,0.0,0.0,0.10587375,0.6744889,1.6565657,0.85107636,0.9999999,0.049467728,0.2576645,0.6928677,set_3
0.0,0.0,0.12307722,0.6744889,15.5798,0.0,0.0,0.12307722,0.6744889,0.0,1.237127,0.9999999,0.6996532,0.08836402,0.21198277,set_3
-3.802795e-07,0.58339435,0.9301689,0.8548962,5.9963875,0.0,0.0,0.12307722,0.6744889,0.5454545,1.0924389,0.9999999,0.41335055,0.24616474,0.34048474,set_3
-3.6923015e-07,0.651741,0.9842866,0.87358725,5.3202877,0.0,0.0,0.12307722,0.6744889,0.60606056,1.0774199,0.9999999,0.4024828,0.24717017,0.35034704,set_3
-3.5865023e-07,0.8367246,1.1215701,0.92813575,3.5675864,0.0,0.0,0.12307722,0.6744889,0.78787875,1.0337013,0.9999999,0.37111273,0.245407,0.3834803,set_3
-3.6119175e-07,0.9106755,1.1707833,0.95166904,2.9141803,0.0,0.0,0.12307722,0.6744889,0.86868685,1.0148691,0.9999999,0.35156092,0.24498948,0.40344957,set_3
-3.704466e-07,1.0316464,1.2393423,0.9918287,1.9504452,0.0,0.0,0.12307722,0.6744889,1.010101,0.9827792,0.9999999,0.2985107,0.24879871,0.4526906,set_3
-4.9136514e-07,1.5046366,1.2862384,1.1501398,0.22467297,0.0,0.0,0.12307722,0.6744889,1.6161616,0.8585641,0.9999999,0.056119394,0.2592425,0.6846381,set_3
-5.4094363e-07,1.665407,1.2484565,1.2171024,0.05232498,0.0,0.0,0.12307722,0.6744889,1.8989899,0.807915,0.9999999,0.029055603,0.24389784,0.7270466,set_3
-5.7381794e-07,1.6942236,1.2396662,1.2309332,0.02994208,0.0,0.0,0.12307722,0.6744889,1.959596,0.79766905,0.9999999,0.025714867,0.24049717,0.73378795,set_3
0.0,0.0,0.10125162,0.6744889,15.5798,0.0,0.0,0.10125162,0.6744889,0.0,1.237127,0.9999999,0.7041028,0.086158685,0.20973852,set_3
-2.592045e-09,0.053622216,0.274343,0.7026505,13.588423,0.0,0.0,0.10125162,0.6744889,0.08080807,1.2146494,0.9999999,0.6389604,0.12847254,0.23256703,set_3
-4.1731127e-08,0.35716647,0.7211674,0.7972268,8.343424,0.0,0.0,0.10125162,0.6744889,0.36363634,1.1387749,0.9999999,0.46585757,0.22883426,0.30530816,set_3
-1.3889327e-07,0.89285266,1.1437603,0.9458202,3.0693052,0.0,0.0,0.10125162,0.6744889,0.8484848,1.0195161,0.9999999,0.35793447,0.24495932,0.3971062,set_3
7.4686724e-08,1.096462,1.2734857,1.0197076,1.2879505,0.0,0.0,0.10125162,0.6744889,1.111111,0.96059793,0.9999999,0.2353251,0.25846905,0.50620586,set_3
9.9896994e-08,1.1450241,1.2886753,1.0361453,1.0165286,0.0,0.0,0.10125162,0.6744889,1.1717172,0.9476215,0.9999999,0.19779722,0.26342493,0.5387779,set_3
7.530922e-08,1.2455108,1.3031542,1.068363,0.62199044,0.0,0.0,0.10125162,0.6744889,1.2929292,0.9222027,0.9999999,0.13303159,0.26938832,0.59758013,set_3
-1.5464e-08,1.6345861,1.2402207,1.2030696,0.11559519,0.0,0.0,0.10125162,0.6744889,1.8383838,0.8183656,0.9999999,0.03546292,0.24748623,0.7170508,set_3
-1.6461659e-08,1.6652913,1.2319746,1.2170794,0.08705276,0.0,0.0,0.10125162,0.6744889,1.8989899,0.807915,0.9999999,0.031137783,0.24412598,0.7247362,set_3
0.0,0.0,0.11274147,0.6744889,15.5798,0.0,0.0,0.11274147,0.6744889,0.0,1.237127,0.9999999,0.70176625,0.08731628,0.21091749,set_3
3.7219582e-08,0.038936116,0.24420269,0.6956585,14.064053,0.0,0.0,0.11274147,0.6744889,0.06060606,1.2202688,0.9999999,0.6528575,0.119127564,0.22801498,set_3
1.6608493e-07,0.23631856,0.5963344,0.764144,9.9522705,0.0,0.0,0.11274147,0.6744889,0.26262626,1.1653299,0.9999999,0.5105673,0.20608228,0.28335038,set_3
1.1676485e-07,0.38292828,0.75545734,0.80375093,8.04808,0.0,0.0,0.11274147,0.6744889,0.38383836,1.1335428,0.9999999,0.45695928,0.23262432,0.31041643,set_3
-2.561819e-07,0.85792994,1.1248252,0.93406093,3.415762,0.0,0.0,0.11274147,0.6744889,0.8080808,1.0289164,0.9999999,0.36736667,0.24513958,0.38749373,set_3
-4.3358887e-07,1.2749759,1.3028032,1.0736684,0.642103,0.0,0.0,0.11274147,0.6744889,1.3131312,0.9180098,0.9999999,0.13213278,0.26751176,0.60035545,set_3
-4.1387128e-07,1.3840404,1.3017019,1.1099994,0.3561911,0.0,0.0,0.11274147,0.6744889,1.4545455,0.8896381,0.9999999,0.08272238,0.26682878,0.65044886,set_3
-4.6673387e-07,1.5535381,1.2710652,1.1697073,0.15445048,0.0,0.0,0.11274147,0.6744889,1.6969697,0.843646,0.9999999,0.045421828,0.2553391,0.6992391,set_3
-5.151395e-07,1.7062511,1.2272617,1.2355256,0.05422274,0.0,0.0,0.11274147,0.6744889,1.979798,0.794312,0.9999999,0.026240524,0.2394163,0.73434323,set_3
0.0,0.0,0.11601095,0.6744889,15.5798,0.0,0.0,0.11601095,0.6744889,0.0,1.237127,0.9999999,0.70109904,0.08764701,0.21125393,set_3
-2.3995634e-08,0.12732983,0.43774056,0.7302976,11.849119,0.0,0.0,0.11601095,0.6744889,0.16161615,1.1924764,0.9999999,0.57385254,0.16901842,0.25712895,set_3
-1.14604134e-07,0.360474,0.7319881,0.7972294,8.357717,0.0,0.0,0.11601095,0.6744889,0.36363634,1.1387749,0.9999999,0.4637956,0.22954325,0.30666116,set_3
2.3260483e-07,1.078695,1.258563,1.0086112,1.5943851,0.0,0.0,0.11601095,0.6744889,1.070707,0.9694461,0.9999999,0.26683322,0.25281397,0.4803528,set_3
2.1779397e-07,1.3895334,1.297341,1.1099657,0.40861213,0.0,0.0,0.11601095,0.6744889,1.4545455,0.8896381,0.9999999,0.088192694,0.26568225,0.6461251,set_3
3.2022717e-07,1.4643154,1.2875065,1.1352379,0.29290152,0.0,0.0,0.11601095,0.6744889,1.5555555,0.8700615,0.9999999,0.0670236,0.2619619,0.67101455,set_3
3.5756193e-07,1.5057899,1.2804152,1.1501327,0.23841238,0.0,0.0,0.11601095,0.6744889,1.6161616,0.8585641,0.9999999,0.05737679,0.259153,0.68347025,set_3
3.3704538e-07,1.5564319,1.2707603,1.1696843,0.17299226,0.0,0.0,0.11601095,0.6744889,1.6969697,0.843646,0.9999999,0.046722203,0.25508112,0.69819665,set_3
3.6681746e-07,1.6952915,1.2346382,1.2309268,0.039520487,0.0,0.0,0.11601095,0.6744889,1.959596,0.79766905,0.9999999,0.026216595,0.24054839,0.73323506,set_3
0.0,0.0,0.107575715,0.6744889,15.5798,0.0,0.0,0.107575715,0.6744889,0.0,1.237127,0.9999999,0.70281833,0.08679489,0.21038675,set_3
-2.2401906e-07,0.71282125,1.0255524,0.8920063,4.6655297,0.0,0.0,0.107575715,0.6744889,0.6666667,1.0626575,0.9999999,0.39372095,0.24683124,0.35944778,set_3
-2.3170753e-07,0.86984134,1.140212,0.93994,3.1964784,0.0,0.0,0.107575715,0.6744889,0.8282828,1.024189,0.9999999,0.36245447,0.24511054,0.39243498,set_3
-1.8408959e-07,0.9398519,1.1869797,0.9632511,2.5728242,0.0,0.0,0.107575715,0.6744889,0.9090909,1.005552,0.9999999,0.33871967,0.24573027,0.41555008,set_3
-5.5652098e-08,1.1213721,1.2747247,1.0251964,1.2629728,0.0,0.0,0.107575715,0.6744889,1.1313131,0.95623183,0.9999999,0.22948235,0.2582247,0.5122929,set_3
-1.2824483e-08,1.3505133,1.2995207,1.0996932,0.42884028,0.0,0.0,0.107575715,0.6744889,1.4141414,0.89760315,0.9999999,0.09507254,0.2677417,0.63718575,set_3
-7.836334e-08,1.445422,1.286082,1.1302133,0.30062985,0.0,0.0,0.107575715,0.6744889,1.5353535,0.87390244,0.9999999,0.06972239,0.26323745,0.66704017,set_3
-1.6449323e-07,1.5326322,1.266837,1.1599311,0.23578012,0.0,0.0,0.107575715,0.6744889,1.6565657,0.85107636,0.9999999,0.054425,0.2569545,0.6886205,set_3
-1.8745264e-07,1.5825249,1.2558166,1.1793114,0.1854747,0.0,0.0,0.107575715,0.6744889,1.7373737,0.8362865,0.9999999,0.045336325,0.25271732,0.7019464,set_3
0.0,0.0,0.10988916,0.6744889,15.5798,0.0,0.0,0.10988916,0.6744889,0.0,1.237127,0.9999999,0.70234764,0.08702818,0.21062423,set_3
-4.135802e-08,0.12660119,0.43241203,0.7302976,11.846278,0.0,0.0,0.10988916,0.6744889,0.16161615,1.1924764,0.9999999,0.57508194,0.16844867,0.25646934,set_3
-1.1340828e-07,0.40890396,0.77555263,0.81024873,7.7715883,0.0,0.0,0.10988916,0.6744889,0.4040404,1.1282892,0.9999999,0.4504294,0.23530069,0.31426984,set_3
-1.7705588e-07,0.86955625,1.1409994,0.93994826,3.203151,0.0,0.0,0.10988916,0.6744889,0.8282828,1.024189,0.9999999,0.36248073,0.24510379,0.39241555,set_3
-3.497122e-08,0.99301744,1.2164313,0.9804595,2.173926,0.0,0.0,0.10988916,0.6744889,0.96969694,0.99186194,0.9999999,0.31585023,0.24739805,0.43675175,set_3
9.861131e-08,1.1602362,1.2821524,1.0361315,1.1180689,0.0,0.0,0.10988916,0.6744889,1.1717172,0.9476215,0.9999999,0.20827815,0.2603659,0.531356,set_3
8.649203e-08,1.388292,1.2944286,1.1099617,0.4018345,0.0,0.0,0.10988916,0.6744889,1.4545455,0.8896381,0.9999999,0.08760246,0.26591495,0.6464826,set_3
-1.6218419e-08,1.5688139,1.2641063,1.1745081,0.1636051,0.0,0.0,0.10988916,0.6744889,1.7171717,0.8399319,0.9999999,0.044889178,0.25404257,0.7010682,set_3
-2.5730456e-08,1.6254991,1.2507339,1.1983682,0.103461854,0.0,0.0,0.10988916,0.6744889,1.8181818,0.8218912,0.9999999,0.035532612,0.24851519,0.71595216,set_3
0.0,0.0,0.11264096,0.6744889,15.5798,0.0,0.0,0.11264096,0.6744889,0.0,1.237127,0.9999999,0.70178676,0.087306105,0.21090713,set_3
-1.0361363e-07,0.21403961,0.5649529,0.75744057,10.317548,0.0,0.0,0.11264096,0.6744889,0.24242423,1.1706843,0.9999999,0.52198666,0.19969158,0.27832168,set_3
-4.8992522e-08,0.384515,0.7539177,0.80375236,8.060056,0.0,0.0,0.11264096,0.6744889,0.38383836,1.1335428,0.9999999,0.45690742,0.23260197,0.3104906,set_3
-2.7780592e-07,0.60276127,0.9426334,0.86114556,5.7476735,0.0,0.0,0.11264096,0.6744889,0.56565654,1.0874386,0.9999999,0.41060004,0.2464356,0.34296435,set_3
-3.1428215e-07,0.77536815,1.0736012,0.9101995,4.0953064,0.0,0.0,0.11264096,0.6744889,0.72727275,1.0480244,0.9999999,0.38321102,0.24618924,0.37059972,set_3
-5.161736e-07,1.0939469,1.2643723,1.0141741,1.4769108,0.0,0.0,0.11264096,0.6744889,1.090909,0.96502846,0.9999999,0.2545822,0.2545655,0.4908523,set_3
-6.047627e-07,1.3515341,1.3043692,1.0996928,0.41543943,0.0,0.0,0.11264096,0.6744889,1.4141414,0.89760315,0.9999999,0.09340217,0.2679221,0.6386758,set_3
-6.328064e-07,1.6067858,1.2524482,1.1888905,0.16852671,0.0,0.0,0.11264096,0.6744889,1.7777778,0.8290916,0.9999999,0.041783117,0.25041658,0.70780027,set_3
-6.3589005e-07,1.6517751,1.2394532,1.2077751,0.14265513,0.0,0.0,0.11264096,0.6744889,1.8585858,0.81488013,0.9999999,0.035999868,0.24591216,0.718088,set_3
0.0,0.0,0.10282396,0.6744889,15.5798,0.0,0.0,0.10282396,0.6744889,0.0,1.237127,0.9999999,0.7037838,0.08631666,0.20989956,set_3
2.3271132e-07,0.08761613,0.35368013,0.7165376,12.687211,0.0,0.0,0.10282396,0.6744889,0.12121212,1.2034572,0.9999999,0.60668,0.14900933,0.24431068,set_3
1.7196072e-07,0.21267986,0.5569496,0.75743985,10.311159,0.0,0.0,0.10282396,0.6744889,0.24242423,1.1706843,0.9999999,0.5236872,0.19897506,0.27733782,set_3
1.7587183e-07,0.38239798,0.7467981,0.80375326,8.050491,0.0,0.0,0.10282396,0.6744889,0.38383836,1.1335428,0.9999999,0.45821154,0.23216908,0.30961943,set_3
2.6344594e-07,0.57711655,0.91765726,0.85488456,5.9668674,0.0,0.0,0.10282396,0.6744889,0.5454545,1.0924389,0.9999999,0.41539937,0.24569203,0.33890864,set_3
2.4210104e-07,0.72179294,1.0434384,0.898105,4.4165273,0.0,0.0,0.10282396,0.6744889,0.68686867,1.0577749,0.9999999,0.39124167,0.24655424,0.36220413,set_3
1.5683284e-07,1.0674124,1.2343235,1.0030457,1.7718377,0.0,0.0,0.10282396,0.6744889,1.0505049,0.973858,0.9999999,0.28273728,0.2503311,0.46693158,set_3
1.3817845e-07,1.5793087,1.2447617,1.1599224,0.40590972,0.0,0.0,0.10282396,0.6744889,1.6565657,0.85107636,0.9999999,0.068515144,0.25367534,0.67780954,set_3
1.2277012e-07,1.6366758,1.2351274,1.184095,0.31016743,0.0,0.0,0.10282396,0.6744889,1.7575758,0.8326826,0.9999999,0.052910063,0.24937238,0.69771755,set_3
0.0,0.0,0.10497072,0.6744889,15.5798,0.0,0.0,0.10497072,0.6744889,0.0,1.237127,0.9999999,0.70334786,0.086532526,0.21011956,set_3
2.445619e-08,0.087809466,0.3556157,0.7165376,12.687954,0.0,0.0,0.10497072,0.6744889,0.12121212,1.2034572,0.9999999,0.60623026,0.1492256,0.24454415,set_3
-1.594008e-08,0.4077415,0.7720475,0.8102488,7.766523,0.0,0.0,0.10497072,0.6744889,0.4040404,1.1282892,0.9999999,0.4510648,0.23509827,0.31383693,set_3
-1.4489937e-07,0.5776566,0.919065,0.85488784,5.9692707,0.0,0.0,0.10497072,0.6744889,0.5454545,1.0924389,0.9999999,0.4151901,0.24574105,0.33906886,set_3
-2.1610143e-07,0.7370301,1.0639389,0.9041719,4.1918035,0.0,0.0,0.10497072,0.6744889,0.7070707,1.0528723,0.9999999,0.38781157,0.24634916,0.3658392,set_3
-2.262114e-07,1.1577369,1.2439325,1.0252098,1.5058804,0.0,0.0,0.10497072,0.6744889,1.1313131,0.95623183,0.9999999,0.25058618,0.2522625,0.49715126,set_3
-1.2940177e-07,1.4226353,1.2409095,1.0945133,0.9527879,0.0,0.0,0.10497072,0.6744889,1.3939394,0.9016767,0.9999999,0.15630902,0.25442407,0.5892669,set_3
-1.3570993e-07,1.4630364,1.2444104,1.109944,0.80107635,0.0,0.0,0.10497072,0.6744889,1.4545455,0.8896381,0.9999999,0.13121934,0.25554362,0.613237,set_3
-2.1948046e-07,1.7468853,1.2049555,1.2309016,0.2458297,0.0,0.0,0.10497072,0.6744889,1.959596,0.79766905,0.9999999,0.037099723,0.23870376,0.7241965,set_3
0.0,0.0,0.104925804,0.6744889,15.5798,0.0,0.0,0.104925804,0.6744889,0.0,1.237127,0.9999999,0.7033571,0.086527996,0.21011487,set_3
-1.1516244e-07,0.16788767,0.49568048,0.74393266,11.053358,0.0,0.0,0.104925804,0.6744889,0.2020202,1.1815249,0.9999999,0.548329,0.18469423,0.2669768,set_3
-1.3803536e-07,0.40603107,0.773136,0.8102452,7.756913,0.0,0.0,0.104925804,0.6744889,0.4040404,1.1282892,0.9999999,0.45117673,0.23509222,0.31373107,set_3
-1.6013905e-07,0.60025954,0.93819666,0.86114764,5.7341146,0.0,0.0,0.104925804,0.6744889,0.56565654,1.0874386,0.9999999,0.4113528,0.24627082,0.3423764,set_3
-1.7227956e-07,0.6907797,1.00676,0.885906,4.873928,0.0,0.0,0.104925804,0.6744889,0.64646465,1.06754,0.9999999,0.39727446,0.2469183,0.3558072,set_3
-1.5165342e-07,0.88881725,1.148236,0.9458255,3.053081,0.0,0.0,0.104925804,0.6744889,0.8484848,1.0195161,0.9999999,0.35768527,0.24503407,0.3972807,set_3
-2.3300002e-07,1.5891252,1.259108,1.1841505,0.11194304,0.0,0.0,0.104925804,0.6744889,1.7575758,0.8326826,0.9999999,0.039148323,0.25213838,0.70871335,set_3
-9.329861e-08,1.6238041,1.2494445,1.1984094,0.090639114,0.0,0.0,0.104925804,0.6744889,1.8181818,0.8218912,0.9999999,0.0348108,0.24866772,0.7165215,set_3
7.072481e-08,1.6861067,1.2307957,1.2263763,0.051655114,0.0,0.0,0.104925804,0.6744889,1.939394,0.8010362,0.9999999,0.02762028,0.24179822,0.7305815,set_3
0.0,0.0,0.118470065,0.6744889,15.5798,0.0,0.0,0.118470065,0.6744889,0.0,1.237127,0.9999999,0.70059633,0.087896265,0.21150741,set_3
9.736272e-08,0.534103,0.88882,0.84226847,6.4675074,0.0,0.0,0.118470065,0.6744889,0.5050505,1.1025587,0.9999999,0.42222357,0.24443012,0.33334628,set_3
1.0975998e-07,0.6740675,0.9979843,0.8797374,5.1047544,0.0,0.0,0.118470065,0.6744889,0.6262626,1.0724512,0.9999999,0.39941543,0.24716234,0.3534222,set_3
9.055321e-08,0.8751668,1.1446327,0.93993187,3.2253158,0.0,0.0,0.118470065,0.6744889,0.8282828,1.024189,0.9999999,0.36215264,0.24503475,0.39281258,set_3
-2.3503247e-08,1.0373883,1.2517294,0.99743533,1.7680202,0.0,0.0,0.118470065,0.6744889,1.030303,0.97829276,0.9999999,0.28513217,0.2510799,0.46378794,set_3
-9.3502265e-08,1.1845915,1.3002177,1.0469815,0.9186686,0.0,0.0,0.118470065,0.6744889,1.2121212,0.9390081,0.9999999,0.17988564,0.26434693,0.5557674,set_3
-1.04997675e-07,1.4116032,1.2996953,1.1201466,0.31969494,0.0,0.0,0.118470065,0.6744889,1.4949495,0.8817419,0.9999999,0.075122744,0.2652219,0.6596553,set_3
-6.381451e-08,1.4873965,1.2847396,1.1451863,0.2503274,0.0,0.0,0.118470065,0.6744889,1.5959595,0.8623983,0.9999999,0.060015608,0.26030764,0.6796767,set_3
-3.5307448e-08,1.5674887,1.2663836,1.1745133,0.18394256,0.0,0.0,0.118470065,0.6744889,1.7171717,0.8399319,0.9999999,0.046352174,0.25385284,0.69979495,set_3
0.0,0.0,0.113122925,0.67488027,29.212,0.0,0.0,0.113122925,0.67488027,0.0,1.2585858,0.9999999,0.7026678,0.04105633,0.2562759,set_3
-2.1857442e-08,0.036082424,0.31876957,0.71053725,26.104034,0.0,0.0,0.113122925,0.67488027,0.1010101,1.2248846,0.9999999,0.6353428,0.08053896,0.28411824,set_3
-1.0178135e-07,0.5345135,0.9565242,0.8814109,15.763082,0.0,0.0,0.113122925,0.67488027,0.6262626,1.0695461,0.9999999,0.35628375,0.25502005,0.38869616,set_3
-1.0635621e-07,0.6075132,0.9997344,0.89969593,14.9850445,0.0,0.0,0.113122925,0.67488027,0.68686867,1.0538857,0.9999999,0.33996728,0.2629543,0.3970784,set_3
-2.2132164e-07,0.96923566,1.1757174,0.9928983,11.630286,0.0,0.0,0.113122925,0.67488027,1.010101,0.97721523,0.9999999,0.28948736,0.27812397,0.4323886,set_3
-2.5362095e-07,1.0678734,1.2171144,1.0206478,10.789202,0.0,0.0,0.113122925,0.67488027,1.111111,0.9558787,0.9999999,0.2817561,0.27716783,0.44107613,set_3
-5.179635e-08,1.3742955,1.3380079,1.1210419,8.183065,0.0,0.0,0.113122925,0.67488027,1.4949495,0.8861555,0.9999999,0.267777,0.26286358,0.4693594,set_3
-5.4089035e-09,1.5834988,1.4233158,1.2147611,6.200042,0.0,0.0,0.113122925,0.67488027,1.8787879,0.83424133,0.9999999,0.26319656,0.24019204,0.49661142,set_3
-5.0754203e-08,1.6176181,1.4380381,1.2338215,5.839986,0.0,0.0,0.113122925,0.67488027,1.959596,0.8255495,0.9999999,0.26217023,0.23488753,0.5029422,set_3
0.0,0.0,0.10605665,0.67488027,29.212,0.0,0.0,0.10605665,0.67488027,0.0,1.2585858,0.9999999,0.7039095,0.040520925,0.25556955,set_3
-1.7917518e-08,0.045495063,0.34930116,0.7175525,25.53689,0.0,0.0,0.10605665,0.67488027,0.12121212,1.2182416,0.9999999,0.6225781,0.08868568,0.28873622,set_3
-9.392878e-08,0.36578578,0.83262724,0.8376739,17.824648,0.0,0.0,0.10605665,0.67488027,0.48484847,1.1081766,0.9999999,0.407359,0.22655903,0.366082,set_3
-8.5765286e-08,0.7478387,1.0709876,0.93545836,13.579251,0.0,0.0,0.10605665,0.67488027,0.8080808,1.023598,0.9999999,0.31540918,0.27288318,0.41170764,set_3
-1.1790638e-07,0.9249849,1.1539646,0.981629,11.980053,0.0,0.0,0.10605665,0.67488027,0.96969694,0.98618925,0.9999999,0.29372552,0.27784377,0.42843074,set_3
-1.3646792e-07,1.2708895,1.2958428,1.0849011,9.041111,0.0,0.0,0.10605665,0.67488027,1.3535353,0.9097776,0.9999999,0.27124757,0.2694445,0.4593079,set_3
-1.2374595e-07,1.3300135,1.3188521,1.1056235,8.534297,0.0,0.0,0.10605665,0.67488027,1.4343435,0.8959203,0.9999999,0.2692066,0.26579052,0.46500286,set_3
-9.313323e-08,1.4698548,1.3741883,1.1610787,7.2804623,0.0,0.0,0.10605665,0.67488027,1.6565657,0.8621012,0.9999999,0.26571855,0.25390413,0.4803773,set_3
-1.1742185e-07,1.5981975,1.4279445,1.2241868,6.0102787,0.0,0.0,0.10605665,0.67488027,1.919192,0.8296955,0.9999999,0.26287237,0.23749644,0.49963123,set_3
0.0,0.0,0.11070916,0.67488027,29.212,0.0,0.0,0.11070916,0.67488027,0.0,1.2585858,0.9999999,0.70309246,0.0408729,0.25603467,set_3
1.4370734e-07,0.2343935,0.70804286,0.79887086,19.955025,0.0,0.0,0.11070916,0.67488027,0.36363634,1.1431063,0.9999999,0.46565956,0.19039539,0.3439451,set_3
7.423309e-08,0.60569376,0.9986682,0.8997054,14.97789,0.0,0.0,0.11070916,0.67488027,0.68686867,1.0538857,0.9999999,0.34019902,0.26285884,0.39694217,set_3
-2.1354667e-07,0.9470821,1.1655107,0.9872973,11.805048,0.0,0.0,0.11070916,0.67488027,0.989899,0.9817182,0.9999999,0.2915091,0.27804348,0.4304474,set_3
-1.7928011e-07,1.0278362,1.1998333,1.009648,11.113185,0.0,0.0,0.11070916,0.67488027,1.070707,0.9643624,0.9999999,0.28468212,0.27771682,0.43760112,set_3
-1.6625023e-07,1.1036785,1.2310137,1.0316082,10.471237,0.0,0.0,0.11070916,0.67488027,1.1515151,0.9477423,0.9999999,0.27943283,0.27631158,0.44425562,set_3
-1.7856291e-07,1.1573064,1.2526056,1.0478333,10.018871,0.0,0.0,0.11070916,0.67488027,1.2121212,0.93577844,0.9999999,0.27631885,0.27469593,0.44898525,set_3
-3.2518994e-07,1.3016741,1.3098042,1.0953305,8.7885,0.0,0.0,0.11070916,0.67488027,1.3939394,0.9027964,0.9999999,0.27003264,0.2677161,0.46225125,set_3
-4.6910776e-07,1.4227933,1.3579894,1.1412245,7.7139544,0.0,0.0,0.11070916,0.67488027,1.5757575,0.87376726,0.9999999,0.26665136,0.25849786,0.47485083,set_3
0.0,0.0,0.10047221,0.67488027,29.212,0.0,0.0,0.10047221,0.67488027,0.0,1.2585858,0.9999999,0.70488834,0.040100973,0.25501063,set_3
3.3951824e-08,0.06744885,0.41464803,0.73147106,24.455395,0.0,0.0,0.10047221,0.67488027,0.16161615,1.2053001,0.9999999,0.5953833,0.106172495,0.29844424,set_3
4.9740738e-08,0.14036188,0.5701963,0.7656183,22.030167,0.0,0.0,0.10047221,0.67488027,0.26262626,1.1735852,0.9999999,0.5272795,0.1505847,0.32213578,set_3
7.9201e-08,0.23364049,0.7002977,0.79887074,19.946587,0.0,0.0,0.10047221,0.67488027,0.36363634,1.1431063,0.9999999,0.46699595,0.18965639,0.34334764,set_3
-4.139899e-09,0.48199248,0.91732633,0.8690853,16.298805,0.0,0.0,0.10047221,0.67488027,0.5858586,1.0804132,0.9999999,0.37003577,0.24786705,0.38209724,set_3
-2.0462333e-07,0.7224689,1.0563574,0.9296546,13.787521,0.0,0.0,0.10047221,0.67488027,0.78787875,1.028594,0.9999999,0.3193475,0.27149823,0.40915424,set_3
-1.4765946e-07,1.2041495,1.2692256,1.0639272,9.563194,0.0,0.0,0.10047221,0.67488027,1.2727273,0.9244165,0.9999999,0.27418327,0.2725154,0.45330137,set_3
-2.9905914e-07,1.4081811,1.3483465,1.1362538,7.8142424,0.0,0.0,0.10047221,0.67488027,1.5555555,0.87675726,0.9999999,0.26721302,0.25949642,0.4732906,set_3
-4.467458e-07,1.5882819,1.4216493,1.2195373,6.0946646,0.0,0.0,0.10047221,0.67488027,1.8989899,0.8319495,0.9999999,0.2632466,0.23876227,0.49799114,set_3
0.0,0.0,0.10937963,0.67488027,29.212,0.0,0.0,0.10937963,0.67488027,0.0,1.2585858,0.9999999,0.7033261,0.04077209,0.25590178,set_3
3.5460388e-07,0.48474467,0.92309153,0.8690589,16.309303,0.0,0.0,0.10937963,0.67488027,0.5858586,1.0804132,0.9999999,0.36916086,0.24828821,0.3825509,set_3
2.819416e-07,0.7479682,1.0733186,0.9354858,13.57879,0.0,0.0,0.10937963,0.67488027,0.8080808,1.023598,0.9999999,0.31522733,0.2729591,0.4118135,set_3
2.5723546e-07,0.94741154,1.1646355,0.98729146,11.805168,0.0,0.0,0.10937963,0.67488027,0.989899,0.9817182,0.9999999,0.29154444,0.2780294,0.43042618,set_3
2.6127722e-07,1.2248974,1.2783854,1.0691481,9.451184,0.0,0.0,0.10937963,0.67488027,1.2929292,0.92067313,0.9999999,0.27306095,0.27193484,0.45500425,set_3
2.269851e-07,1.2871251,1.3030831,1.0901312,8.917186,0.0,0.0,0.10937963,0.67488027,1.3737373,0.90629745,0.9999999,0.27057517,0.26861498,0.46080983,set_3
1.7924688e-07,1.3307812,1.3203889,1.1056601,8.53759,0.0,0.0,0.10937963,0.67488027,1.4343435,0.8959203,0.9999999,0.26911414,0.265821,0.4650649,set_3
1.4695259e-07,1.4588383,1.3716059,1.1561998,7.3852067,0.0,0.0,0.10937963,0.67488027,1.6363636,0.86487633,0.9999999,0.2658965,0.25506842,0.47903508,set_3
3.9692355e-07,1.5898707,1.4261279,1.2194525,6.0999403,0.0,0.0,0.10937963,0.67488027,1.8989899,0.8319495,0.9999999,0.26307628,0.23881221,0.49811155,set_3
0.0,0.0,0.10855152,0.67488027,29.212,0.0,0.0,0.10855152,0.67488027,0.0,1.2585858,0.9999999,0.70347154,0.040709425,0.25581902,set_3
-1.865595e-07,0.2757209,0.75217026,0.8119295,19.202925,0.0,0.0,0.10855152,0.67488027,0.4040404,1.1312001,0.9999999,0.44471836,0.20367481,0.35160682,set_3
-1.7594854e-07,0.5519362,0.9718688,0.88753617,15.46099,0.0,0.0,0.10855152,0.67488027,0.64646465,1.064286,0.9999999,0.35101938,0.2577373,0.39124325,set_3
-1.9565982e-07,0.8353566,1.1189388,0.9587805,12.724697,0.0,0.0,0.10855152,0.67488027,0.8888889,1.0045382,0.9999999,0.30312905,0.27636993,0.42050102,set_3
-2.7592466e-07,1.0512135,1.2046103,1.0151778,10.965478,0.0,0.0,0.10855152,0.67488027,1.090909,0.9601341,0.9999999,0.283179,0.2774875,0.43933353,set_3
-3.72091e-07,1.3540343,1.3194197,1.1108025,8.465643,0.0,0.0,0.10855152,0.67488027,1.4545455,0.89264935,0.9999999,0.26836222,0.26510242,0.46653536,set_3
-3.5649592e-07,1.5015644,1.3790377,1.1710508,7.1178226,0.0,0.0,0.10855152,0.67488027,1.6969697,0.8565809,0.9999999,0.26489118,0.25183108,0.4832778,set_3
-3.140013e-07,1.5431223,1.3963181,1.1906196,6.7142677,0.0,0.0,0.10855152,0.67488027,1.7777778,0.84618074,0.9999999,0.26407638,0.2469026,0.48902103,set_3
-2.9058174e-07,1.5720133,1.4085292,1.2051382,6.4248304,0.0,0.0,0.10855152,0.67488027,1.8383838,0.83877724,0.9999999,0.26346198,0.24308395,0.49345404,set_3
0.0,0.0,0.099834986,0.67488027,29.212,0.0,0.0,0.099834986,0.67488027,0.0,1.2585858,0.9999999,0.7049998,0.04005327,0.25494695,set_3
-8.160568e-08,0.026491882,0.26807675,0.7034833,26.684294,0.0,0.0,0.099834986,0.67488027,0.08080807,1.2316247,0.9999999,0.6519074,0.07058183,0.27751073,set_3
-1.7152102e-07,0.34070355,0.80874693,0.83129233,18.148306,0.0,0.0,0.099834986,0.67488027,0.46464646,1.1138635,0.9999999,0.41695413,0.22086783,0.36217803,set_3
-3.3323923e-07,1.1004434,1.2257109,1.03159,10.45612,0.0,0.0,0.099834986,0.67488027,1.1515151,0.9477423,0.9999999,0.27985546,0.27616918,0.44397536,set_3
-2.534557e-07,1.1886764,1.2609419,1.0585337,9.716208,0.0,0.0,0.099834986,0.67488027,1.2525252,0.9281419,0.9999999,0.2749418,0.27327028,0.45178792,set_3
-1.6932678e-07,1.2536135,1.2865856,1.0796974,9.166496,0.0,0.0,0.099834986,0.67488027,1.3333333,0.91329664,0.9999999,0.27205485,0.2702267,0.45771843,set_3
-1.8215133e-08,1.3822451,1.3376558,1.1261269,8.04451,0.0,0.0,0.099834986,0.67488027,1.5151515,0.88289607,0.9999999,0.26786664,0.26165494,0.47047845,set_3
-2.5708903e-08,1.5505753,1.40668,1.2003163,6.459895,0.0,0.0,0.099834986,0.67488027,1.8181818,0.84114105,0.9999999,0.2642169,0.24390115,0.49188194,set_3
-1.1080592e-07,1.6041474,1.429707,1.2290722,5.906291,0.0,0.0,0.099834986,0.67488027,1.939394,0.82758206,0.9999999,0.26277512,0.23603506,0.50118977,set_3
0.0,0.0,0.112943746,0.67488027,29.212,0.0,0.0,0.112943746,0.67488027,0.0,1.2585858,0.9999999,0.7026993,0.041042704,0.25625795,set_3
-7.05062e-08,0.068676926,0.4255736,0.73147106,24.460434,0.0,0.0,0.112943746,0.67488027,0.16161615,1.2053001,0.9999999,0.5930191,0.107474856,0.299506,set_3
-1.02327064e-07,0.5341914,0.9566419,0.8814398,15.760061,0.0,0.0,0.112943746,0.67488027,0.6262626,1.0695461,0.9999999,0.35629565,0.25501922,0.3886851,set_3
2.861417e-08,0.9063747,1.148265,0.9760207,12.173432,0.0,0.0,0.112943746,0.67488027,0.94949496,0.9906513,0.9999999,0.29550326,0.2777519,0.42674485,set_3
2.0565594e-10,0.9892567,1.1845022,0.9985675,11.452491,0.0,0.0,0.112943746,0.67488027,1.030303,0.97284305,0.9999999,0.2877503,0.27806622,0.43418348,set_3
-1.0818354e-08,1.3031334,1.3109654,1.095379,8.790037,0.0,0.0,0.112943746,0.67488027,1.3939394,0.9027964,0.9999999,0.26994625,0.26773006,0.46232373,set_3
3.715185e-08,1.3867836,1.3435023,1.1261522,8.061991,0.0,0.0,0.112943746,0.67488027,1.5151515,0.88289607,0.9999999,0.26746234,0.26179487,0.4707428,set_3
8.3345775e-08,1.4833833,1.3818619,1.1661777,7.180754,0.0,0.0,0.112943746,0.67488027,1.6767677,0.85935605,0.9999999,0.2653198,0.25276157,0.48191866,set_3
7.6308815e-08,1.5155647,1.3950257,1.180914,6.873057,0.0,0.0,0.112943746,0.67488027,1.7373737,0.8512087,0.9999999,0.26468703,0.2491138,0.4861991,set_3
0.0,0.0,0.104164906,0.67488027,29.212,0.0,0.0,0.104164906,0.67488027,0.0,1.2585858,0.9999999,0.70424145,0.040378325,0.25538027,set_3
1.2748131e-07,0.4109977,0.8687408,0.85034513,17.18724,0.0,0.0,0.104164906,0.67488027,0.5252525,1.0968126,0.9999999,0.39129224,0.2359899,0.37271786,set_3
1.3756251e-07,0.6513234,1.021708,0.9117916,14.47797,0.0,0.0,0.104164906,0.67488027,0.72727275,1.0435159,0.9999999,0.33129925,0.26680842,0.4018923,set_3
1.3354983e-07,0.72247636,1.0589012,0.9296436,13.788193,0.0,0.0,0.104164906,0.67488027,0.78787875,1.028594,0.9999999,0.31914848,0.27158374,0.4092678,set_3
9.5842424e-08,0.88144565,1.1339747,0.9703139,12.350233,0.0,0.0,0.104164906,0.67488027,0.9292929,0.99516433,0.9999999,0.29825926,0.27726895,0.42447177,set_3
-3.38718e-08,1.1205616,1.2348851,1.0370681,10.311038,0.0,0.0,0.104164906,0.67488027,1.1717172,0.9437715,0.9999999,0.27855542,0.27574486,0.44569975,set_3
-6.088281e-08,1.1730437,1.2561156,1.0532223,9.865818,0.0,0.0,0.104164906,0.67488027,1.2323232,0.9319092,0.9999999,0.27563807,0.27399287,0.45036906,set_3
-1.1213665e-07,1.5010812,1.3876703,1.1759671,6.957755,0.0,0.0,0.104164906,0.67488027,1.7171717,0.85382307,0.9999999,0.2651661,0.25021422,0.48461965,set_3
-1.773596e-07,1.6132792,1.4352437,1.2338266,5.821653,0.0,0.0,0.104164906,0.67488027,1.959596,0.8255495,0.9999999,0.262408,0.23473217,0.50285983,set_3
0.0,0.0,0.111649215,0.67488027,29.212,0.0,0.0,0.111649215,0.67488027,0.0,1.2585858,0.9999999,0.7029271,0.04094427,0.2561286,set_3
3.8293078e-07,0.41318008,0.87376326,0.85034513,17.195305,0.0,0.0,0.111649215,0.67488027,0.5252525,1.0968126,0.9999999,0.39046618,0.23640683,0.37312692,set_3
3.7608447e-07,0.4849208,0.9248116,0.8691011,16.308464,0.0,0.0,0.111649215,0.67488027,0.5858586,1.0804132,0.9999999,0.36895156,0.24839577,0.3826526,set_3
3.630736e-07,0.7250561,1.0632079,0.92964476,13.798028,0.0,0.0,0.111649215,0.67488027,0.78787875,1.028594,0.9999999,0.31864578,0.27178574,0.40956846,set_3
2.970146e-07,1.0678694,1.2159396,1.0207078,10.790498,0.0,0.0,0.111649215,0.67488027,1.111111,0.9558787,0.9999999,0.2818043,0.27715644,0.44103917,set_3
2.7868808e-07,1.1232433,1.2384925,1.0370663,10.322045,0.0,0.0,0.111649215,0.67488027,1.1717172,0.9437715,0.9999999,0.27825424,0.2758437,0.445902,set_3
2.461341e-07,1.2254875,1.2794943,1.0691779,9.453421,0.0,0.0,0.111649215,0.67488027,1.2929292,0.92067313,0.9999999,0.27298826,0.2719573,0.45505455,set_3
1.964103e-07,1.3453656,1.326998,1.1108241,8.41709,0.0,0.0,0.111649215,0.67488027,1.4545455,0.89264935,0.9999999,0.26862732,0.26485944,0.46651325,set_3
1.4564306e-07,1.5991628,1.4307909,1.2242924,6.011145,0.0,0.0,0.111649215,0.67488027,1.919192,0.8296955,0.9999999,0.26277906,0.23750333,0.4997176,set_3
0.0,0.0,0.112757735,0.67488027,29.212,0.0,0.0,0.112757735,0.67488027,0.0,1.2585858,0.9999999,0.7027322,0.041028522,0.2562393,set_3
-2.8417281e-08,0.027082605,0.28016308,0.7034833,26.686964,0.0,0.0,0.112757735,0.67488027,0.08080807,1.2316247,0.9999999,0.6494366,0.07184315,0.27872017,set_3
-9.45376e-08,0.21677305,0.6853298,0.79228675,20.349884,0.0,0.0,0.112757735,0.67488027,0.34343433,1.149046,0.9999999,0.47634923,0.18349297,0.34015784,set_3
-9.0451174e-08,0.5102818,0.94105303,0.87529373,16.03347,0.0,0.0,0.112757735,0.67488027,0.60606056,1.0749261,0.9999999,0.3623775,0.25187284,0.38574964,set_3
-1.1215399e-07,0.7962502,1.097461,0.94725597,13.158491,0.0,0.0,0.112757735,0.67488027,0.8484848,1.0139601,0.9999999,0.30848312,0.27505422,0.4164627,set_3
-1.8467063e-07,1.1417019,1.2465998,1.0425172,10.1689625,0.0,0.0,0.112757735,0.67488027,1.1919192,0.9397857,0.9999999,0.27717322,0.275305,0.44752175,set_3
-2.4585384e-07,1.515617,1.3949847,1.180845,6.873543,0.0,0.0,0.112757735,0.67488027,1.7373737,0.8512087,0.9999999,0.26468474,0.24911709,0.48619816,set_3
-2.1545094e-07,1.5648408,1.415544,1.2051045,6.38586,0.0,0.0,0.112757735,0.67488027,1.8383838,0.83877724,0.9999999,0.2636545,0.24279004,0.4935554,set_3
-2.0315807e-07,1.5918947,1.4270685,1.2194953,6.1074753,0.0,0.0,0.112757735,0.67488027,1.8989899,0.8319495,0.9999999,0.26297307,0.23887198,0.49815497,set_3
0.0,0.0,0.11225248,0.67488027,29.212,0.0,0.0,0.11225248,0.67488027,0.0,1.2585858,0.9999999,0.70282084,0.04099016,0.25618896,set_3
2.9090064e-09,0.01900497,0.24002725,0.6963906,27.28856,0.0,0.0,0.11225248,0.67488027,0.06060606,1.2383649,0.9999999,0.66336584,0.06343728,0.27319685,set_3
-8.2668855e-08,0.41332912,0.87401533,0.8503181,17.198116,0.0,0.0,0.11225248,0.67488027,0.5252525,1.0968126,0.9999999,0.3904251,0.23642305,0.37315184,set_3
-4.0466514e-08,1.0090759,1.1924022,1.0041068,11.283125,0.0,0.0,0.11225248,0.67488027,1.0505049,0.96857876,0.9999999,0.28613704,0.27793664,0.4359264,set_3
-3.3687564e-07,1.2261447,1.2796261,1.069175,9.455948,0.0,0.0,0.11225248,0.67488027,1.2929292,0.92067313,0.9999999,0.27295044,0.27197152,0.455078,set_3
-4.0087684e-07,1.2732191,1.2982513,1.0849441,9.052626,0.0,0.0,0.11225248,0.67488027,1.3535353,0.9097776,0.9999999,0.27102792,0.2695287,0.4594434,set_3
-4.766215e-07,1.4242308,1.3582397,1.1412438,7.7194347,0.0,0.0,0.11225248,0.67488027,1.5757575,0.87376726,0.9999999,0.2665761,0.25853336,0.47489056,set_3
-4.334586e-07,1.4825733,1.3818265,1.166128,7.1782184,0.0,0.0,0.11225248,0.67488027,1.6767677,0.85935605,0.9999999,0.2653543,0.25274542,0.4819003,set_3
-3.1417704e-07,1.5545778,1.4116286,1.2003108,6.477516,0.0,0.0,0.11225248,0.67488027,1.8181818,0.84114105,0.9999999,0.26390135,0.2440521,0.49204654,set_3
0.0,0.0,0.11147027,0.67488027,29.212,0.0,0.0,0.11147027,0.67488027,0.0,1.2585858,0.9999999,0.7029586,0.040930673,0.25611073,set_3
-8.5341696e-08,0.027023396,0.27895904,0.7034833,26.686699,0.0,0.0,0.11147027,0.67488027,0.08080807,1.2316247,0.9999999,0.64968294,0.07171708,0.27860004,set_3
-1.25295e-07,0.096199915,0.48956037,0.74525017,23.445337,0.0,0.0,0.11147027,0.67488027,0.2020202,1.1924199,0.9999999,0.5652965,0.12551251,0.30919105,set_3
-1.4558205e-07,0.533891,0.9556439,0.88141704,15.7592945,0.0,0.0,0.11147027,0.67488027,0.6262626,1.0695461,0.9999999,0.35642383,0.25495774,0.38861835,set_3
-1.4255914e-07,0.6068597,0.99891496,0.89970326,14.980911,0.0,0.0,0.11147027,0.67488027,0.68686867,1.0538857,0.9999999,0.34009182,0.26290175,0.39700642,set_3
-2.3165094e-07,0.90521586,1.1476336,0.9759531,12.170959,0.0,0.0,0.11147027,0.67488027,0.94949496,0.9906513,0.9999999,0.29560193,0.27772,0.42667806,set_3
-2.2396509e-07,1.3865027,1.3426286,1.1261506,8.061543,0.0,0.0,0.11147027,0.67488027,1.5151515,0.88289607,0.9999999,0.2674993,0.26178795,0.47071275,set_3
-2.2213072e-07,1.424469,1.3578107,1.1412852,7.7186337,0.0,0.0,0.11147027,0.67488027,1.5757575,0.87376726,0.9999999,0.26658946,0.25852343,0.47488707,set_3
-3.0345961e-07,1.5824106,1.4229367,1.2147658,6.1953015,0.0,0.0,0.11147027,0.67488027,1.8787879,0.83424133,0.9999999,0.26325378,0.24015358,0.49659264,set_3
0.0,0.0,0.1120401,0.67488027,29.212,0.0,0.0,0.1120401,0.67488027,0.0,1.2585858,0.9999999,0.7028585,0.040973917,0.25616756,set_3
-4.0240646e-09,0.23469047,0.7090419,0.79887086,19.956127,0.0,0.0,0.1120401,0.67488027,0.36363634,1.1431063,0.9999999,0.46546263,0.19050406,0.34403333,set_3
-2.7521884e-07,0.8619619,1.1282984,0.9645379,12.555147,0.0,0.0,0.1120401,0.67488027,0.9090909,0.9997883,0.9999999,0.3002878,0.2769956,0.4227166,set_3
-2.713426e-07,0.96773756,1.1755073,0.99292946,11.625212,0.0,0.0,0.1120401,0.67488027,1.010101,0.97721523,0.9999999,0.28957757,0.2780943,0.43232816,set_3
-2.6744027e-07,1.0275388,1.2011973,1.0096606,11.108764,0.0,0.0,0.1120401,0.67488027,1.070707,0.9643624,0.9999999,0.28464442,0.27772102,0.43763465,set_3
-2.6496494e-07,1.0846189,1.225096,1.0261719,10.62064,0.0,0.0,0.1120401,0.67488027,1.1313131,0.951758,0.9999999,0.28059414,0.2767425,0.44266334,set_3
-3.8220875e-07,1.435898,1.3632162,1.146225,7.607101,0.0,0.0,0.1120401,0.67488027,1.5959595,0.8707503,0.9999999,0.2663217,0.25740275,0.4762756,set_3
-4.6663985e-07,1.591271,1.4263549,1.2194574,6.110198,0.0,0.0,0.1120401,0.67488027,1.8989899,0.8319495,0.9999999,0.26298532,0.23890464,0.4981101,set_3
-4.6617237e-07,1.632551,1.4443123,1.2431949,5.668006,0.0,0.0,0.1120401,0.67488027,2.0,0.82148737,0.9999999,0.26158318,0.23222415,0.5061926,set_3
0.0,0.0,0.1174633,0.67488027,29.212,0.0,0.0,0.1174633,0.67488027,0.0,1.2585858,0.9999999,0.70190334,0.04138746,0.25670922,set_3
-7.954276e-08,0.027299738,0.28456396,0.7034833,26.68794,0.0,0.0,0.1174633,0.67488027,0.08080807,1.2316247,0.9999999,0.64853674,0.0723044,0.27915883,set_3
-1.1819231e-07,0.05777555,0.3952059,0.7245296,24.992748,0.0,0.0,0.1174633,0.67488027,0.14141414,1.2117333,0.9999999,0.60616416,0.09891967,0.2949161,set_3
-2.1557375e-07,0.14437112,0.58387613,0.7656128,22.04144,0.0,0.0,0.1174633,0.67488027,0.26262626,1.1735852,0.9999999,0.5241969,0.15231887,0.32348427,set_3
-2.5024482e-07,0.32345134,0.80081,0.82486016,18.506107,0.0,0.0,0.1174633,0.67488027,0.44444442,1.1195564,0.9999999,0.42385185,0.21648797,0.3596602,set_3
-1.3034199e-07,0.51183796,0.94398344,0.87528664,16.039825,0.0,0.0,0.1174633,0.67488027,0.60606056,1.0749261,0.9999999,0.36193752,0.25207976,0.38598275,set_3
-4.5331177e-08,0.7981842,1.0999732,0.94725186,13.166,0.0,0.0,0.1174633,0.67488027,0.8484848,1.0139601,0.9999999,0.30818915,0.27516544,0.41664544,set_3
-1.0955704e-08,1.3890052,1.3450292,1.126092,8.0729065,0.0,0.0,0.1174633,0.67488027,1.5151515,0.88289607,0.9999999,0.2672926,0.26187217,0.47083524,set_3
3.7243417e-08,1.5377322,1.40521,1.1905745,6.682589,0.0,0.0,0.1174633,0.67488027,1.7777778,0.84618074,0.9999999,0.2641469,0.24668431,0.48916882,set_3
0.0,0.0,0.116948165,0.67488027,29.212,0.0,0.0,0.116948165,0.67488027,0.0,1.2585858,0.9999999,0.7019941,0.041348077,0.2566578,set_3
-3.1600402e-07,0.1594789,0.6112606,0.77234066,21.59927,0.0,0.0,0.116948165,0.67488027,0.28282827,1.1674109,0.9999999,0.51186126,0.16042204,0.3277167,set_3
-3.3330676e-07,0.27829617,0.75841033,0.8119467,19.208412,0.0,0.0,0.116948165,0.67488027,0.4040404,1.1312001,0.9999999,0.44347352,0.20435497,0.35217157,set_3
-2.5745126e-07,0.8210167,1.1098431,0.9530039,12.966225,0.0,0.0,0.116948165,0.67488027,0.86868685,1.0092522,0.9999999,0.30528995,0.2759323,0.41877773,set_3
-1.8868519e-07,0.97236866,1.1765766,0.99289906,11.646112,0.0,0.0,0.116948165,0.67488027,1.010101,0.97721523,0.9999999,0.2892533,0.27821004,0.43253657,set_3
-1.2323963e-07,1.2756519,1.3002207,1.0849212,9.061061,0.0,0.0,0.116948165,0.67488027,1.3535353,0.9097776,0.9999999,0.2708429,0.26958963,0.45956746,set_3
-1.2441488e-07,1.3621058,1.3344486,1.1159191,8.306934,0.0,0.0,0.116948165,0.67488027,1.4747474,0.88941437,0.9999999,0.26802835,0.26392883,0.46804288,set_3
-4.0304406e-07,1.5574607,1.412847,1.2002217,6.4911904,0.0,0.0,0.116948165,0.67488027,1.8181818,0.84114105,0.9999999,0.2637309,0.24416175,0.49210733,set_3
-5.238652e-07,1.6353167,1.446004,1.2431453,5.677381,0.0,0.0,0.116948165,0.67488027,2.0,0.82148737,0.9999999,0.26145306,0.2322985,0.5062485,set_3
0.0,0.0,0.12291525,0.67488027,29.212,0.0,0.0,0.12291525,0.67488027,0.0,1.2585858,0.9999999,0.7009413,0.041805748,0.25725287,set_3
-5.3188394e-08,0.027552607,0.28966284,0.7034833,26.68907,0.0,0.0,0.12291525,0.67488027,0.08080807,1.2316247,0.9999999,0.64749366,0.07284019,0.27966607,set_3
-8.1579245e-08,0.08375184,0.4673611,0.7383742,23.949903,0.0,0.0,0.12291525,0.67488027,0.18181817,1.1988817,0.9999999,0.57699454,0.11768239,0.30532303,set_3
-1.3247814e-07,0.21927977,0.69306505,0.792294,20.357666,0.0,0.0,0.12291525,0.67488027,0.34343433,1.149046,0.9999999,0.47475564,0.18437879,0.34086552,set_3
-1.0780904e-07,0.5136009,0.94737923,0.8752724,16.047287,0.0,0.0,0.12291525,0.67488027,0.60606056,1.0749261,0.9999999,0.36143282,0.25231692,0.38625023,set_3
-7.536262e-08,0.65970594,1.032194,0.9117749,14.508991,0.0,0.0,0.12291525,0.67488027,0.72727275,1.0435159,0.9999999,0.32981572,0.26742795,0.40275642,set_3
-3.9331546e-08,1.3645315,1.3368828,1.1159415,8.317168,0.0,0.0,0.12291525,0.67488027,1.4747474,0.88941437,0.9999999,0.26782575,0.26400512,0.4681691,set_3
-1.8791951e-08,1.5869827,1.4271084,1.2147307,6.214767,0.0,0.0,0.12291525,0.67488027,1.8787879,0.83424133,0.9999999,0.26295123,0.24031779,0.49673098,set_3
-2.0094479e-08,1.6128546,1.438187,1.229047,5.9430113,0.0,0.0,0.12291525,0.67488027,1.939394,0.82758206,0.9999999,0.26221707,0.23635133,0.5014316,set_3
0.0,0.0,0.114401765,0.67488027,29.212,0.0,0.0,0.114401765,0.67488027,0.0,1.2585858,0.9999999,0.70244277,0.041153703,0.25640357,set_3
-1.1834163e-07,0.09532414,0.4920485,0.7452434,23.447208,0.0,0.0,0.114401765,0.67488027,0.2020202,1.1924199,0.9999999,0.5649482,0.12570855,0.30934322,set_3
-1.2999914e-07,0.14220093,0.5815014,0.7656266,22.038631,0.0,0.0,0.114401765,0.67488027,0.26262626,1.1735852,0.9999999,0.52493924,0.15190484,0.32315594,set_3
-1.3349253e-07,0.30047244,0.7780423,0.8184364,18.848288,0.0,0.0,0.114401765,0.67488027,0.4242424,1.1253153,0.9999999,0.43374863,0.21043086,0.35582048,set_3
-1.385036e-07,0.39152873,0.85730094,0.8440246,17.511164,0.0,0.0,0.114401765,0.67488027,0.5050505,1.1024449,0.9999999,0.39800453,0.2320057,0.3699898,set_3
-2.510914e-07,1.3315455,1.323684,1.1056402,8.536324,0.0,0.0,0.114401765,0.67488027,1.4343435,0.8959203,0.9999999,0.26899332,0.26583242,0.46517432,set_3
-2.501082e-07,1.3730757,1.3396887,1.1209911,8.176056,0.0,0.0,0.114401765,0.67488027,1.4949495,0.8861555,0.9999999,0.26779753,0.26282945,0.46937305,set_3
-2.4989254e-07,1.4949284,1.3867626,1.1710083,7.0818834,0.0,0.0,0.114401765,0.67488027,1.6969697,0.8565809,0.9999999,0.26504666,0.25160006,0.4833533,set_3
-2.4847256e-07,1.5931206,1.4267975,1.2194719,6.1175184,0.0,0.0,0.114401765,0.67488027,1.8989899,0.8319495,0.9999999,0.26289922,0.23896238,0.49813837,set_3
0.0,0.0,0.11464101,0.67488027,29.212,0.0,0.0,0.11464101,0.67488027,0.0,1.2585858,0.9999999,0.7024006,0.04117193,0.25642747,set_3
8.3536754e-08,0.068844736,0.42706066,0.73147106,24.461123,0.0,0.0,0.11464101,0.67488027,0.16161615,1.2053001,0.9999999,0.5926977,0.10765218,0.29965013,set_3
6.157332e-08,0.46232742,0.91006994,0.8628615,16.602566,0.0,0.0,0.11464101,0.67488027,0.56565654,1.0858567,0.9999999,0.3754268,0.2448453,0.3797279,set_3
7.174832e-08,0.5590498,0.9725641,0.8875711,15.496203,0.0,0.0,0.11464101,0.67488027,0.64646465,1.064286,0.9999999,0.35039598,0.25797355,0.3916304,set_3
8.0791736e-08,0.70370686,1.0525407,0.9237318,14.030777,0.0,0.0,0.11464101,0.67488027,0.7676768,1.0335511,0.9999999,0.3221791,0.27048594,0.40733492,set_3
8.5147434e-08,0.97010094,1.176308,0.99297315,11.632994,0.0,0.0,0.11464101,0.67488027,1.010101,0.97721523,0.9999999,0.2894083,0.27815005,0.43244162,set_3
8.7452506e-08,1.1060781,1.2327586,1.0316567,10.477766,0.0,0.0,0.11464101,0.67488027,1.1515151,0.9477423,0.9999999,0.27924275,0.27636805,0.4443892,set_3
6.1029134e-08,1.1769875,1.2611741,1.0532529,9.879742,0.0,0.0,0.11464101,0.67488027,1.2323232,0.9319092,0.9999999,0.27523637,0.2741181,0.45064554,set_3
-1.46214e-07,1.4128164,1.3545511,1.136308,7.8322268,0.0,0.0,0.11464101,0.67488027,1.5555555,0.87675726,0.9999999,0.26679906,0.25964266,0.4735582,set_3
0.0,0.0,0.11553588,0.67488027,29.212,0.0,0.0,0.11553588,0.67488027,0.0,1.2585858,0.9999999,0.702243,0.04124019,0.25651678,set_3
-4.886864e-07,0.46237186,0.91077256,0.86286247,16.602348,0.0,0.0,0.11553588,0.67488027,0.56565654,1.0858567,0.9999999,0.37534183,0.24488954,0.37976867,set_3
-3.7140228e-07,1.0880575,1.2254941,1.0261525,10.638138,0.0,0.0,0.11553588,0.67488027,1.1313131,0.951758,0.9999999,0.28037578,0.27682975,0.44279447,set_3
-2.7583482e-07,1.28909,1.3058404,1.090107,8.926631,0.0,0.0,0.11553588,0.67488027,1.3737373,0.90629745,0.9999999,0.2703684,0.26868972,0.46094188,set_3
-3.0202065e-07,1.3467368,1.328623,1.1107708,8.424292,0.0,0.0,0.11553588,0.67488027,1.4545455,0.89264935,0.9999999,0.2684948,0.2649136,0.46659163,set_3
-3.176216e-07,1.4000101,1.3497645,1.1311296,7.950591,0.0,0.0,0.11553588,0.67488027,1.5353535,0.87978023,0.9999999,0.26706874,0.260764,0.47216725,set_3
-2.7238946e-07,1.505086,1.3921562,1.1759079,6.976186,0.0,0.0,0.11553588,0.67488027,1.7171717,0.85382307,0.9999999,0.2648405,0.2503653,0.48479417,set_3
-2.4195157e-07,1.5359128,1.404888,1.1905465,6.6762066,0.0,0.0,0.11553588,0.67488027,1.7777778,0.84618074,0.9999999,0.2642309,0.24663897,0.4891301,set_3
-2.1174671e-07,1.5830467,1.424727,1.2146642,6.200591,0.0,0.0,0.11553588,0.67488027,1.8787879,0.83424133,0.9999999,0.26316592,0.24020578,0.49662828,set_3
0.0,0.0,0.12259873,0.67479736,15.5798,0.0,0.0,0.12259873,0.67479736,0.0,1.1930486,0.9999999,0.69748807,0.0896168,0.21289515,set_3
-8.169857e-09,0.16529235,0.4986521,0.74197507,11.201044,0.0,0.0,0.12259873,0.67479736,0.2020202,1.1465398,0.9999999,0.5460843,0.18512617,0.26878956,set_3
-7.13602e-08,0.4730689,0.8334677,0.8253744,7.1801167,0.0,0.0,0.12259873,0.67479736,0.46464646,1.0879277,0.9999999,0.43220767,0.24157244,0.32621983,set_3
-9.8163234e-08,0.56786937,0.9123176,0.85016406,6.2057853,0.0,0.0,0.12259873,0.67479736,0.5454545,1.0702925,0.9999999,0.4139466,0.24615894,0.33989447,set_3
-1.2714905e-07,0.7008525,1.0152967,0.8865951,4.912393,0.0,0.0,0.12259873,0.67479736,0.6666667,1.0442421,0.9999999,0.39326116,0.2473994,0.3593394,set_3
-1.1496089e-07,0.8768238,1.1408039,0.939574,3.289201,0.0,0.0,0.12259873,0.67479736,0.8484848,1.00596,0.9999999,0.36095205,0.24480735,0.39424062,set_3
-2.045481e-07,1.1576685,1.284112,1.0343688,1.1897652,0.0,0.0,0.12259873,0.67479736,1.1919192,0.936392,0.9999999,0.21380763,0.25809228,0.5281001,set_3
-2.2206945e-07,1.3337303,1.302226,1.0921528,0.54769474,0.0,0.0,0.12259873,0.67479736,1.4141414,0.8932359,0.9999999,0.10929738,0.2654173,0.62528527,set_3
-1.5876606e-07,1.4228992,1.295958,1.1225382,0.3562153,0.0,0.0,0.12259873,0.67479736,1.5353535,0.87033665,0.9999999,0.07578234,0.26283637,0.66138136,set_3
0.0,0.0,0.11212045,0.67479736,15.5798,0.0,0.0,0.11212045,0.67479736,0.0,1.1930486,0.9999999,0.6996436,0.088547215,0.21180919,set_3
7.78695e-09,0.052854616,0.27853352,0.7019894,13.659151,0.0,0.0,0.11212045,0.67479736,0.08080807,1.1743225,0.9999999,0.635994,0.12974004,0.23426592,set_3
7.829461e-08,0.25356278,0.60890603,0.7681028,9.788268,0.0,0.0,0.11212045,0.67479736,0.28282827,1.1282976,0.9999999,0.50147396,0.21054667,0.28797942,set_3
5.2253263e-08,0.34895197,0.713228,0.79381484,8.54062,0.0,0.0,0.11212045,0.67479736,0.36363634,1.11023,0.9999999,0.46563733,0.2284342,0.30592847,set_3
-2.0540273e-07,0.9268761,1.1702378,0.956802,2.8067412,0.0,0.0,0.11212045,0.67479736,0.9090909,0.993415,0.9999999,0.34538975,0.24476506,0.4098452,set_3
-3.0184216e-07,1.0438955,1.2356493,0.99615896,1.8823216,0.0,0.0,0.11212045,0.67479736,1.0505049,0.96460396,0.9999999,0.29059556,0.24897295,0.46043146,set_3
-3.6165085e-07,1.1249284,1.2679371,1.0235676,1.3631551,0.0,0.0,0.11212045,0.67479736,1.1515151,0.9443856,0.9999999,0.23700711,0.25542206,0.5075708,set_3
-3.322525e-07,1.189384,1.2850093,1.0450789,1.0318456,0.0,0.0,0.11212045,0.67479736,1.2323232,0.9284182,0.9999999,0.1911707,0.26080978,0.54801947,set_3
-6.837688e-07,1.6595125,1.2356373,1.2136711,0.13287711,0.0,0.0,0.11212045,0.67479736,1.919192,0.8007198,0.9999999,0.033123966,0.2432438,0.7236322,set_3
0.0,0.0,0.11574114,0.67479736,15.5798,0.0,0.0,0.11574114,0.67479736,0.0,1.1930486,0.9999999,0.69889987,0.088916145,0.21218397,set_3
-2.854503e-07,0.68376154,0.9912194,0.8805921,5.1389084,0.0,0.0,0.11574114,0.67479736,0.64646465,1.0485419,0.9999999,0.3966358,0.24746184,0.3559023,set_3
-3.3187627e-07,0.8654952,1.1181102,0.93379605,3.4972343,0.0,0.0,0.11574114,0.67479736,0.8282828,1.010151,0.9999999,0.36586994,0.24495244,0.38917762,set_3
-2.922932e-07,1.0827512,1.248848,1.007194,1.6912982,0.0,0.0,0.11574114,0.67479736,1.090909,0.9564893,0.9999999,0.2721421,0.2506716,0.47718635,set_3
-2.121798e-07,1.235733,1.2985945,1.0609673,0.80277634,0.0,0.0,0.11574114,0.67479736,1.2929292,0.916601,0.9999999,0.15563072,0.26460645,0.5797628,set_3
-2.4351996e-07,1.3147285,1.3030641,1.0870059,0.5483477,0.0,0.0,0.11574114,0.67479736,1.3939394,0.8971165,0.9999999,0.111935936,0.26654312,0.621521,set_3
-2.941301e-07,1.3894757,1.3005065,1.1124887,0.3641121,0.0,0.0,0.11574114,0.67479736,1.4949495,0.8779383,0.9999999,0.08053348,0.26510757,0.654359,set_3
-1.8132393e-07,1.5786084,1.2629423,1.1809745,0.15541875,0.0,0.0,0.11574114,0.67479736,1.7777778,0.82588047,0.9999999,0.041427784,0.25129178,0.7072804,set_3
-6.89368e-08,1.6855996,1.2304981,1.2273785,0.09713056,0.0,0.0,0.11574114,0.67479736,1.979798,0.7901616,0.9999999,0.028719613,0.2399955,0.73128486,set_3
0.0,0.0,0.1372058,0.67479736,15.5798,0.0,0.0,0.1372058,0.67479736,0.0,1.1930486,0.9999999,0.69446594,0.091117606,0.21441637,set_3
-1.466683e-07,0.12603734,0.44600743,0.7287523,11.976891,0.0,0.0,0.1372058,0.67479736,0.16161615,1.1557541,0.9999999,0.57027024,0.1702021,0.2595277,set_3
-2.8585566e-07,0.6830889,1.0084733,0.88058305,5.1324196,0.0,0.0,0.1372058,0.67479736,0.64646465,1.0485419,0.9999999,0.39525762,0.24772622,0.35701612,set_3
-3.7456812e-07,0.8609755,1.137774,0.93378544,3.463004,0.0,0.0,0.1372058,0.67479736,0.8282828,1.010151,0.9999999,0.36472932,0.2450384,0.3902323,set_3
-3.1554083e-07,0.9148015,1.1732078,0.95108056,2.987978,0.0,0.0,0.1372058,0.67479736,0.8888889,0.99760306,0.9999999,0.3504857,0.24454227,0.404972,set_3
-9.936983e-09,1.2744182,1.306986,1.0714462,0.7560904,0.0,0.0,0.1372058,0.67479736,1.3333333,0.9087512,0.9999999,0.1438743,0.2637898,0.5923359,set_3
-7.0615656e-08,1.3980086,1.3040975,1.1124861,0.44165957,0.0,0.0,0.1372058,0.67479736,1.4949495,0.8779383,0.9999999,0.08823197,0.26324826,0.64851975,set_3
-1.450407e-07,1.6254152,1.2618524,1.1997691,0.1300294,0.0,0.0,0.1372058,0.67479736,1.8585858,0.8114377,0.9999999,0.035482153,0.24645405,0.71806383,set_3
-9.987537e-08,1.6749959,1.2476659,1.2228134,0.08487159,0.0,0.0,0.1372058,0.67479736,1.959596,0.79367083,0.9999999,0.028688237,0.24090582,0.7304059,set_3
0.0,0.0,0.11653744,0.67479736,15.5798,0.0,0.0,0.11653744,0.67479736,0.0,1.1930486,0.9999999,0.6987363,0.08899731,0.21226643,set_3
5.4803544e-09,0.44758093,0.80790955,0.81911576,7.434407,0.0,0.0,0.11653744,0.67479736,0.44444442,1.0923495,0.9999999,0.43838593,0.23952831,0.3220858,set_3
-7.342953e-09,0.8378078,1.1127386,0.9279755,3.6075797,0.0,0.0,0.11653744,0.67479736,0.8080808,1.0143703,0.9999999,0.36980775,0.24529995,0.38489228,set_3
1.1431966e-07,0.99578345,1.2122496,0.9794364,2.2606544,0.0,0.0,0.11653744,0.67479736,0.989899,0.976893,0.9999999,0.31757823,0.24621922,0.4362026,set_3
1.917933e-07,1.1425264,1.2748982,1.0289791,1.2812562,0.0,0.0,0.11653744,0.67479736,1.1717172,0.94039065,0.9999999,0.22610605,0.25658804,0.5173059,set_3
-2.4009103e-07,1.3950217,1.2944701,1.1125041,0.41748595,0.0,0.0,0.11653744,0.67479736,1.4949495,0.8779383,0.9999999,0.0860663,0.26400828,0.6499255,set_3
-2.244949e-07,1.5050944,1.2797053,1.1521465,0.23355992,0.0,0.0,0.11653744,0.67479736,1.6565657,0.84789056,0.9999999,0.054840855,0.25766382,0.68749535,set_3
-2.7228427e-07,1.6000868,1.2591885,1.1904296,0.12229285,0.0,0.0,0.11653744,0.67479736,1.8181818,0.81861,0.9999999,0.03715414,0.24914339,0.71370244,set_3
-3.219109e-07,1.6520876,1.2451336,1.2136807,0.07450226,0.0,0.0,0.11653744,0.67479736,1.919192,0.8007198,0.9999999,0.029891014,0.24352324,0.72658575,set_3
0.0,0.0,0.12439487,0.67479736,15.5798,0.0,0.0,0.12439487,0.67479736,0.0,1.1930486,0.9999999,0.6971175,0.08980069,0.21308173,set_3
-2.000633e-07,0.35169882,0.722005,0.7938122,8.554758,0.0,0.0,0.12439487,0.67479736,0.36363634,1.11023,0.9999999,0.46392527,0.22902367,0.30705103,set_3
-2.6285826e-07,0.49666414,0.855761,0.83160794,6.924821,0.0,0.0,0.12439487,0.67479736,0.48484847,1.0835073,0.9999999,0.42700604,0.24314828,0.32984576,set_3
-7.082572e-08,0.8590945,1.1291625,0.9337789,3.4573183,0.0,0.0,0.12439487,0.67479736,0.8282828,1.010151,0.9999999,0.36534506,0.24502634,0.38962856,set_3
1.0531181e-08,1.0140802,1.2253469,0.9850224,2.1430323,0.0,0.0,0.12439487,0.67479736,1.010101,0.97276616,0.9999999,0.30940312,0.2467793,0.44381762,set_3
-1.13336476e-07,1.2407513,1.2978089,1.0609614,0.8542986,0.0,0.0,0.12439487,0.67479736,1.2929292,0.916601,0.9999999,0.16151378,0.263043,0.5754432,set_3
-3.2875874e-07,1.4250071,1.295428,1.1225253,0.36979258,0.0,0.0,0.12439487,0.67479736,1.5353535,0.87033665,0.9999999,0.077080175,0.26253992,0.6603799,set_3
-3.2498744e-07,1.5186408,1.2812064,1.1569868,0.22277586,0.0,0.0,0.12439487,0.67479736,1.6767677,0.8441995,0.9999999,0.052463353,0.25649095,0.6910457,set_3
-2.992779e-07,1.5784441,1.2684798,1.1809633,0.1507774,0.0,0.0,0.12439487,0.67479736,1.7777778,0.82588047,0.9999999,0.041019566,0.25121516,0.7077652,set_3
0.0,0.0,0.12304133,0.67479736,15.5798,0.0,0.0,0.12304133,0.67479736,0.0,1.1930486,0.9999999,0.69739676,0.089662105,0.21294114,set_3
-1.4706737e-07,0.3514039,0.72100127,0.7938122,8.553492,0.0,0.0,0.12304133,0.67479736,0.36363634,1.11023,0.9999999,0.4641159,0.2289571,0.30692703,set_3
-1.6678868e-07,0.54349124,0.8944324,0.8440022,6.4347286,0.0,0.0,0.12304133,0.67479736,0.5252525,1.0746689,0.9999999,0.41808316,0.24537113,0.33654574,set_3
-1.3432657e-07,0.89489996,1.1526217,0.9453341,3.1339612,0.0,0.0,0.12304133,0.67479736,0.86868685,1.0017823,0.9999999,0.35618937,0.24465302,0.3991576,set_3
-6.4058646e-08,1.0463189,1.2411946,0.99615026,1.8978467,0.0,0.0,0.12304133,0.67479736,1.0505049,0.96460396,0.9999999,0.29109535,0.24866113,0.46024355,set_3
-2.9138693e-07,1.2885526,1.300609,1.0766522,0.69149876,0.0,0.0,0.12304133,0.67479736,1.3535353,0.90486825,0.9999999,0.13380967,0.26474229,0.60144806,set_3
-3.891292e-07,1.3960541,1.2975452,1.1124849,0.4248806,0.0,0.0,0.12304133,0.67479736,1.4949495,0.8779383,0.9999999,0.08671912,0.2637705,0.64951044,set_3
-3.8494497e-07,1.4389386,1.2930788,1.127513,0.34347895,0.0,0.0,0.12304133,0.67479736,1.5555555,0.8665767,0.9999999,0.072667554,0.2618663,0.66546607,set_3
-3.8254834e-07,1.5185115,1.2805324,1.1569865,0.22182913,0.0,0.0,0.12304133,0.67479736,1.6767677,0.8441995,0.9999999,0.05240529,0.25651965,0.6910751,set_3
0.0,0.0,0.13122346,0.67479736,15.5798,0.0,0.0,0.13122346,0.67479736,0.0,1.1930486,0.9999999,0.695706,0.090501614,0.21379241,set_3
-1.9770262e-07,0.52343446,0.8795639,0.83781517,6.692625,0.0,0.0,0.13122346,0.67479736,0.5050505,1.0790758,0.9999999,0.42149088,0.24460636,0.33390278,set_3
-2.3493621e-07,0.610097,0.9569875,0.86240226,5.738972,0.0,0.0,0.13122346,0.67479736,0.5858586,1.0615716,0.9999999,0.40604264,0.24727097,0.3466864,set_3
-3.0517964e-07,0.72287714,1.0621125,0.8985336,4.43731,0.0,0.0,0.13122346,0.67479736,0.7070707,1.0356324,0.9999999,0.38741255,0.2469239,0.36566353,set_3
-3.023775e-07,0.9796493,1.2058074,0.97380275,2.4503398,0.0,0.0,0.13122346,0.67479736,0.96969694,0.981012,0.9999999,0.3269884,0.24517284,0.42783874,set_3
5.6146092e-08,1.4471465,1.2494015,1.0972685,1.0016625,0.0,0.0,0.13122346,0.67479736,1.4343435,0.8893907,0.9999999,0.15674752,0.25150663,0.5917458,set_3
1.0716604e-07,1.5104016,1.253767,1.1225333,0.7630247,0.0,0.0,0.13122346,0.67479736,1.5353535,0.87033665,0.9999999,0.11757797,0.2527544,0.6296676,set_3
-8.0961655e-08,1.7129536,1.2247963,1.2090614,0.3576604,0.0,0.0,0.13122346,0.67479736,1.8989899,0.80428916,0.9999999,0.04783697,0.2411381,0.71102494,set_3
-1.1278922e-07,1.7407554,1.2175235,1.2228277,0.3216182,0.0,0.0,0.13122346,0.67479736,1.959596,0.79367083,0.9999999,0.042022724,0.23825428,0.719723,set_3
0.0,0.0,0.13606718,0.67479736,15.5798,0.0,0.0,0.13606718,0.67479736,0.0,1.1930486,0.9999999,0.69470227,0.09100026,0.21429755,set_3
-1.5125809e-07,0.054269195,0.30093172,0.7019894,13.664581,0.0,0.0,0.13606718,0.67479736,0.08080807,1.1743225,0.9999999,0.63085765,0.13226935,0.23687294,set_3
-1.786431e-07,0.106801316,0.41077605,0.7221016,12.378967,0.0,0.0,0.13606718,0.67479736,0.14141414,1.1603595,0.9999999,0.5848461,0.16127203,0.25388187,set_3
-2.1043991e-07,0.18951434,0.5408708,0.74854577,10.842857,0.0,0.0,0.13606718,0.67479736,0.22222221,1.141945,0.9999999,0.5309433,0.19357051,0.2754863,set_3
-2.3508625e-07,0.40324074,0.7775563,0.806515,7.9949594,0.0,0.0,0.13606718,0.67479736,0.4040404,1.1012572,0.9999999,0.4481642,0.23566565,0.31617016,set_3
-6.4253334e-07,0.937724,1.196119,0.9624969,2.6710548,0.0,0.0,0.13606718,0.67479736,0.9292929,0.9892581,0.9999999,0.33890152,0.24493523,0.41616324,set_3
4.424741e-07,1.6386187,1.2491487,1.1856949,0.34086823,0.0,0.0,0.13606718,0.67479736,1.7979797,0.8222419,0.9999999,0.05298743,0.24715576,0.6998568,set_3
4.1937773e-07,1.6699822,1.2418922,1.1997708,0.29933864,0.0,0.0,0.13606718,0.67479736,1.8585858,0.8114377,0.9999999,0.046173755,0.24426694,0.7095593,set_3
3.9384514e-07,1.7087747,1.23185,1.2182492,0.25181347,0.0,0.0,0.13606718,0.67479736,1.939394,0.7971853,0.9999999,0.038698148,0.2402554,0.72104645,set_3
0.0,0.0,0.12603322,0.67479736,15.5798,0.0,0.0,0.12603322,0.67479736,0.0,1.1930486,0.9999999,0.6967793,0.08996864,0.21325213,set_3
-3.3461333e-08,0.2096994,0.56258714,0.7550913,10.480478,0.0,0.0,0.12603322,0.67479736,0.24242423,1.137383,0.9999999,0.5209703,0.19951749,0.27951223,set_3
-6.514708e-08,0.65881145,0.9850147,0.87455225,5.327084,0.0,0.0,0.12603322,0.67479736,0.6262626,1.0528564,0.9999999,0.3993616,0.2475744,0.35306397,set_3
-7.568616e-09,0.7435047,1.0479074,0.8985436,4.526691,0.0,0.0,0.12603322,0.67479736,0.7070707,1.0356324,0.9999999,0.38671285,0.2469874,0.36629975,set_3
-1.12774565e-07,0.9126076,1.166045,0.95108515,2.9809914,0.0,0.0,0.12603322,0.67479736,0.8888889,0.99760306,0.9999999,0.35090923,0.24458645,0.4045044,set_3
-5.084689e-08,1.1459149,1.2778485,1.0289806,1.3083818,0.0,0.0,0.12603322,0.67479736,1.1717172,0.94039065,0.9999999,0.22838233,0.2558246,0.5157931,set_3
2.7486718e-07,1.3057812,1.3029437,1.0818549,0.64484596,0.0,0.0,0.12603322,0.67479736,1.3737373,0.90099496,0.9999999,0.12549636,0.26492321,0.6095804,set_3
2.2786324e-07,1.4802443,1.2896777,1.1423638,0.27193865,0.0,0.0,0.12603322,0.67479736,1.6161616,0.8553099,0.9999999,0.060933974,0.25939178,0.67967427,set_3
3.1333923e-07,1.6733904,1.2435308,1.2228342,0.06811565,0.0,0.0,0.12603322,0.67479736,1.959596,0.79367083,0.9999999,0.027916225,0.2410943,0.7309895,set_3
0.0,0.0,0.13449273,0.6748914,15.5798,0.0,0.0,0.13449273,0.6748914,0.0,1.2520337,0.9999999,0.69804937,0.08909906,0.21285161,set_3
-6.637862e-08,0.33919793,0.7205442,0.7911074,8.678806,0.0,0.0,0.13449273,0.6748914,0.34343433,1.1325369,0.9999999,0.46863198,0.22703406,0.30433393,set_3
-1.3870127e-07,0.55751127,0.9169507,0.84821784,6.271326,0.0,0.0,0.13449273,0.6748914,0.5252525,1.0787592,0.9999999,0.4160478,0.24588116,0.33807102,set_3
2.6487712e-08,0.83275366,1.1212292,0.9262581,3.6654553,0.0,0.0,0.13449273,0.6748914,0.78787875,1.0129898,0.9999999,0.37114537,0.24558212,0.38327253,set_3
3.6453145e-08,1.0064008,1.2309673,0.98318446,2.1729734,0.0,0.0,0.13449273,0.6748914,0.989899,0.9716224,0.9999999,0.312367,0.24687046,0.44076255,set_3
3.897992e-08,1.1044749,1.2745615,1.0162898,1.4986625,0.0,0.0,0.13449273,0.6748914,1.111111,0.95056766,0.9999999,0.25326198,0.2534617,0.49327636,set_3
-1.7721227e-08,1.3325256,1.3092307,1.091177,0.5605531,0.0,0.0,0.13449273,0.6748914,1.3939394,0.9133167,0.9999999,0.11246208,0.2656245,0.6219134,set_3
-6.381366e-08,1.4392433,1.3013737,1.1276283,0.3326798,0.0,0.0,0.13449273,0.6748914,1.5353535,0.90049773,0.9999999,0.07294117,0.26263505,0.66442376,set_3
3.477734e-08,1.5990357,1.2713236,1.1891807,0.11772102,0.0,0.0,0.13449273,0.6748914,1.7777778,0.88817024,0.9999999,0.038573712,0.25075597,0.71067023,set_3
0.0,0.0,0.13275822,0.6748914,15.5798,0.0,0.0,0.13275822,0.6748914,0.0,1.2520337,0.9999999,0.6984058,0.08892211,0.21267204,set_3
-3.6742603e-07,0.36356592,0.7438498,0.79758096,8.379223,0.0,0.0,0.13275822,0.6748914,0.36363634,1.1263376,0.9999999,0.46106738,0.23051278,0.30841988,set_3
-3.866678e-07,0.6702348,1.0035341,0.8787991,5.1669397,0.0,0.0,0.13275822,0.6748914,0.6262626,1.0517689,0.9999999,0.39815208,0.24756533,0.35428256,set_3
-3.0122146e-07,0.81309295,1.1071945,0.92040217,3.8347292,0.0,0.0,0.13275822,0.6748914,0.7676768,1.0175703,0.9999999,0.375034,0.245892,0.3790741,set_3
-2.0656111e-07,0.95569575,1.2018234,0.96633095,2.5707664,0.0,0.0,0.13275822,0.6748914,0.9292929,0.98301697,0.9999999,0.33501413,0.24529701,0.41968885,set_3
-1.5073795e-07,1.0055827,1.230308,0.9831596,2.168745,0.0,0.0,0.13275822,0.6748914,0.989899,0.9716224,0.9999999,0.31226307,0.2469314,0.44080555,set_3
-6.2947635e-07,1.379189,1.3061655,1.1068367,0.44956088,0.0,0.0,0.13275822,0.6748914,1.4545455,0.9073568,0.9999999,0.09304898,0.2649742,0.6419767,set_3
-6.336278e-07,1.4535869,1.2984781,1.132774,0.30786163,0.0,0.0,0.13275822,0.6748914,1.5555555,0.8991031,0.9999999,0.068818204,0.26189184,0.6692899,set_3
-5.3948776e-07,1.6108723,1.2673906,1.1942608,0.10552326,0.0,0.0,0.13275822,0.6748914,1.7979797,0.887582,0.9999999,0.036796402,0.2496484,0.71355516,set_3
0.0,0.0,0.11934849,0.6748914,15.5798,0.0,0.0,0.11934849,0.6748914,0.0,1.2520337,0.9999999,0.70115227,0.08755989,0.21128793,set_3
-6.44107e-08,0.21565862,0.5715693,0.75812453,10.308655,0.0,0.0,0.11934849,0.6748914,0.24242423,1.1652253,0.9999999,0.52027047,0.20050046,0.27922913,set_3
1.894778e-08,0.7707672,1.0716913,0.90864235,4.1756997,0.0,0.0,0.11934849,0.6748914,0.72727275,1.026815,0.9999999,0.38288763,0.24645248,0.37065986,set_3
-4.9789826e-08,0.9196027,1.172144,0.95500386,2.852425,0.0,0.0,0.11934849,0.6748914,0.8888889,0.9912881,0.9999999,0.34794533,0.24494608,0.4071086,set_3
-1.5007576e-08,1.1020002,1.266578,1.016263,1.4817846,0.0,0.0,0.11934849,0.6748914,1.111111,0.95056766,0.9999999,0.2523741,0.25394872,0.4936772,set_3
7.607569e-08,1.230074,1.2998984,1.0593433,0.8259258,0.0,0.0,0.11934849,0.6748914,1.2727273,0.9274209,0.9999999,0.16062817,0.26455054,0.5748213,set_3
2.706641e-08,1.5044265,1.285807,1.1532379,0.19051576,0.0,0.0,0.11934849,0.6748914,1.6363636,0.89387196,0.9999999,0.052535925,0.25891086,0.6885533,set_3
3.670203e-08,1.5595125,1.2724591,1.1737434,0.14870828,0.0,0.0,0.11934849,0.6748914,1.7171717,0.89000416,0.9999999,0.04420679,0.25440592,0.7013873,set_3
7.8938804e-08,1.7232888,1.2230593,1.2451206,0.05824329,0.0,0.0,0.11934849,0.6748914,2.0,0.88692844,0.9999999,0.025925307,0.23823209,0.7358426,set_3
0.0,0.0,0.12532763,0.6748914,15.5798,0.0,0.0,0.12532763,0.6748914,0.0,1.2520337,0.9999999,0.6999297,0.08816607,0.21190415,set_3
9.346823e-08,0.5092354,0.87097317,0.83575106,6.7518616,0.0,0.0,0.12532763,0.6748914,0.48484847,1.0903087,0.9999999,0.42577553,0.24359986,0.33062458,set_3
2.02704e-07,0.82139635,1.139811,0.93199927,3.3879876,0.0,0.0,0.12532763,0.6748914,0.8080808,1.0083447,0.9999999,0.36785078,0.2455387,0.3866106,set_3
-5.4785303e-08,1.0925229,1.219909,0.99981,2.0564818,0.0,0.0,0.12532763,0.6748914,1.0505049,0.96073323,0.9999999,0.29800192,0.24599105,0.45600706,set_3
-4.8125753e-07,1.3965249,1.2380257,1.0753493,1.2511601,0.0,0.0,0.12532763,0.6748914,1.3333333,0.91985846,0.9999999,0.19611384,0.24918191,0.5547043,set_3
-5.0571714e-07,1.4364779,1.2461497,1.0911354,1.0531268,0.0,0.0,0.12532763,0.6748914,1.3939394,0.9133167,0.9999999,0.16706334,0.25153014,0.5814065,set_3
-5.829819e-07,1.5019264,1.2527663,1.1172034,0.788541,0.0,0.0,0.12532763,0.6748914,1.4949495,0.9038296,0.9999999,0.12459864,0.25357902,0.62182236,set_3
-5.9907006e-07,1.5913365,1.2489288,1.1533229,0.5414144,0.0,0.0,0.12532763,0.6748914,1.6363636,0.89387196,0.9999999,0.08301842,0.25183126,0.66515034,set_3
-2.627562e-07,1.7633665,1.211579,1.22994,0.30032575,0.0,0.0,0.12532763,0.6748914,1.939394,0.88621306,0.9999999,0.041422352,0.23871067,0.719867,set_3
0.0,0.0,0.12062701,0.6748914,15.5798,0.0,0.0,0.12062701,0.6748914,0.0,1.2520337,0.9999999,0.7008912,0.087689266,0.21141954,set_3
-6.8772806e-08,0.03953821,0.25290397,0.69626874,14.051527,0.0,0.0,0.12062701,0.6748914,0.06060606,1.2294796,0.9999999,0.65133446,0.1199175,0.22874805,set_3
-1.3727222e-07,0.08983868,0.37159604,0.717258,12.67252,0.0,0.0,0.12062701,0.6748914,0.12121212,1.2070858,0.9999999,0.6026231,0.15105698,0.24631992,set_3
-1.1835088e-07,0.4590981,0.8268498,0.8231938,7.251623,0.0,0.0,0.12062701,0.6748914,0.44444442,1.1018846,0.9999999,0.4366397,0.24031942,0.32304093,set_3
1.9042821e-07,0.5800009,0.92499244,0.85443044,6.0354614,0.0,0.0,0.12062701,0.6748914,0.5454545,1.0732687,0.9999999,0.41322374,0.24626927,0.34050697,set_3
2.878296e-07,0.69170284,1.0103953,0.8848651,4.961732,0.0,0.0,0.12062701,0.6748914,0.64646465,1.046689,0.9999999,0.39571574,0.2473606,0.35692364,set_3
2.5889568e-07,0.8720856,1.1343261,0.9378071,3.3509295,0.0,0.0,0.12062701,0.6748914,0.8282828,1.0038979,0.9999999,0.36349365,0.24501608,0.39149034,set_3
1.9028309e-07,1.1455027,1.2882445,1.0326424,1.1619086,0.0,0.0,0.12062701,0.6748914,1.1717172,0.94137883,0.9999999,0.21337062,0.25942582,0.52720356,set_3
-4.159328e-08,1.5583625,1.2746772,1.173889,0.1354093,0.0,0.0,0.12062701,0.6748914,1.7171717,0.89000416,0.9999999,0.043245684,0.2545069,0.70224744,set_3
0.0,0.0,0.12501493,0.6748914,15.5798,0.0,0.0,0.12501493,0.6748914,0.0,1.2520337,0.9999999,0.6999938,0.08813429,0.2118719,set_3
-2.83165e-07,0.6047324,0.945541,0.86056596,5.8180943,0.0,0.0,0.12501493,0.6748914,0.56565654,1.0678818,0.9999999,0.40896282,0.24688327,0.3441539,set_3
-2.7045778e-07,0.6709425,0.9973194,0.87883,5.1688633,0.0,0.0,0.12501493,0.6748914,0.6262626,1.0517689,0.9999999,0.39862782,0.24746731,0.35390484,set_3
-2.3816658e-07,0.8857994,1.1534536,0.9435858,3.1583905,0.0,0.0,0.12501493,0.6748914,0.8484848,0.99963874,0.9999999,0.35832572,0.24494217,0.39673212,set_3
-2.6990145e-07,0.93836915,1.1867639,0.9606874,2.7075274,0.0,0.0,0.12501493,0.6748914,0.9090909,0.9870488,0.9999999,0.34165683,0.24507299,0.41327012,set_3
-3.3855102e-07,1.3317149,1.3034813,1.0910704,0.56035316,0.0,0.0,0.12501493,0.6748914,1.3939394,0.9133167,0.9999999,0.11267513,0.2657521,0.6215728,set_3
-4.041692e-07,1.394616,1.2998966,1.1119776,0.4212855,0.0,0.0,0.12501493,0.6748914,1.4747474,0.90561295,0.9999999,0.088024385,0.26453948,0.64743614,set_3
-5.3679327e-07,1.5249054,1.2810155,1.1584618,0.21873535,0.0,0.0,0.12501493,0.6748914,1.6565657,0.89288557,0.9999999,0.053285312,0.2571925,0.6895222,set_3
-4.4019708e-07,1.6008403,1.2647183,1.189139,0.12842348,0.0,0.0,0.12501493,0.6748914,1.7777778,0.88817024,0.9999999,0.039348543,0.25076607,0.70988536,set_3
0.0,0.0,0.12921152,0.6748914,15.5798,0.0,0.0,0.12921152,0.6748914,0.0,1.2520337,0.9999999,0.6991339,0.08856088,0.21230528,set_3
4.140037e-07,0.43714663,0.8107606,0.8168615,7.529358,0.0,0.0,0.12921152,0.6748914,0.4242424,1.107786,0.9999999,0.4413383,0.23860666,0.32005504,set_3
4.924765e-07,0.5566787,0.91339076,0.84825003,6.2654953,0.0,0.0,0.12921152,0.6748914,0.5252525,1.0787592,0.9999999,0.41654375,0.24575602,0.33770022,set_3
2.6734688e-07,0.8116666,1.1057789,0.9204325,3.8244941,0.0,0.0,0.12921152,0.6748914,0.7676768,1.0175703,0.9999999,0.37521547,0.24587713,0.37890744,set_3
-5.328856e-08,1.2178283,1.3003792,1.0541161,0.91896594,0.0,0.0,0.12921152,0.6748914,1.2525252,0.92997265,0.9999999,0.17416574,0.2626653,0.56316894,set_3
-3.4387713e-07,1.408746,1.3019652,1.1171973,0.38366085,0.0,0.0,0.12921152,0.6748914,1.4949495,0.9038296,0.9999999,0.0819696,0.2641123,0.65391815,set_3
-3.0774794e-07,1.5738096,1.2744986,1.1789148,0.14110428,0.0,0.0,0.12921152,0.6748914,1.7373737,0.88928264,0.9999999,0.042381212,0.25309134,0.70452744,set_3
-3.50402e-07,1.6103599,1.2656178,1.1942207,0.10382867,0.0,0.0,0.12921152,0.6748914,1.7979797,0.887582,0.9999999,0.03673008,0.24971363,0.7135563,set_3
-4.7710614e-07,1.6988966,1.2403007,1.2349545,0.02901113,0.0,0.0,0.12921152,0.6748914,1.959596,0.8864499,0.9999999,0.025874354,0.24050945,0.73361623,set_3
0.0,0.0,0.13043755,0.6748914,15.5798,0.0,0.0,0.13043755,0.6748914,0.0,1.2520337,0.9999999,0.69888234,0.08868568,0.212432,set_3
-1.4179494e-07,0.5824863,0.9316011,0.8544599,6.0448265,0.0,0.0,0.13043755,0.6748914,0.5454545,1.0732687,0.9999999,0.41226792,0.24649462,0.3412375,set_3
-1.5483843e-07,0.67153317,1.001328,0.87886393,5.169815,0.0,0.0,0.13043755,0.6748914,0.6262626,1.0517689,0.9999999,0.39822826,0.24754281,0.35422897,set_3
-1.7695909e-07,0.77444184,1.0782267,0.9087024,4.1896524,0.0,0.0,0.13043755,0.6748914,0.72727275,1.026815,0.9999999,0.38213632,0.24653198,0.3713317,set_3
-1.9039408e-07,0.90486044,1.1677328,0.94934905,3.0124507,0.0,0.0,0.13043755,0.6748914,0.86868685,0.9954684,0.9999999,0.35309628,0.2448478,0.402056,set_3
-1.7982413e-07,1.0399629,1.244532,0.9943595,1.930307,0.0,0.0,0.13043755,0.6748914,1.030303,0.9641727,0.9999999,0.29470766,0.24862266,0.4566697,set_3
-2.0123852e-07,1.0890427,1.2656465,1.0108856,1.6002471,0.0,0.0,0.13043755,0.6748914,1.090909,0.9539924,0.9999999,0.26433268,0.25212225,0.48354506,set_3
-2.6865254e-07,1.2359405,1.3021699,1.0594828,0.8645191,0.0,0.0,0.13043755,0.6748914,1.2727273,0.9274209,0.9999999,0.16479638,0.2632829,0.5719207,set_3
-1.12499734e-07,1.6113157,1.2660651,1.1942497,0.105902076,0.0,0.0,0.13043755,0.6748914,1.7979797,0.887582,0.9999999,0.03683377,0.24966015,0.71350604,set_3
0.0,0.0,0.13437338,0.6748914,15.5798,0.0,0.0,0.13437338,0.6748914,0.0,1.2520337,0.9999999,0.6980738,0.08908687,0.21283928,set_3
-2.3883839e-08,0.0401676,0.2659521,0.69626874,14.053945,0.0,0.0,0.13437338,0.6748914,0.06060606,1.2294796,0.9999999,0.64839137,0.121377915,0.23023072,set_3
-6.229939e-08,0.15056604,0.49013054,0.73786294,11.431867,0.0,0.0,0.13437338,0.6748914,0.18181817,1.1859499,0.9999999,0.55557907,0.17961162,0.26480922,set_3
9.473487e-08,0.6530113,0.9855312,0.87281483,5.39849,0.0,0.0,0.13437338,0.6748914,0.60606056,1.0570462,0.9999999,0.40105423,0.24758333,0.35136247,set_3
1.7872202e-07,1.0740974,1.2614151,1.0053905,1.7087381,0.0,0.0,0.13437338,0.6748914,1.070707,0.9573727,0.9999999,0.2749283,0.25075948,0.47431222,set_3
5.261739e-07,1.1676214,1.2964228,1.0380726,1.1202598,0.0,0.0,0.13437338,0.6748914,1.1919192,0.9383982,0.9999999,0.2054469,0.25956768,0.5349855,set_3
5.609211e-07,1.4338588,1.3062677,1.1276557,0.29127842,0.0,0.0,0.13437338,0.6748914,1.5353535,0.90049773,0.9999999,0.06900078,0.2633938,0.66760546,set_3
5.3872066e-07,1.4931083,1.2949648,1.1482723,0.22519475,0.0,0.0,0.13437338,0.6748914,1.6161616,0.8950065,0.9999999,0.056612942,0.25949758,0.68388945,set_3
4.3060527e-07,1.6642603,1.2467291,1.2146628,0.13860524,0.0,0.0,0.13437338,0.6748914,1.8787879,0.8864278,0.9999999,0.034956902,0.24464864,0.7203945,set_3
0.0,0.0,0.12368013,0.6748914,15.5798,0.0,0.0,0.12368013,0.6748914,0.0,1.2520337,0.9999999,0.70026696,0.08799884,0.2117342,set_3
-4.7032128e-08,0.0396775,0.25580233,0.69626874,14.052063,0.0,0.0,0.12368013,0.6748914,0.06060606,1.2294796,0.9999999,0.6506814,0.12024158,0.229077,set_3
-4.575828e-08,0.36107007,0.73790264,0.7976087,8.364204,0.0,0.0,0.12368013,0.6748914,0.36363634,1.1263376,0.9999999,0.4623189,0.23010473,0.3075764,set_3
-3.3837807e-07,0.55671114,0.9085527,0.8482021,6.2698307,0.0,0.0,0.12368013,0.6748914,0.5252525,1.0787592,0.9999999,0.41700986,0.2456293,0.33736086,set_3
-4.6326198e-07,1.0212668,1.2332883,0.9887299,2.0389564,0.0,0.0,0.12368013,0.6748914,1.010101,0.9677899,0.9999999,0.30362916,0.24787088,0.44849995,set_3
-5.4019426e-07,1.1028578,1.2686226,1.0162863,1.488369,0.0,0.0,0.12368013,0.6748914,1.111111,0.95056766,0.9999999,0.25277606,0.25377065,0.49345332,set_3
-5.271529e-07,1.2983589,1.303675,1.0805997,0.63808876,0.0,0.0,0.12368013,0.6748914,1.3535353,0.9176466,0.9999999,0.12694395,0.26584786,0.6072082,set_3
-5.843921e-07,1.4839038,1.2868834,1.1430125,0.28034687,0.0,0.0,0.12368013,0.6748914,1.5959595,0.89637804,0.9999999,0.06307275,0.26002336,0.6769039,set_3
-5.865942e-07,1.5388615,1.2766337,1.1635454,0.21053171,0.0,0.0,0.12368013,0.6748914,1.6767677,0.8919485,0.9999999,0.05128252,0.2560922,0.6926253,set_3
0.0,0.0,0.10829646,0.67479736,15.5798,0.0,0.0,0.10829646,0.67479736,0.0,1.1930486,0.9999999,0.7004275,0.08815846,0.21141411,set_3
-2.0315159e-07,0.20677358,0.54809135,0.7550913,10.468695,0.0,0.0,0.10829646,0.67479736,0.24242423,1.137383,0.9999999,0.5241316,0.19817992,0.2776885,set_3
-1.7429831e-07,0.27597842,0.63307405,0.77457005,9.461103,0.0,0.0,0.10829646,0.67479736,0.30303028,1.1237453,0.9999999,0.49222738,0.21549289,0.29227972,set_3
-1.6595145e-07,0.5407101,0.88414985,0.84400475,6.4218597,0.0,0.0,0.10829646,0.67479736,0.5252525,1.0746689,0.9999999,0.41954395,0.24499321,0.33546287,set_3
-7.6902825e-07,0.9784665,1.1968293,0.9738048,2.3955421,0.0,0.0,0.10829646,0.67479736,0.96969694,0.981012,0.9999999,0.3257758,0.2456516,0.42857265,set_3
-5.5733557e-07,1.0940064,1.2525434,1.0126673,1.5682976,0.0,0.0,0.10829646,0.67479736,1.111111,0.9524238,0.9999999,0.2604718,0.25242242,0.48710582,set_3
1.05294774e-07,1.3770751,1.2944193,1.1074438,0.41690865,0.0,0.0,0.10829646,0.67479736,1.4747474,0.8817567,0.9999999,0.088235356,0.26526415,0.64650047,set_3
1.323561e-07,1.5767422,1.260982,1.1809753,0.1366744,0.0,0.0,0.10829646,0.67479736,1.7777778,0.82588047,0.9999999,0.040241506,0.251533,0.7082255,set_3
2.735205e-07,1.6828153,1.2297128,1.2273707,0.0701164,0.0,0.0,0.10829646,0.67479736,1.979798,0.7901616,0.9999999,0.027411634,0.2401801,0.7324083,set_3
0.0,0.0,0.103140034,0.67479736,15.5798,0.0,0.0,0.103140034,0.67479736,0.0,1.1930486,0.9999999,0.70148236,0.08763548,0.21088213,set_3
-1.0455541e-07,0.122077756,0.41623178,0.7287523,11.961454,0.0,0.0,0.103140034,0.67479736,0.16161615,1.1557541,0.9999999,0.5771381,0.16701178,0.2558501,set_3
-1.8548725e-08,0.2517432,0.6015524,0.7681042,9.78342,0.0,0.0,0.103140034,0.67479736,0.28282827,1.1282976,0.9999999,0.5030186,0.20992002,0.28706142,set_3
-2.104509e-07,0.4923534,0.8407607,0.8316086,6.9055724,0.0,0.0,0.103140034,0.67479736,0.48484847,1.0835073,0.9999999,0.42931813,0.2424983,0.32818362,set_3
-3.7694917e-07,0.77616394,1.065086,0.9103821,4.1102467,0.0,0.0,0.103140034,0.67479736,0.74747473,1.0270977,0.9999999,0.38166398,0.24617207,0.37216392,set_3
-3.7896427e-07,0.8881892,1.1436085,0.94533753,3.0905082,0.0,0.0,0.103140034,0.67479736,0.86868685,1.0017823,0.9999999,0.35659286,0.24479015,0.398617,set_3
-2.5812002e-07,1.0738897,1.2454834,1.0071907,1.6479926,0.0,0.0,0.103140034,0.67479736,1.090909,0.9564893,0.9999999,0.26970392,0.25164855,0.47864753,set_3
-3.3031506e-07,1.3931413,1.2876816,1.1124946,0.40635645,0.0,0.0,0.103140034,0.67479736,1.4949495,0.8779383,0.9999999,0.08516377,0.26441678,0.6504195,set_3
-3.6116725e-07,1.4503016,1.2813605,1.132488,0.30352914,0.0,0.0,0.103140034,0.67479736,1.5757575,0.8628249,0.9999999,0.06744813,0.26162618,0.67092574,set_3
0.0,0.0,0.10812185,0.67479736,15.5798,0.0,0.0,0.10812185,0.67479736,0.0,1.1930486,0.9999999,0.7004632,0.08814072,0.21139613,set_3
-1.0355635e-07,0.12265364,0.42058775,0.7287523,11.963698,0.0,0.0,0.10812185,0.67479736,0.16161615,1.1557541,0.9999999,0.57613146,0.16748013,0.2563884,set_3
-2.7437855e-07,0.5173569,0.8642683,0.8378181,6.6642227,0.0,0.0,0.10812185,0.67479736,0.5050505,1.0790758,0.9999999,0.42399237,0.24394585,0.33206183,set_3
-3.922764e-07,0.8347592,1.1090527,0.9279695,3.5872808,0.0,0.0,0.10812185,0.67479736,0.8080808,1.0143703,0.9999999,0.3701654,0.24529327,0.38454133,set_3
-3.7639387e-07,0.9420303,1.179459,0.96249086,2.6499887,0.0,0.0,0.10812185,0.67479736,0.9292929,0.9892581,0.9999999,0.339101,0.24504608,0.41585293,set_3
-3.8175673e-07,1.3014804,1.2935708,1.0818462,0.62915623,0.0,0.0,0.10812185,0.67479736,1.3737373,0.90099496,0.9999999,0.1241716,0.2656021,0.6102263,set_3
-2.585263e-07,1.4534965,1.2813134,1.1324832,0.328534,0.0,0.0,0.10812185,0.67479736,1.5757575,0.8628249,0.9999999,0.06970293,0.26112983,0.6691672,set_3
-1.7659801e-07,1.6136643,1.249353,1.195103,0.13114733,0.0,0.0,0.10812185,0.67479736,1.8383838,0.81501347,0.9999999,0.03678059,0.24797402,0.7152454,set_3
-2.2287448e-07,1.6925285,1.2270256,1.2318928,0.061246827,0.0,0.0,0.10812185,0.67479736,2.0,0.7866427,0.9999999,0.026249703,0.23905031,0.73469996,set_3
0.0,0.0,0.10328461,0.67479736,15.5798,0.0,0.0,0.10328461,0.67479736,0.0,1.1930486,0.9999999,0.7014528,0.08765008,0.21089713,set_3
-5.2118022e-08,0.08518499,0.3457749,0.7154241,12.782668,0.0,0.0,0.10328461,0.67479736,0.12121212,1.1649835,0.9999999,0.6066833,0.14865218,0.24466452,set_3
-4.5967713e-08,0.37142208,0.73052895,0.80017805,8.244396,0.0,0.0,0.10328461,0.67479736,0.38383836,1.1057492,0.9999999,0.45939755,0.23133545,0.30926704,set_3
-2.4526054e-07,0.85256004,1.1184587,0.93379015,3.4188852,0.0,0.0,0.10328461,0.67479736,0.8282828,1.010151,0.9999999,0.36618373,0.24504717,0.3887691,set_3
-3.3874755e-07,1.0912658,1.2515377,1.0126739,1.5487672,0.0,0.0,0.10328461,0.67479736,1.111111,0.9524238,0.9999999,0.25914535,0.25287697,0.48797774,set_3
-3.6059737e-07,1.2216667,1.2847646,1.0556986,0.89558125,0.0,0.0,0.10328461,0.67479736,1.2727273,0.9205396,0.9999999,0.16987757,0.26299858,0.5671239,set_3
-3.1633468e-07,1.3481917,1.290756,1.0972688,0.5027262,0.0,0.0,0.10328461,0.67479736,1.4343435,0.8893907,0.9999999,0.102213964,0.2656413,0.6321447,set_3
-2.6550055e-07,1.4781495,1.277216,1.1423497,0.2636449,0.0,0.0,0.10328461,0.67479736,1.6161616,0.8553099,0.9999999,0.06056003,0.25982657,0.67961335,set_3
-2.6116052e-07,1.5537659,1.2631007,1.1714394,0.16454189,0.0,0.0,0.10328461,0.67479736,1.7373737,0.83314806,0.9999999,0.04447752,0.25375918,0.7017633,set_3
0.0,0.0,0.10790601,0.67479736,15.5798,0.0,0.0,0.10790601,0.67479736,0.0,1.1930486,0.9999999,0.70050734,0.08811884,0.21137382,set_3
-1.972419e-07,0.42121902,0.77990717,0.8128301,7.692241,0.0,0.0,0.10790601,0.67479736,0.4242424,1.0967878,0.9999999,0.4453906,0.23702253,0.3175868,set_3
-2.3838827e-07,0.6752285,0.9906589,0.88058805,5.092876,0.0,0.0,0.10790601,0.67479736,0.64646465,1.0485419,0.9999999,0.39764944,0.24728186,0.3550687,set_3
-1.382162e-07,1.0749415,1.2484643,1.00719,1.6500009,0.0,0.0,0.10790601,0.67479736,1.090909,0.9564893,0.9999999,0.26965502,0.2515658,0.47877917,set_3
-1.3989543e-07,1.1236598,1.2662773,1.0235654,1.3538694,0.0,0.0,0.10790601,0.67479736,1.1515151,0.9443856,0.9999999,0.23630428,0.2556832,0.5080125,set_3
-1.6732972e-07,1.1885812,1.2828124,1.045077,1.0274677,0.0,0.0,0.10790601,0.67479736,1.2323232,0.9284182,0.9999999,0.19082008,0.2609772,0.5482027,set_3
-2.2041705e-07,1.2533828,1.2916214,1.0662241,0.77415395,0.0,0.0,0.10790601,0.67479736,1.3131312,0.9126587,0.9999999,0.14961708,0.26457432,0.58580863,set_3
-3.1387106e-07,1.5044887,1.275096,1.1521391,0.22990696,0.0,0.0,0.10790601,0.67479736,1.6565657,0.84789056,0.9999999,0.054657757,0.25782245,0.6875198,set_3
-4.3464567e-07,1.577191,1.2601326,1.1809745,0.14180598,0.0,0.0,0.10790601,0.67479736,1.7777778,0.82588047,0.9999999,0.040589586,0.25149903,0.70791143,set_3
0.0,0.0,0.10572606,0.67479736,15.5798,0.0,0.0,0.10572606,0.67479736,0.0,1.1930486,0.9999999,0.7009536,0.08789758,0.21114884,set_3
-6.7885345e-08,0.052479945,0.2725511,0.7019894,13.657715,0.0,0.0,0.10572606,0.67479736,0.08080807,1.1743225,0.9999999,0.6373635,0.12906522,0.23357134,set_3
-1.7983604e-07,0.29960704,0.6577219,0.7810136,9.14188,0.0,0.0,0.10572606,0.67479736,0.32323232,1.1192132,0.9999999,0.48326942,0.22009297,0.29663756,set_3
-1.00844304e-07,0.46902978,0.82177776,0.82537293,7.162116,0.0,0.0,0.10572606,0.67479736,0.46464646,1.0879277,0.9999999,0.4341635,0.24100679,0.32482973,set_3
-2.1103494e-08,0.6318703,0.9551038,0.868486,5.51631,0.0,0.0,0.10572606,0.67479736,0.60606056,1.0572008,0.9999999,0.40445742,0.24709666,0.34844586,set_3
-4.8811296e-07,1.122781,1.265112,1.0235604,1.3514891,0.0,0.0,0.10572606,0.67479736,1.1515151,0.9443856,0.9999999,0.23618552,0.25576863,0.5080458,set_3
-4.710925e-07,1.2828444,1.2942324,1.0766555,0.6540482,0.0,0.0,0.10572606,0.67479736,1.3535353,0.90486825,0.9999999,0.12984616,0.26600075,0.6041531,set_3
-4.4508687e-07,1.4522544,1.280363,1.1324853,0.32429796,0.0,0.0,0.10572606,0.67479736,1.5757575,0.8628249,0.9999999,0.06936463,0.26125503,0.6693804,set_3
-4.580321e-07,1.6278012,1.2412431,1.1997795,0.15382269,0.0,0.0,0.10572606,0.67479736,1.8585858,0.8114377,0.9999999,0.037231617,0.24667199,0.71609646,set_3
0.0,0.0,0.10636815,0.67479736,15.5798,0.0,0.0,0.10636815,0.67479736,0.0,1.1930486,0.9999999,0.7008223,0.08796268,0.211215,set_3
-9.331818e-10,0.103474714,0.38440466,0.7221014,12.366865,0.0,0.0,0.10636815,0.67479736,0.14141414,1.1603595,0.9999999,0.5910113,0.15835762,0.2506311,set_3
-9.678789e-08,0.42079416,0.77885056,0.8128276,7.690415,0.0,0.0,0.10636815,0.67479736,0.4242424,1.0967878,0.9999999,0.44558853,0.2369614,0.31745008,set_3
-2.3358652e-07,0.8345678,1.1075934,0.92797005,3.5886834,0.0,0.0,0.10636815,0.67479736,0.8080808,1.0143703,0.9999999,0.3702747,0.24528891,0.38443646,set_3
-2.2975354e-07,0.9072145,1.1561863,0.95108056,2.9468958,0.0,0.0,0.10636815,0.67479736,0.8888889,0.99760306,0.9999999,0.3512582,0.24474229,0.40399954,set_3
-2.2272333e-07,0.95921695,1.1880928,0.968162,2.5121665,0.0,0.0,0.10636815,0.67479736,0.94949496,0.98512876,0.9999999,0.3324886,0.24536756,0.42214388,set_3
-2.2477604e-07,1.1898137,1.28067,1.0450737,1.0369828,0.0,0.0,0.10636815,0.67479736,1.2323232,0.9284182,0.9999999,0.19190186,0.26071575,0.5473824,set_3
-1.9888944e-07,1.3794823,1.2900717,1.1074423,0.44286966,0.0,0.0,0.10636815,0.67479736,1.4747474,0.8817567,0.9999999,0.09106776,0.26473004,0.6442022,set_3
-1.7762578e-07,1.6717991,1.2338709,1.2228262,0.05825405,0.0,0.0,0.10636815,0.67479736,1.959596,0.79367083,0.9999999,0.027572086,0.24137795,0.73104995,set_3
0.0,0.0,0.110851884,0.67479736,15.5798,0.0,0.0,0.110851884,0.67479736,0.0,1.1930486,0.9999999,0.69990367,0.088418216,0.2116781,set_3
-1.4092356e-07,0.18508911,0.5199734,0.74854726,10.826794,0.0,0.0,0.110851884,0.67479736,0.22222221,1.141945,0.9999999,0.53566,0.19152693,0.27281305,set_3
-1.3561355e-07,0.63286525,0.9585843,0.8684914,5.5206056,0.0,0.0,0.110851884,0.67479736,0.60606056,1.0572008,0.9999999,0.40402275,0.24718824,0.34878904,set_3
-9.5290915e-08,0.89225054,1.1453519,0.94533527,3.1216183,0.0,0.0,0.110851884,0.67479736,0.86868685,1.0017823,0.9999999,0.3566251,0.24469432,0.3986806,set_3
-1.2244705e-07,1.0457851,1.2328582,0.9961499,1.8983305,0.0,0.0,0.110851884,0.67479736,1.0505049,0.96460396,0.9999999,0.29154688,0.24872717,0.45972595,set_3
-1.5611315e-07,1.0941898,1.2544082,1.0126663,1.5670907,0.0,0.0,0.110851884,0.67479736,1.111111,0.9524238,0.9999999,0.26028407,0.2524255,0.48729047,set_3
-2.6542227e-07,1.2208064,1.291367,1.0556966,0.88137174,0.0,0.0,0.110851884,0.67479736,1.2727273,0.9205396,0.9999999,0.16799046,0.26332748,0.5686821,set_3
-3.2859182e-07,1.5018053,1.2796737,1.1521384,0.20638642,0.0,0.0,0.110851884,0.67479736,1.6565657,0.84789056,0.9999999,0.0527175,0.25808752,0.689195,set_3
-2.7524172e-07,1.6742244,1.2327422,1.2228322,0.087462366,0.0,0.0,0.110851884,0.67479736,1.959596,0.79367083,0.9999999,0.029031994,0.2412354,0.72973263,set_3
0.0,0.0,0.108434714,0.67479736,15.5798,0.0,0.0,0.108434714,0.67479736,0.0,1.1930486,0.9999999,0.70039916,0.0881725,0.21142831,set_3
1.1658913e-07,0.0686046,0.31339377,0.7087202,13.214478,0.0,0.0,0.108434714,0.67479736,0.1010101,1.169641,0.9999999,0.6210342,0.13941117,0.23955463,set_3
9.969626e-08,0.18504657,0.5179095,0.7485455,10.825857,0.0,0.0,0.108434714,0.67479736,0.22222221,1.141945,0.9999999,0.53606665,0.1913469,0.2725864,set_3
8.910879e-08,0.5174722,0.8644641,0.83782077,6.6646495,0.0,0.0,0.108434714,0.67479736,0.5050505,1.0790758,0.9999999,0.42395627,0.24395514,0.33208862,set_3
3.277387e-08,0.67522335,0.99110574,0.8805873,5.092536,0.0,0.0,0.108434714,0.67479736,0.64646465,1.0485419,0.9999999,0.39761403,0.24728836,0.35509753,set_3
3.4485332e-08,0.8539938,1.121198,0.93378687,3.4272091,0.0,0.0,0.108434714,0.67479736,0.8282828,1.010151,0.9999999,0.36597615,0.24504267,0.38898116,set_3
1.2633265e-07,1.2383032,1.2897851,1.0609677,0.8365655,0.0,0.0,0.108434714,0.67479736,1.2929292,0.916601,0.9999999,0.15986498,0.2637189,0.57641613,set_3
4.001812e-09,1.4085832,1.2891612,1.1175194,0.38134396,0.0,0.0,0.108434714,0.67479736,1.5151515,0.87411964,0.9999999,0.08045868,0.2636859,0.65585536,set_3
-1.5613061e-08,1.565652,1.2632434,1.1762133,0.1530872,0.0,0.0,0.108434714,0.67479736,1.7575758,0.8295109,0.9999999,0.042459536,0.25259632,0.70494413,set_3
0.0,0.0,0.115955085,0.67479736,15.5798,0.0,0.0,0.115955085,0.67479736,0.0,1.1930486,0.9999999,0.6988559,0.08893797,0.21220608,set_3
-5.8382165e-07,0.99615645,1.2116817,0.979424,2.2622828,0.0,0.0,0.115955085,0.67479736,0.989899,0.976893,0.9999999,0.3176509,0.24620172,0.43614736,set_3
-6.5428463e-07,1.2081581,1.288205,1.0503863,0.9799575,0.0,0.0,0.115955085,0.67479736,1.2525252,0.9244737,0.9999999,0.18218721,0.261349,0.5564637,set_3
-6.3432907e-07,1.3509346,1.2961543,1.0972615,0.5226562,0.0,0.0,0.115955085,0.67479736,1.4343435,0.8893907,0.9999999,0.10417915,0.26500103,0.63081986,set_3
-5.978147e-07,1.4112029,1.2915537,1.1175201,0.39924777,0.0,0.0,0.115955085,0.67479736,1.5151515,0.87411964,0.9999999,0.08213823,0.2632199,0.65464187,set_3
-5.47517e-07,1.5078262,1.2774247,1.1521354,0.24997279,0.0,0.0,0.115955085,0.67479736,1.6565657,0.84789056,0.9999999,0.05617964,0.25742504,0.6863953,set_3
-6.4912666e-07,1.5570083,1.2678379,1.171444,0.18588986,0.0,0.0,0.115955085,0.67479736,1.7373737,0.83314806,0.9999999,0.045855816,0.2533654,0.70077884,set_3
-3.9790638e-07,1.6444215,1.2462457,1.2090563,0.09518951,0.0,0.0,0.115955085,0.67479736,1.8989899,0.80428916,0.9999999,0.031835254,0.24456242,0.7236023,set_3
-2.716559e-07,1.6736553,1.2377325,1.2228216,0.07022472,0.0,0.0,0.115955085,0.67479736,1.959596,0.79367083,0.9999999,0.028094381,0.24120212,0.73070353,set_3
0.0,0.0,0.11149351,0.67572254,29.212,0.0,0.0,0.11149351,0.67572254,0.0,1.2237259,0.9999999,0.44187525,0.16862522,0.38949957,set_4
-1.415754e-08,0.11809782,0.26938152,0.71028,26.557817,0.0,0.0,0.11149351,0.67572254,0.1010101,1.1831591,0.9999999,0.43921062,0.17573604,0.3850533,set_4
-4.503359e-07,0.4281935,0.6448471,0.8076211,20.287403,0.0,0.0,0.11149351,0.67572254,0.4040404,1.082784,0.9999999,0.4296778,0.19963567,0.3706865,set_4
-4.1279887e-07,0.48458654,0.7065393,0.82614046,19.262936,0.0,0.0,0.11149351,0.67572254,0.46464646,1.0667342,0.9999999,0.4274903,0.20473455,0.36777514,set_4
2.2621687e-07,0.6814089,0.9057124,0.89195895,15.966453,0.0,0.0,0.11149351,0.67572254,0.68686867,1.0182031,0.9999999,0.41862646,0.22364017,0.35773337,set_4
4.877407e-07,0.91857404,1.1140447,0.9721818,12.5468645,0.0,0.0,0.11149351,0.67572254,0.96969694,0.98126906,0.9999999,0.40507296,0.24606754,0.34885955,set_4
3.6604257e-07,1.3637261,1.425406,1.1291881,7.377484,0.0,0.0,0.11149351,0.67572254,1.5353535,0.9907137,0.9999999,0.35687324,0.27277148,0.37035525,set_4
3.6915992e-07,1.4391443,1.4679807,1.1578245,6.628713,0.0,0.0,0.11149351,0.67572254,1.6363636,1.0041791,0.9999999,0.3396622,0.27458563,0.38575223,set_4
2.5671667e-07,1.5873042,1.5376455,1.2165172,5.2949495,0.0,0.0,0.11149351,0.67572254,1.8383838,1.0417706,0.9999999,0.286348,0.2771774,0.4364746,set_4
0.0,0.0,0.10775484,0.67572254,29.212,0.0,0.0,0.10775484,0.67572254,0.0,1.2237259,0.9999999,0.44189948,0.16857845,0.38952205,set_4
1.5272673e-07,0.22741705,0.40530902,0.7437209,24.222467,0.0,0.0,0.10775484,0.67572254,0.2020202,1.1461467,0.9999999,0.4363218,0.18326186,0.3804164,set_4
-5.048207e-09,0.75014585,0.96679085,0.91509145,14.916889,0.0,0.0,0.10775484,0.67572254,0.7676768,1.0047966,0.9999999,0.41508383,0.23030916,0.35460705,set_4
-6.604931e-08,0.81800514,1.0269545,0.93801636,13.929783,0.0,0.0,0.10775484,0.67572254,0.8484848,0.9935281,0.9999999,0.41129282,0.23682429,0.35188287,set_4
-2.7904882e-08,1.0004215,1.1764033,1.0000836,11.487408,0.0,0.0,0.10775484,0.67572254,1.070707,0.97483444,0.9999999,0.39939544,0.25288767,0.34771693,set_4
-6.2561796e-09,1.0652657,1.2255161,1.0224342,10.684524,0.0,0.0,0.10775484,0.67572254,1.1515151,0.97210526,0.9999999,0.39430133,0.25780526,0.34789336,set_4
-3.55194e-08,1.1770214,1.3051258,1.0615098,9.374364,0.0,0.0,0.10775484,0.67572254,1.2929292,0.97312444,0.9999999,0.38377348,0.26495197,0.35127458,set_4
-1.3152194e-07,1.2710824,1.3671056,1.0951461,8.338807,0.0,0.0,0.10775484,0.67572254,1.4141414,0.97921836,0.9999999,0.37222588,0.26952672,0.3582474,set_4
-3.347731e-07,1.6905313,1.5680526,1.2589567,4.51885,0.0,0.0,0.10775484,0.67572254,1.979798,1.076794,0.9999999,0.2305764,0.27915353,0.49027017,set_4
0.0,0.0,0.110505864,0.67572254,29.212,0.0,0.0,0.110505864,0.67572254,0.0,1.2237259,0.9999999,0.44188172,0.1686129,0.38950545,set_4
6.8387266e-08,0.22747311,0.40781134,0.7437209,24.222467,0.0,0.0,0.110505864,0.67572254,0.2020202,1.1461467,0.9999999,0.4363022,0.1833,0.38039783,set_4
-3.7616118e-08,0.3893683,0.600533,0.79517674,21.007433,0.0,0.0,0.110505864,0.67572254,0.36363634,1.0944856,0.9999999,0.43109652,0.19625176,0.3726517,set_4
-8.131049e-08,0.5395005,0.7639812,0.8444401,18.295694,0.0,0.0,0.110505864,0.67572254,0.5252525,1.0515054,0.9999999,0.42521262,0.20987524,0.36491218,set_4
1.1245154e-07,1.3328712,1.406754,1.1176274,7.692713,0.0,0.0,0.110505864,0.67572254,1.4949495,0.9865167,0.9999999,0.3625604,0.2718297,0.36560994,set_4
9.128286e-08,1.4537485,1.4755206,1.1633831,6.486937,0.0,0.0,0.110505864,0.67572254,1.6565657,1.0074633,0.9999999,0.33564436,0.27486968,0.38948599,set_4
6.882248e-08,1.5132029,1.5053397,1.1866866,5.933996,0.0,0.0,0.110505864,0.67572254,1.7373737,1.021198,0.9999999,0.31677273,0.2759191,0.4073082,set_4
1.1886726e-07,1.6017295,1.542795,1.2222791,5.1771746,0.0,0.0,0.110505864,0.67572254,1.8585858,1.0464782,0.9999999,0.27940524,0.27743563,0.4431591,set_4
2.0947874e-07,1.7053324,1.5728818,1.26501,4.421229,0.0,0.0,0.110505864,0.67572254,2.0,1.0821611,0.9999999,0.22160198,0.2794566,0.4989414,set_4
0.0,0.0,0.109380245,0.67572254,29.212,0.0,0.0,0.109380245,0.67572254,0.0,1.2237259,0.9999999,0.44188902,0.16859876,0.38951224,set_4
-7.8659035e-08,0.18459287,0.3529945,0.73046696,25.122688,0.0,0.0,0.109380245,0.67572254,0.16161615,1.1606475,0.9999999,0.43750727,0.18019958,0.38229313,set_4
-4.9187598e-08,0.5025753,0.7243459,0.8322991,18.935743,0.0,0.0,0.109380245,0.67572254,0.48484847,1.0616484,0.9999999,0.426762,0.20640376,0.36683428,set_4
-1.1955078e-07,0.6638141,0.8874489,0.88604736,16.241379,0.0,0.0,0.109380245,0.67572254,0.6666667,1.0218896,0.9999999,0.41950908,0.22189622,0.35859475,set_4
-1.7789198e-07,0.88538444,1.085216,0.960759,12.996191,0.0,0.0,0.109380245,0.67572254,0.9292929,0.98454535,0.9999999,0.40722698,0.2430719,0.3497011,set_4
-2.3522439e-07,1.4244213,1.4593751,1.1521453,6.7670617,0.0,0.0,0.109380245,0.67572254,1.6161616,1.0011533,0.9999999,0.3433722,0.27425465,0.38237315,set_4
-2.4088436e-07,1.4841434,1.4908224,1.17529,6.1972327,0.0,0.0,0.109380245,0.67572254,1.6969697,1.0141178,0.9999999,0.3265125,0.27540287,0.3980846,set_4
-2.1670836e-07,1.6168641,1.5478461,1.2285408,5.0541067,0.0,0.0,0.109380245,0.67572254,1.8787879,1.0512546,0.9999999,0.27169994,0.27770367,0.45059633,set_4
-2.0874651e-07,1.7056148,1.5725771,1.2652391,4.4161725,0.0,0.0,0.109380245,0.67572254,2.0,1.0821611,0.9999999,0.2212303,0.27944922,0.49932045,set_4
0.0,0.0,0.118726455,0.67572254,29.212,0.0,0.0,0.118726455,0.67572254,0.0,1.2237259,0.9999999,0.44182807,0.16871588,0.38945603,set_4
1.5700856e-07,0.42769656,0.65028405,0.8076173,20.293747,0.0,0.0,0.118726455,0.67572254,0.4040404,1.082784,0.9999999,0.42963523,0.19971159,0.3706532,set_4
1.6841203e-07,0.5757778,0.807429,0.85641736,17.683811,0.0,0.0,0.118726455,0.67572254,0.56565654,1.0425354,0.9999999,0.42357513,0.21343698,0.36298788,set_4
1.3873529e-07,0.7682817,0.9905354,0.92087585,14.661414,0.0,0.0,0.118726455,0.67572254,0.78787875,1.0018091,0.9999999,0.41405576,0.23214994,0.35379428,set_4
5.416713e-08,0.88617635,1.0916673,0.96073335,12.9985695,0.0,0.0,0.118726455,0.67572254,0.9292929,0.98454535,0.9999999,0.40715268,0.24320552,0.34964183,set_4
-5.1933174e-08,1.1306041,1.278956,1.0447187,9.92379,0.0,0.0,0.118726455,0.67572254,1.2323232,0.97163844,0.9999999,0.38850197,0.26227024,0.3492278,set_4
-5.6026835e-08,1.3640494,1.431262,1.129025,7.3680634,0.0,0.0,0.118726455,0.67572254,1.5353535,0.9907137,0.9999999,0.3566632,0.2728545,0.37048233,set_4
-1.2220739e-08,1.5442312,1.5230953,1.1986158,5.6732087,0.0,0.0,0.118726455,0.67572254,1.7777778,1.0292679,0.9999999,0.30554375,0.2764892,0.41796705,set_4
-1.48765915e-08,1.5885637,1.541227,1.216463,5.2995296,0.0,0.0,0.118726455,0.67572254,1.8383838,1.0417706,0.9999999,0.28643358,0.2772505,0.4363159,set_4
0.0,0.0,0.11576983,0.67572254,29.212,0.0,0.0,0.11576983,0.67572254,0.0,1.2237259,0.9999999,0.44184744,0.16867879,0.38947377,set_4
8.218017e-08,0.11814292,0.27345142,0.71028,26.557823,0.0,0.0,0.11576983,0.67572254,0.1010101,1.1831591,0.9999999,0.43918148,0.1757925,0.38502607,set_4
7.858813e-08,0.26972187,0.4641599,0.7567718,23.361261,0.0,0.0,0.11576983,0.67572254,0.24242423,1.1323115,0.9999999,0.43502146,0.18653579,0.37844276,set_4
-1.8860469e-08,0.6817844,0.9090275,0.89198536,15.965494,0.0,0.0,0.11576983,0.67572254,0.68686867,1.0182031,0.9999999,0.41858858,0.22371235,0.3576991,set_4
-1.6453262e-07,1.0656123,1.2316449,1.0225875,10.675081,0.0,0.0,0.11576983,0.67572254,1.1515151,0.97210526,0.9999999,0.3941944,0.25794172,0.34786382,set_4
-1.7316097e-07,1.1297772,1.277986,1.0449165,9.91251,0.0,0.0,0.11576983,0.67572254,1.2323232,0.97163844,0.9999999,0.3884721,0.26225355,0.34927428,set_4
-1.4510856e-07,1.3339427,1.410072,1.1179993,7.686459,0.0,0.0,0.11576983,0.67572254,1.4949495,0.9865167,0.9999999,0.3624256,0.27189448,0.36567992,set_4
-1.3597649e-07,1.4851413,1.4932203,1.1754357,6.205657,0.0,0.0,0.11576983,0.67572254,1.6969697,1.0141178,0.9999999,0.32666472,0.2754703,0.39786497,set_4
-1.5962844e-07,1.6475952,1.5599227,1.2409062,4.834455,0.0,0.0,0.11576983,0.67572254,1.919192,1.0607102,0.9999999,0.25613588,0.27834526,0.46551883,set_4
0.0,0.0,0.12128849,0.67572254,29.212,0.0,0.0,0.12128849,0.67572254,0.0,1.2237259,0.9999999,0.44181147,0.16874795,0.38944063,set_4
-4.1498436e-07,0.6111794,0.84486014,0.86826634,17.09598,0.0,0.0,0.12128849,0.67572254,0.60606056,1.0336382,0.9999999,0.4219409,0.21690553,0.36115354,set_4
-4.5569365e-07,0.7337666,0.9613259,0.90930355,15.172712,0.0,0.0,0.12128849,0.67572254,0.74747473,1.0077755,0.9999999,0.41588318,0.22885561,0.3552612,set_4
-4.744107e-07,0.80218935,1.0223606,0.9323305,14.168139,0.0,0.0,0.12128849,0.67572254,0.8282828,0.9959549,0.9999999,0.41213998,0.23544528,0.3524147,set_4
-4.7560394e-07,0.86958086,1.0798241,0.9550988,13.223692,0.0,0.0,0.12128849,0.67572254,0.9090909,0.9865754,0.9999999,0.408162,0.24173643,0.35010156,set_4
-4.559316e-07,0.9360437,1.1340333,0.97765625,12.33317,0.0,0.0,0.12128849,0.67572254,0.989899,0.9796783,0.9999999,0.40390363,0.24763744,0.3484589,set_4
-3.375368e-07,1.1940572,1.3235817,1.0669746,9.205683,0.0,0.0,0.12128849,0.67572254,1.3131312,0.97358173,0.9999999,0.3819897,0.26596686,0.35204348,set_4
-3.7747964e-07,1.3339201,1.4135329,1.117587,7.691619,0.0,0.0,0.12128849,0.67572254,1.4949495,0.9865167,0.9999999,0.36244312,0.2719524,0.36560443,set_4
-2.7435448e-07,1.6471114,1.5635786,1.2404149,4.835345,0.0,0.0,0.12128849,0.67572254,1.919192,1.0607102,0.9999999,0.25611746,0.27838787,0.46549475,set_4
0.0,0.0,0.12071872,0.67572254,29.212,0.0,0.0,0.12071872,0.67572254,0.0,1.2237259,0.9999999,0.44181517,0.16874081,0.38944396,set_4
8.149855e-08,0.14071026,0.30729812,0.71705145,26.067501,0.0,0.0,0.12071872,0.67572254,0.12121212,1.175325,0.9999999,0.43858388,0.17733927,0.3840769,set_4
9.2922015e-08,0.31035575,0.5172139,0.7697067,22.544832,0.0,0.0,0.12071872,0.67572254,0.28282827,1.1193033,0.9999999,0.43371063,0.18980381,0.37648553,set_4
-4.82134e-08,0.8530636,1.065497,0.9495161,13.451639,0.0,0.0,0.12071872,0.67572254,0.8888889,0.9889675,0.9999999,0.40917754,0.24020045,0.3506221,set_4
-3.997156e-08,0.96930325,1.1599102,0.9889996,11.901479,0.0,0.0,0.12071872,0.67572254,1.030303,0.97668946,0.9999999,0.40163156,0.25043404,0.3479344,set_4
-4.9777975e-07,1.2260544,1.3446667,1.0783894,8.848407,0.0,0.0,0.12071872,0.67572254,1.3535353,0.97558916,0.9999999,0.37826025,0.26758015,0.35415962,set_4
-4.8478614e-07,1.3190911,1.4040438,1.1121323,7.8468943,0.0,0.0,0.12071872,0.67572254,1.4747474,0.98462325,0.9999999,0.3650004,0.27143925,0.36356032,set_4
-4.5741518e-07,1.3952037,1.4491782,1.140541,7.067212,0.0,0.0,0.12071872,0.67572254,1.5757575,0.9959522,0.9999999,0.3503865,0.27367616,0.37593728,set_4
-5.2816443e-07,1.6625769,1.5679029,1.2468336,4.720771,0.0,0.0,0.12071872,0.67572254,1.939394,1.0658963,0.9999999,0.24737467,0.27868262,0.47394267,set_4
0.0,0.0,0.12560977,0.67572254,29.212,0.0,0.0,0.12560977,0.67572254,0.0,1.2237259,0.9999999,0.44178325,0.16880213,0.38941467,set_4
-1.2145416e-07,0.20646226,0.395095,0.73711425,24.667213,0.0,0.0,0.12560977,0.67572254,0.18181817,1.1534595,0.9999999,0.43679962,0.1819552,0.38124514,set_4
-5.903448e-07,0.71711504,0.94889235,0.9035952,15.430901,0.0,0.0,0.12560977,0.67572254,0.72727275,1.010918,0.9999999,0.41674048,0.22725926,0.3560003,set_4
-7.3883496e-07,0.7686477,0.9955617,0.9209289,14.660502,0.0,0.0,0.12560977,0.67572254,0.78787875,1.0018091,0.9999999,0.41399804,0.23225757,0.35374445,set_4
-7.655614e-07,0.81961125,1.0402516,0.9381138,13.924701,0.0,0.0,0.12560977,0.67572254,0.8484848,0.9935281,0.9999999,0.41112748,0.23712473,0.3517478,set_4
-7.510155e-07,0.9852811,1.1785308,0.9946362,11.670956,0.0,0.0,0.12560977,0.67572254,1.0505049,0.97569305,0.9999999,0.4003524,0.25192395,0.34772366,set_4
-6.971477e-07,1.303977,1.3980806,1.1064613,8.005125,0.0,0.0,0.12560977,0.67572254,1.4545455,0.98266083,0.9999999,0.36740065,0.2709513,0.36164802,set_4
-6.9097507e-07,1.3658831,1.4331033,1.1290736,7.386079,0.0,0.0,0.12560977,0.67572254,1.5353535,0.9907137,0.9999999,0.35685012,0.2729319,0.37021792,set_4
-6.805102e-07,1.4869683,1.4963671,1.1750374,6.231696,0.0,0.0,0.12560977,0.67572254,1.6969697,1.0141178,0.9999999,0.32724053,0.27559075,0.3971687,set_4
0.0,0.0,0.11672281,0.67572254,29.212,0.0,0.0,0.11672281,0.67572254,0.0,1.2237259,0.9999999,0.4418411,0.1686908,0.38946813,set_4
-1.3257153e-07,0.20629746,0.38694173,0.73711425,24.667196,0.0,0.0,0.11672281,0.67572254,0.18181817,1.1534595,0.9999999,0.43686247,0.1818333,0.38130426,set_4
1.008442e-08,0.4279735,0.648952,0.8076768,20.288652,0.0,0.0,0.11672281,0.67572254,0.4040404,1.082784,0.9999999,0.42964312,0.19970204,0.3706548,set_4
-3.5006927e-08,0.5396343,0.7688346,0.8444406,18.296986,0.0,0.0,0.11672281,0.67572254,0.5252525,1.0515054,0.9999999,0.42516625,0.20996325,0.3648705,set_4
-1.8582237e-07,0.6292429,0.85915196,0.87430733,16.801828,0.0,0.0,0.11672281,0.67572254,0.6262626,1.0294349,0.9999999,0.42113546,0.21858856,0.36027592,set_4
-4.5526764e-07,0.80202556,1.0190297,0.9323885,14.167083,0.0,0.0,0.11672281,0.67572254,0.8282828,0.9959549,0.9999999,0.41217524,0.23538037,0.35244438,set_4
-4.3347296e-07,0.88606805,1.0906539,0.96082467,12.993048,0.0,0.0,0.11672281,0.67572254,0.9292929,0.98454535,0.9999999,0.40715486,0.24319753,0.34964767,set_4
-5.53167e-07,1.3494608,1.4196601,1.123455,7.5332384,0.0,0.0,0.11672281,0.67572254,1.5151515,0.9884089,0.9999999,0.3597171,0.27238822,0.36789465,set_4
-5.6106666e-07,1.6474228,1.5610101,1.2406439,4.833173,0.0,0.0,0.11672281,0.67572254,1.919192,1.0607102,0.9999999,0.2560455,0.27835357,0.46560094,set_4
0.0,0.0,0.114363365,0.6744889,15.5798,0.0,0.0,0.114363365,0.6744889,0.0,1.237127,0.9999999,0.4434275,0.18402345,0.37254906,set_4
4.441787e-08,0.26212633,0.4242074,0.74393266,11.718016,0.0,0.0,0.114363365,0.6744889,0.2020202,1.1815249,0.9999999,0.43279722,0.2052786,0.36192417,set_4
-9.560267e-09,0.6097814,0.7750536,0.8422781,7.363008,0.0,0.0,0.114363365,0.6744889,0.5050505,1.1025587,0.9999999,0.40503824,0.22947314,0.36548865,set_4
-4.3534744e-08,0.8320435,0.956686,0.9101998,5.0438223,0.0,0.0,0.114363365,0.6744889,0.72727275,1.0480244,0.9999999,0.3577667,0.23779581,0.40443748,set_4
-7.9702474e-08,1.1302444,1.1102265,1.0086365,2.7682605,0.0,0.0,0.114363365,0.6744889,1.070707,0.9694461,0.9999999,0.18687169,0.25063786,0.56249046,set_4
-1.139952e-07,1.261337,1.1267471,1.0523647,2.233801,0.0,0.0,0.114363365,0.6744889,1.2323232,0.9347623,0.9999999,0.11104821,0.2535355,0.63541627,set_4
-1.5346052e-07,1.3967669,1.1194407,1.0997047,1.8912255,0.0,0.0,0.114363365,0.6744889,1.4141414,0.89760315,0.9999999,0.062490493,0.25123805,0.6862714,set_4
-1.9758583e-07,1.4767406,1.1081269,1.1302264,1.739465,0.0,0.0,0.114363365,0.6744889,1.5353535,0.87390244,0.9999999,0.043744322,0.24802119,0.7082345,set_4
-2.963069e-08,1.5717583,1.0890574,1.1696748,1.59597,0.0,0.0,0.114363365,0.6744889,1.6969697,0.843646,0.9999999,0.028362459,0.2430941,0.72854346,set_4
0.0,0.0,0.1146311,0.6744889,15.5798,0.0,0.0,0.1146311,0.6744889,0.0,1.237127,0.9999999,0.4434248,0.18402848,0.37254673,set_4
-1.6260788e-07,0.13439108,0.27866614,0.70961016,13.532221,0.0,0.0,0.1146311,0.6744889,0.1010101,1.2090302,0.9999999,0.4385684,0.19478835,0.36664322,set_4
-3.5999847e-07,0.47716933,0.64910436,0.8037523,8.931288,0.0,0.0,0.1146311,0.6744889,0.38383836,1.1335428,0.9999999,0.41888562,0.22161296,0.35950136,set_4
-2.6285775e-07,0.5448374,0.71386886,0.8231512,8.124973,0.0,0.0,0.1146311,0.6744889,0.44444442,1.1179293,0.9999999,0.41264167,0.22588408,0.3614742,set_4
7.8593146e-08,0.7935,0.92870224,0.89811254,5.4135566,0.0,0.0,0.1146311,0.6744889,0.68686867,1.0577749,0.9999999,0.36948812,0.23663652,0.3938754,set_4
5.046136e-08,1.1640711,1.1168065,1.0197248,2.6119893,0.0,0.0,0.1146311,0.6744889,1.111111,0.96059793,0.9999999,0.16547364,0.25190413,0.58262223,set_4
-2.4485007e-07,1.4259647,1.1155586,1.1100035,1.8410025,0.0,0.0,0.1146311,0.6744889,1.4545455,0.8896381,0.9999999,0.055667166,0.25035965,0.6939732,set_4
-1.669255e-07,1.5156237,1.1008519,1.1452198,1.6847929,0.0,0.0,0.1146311,0.6744889,1.5959595,0.8623983,0.9999999,0.03723379,0.24634492,0.71642125,set_4
-1.3635514e-08,1.5845457,1.086076,1.174551,1.5862987,0.0,0.0,0.1146311,0.6744889,1.7171717,0.8399319,0.9999999,0.027116695,0.24258886,0.73029447,set_4
0.0,0.0,0.10758646,0.6744889,15.5798,0.0,0.0,0.10758646,0.6744889,0.0,1.237127,0.9999999,0.4434949,0.18389608,0.372609,set_4
1.6216964e-08,0.081427485,0.20857799,0.6956585,14.320989,0.0,0.0,0.10758646,0.6744889,0.06060606,1.2202688,0.9999999,0.4406825,0.1903483,0.3689692,set_4
-1.8935948e-08,0.31069154,0.4737783,0.7574369,11.034905,0.0,0.0,0.10758646,0.6744889,0.24242423,1.1706843,0.9999999,0.4302112,0.20918301,0.36060584,set_4
-3.6408437e-08,0.42999405,0.59868073,0.7906697,9.489197,0.0,0.0,0.10758646,0.6744889,0.34343433,1.1440113,0.9999999,0.4225444,0.2182986,0.35915697,set_4
-8.9362274e-08,0.77475315,0.90660006,0.8920255,5.6220455,0.0,0.0,0.10758646,0.6744889,0.6666667,1.0626575,0.9999999,0.3751123,0.23594327,0.3889444,set_4
-1.988455e-07,0.97587234,1.0451527,0.95749134,3.7674725,0.0,0.0,0.10758646,0.6744889,0.8888889,1.0102192,0.9999999,0.29053506,0.24293673,0.46652812,set_4
-1.8106309e-07,1.0797529,1.0901854,0.99182415,3.0557644,0.0,0.0,0.10758646,0.6744889,1.010101,0.9827792,0.9999999,0.22256528,0.24816094,0.5292738,set_4
-1.3873037e-07,1.5718107,1.0849565,1.1696861,1.5974147,0.0,0.0,0.10758646,0.6744889,1.6969697,0.843646,0.9999999,0.028494008,0.24314657,0.7283594,set_4
-2.3100127e-07,1.635342,1.0693046,1.198381,1.5192173,0.0,0.0,0.10758646,0.6744889,1.8181818,0.8218912,0.9999999,0.021181606,0.23939715,0.73942125,set_4
0.0,0.0,0.109038666,0.6744889,15.5798,0.0,0.0,0.109038666,0.6744889,0.0,1.237127,0.9999999,0.4434805,0.1839234,0.3725961,set_4
-2.185337e-07,0.45405507,0.6209926,0.7972235,9.21855,0.0,0.0,0.109038666,0.6744889,0.36363634,1.1387749,0.9999999,0.42082936,0.21992174,0.3592489,set_4
-3.4765776e-08,0.75379825,0.8946506,0.88589317,5.8019056,0.0,0.0,0.109038666,0.6744889,0.64646465,1.06754,0.9999999,0.37958223,0.23530833,0.3851094,set_4
-2.5910416e-07,0.84947526,0.96779275,0.91619134,4.853194,0.0,0.0,0.109038666,0.6744889,0.74747473,1.0432323,0.9999999,0.35089177,0.23827451,0.41083372,set_4
-5.806579e-07,1.0273123,1.0726596,0.9747386,3.3756857,0.0,0.0,0.109038666,0.6744889,0.94949496,0.9963914,0.9999999,0.25682262,0.24551807,0.49765936,set_4
-5.1060886e-07,1.3054448,1.1227015,1.0683396,2.0990663,0.0,0.0,0.109038666,0.6744889,1.2929292,0.9222027,0.9999999,0.091568336,0.25323334,0.65519834,set_4
-8.5857624e-07,1.4274943,1.1073345,1.1099647,1.8799058,0.0,0.0,0.109038666,0.6744889,1.4545455,0.8896381,0.9999999,0.058524374,0.2510776,0.69039804,set_4
-9.037424e-07,1.5773234,1.0805669,1.1696732,1.6407984,0.0,0.0,0.109038666,0.6744889,1.6969697,0.843646,0.9999999,0.030282713,0.24429056,0.7254267,set_4
-8.6719575e-07,1.6704608,1.0579171,1.2124329,1.5220524,0.0,0.0,0.109038666,0.6744889,1.8787879,0.81140614,0.9999999,0.019387359,0.23856705,0.7420456,set_4
0.0,0.0,0.12526882,0.6744889,15.5798,0.0,0.0,0.12526882,0.6744889,0.0,1.237127,0.9999999,0.44331878,0.18422858,0.3724526,set_4
-1.2911927e-07,0.54567045,0.7221319,0.8231526,8.128751,0.0,0.0,0.12526882,0.6744889,0.44444442,1.1179293,0.9999999,0.4125368,0.22607028,0.36139292,set_4
-1.1497737e-07,0.6093096,0.78351265,0.8422818,7.3648,0.0,0.0,0.12526882,0.6744889,0.5050505,1.1025587,0.9999999,0.40493768,0.22963971,0.36542264,set_4
-1.8259435e-08,0.779966,0.9435669,0.8981105,5.353718,0.0,0.0,0.12526882,0.6744889,0.68686867,1.0577749,0.9999999,0.36823475,0.23656559,0.3951997,set_4
-1.4445202e-07,1.0458531,1.0832598,0.98047036,3.3214216,0.0,0.0,0.12526882,0.6744889,0.96969694,0.99186194,0.9999999,0.2498834,0.24646132,0.5036553,set_4
-5.8382676e-07,1.4388266,1.1034446,1.0996907,2.0862634,0.0,0.0,0.12526882,0.6744889,1.4141414,0.89760315,0.9999999,0.07661866,0.2543499,0.66903144,set_4
-5.863261e-07,1.4799116,1.1000869,1.1150532,1.9892716,0.0,0.0,0.12526882,0.6744889,1.4747474,0.88569576,0.9999999,0.0636116,0.25307667,0.68331176,set_4
-5.6305225e-07,1.544414,1.0917996,1.1402025,1.8594301,0.0,0.0,0.12526882,0.6744889,1.5757575,0.8662364,0.9999999,0.047363475,0.25040293,0.70223355,set_4
-5.227686e-07,1.6152121,1.0791615,1.1696559,1.7405604,0.0,0.0,0.12526882,0.6744889,1.6969697,0.843646,0.9999999,0.03404278,0.24671784,0.71923935,set_4
0.0,0.0,0.114575274,0.6744889,15.5798,0.0,0.0,0.114575274,0.6744889,0.0,1.237127,0.9999999,0.4434254,0.18402746,0.37254715,set_4
9.862237e-08,0.16043486,0.30913606,0.7165376,13.151972,0.0,0.0,0.114575274,0.6744889,0.12121212,1.2034572,0.9999999,0.4374946,0.1969263,0.36557907,set_4
8.2323595e-08,0.4773009,0.6487102,0.8037563,8.934013,0.0,0.0,0.114575274,0.6744889,0.38383836,1.1335428,0.9999999,0.4188977,0.22160575,0.35949653,set_4
3.4261284e-08,0.83026034,0.95841986,0.9101874,5.0307217,0.0,0.0,0.114575274,0.6744889,0.72727275,1.0480244,0.9999999,0.3574279,0.23776844,0.40480363,set_4
1.0917166e-08,0.92067915,1.0216347,0.9399348,4.184905,0.0,0.0,0.114575274,0.6744889,0.8282828,1.024189,0.9999999,0.31872925,0.24078329,0.44048744,set_4
9.904588e-08,1.3571362,1.1213042,1.0841594,2.0065093,0.0,0.0,0.114575274,0.6744889,1.3535353,0.909806,0.9999999,0.0769381,0.25274226,0.6703197,set_4
1.0819643e-07,1.4274229,1.1144415,1.1099949,1.8501719,0.0,0.0,0.114575274,0.6744889,1.4545455,0.8896381,0.9999999,0.056276206,0.2505329,0.6931909,set_4
6.299223e-08,1.6284366,1.0746895,1.1936562,1.54174,0.0,0.0,0.114575274,0.6744889,1.7979797,0.8254849,0.9999999,0.022494813,0.24029405,0.73721117,set_4
4.6006075e-08,1.6679081,1.0641913,1.2124552,1.4957538,0.0,0.0,0.114575274,0.6744889,1.8787879,0.81140614,0.9999999,0.018579207,0.23777226,0.7436486,set_4
0.0,0.0,0.12398944,0.6744889,15.5798,0.0,0.0,0.12398944,0.6744889,0.0,1.237127,0.9999999,0.44333163,0.18420456,0.3724638,set_4
-1.159684e-07,0.5232671,0.70000815,0.8167185,8.391812,0.0,0.0,0.12398944,0.6744889,0.4242424,1.1230792,0.9999999,0.41475868,0.22469904,0.36054227,set_4
-1.2405914e-07,0.60728455,0.7840189,0.8422814,7.3518667,0.0,0.0,0.12398944,0.6744889,0.5050505,1.1025587,0.9999999,0.40487066,0.2296073,0.36552206,set_4
-1.0176554e-07,0.94326043,1.0520723,0.9516564,3.8620691,0.0,0.0,0.12398944,0.6744889,0.86868685,1.0148691,0.9999999,0.29832268,0.24217293,0.45950437,set_4
-1.3389423e-07,1.0233483,1.077475,0.9747573,3.4175014,0.0,0.0,0.12398944,0.6744889,0.94949496,0.9963914,0.9999999,0.2599328,0.24553391,0.49453333,set_4
-2.5567303e-07,1.2099655,1.0956243,1.0252144,2.787074,0.0,0.0,0.12398944,0.6744889,1.1313131,0.95623183,0.9999999,0.17964341,0.2527347,0.5676219,set_4
-4.450733e-07,1.5295342,1.0858005,1.1302277,1.9810017,0.0,0.0,0.12398944,0.6744889,1.5353535,0.87390244,0.9999999,0.05806983,0.25295833,0.6889718,set_4
-4.492505e-07,1.6030825,1.0749339,1.1599457,1.8429883,0.0,0.0,0.12398944,0.6744889,1.6565657,0.85107636,0.9999999,0.04133482,0.24955262,0.7091126,set_4
-2.8138737e-07,1.7601392,1.038428,1.230937,1.6380314,0.0,0.0,0.12398944,0.6744889,1.959596,0.79766905,0.9999999,0.019913202,0.24043587,0.7396509,set_4
0.0,0.0,0.1175182,0.6744889,15.5798,0.0,0.0,0.1175182,0.6744889,0.0,1.237127,0.9999999,0.44339606,0.18408284,0.37252116,set_4
-8.827487e-08,0.23715353,0.39926428,0.7371308,12.064001,0.0,0.0,0.1175182,0.6744889,0.18181817,1.187011,0.9999999,0.43400338,0.20329054,0.36270604,set_4
-8.3868045e-08,0.47688022,0.65258276,0.80375105,8.922719,0.0,0.0,0.1175182,0.6744889,0.38383836,1.1335428,0.9999999,0.41881716,0.22168516,0.35949767,set_4
-1.191329e-07,0.6098722,0.77783,0.84227717,7.3611183,0.0,0.0,0.1175182,0.6744889,0.5050505,1.1025587,0.9999999,0.40498477,0.22952946,0.36548582,set_4
-1.907417e-07,0.73489,0.8838762,0.87975603,6.017173,0.0,0.0,0.1175182,0.6744889,0.6262626,1.0724512,0.9999999,0.38413683,0.23477066,0.38109252,set_4
-2.934779e-07,1.0118374,1.0697314,0.96903497,3.505587,0.0,0.0,0.1175182,0.6744889,0.9292929,1.0009452,0.9999999,0.26854894,0.2447416,0.4867095,set_4
-2.9855374e-07,1.097167,1.1029334,0.9974518,2.9523878,0.0,0.0,0.1175182,0.6744889,1.030303,0.97829276,0.9999999,0.21008995,0.24912816,0.54078186,set_4
-2.7173533e-07,1.147509,1.1158828,1.0141919,2.6869764,0.0,0.0,0.1175182,0.6744889,1.090909,0.96502846,0.9999999,0.17581126,0.2513417,0.57284707,set_4
-1.6875015e-07,1.6925467,1.059038,1.2263588,1.4549745,0.0,0.0,0.1175182,0.6744889,1.939394,0.8010362,0.9999999,0.015918858,0.23559724,0.7484839,set_4
0.0,0.0,0.10587375,0.6744889,15.5798,0.0,0.0,0.10587375,0.6744889,0.0,1.237127,0.9999999,0.4435121,0.18386379,0.3726241,set_4
-6.939276e-08,0.13424657,0.27033657,0.70961016,13.5322075,0.0,0.0,0.10587375,0.6744889,0.1010101,1.2090302,0.9999999,0.43865997,0.19461857,0.36672148,set_4
-9.036953e-08,0.2112982,0.3607229,0.7302973,12.412598,0.0,0.0,0.10587375,0.6744889,0.16161615,1.1924764,0.9999999,0.43531477,0.20100167,0.36368352,set_4
-1.2578178e-07,0.33437744,0.49952954,0.76414645,10.702255,0.0,0.0,0.10587375,0.6744889,0.26262626,1.1653299,0.9999999,0.4288102,0.21110663,0.36008316,set_4
-1.3497896e-07,0.5649693,0.73025835,0.82955277,7.8445334,0.0,0.0,0.10587375,0.6744889,0.46464646,1.112811,0.9999999,0.41025168,0.22702828,0.36271998,set_4
-1.1969016e-07,0.6304393,0.7876842,0.84859514,7.1213856,0.0,0.0,0.10587375,0.6744889,0.5252525,1.0974694,0.9999999,0.402242,0.23037183,0.3673862,set_4
-1.3715703e-07,0.9771065,1.0421458,0.9574691,3.782331,0.0,0.0,0.10587375,0.6744889,0.8888889,1.0102192,0.9999999,0.29145953,0.24291581,0.46562463,set_4
-8.077233e-08,1.3090101,1.119712,1.0683758,2.1079185,0.0,0.0,0.10587375,0.6744889,1.2929292,0.9222027,0.9999999,0.092330575,0.25332502,0.6543444,set_4
-1.2429592e-07,1.5493177,1.08879,1.1599656,1.6297679,0.0,0.0,0.10587375,0.6744889,1.6565657,0.85107636,0.9999999,0.0316956,0.24443617,0.72386825,set_4
0.0,0.0,0.12307722,0.6744889,15.5798,0.0,0.0,0.12307722,0.6744889,0.0,1.237127,0.9999999,0.44334063,0.18418743,0.372472,set_4
-1.7038775e-07,0.6538282,0.81795716,0.8548962,6.903528,0.0,0.0,0.12307722,0.6744889,0.5454545,1.0924389,0.9999999,0.39907983,0.23163114,0.36928907,set_4
-1.5755695e-07,0.7151493,0.8710688,0.87358826,6.232439,0.0,0.0,0.12307722,0.6744889,0.60606056,1.0774199,0.9999999,0.38829252,0.23413606,0.37757146,set_4
-6.8228005e-08,0.886128,1.0020207,0.9281381,4.523608,0.0,0.0,0.12307722,0.6744889,0.78787875,1.0337013,0.9999999,0.3363312,0.23962633,0.42404255,set_4
-7.3282564e-08,0.95863754,1.0453343,0.95166755,3.9159899,0.0,0.0,0.12307722,0.6744889,0.86868685,1.0148691,0.9999999,0.30095437,0.24233453,0.45671114,set_4
-1.9278755e-07,1.0829105,1.0986801,0.99182105,3.0731597,0.0,0.0,0.12307722,0.6744889,1.010101,0.9827792,0.9999999,0.22363028,0.2483216,0.52804816,set_4
-3.8120604e-07,1.5300279,1.1045893,1.1501479,1.658501,0.0,0.0,0.12307722,0.6744889,1.6161616,0.8585641,0.9999999,0.034698382,0.24550743,0.71979415,set_4
-6.6125176e-07,1.6795533,1.0649859,1.2171321,1.4959544,0.0,0.0,0.12307722,0.6744889,1.8989899,0.807915,0.9999999,0.01795579,0.23742901,0.7446152,set_4
-6.830764e-07,1.7071168,1.0568466,1.2309649,1.4679697,0.0,0.0,0.12307722,0.6744889,1.959596,0.79766905,0.9999999,0.015690006,0.23561236,0.7486976,set_4
0.0,0.0,0.110083416,0.6744889,15.5798,0.0,0.0,0.110083416,0.6744889,0.0,1.237127,0.9999999,0.4434701,0.18394305,0.37258685,set_4
1.1243625e-08,0.108020864,0.24304678,0.7026505,13.921786,0.0,0.0,0.110083416,0.6744889,0.08080807,1.2146494,0.9999999,0.4396538,0.19255093,0.36779526,set_4
-2.6215343e-08,0.23695746,0.39254373,0.73712844,12.063218,0.0,0.0,0.110083416,0.6744889,0.18181817,1.187011,0.9999999,0.43408197,0.20314835,0.36276966,set_4
8.760983e-10,0.6314834,0.7894347,0.84860194,7.1340036,0.0,0.0,0.110083416,0.6744889,0.5252525,1.0974694,0.9999999,0.4022991,0.23043713,0.36726376,set_4
7.664461e-09,0.6934237,0.84445363,0.86738,6.4445734,0.0,0.0,0.110083416,0.6744889,0.5858586,1.0824397,0.9999999,0.39226624,0.23314586,0.37458792,set_4
5.949066e-08,0.98802316,1.0580364,0.9632552,3.61571,0.0,0.0,0.110083416,0.6744889,0.9090909,1.005552,0.9999999,0.27879563,0.24373874,0.4774657,set_4
-3.1739881e-07,1.3941644,1.1111284,1.0945729,1.9820597,0.0,0.0,0.110083416,0.6744889,1.3939394,0.9016767,0.9999999,0.071075104,0.2526329,0.676292,set_4
-4.1465893e-07,1.5948515,1.0790794,1.1745472,1.6248889,0.0,0.0,0.110083416,0.6744889,1.7171717,0.8399319,0.9999999,0.028604768,0.2436057,0.7277895,set_4
-5.0992e-07,1.6473713,1.0664697,1.1984084,1.5571178,0.0,0.0,0.110083416,0.6744889,1.8181818,0.8218912,0.9999999,0.02228508,0.24042451,0.73729044,set_4
0.0,0.0,0.11352946,0.6744889,15.5798,0.0,0.0,0.11352946,0.6744889,0.0,1.237127,0.9999999,0.44343573,0.18400782,0.37255645,set_4
-2.8206932e-08,0.13437273,0.27761817,0.70961016,13.532221,0.0,0.0,0.11352946,0.6744889,0.1010101,1.2090302,0.9999999,0.4385799,0.19476691,0.36665314,set_4
-1.6555829e-07,0.4535392,0.6268663,0.79723316,9.20178,0.0,0.0,0.11352946,0.6744889,0.36363634,1.1387749,0.9999999,0.420714,0.22004747,0.35923856,set_4
-1.2861142e-07,0.5664236,0.7345005,0.82955563,7.860658,0.0,0.0,0.11352946,0.6744889,0.46464646,1.112811,0.9999999,0.41025943,0.22714604,0.36259454,set_4
6.513394e-08,0.8875281,0.9951451,0.92811906,4.5240254,0.0,0.0,0.11352946,0.6744889,0.78787875,1.0337013,0.9999999,0.33646038,0.23952778,0.4240119,set_4
1.2054143e-07,0.99375856,1.0586671,0.9632528,3.6321006,0.0,0.0,0.11352946,0.6744889,0.9090909,1.005552,0.9999999,0.27962416,0.24383503,0.47654083,set_4
9.9499516e-08,1.0627382,1.0887315,0.9861431,3.1564682,0.0,0.0,0.11352946,0.6744889,0.989899,0.9873282,0.9999999,0.23386869,0.24735351,0.5187778,set_4
-2.6180183e-07,1.3686194,1.12175,1.0893458,1.9537565,0.0,0.0,0.11352946,0.6744889,1.3737373,0.9057464,0.9999999,0.070819,0.25210083,0.6770802,set_4
-3.6223085e-07,1.4895337,1.1054773,1.1352295,1.718204,0.0,0.0,0.11352946,0.6744889,1.5555555,0.8700615,0.9999999,0.041327167,0.24742308,0.71124977,set_4
0.0,0.0,0.11385198,0.6744889,15.5798,0.0,0.0,0.11385198,0.6744889,0.0,1.237127,0.9999999,0.4434326,0.18401389,0.37255353,set_4
-1.4275786e-07,0.23704815,0.3959059,0.7371308,12.063987,0.0,0.0,0.11385198,0.6744889,0.18181817,1.187011,0.9999999,0.4340429,0.20321889,0.3627382,set_4
-1.3086577e-07,0.6090388,0.77634907,0.84228283,7.3492527,0.0,0.0,0.11385198,0.6744889,0.5050505,1.1025587,0.9999999,0.40493616,0.22947606,0.3655878,set_4
-2.2584798e-07,0.7139117,0.8653706,0.87357587,6.2211504,0.0,0.0,0.11385198,0.6744889,0.60606056,1.0774199,0.9999999,0.38825816,0.23398553,0.37775633,set_4
-3.7463366e-07,0.92432517,1.0174823,0.93993753,4.2150826,0.0,0.0,0.11385198,0.6744889,0.8282828,1.024189,0.9999999,0.32008708,0.24081658,0.43909627,set_4
-4.193549e-07,1.1141554,1.1042204,1.0030423,2.8676364,0.0,0.0,0.11385198,0.6744889,1.0505049,0.973858,0.9999999,0.19940777,0.24987678,0.5507155,set_4
-3.6152773e-07,1.2933512,1.1257384,1.0630363,2.146081,0.0,0.0,0.11385198,0.6744889,1.2727273,0.92638826,0.9999999,0.097906336,0.25347012,0.6486236,set_4
-3.1108766e-07,1.4381171,1.1135621,1.115053,1.8125614,0.0,0.0,0.11385198,0.6744889,1.4747474,0.88569576,0.9999999,0.052313402,0.24978147,0.6979051,set_4
-3.799894e-07,1.5143087,1.1007117,1.1451683,1.6822085,0.0,0.0,0.11385198,0.6744889,1.5959595,0.8623983,0.9999999,0.03713645,0.24628669,0.7165768,set_4
0.0,0.0,0.10916561,0.6744889,15.5798,0.0,0.0,0.10916561,0.6744889,0.0,1.237127,0.9999999,0.44347933,0.18392573,0.37259498,set_4
-1.1193554e-07,0.26196086,0.41948915,0.74393266,11.717993,0.0,0.0,0.10916561,0.6744889,0.2020202,1.1815249,0.9999999,0.43285397,0.20517693,0.3619691,set_4
-1.2004271e-07,0.4766173,0.6451228,0.80375344,8.926136,0.0,0.0,0.10916561,0.6744889,0.38383836,1.1335428,0.9999999,0.41892806,0.2215217,0.35955024,set_4
-1.01710604e-07,0.7138971,0.86112714,0.87357885,6.22596,0.0,0.0,0.10916561,0.6744889,0.60606056,1.0774199,0.9999999,0.3883869,0.23391257,0.37770054,set_4
-9.793084e-08,0.7738201,0.90916693,0.89201593,5.6111097,0.0,0.0,0.10916561,0.6744889,0.6666667,1.0626575,0.9999999,0.37488502,0.23595145,0.38916355,set_4
-9.649884e-08,1.1960015,1.1188837,1.0307004,2.464377,0.0,0.0,0.10916561,0.6744889,1.1515151,0.951916,0.9999999,0.14494267,0.25275853,0.6022988,set_4
-7.6486145e-08,1.2766228,1.123665,1.0577193,2.1846857,0.0,0.0,0.10916561,0.6744889,1.2525252,0.9305653,0.9999999,0.10403219,0.2534753,0.64249253,set_4
-1.6350245e-07,1.450315,1.1092844,1.1201433,1.7836343,0.0,0.0,0.10916561,0.6744889,1.4949495,0.8817419,0.9999999,0.04913329,0.2491411,0.7017256,set_4
1.3725929e-07,1.624318,1.0732613,1.1936322,1.5274826,0.0,0.0,0.10916561,0.6744889,1.7979797,0.8254849,0.9999999,0.022102194,0.23991907,0.73797876,set_4
0.0,0.0,0.118544154,0.6744889,15.5798,0.0,0.0,0.118544154,0.6744889,0.0,1.237127,0.9999999,0.4433858,0.18410213,0.37251204,set_4
9.963005e-08,0.16051278,0.31287453,0.7165376,13.151982,0.0,0.0,0.118544154,0.6744889,0.12121212,1.2034572,0.9999999,0.4374528,0.19700345,0.3655437,set_4
5.719042e-08,0.2871174,0.45529735,0.7507039,11.378953,0.0,0.0,0.118544154,0.6744889,0.22222221,1.1760731,0.9999999,0.4314604,0.20737946,0.36116013,set_4
1.2087206e-08,0.38416898,0.55813473,0.77747613,10.1009865,0.0,0.0,0.118544154,0.6744889,0.30303028,1.1546115,0.9999999,0.4257409,0.21499386,0.35926524,set_4
1.0485104e-07,0.63202953,0.7961661,0.8485901,7.134391,0.0,0.0,0.118544154,0.6744889,0.5252525,1.0974694,0.9999999,0.40219748,0.23058167,0.3672209,set_4
1.2624196e-07,1.0607078,1.0930636,0.986135,3.1486754,0.0,0.0,0.118544154,0.6744889,0.989899,0.9873282,0.9999999,0.2331429,0.24739777,0.51945937,set_4
-3.6863696e-08,1.2490461,1.1257865,1.0469862,2.3118567,0.0,0.0,0.118544154,0.6744889,1.2121212,0.9390081,0.9999999,0.121104226,0.2536655,0.62523025,set_4
-1.1425675e-07,1.3879526,1.120347,1.0945579,1.9482733,0.0,0.0,0.118544154,0.6744889,1.3939394,0.9016767,0.9999999,0.06836546,0.25212738,0.67950714,set_4
-5.6751965e-08,1.6604602,1.0683801,1.207789,1.512661,0.0,0.0,0.118544154,0.6744889,1.8585858,0.81488013,0.9999999,0.019605359,0.23855372,0.7418409,set_4
0.0,0.0,0.10754986,0.6744889,15.5798,0.0,0.0,0.10754986,0.6744889,0.0,1.237127,0.9999999,0.4434953,0.18389536,0.3726093,set_4
-8.2747555e-08,0.38365668,0.54833955,0.7774703,10.102971,0.0,0.0,0.10754986,0.6744889,0.30303028,1.1546115,0.9999999,0.4258716,0.21477467,0.35935372,set_4
-1.4338814e-07,0.52248424,0.68761283,0.81671107,8.382168,0.0,0.0,0.10754986,0.6744889,0.4242424,1.1230792,0.9999999,0.41489464,0.22442642,0.36067894,set_4
1.3465421e-07,1.158617,1.1139305,1.0196984,2.5957685,0.0,0.0,0.10754986,0.6744889,1.111111,0.96059793,0.9999999,0.16422187,0.2517852,0.58399296,set_4
1.4035822e-07,1.2073284,1.1207849,1.0361358,2.389336,0.0,0.0,0.10754986,0.6744889,1.1717172,0.9476215,0.9999999,0.13478495,0.25298673,0.61222833,set_4
-1.8692266e-08,1.3194603,1.1207106,1.0736381,2.0618567,0.0,0.0,0.10754986,0.6744889,1.3131312,0.9180098,0.9999999,0.0861691,0.25303838,0.6607926,set_4
-3.9736346e-07,1.4802477,1.0973253,1.13024,1.7937049,0.0,0.0,0.10754986,0.6744889,1.5353535,0.87390244,0.9999999,0.047090314,0.24921189,0.70369786,set_4
-4.0259107e-07,1.5176272,1.0910615,1.1451974,1.7299811,0.0,0.0,0.10754986,0.6744889,1.5959595,0.8623983,0.9999999,0.039737582,0.24743864,0.71282375,set_4
-3.554067e-07,1.7061961,1.0466198,1.2309355,1.4814124,0.0,0.0,0.10754986,0.6744889,1.959596,0.79766905,0.9999999,0.016147347,0.236094,0.7477586,set_4
0.0,0.0,0.11040577,0.6744889,15.5798,0.0,0.0,0.11040577,0.6744889,0.0,1.237127,0.9999999,0.44346687,0.1839491,0.37258402,set_4
-3.8208746e-08,0.31139997,0.47447175,0.75744057,11.049731,0.0,0.0,0.11040577,0.6744889,0.24242423,1.1706843,0.9999999,0.43021286,0.20919074,0.36059642,set_4
-1.6846758e-07,0.8795905,0.9999666,0.92813647,4.465324,0.0,0.0,0.11040577,0.6744889,0.78787875,1.0337013,0.9999999,0.33437756,0.23937143,0.42625102,set_4
-2.6835525e-07,0.92968273,1.0349517,0.94582784,3.9876046,0.0,0.0,0.11040577,0.6744889,0.8484848,1.0195161,0.9999999,0.30729353,0.24133839,0.45136803,set_4
-2.9697435e-07,1.1149365,1.1145431,1.0086356,2.707628,0.0,0.0,0.11040577,0.6744889,1.070707,0.9694461,0.9999999,0.1814614,0.25050265,0.56803596,set_4
-2.6743865e-07,1.1799822,1.1263697,1.0307014,2.4056528,0.0,0.0,0.11040577,0.6744889,1.1515151,0.951916,0.9999999,0.13942505,0.25250113,0.60807383,set_4
-3.6793168e-07,1.323689,1.124878,1.0789177,1.9945551,0.0,0.0,0.11040577,0.6744889,1.3333333,0.9138843,0.9999999,0.07856436,0.2523698,0.66906583,set_4
-4.4697313e-07,1.3700675,1.1182135,1.0945622,1.9186798,0.0,0.0,0.11040577,0.6744889,1.3939394,0.9016767,0.9999999,0.066777706,0.25161284,0.68160945,set_4
-5.9800345e-07,1.4830275,1.0974464,1.1352657,1.7639958,0.0,0.0,0.11040577,0.6744889,1.5555555,0.8700615,0.9999999,0.044230334,0.24848884,0.7072808,set_4
0.0,0.0,0.11095017,0.6744889,15.5798,0.0,0.0,0.11095017,0.6744889,0.0,1.237127,0.9999999,0.4434615,0.1839593,0.37257913,set_4
-2.4681261e-08,0.108032286,0.24387923,0.7026505,13.921787,0.0,0.0,0.11095017,0.6744889,0.08080807,1.2146494,0.9999999,0.4396448,0.1925676,0.36778757,set_4
-8.671307e-08,0.3114254,0.4752735,0.7574433,11.047069,0.0,0.0,0.11095017,0.6744889,0.24242423,1.1706843,0.9999999,0.4301999,0.20921147,0.36058864,set_4
-8.9560835e-08,0.6940431,0.84466535,0.86736715,6.448683,0.0,0.0,0.11095017,0.6744889,0.5858586,1.0824397,0.9999999,0.39229932,0.23316623,0.37453446,set_4
-8.868903e-08,0.7535779,0.8953274,0.88588744,5.8079333,0.0,0.0,0.11095017,0.6744889,0.64646465,1.06754,0.9999999,0.37967443,0.23533146,0.38499406,set_4
-7.1704605e-08,0.84742486,0.9697027,0.9161893,4.848174,0.0,0.0,0.11095017,0.6744889,0.74747473,1.0432323,0.9999999,0.35075414,0.23826686,0.41097897,set_4
-1.0074613e-07,1.0784072,1.0925723,0.9917959,3.0547945,0.0,0.0,0.11095017,0.6744889,1.010101,0.9827792,0.9999999,0.22245155,0.24817981,0.5293686,set_4
-2.6157323e-07,1.3138978,1.1206595,1.0683608,2.1277232,0.0,0.0,0.11095017,0.6744889,1.2929292,0.9222027,0.9999999,0.09388295,0.25356576,0.65255135,set_4
-1.4193826e-07,1.6977464,1.0535438,1.2263508,1.4718708,0.0,0.0,0.11095017,0.6744889,1.939394,0.8010362,0.9999999,0.016350018,0.23610286,0.74754715,set_4
0.0,0.0,0.10272463,0.6744889,15.5798,0.0,0.0,0.10272463,0.6744889,0.0,1.237127,0.9999999,0.4435434,0.18380462,0.372652,set_4
5.1503473e-09,0.10792307,0.23597918,0.7026505,13.921776,0.0,0.0,0.10272463,0.6744889,0.08080807,1.2146494,0.9999999,0.43973002,0.1924089,0.36786103,set_4
1.0815839e-07,0.5880823,0.7445951,0.83593345,7.6196346,0.0,0.0,0.10272463,0.6744889,0.48484847,1.1076956,0.9999999,0.40794834,0.22813797,0.36391369,set_4
6.5842556e-08,0.7895043,0.92146015,0.8980995,5.3985767,0.0,0.0,0.10272463,0.6744889,0.68686867,1.0577749,0.9999999,0.36938587,0.23640855,0.39420557,set_4
1.327985e-07,1.1829469,1.1078309,1.0252211,2.5702667,0.0,0.0,0.10272463,0.6744889,1.1313131,0.95623183,0.9999999,0.15875104,0.25234655,0.5889025,set_4
2.7346005e-07,1.3173531,1.112008,1.0683821,2.1560888,0.0,0.0,0.10272463,0.6744889,1.2929292,0.9222027,0.9999999,0.09665246,0.25380933,0.6495382,set_4
2.7933166e-07,1.3629084,1.1099942,1.0841652,2.0396626,0.0,0.0,0.10272463,0.6744889,1.3535353,0.909806,0.9999999,0.07986784,0.2531538,0.6669783,set_4
2.9448583e-07,1.4467708,1.1021757,1.115096,1.8521758,0.0,0.0,0.10272463,0.6744889,1.4747474,0.88569576,0.9999999,0.05498596,0.25054297,0.694471,set_4
1.544835e-07,1.5351272,1.0879198,1.150157,1.6976882,0.0,0.0,0.10272463,0.6744889,1.6161616,0.8585641,0.9999999,0.036857326,0.24649176,0.7166509,set_4
0.0,0.0,0.10871723,0.6744889,15.5798,0.0,0.0,0.10871723,0.6744889,0.0,1.237127,0.9999999,0.44348365,0.18391731,0.372599,set_4
9.980307e-08,0.1603196,0.30361724,0.7165376,13.151958,0.0,0.0,0.10871723,0.6744889,0.12121212,1.2034572,0.9999999,0.4375564,0.19681233,0.36563125,set_4
1.7649765e-07,0.28677684,0.4464488,0.75070363,11.378971,0.0,0.0,0.10871723,0.6744889,0.22222221,1.1760731,0.9999999,0.43156826,0.20718722,0.36124456,set_4
-3.7213493e-07,1.21469,1.1177161,1.0361474,2.422406,0.0,0.0,0.10871723,0.6744889,1.1717172,0.9476215,0.9999999,0.13790843,0.25314945,0.60894215,set_4
-4.893601e-07,1.4553691,1.1062243,1.1201661,1.80736,0.0,0.0,0.10871723,0.6744889,1.4949495,0.8817419,0.9999999,0.05055838,0.24962623,0.6998154,set_4
-4.9676487e-07,1.5183575,1.0956271,1.1452069,1.6996725,0.0,0.0,0.10871723,0.6744889,1.5959595,0.8623983,0.9999999,0.03804495,0.24670437,0.7152507,set_4
-4.934799e-07,1.5983706,1.0784006,1.1793402,1.5871642,0.0,0.0,0.10871723,0.6744889,1.7373737,0.8362865,0.9999999,0.026380807,0.24237122,0.73124796,set_4
-4.8659473e-07,1.6400346,1.0680324,1.1983795,1.5361029,0.0,0.0,0.10871723,0.6744889,1.8181818,0.8218912,0.9999999,0.02167686,0.23986013,0.73846304,set_4
-4.8249484e-07,1.6788825,1.0576053,1.2170959,1.4914515,0.0,0.0,0.10871723,0.6744889,1.8989899,0.807915,0.9999999,0.017933574,0.237344,0.7447224,set_4
0.0,0.0,0.113122925,0.67488027,29.212,0.0,0.0,0.113122925,0.67488027,0.0,1.2585858,0.9999999,0.44196618,0.16845353,0.38958034,set_4
-6.366768e-08,0.121721804,0.27589747,0.71053725,26.474295,0.0,0.0,0.113122925,0.67488027,0.1010101,1.2248846,0.9999999,0.43927282,0.17569984,0.38502732,set_4
-9.2371224e-08,0.6511804,0.8801311,0.88141024,16.408497,0.0,0.0,0.113122925,0.67488027,0.6262626,1.0695461,0.9999999,0.42057446,0.21999077,0.35943475,set_4
-7.033727e-08,0.70520246,0.9316924,0.89968807,15.557604,0.0,0.0,0.113122925,0.67488027,0.68686867,1.0538857,0.9999999,0.41789305,0.22528297,0.35682395,set_4
-7.832748e-08,0.9787966,1.1670312,0.99287784,11.702435,0.0,0.0,0.113122925,0.67488027,1.010101,0.97721523,0.9999999,0.40128085,0.25076333,0.34795582,set_4
-8.392897e-08,1.0591196,1.2287148,1.0206267,10.694942,0.0,0.0,0.113122925,0.67488027,1.111111,0.9558787,0.9999999,0.39497477,0.25715744,0.3478678,set_4
-5.9906974e-08,1.3417301,1.4159882,1.1210195,7.5588036,0.0,0.0,0.113122925,0.67488027,1.4949495,0.8861555,0.9999999,0.36010197,0.27287513,0.36702293,set_4
-1.2050094e-09,1.5863132,1.5376142,1.2147335,5.3054647,0.0,0.0,0.113122925,0.67488027,1.8787879,0.83424133,0.9999999,0.28330663,0.27991626,0.43677709,set_4
1.2287987e-07,1.6341687,1.5539546,1.2337939,4.9382515,0.0,0.0,0.113122925,0.67488027,1.959596,0.8255495,0.9999999,0.25853825,0.28136584,0.4600959,set_4
0.0,0.0,0.10605665,0.67488027,29.212,0.0,0.0,0.10605665,0.67488027,0.0,1.2585858,0.9999999,0.44201213,0.16836509,0.38962287,set_4
-1.8624792e-07,0.14488177,0.29943645,0.7175525,25.967453,0.0,0.0,0.10605665,0.67488027,0.12121212,1.2182416,0.9999999,0.4387493,0.17712155,0.38412908,set_4
-1.9352446e-07,0.52048063,0.7423418,0.83766353,18.594225,0.0,0.0,0.10605665,0.67488027,0.48484847,1.1081766,0.9999999,0.42645523,0.20737994,0.36616477,set_4
-1.4905855e-07,0.8103831,1.0221401,0.93550235,13.985947,0.0,0.0,0.10605665,0.67488027,0.8080808,1.023598,0.9999999,0.41221696,0.23542702,0.35235605,set_4
-1.5694046e-07,0.9455211,1.1364994,0.98167163,12.124107,0.0,0.0,0.10605665,0.67488027,0.96969694,0.98618925,0.9999999,0.40366033,0.2478744,0.3484653,set_4
-1.8779036e-07,1.2408602,1.3521281,1.0849417,8.586922,0.0,0.0,0.10605665,0.67488027,1.3535353,0.9097776,0.9999999,0.37572896,0.2685194,0.35575163,set_4
-2.089842e-07,1.2985628,1.3875804,1.1056589,7.982144,0.0,0.0,0.10605665,0.67488027,1.4343435,0.8959203,0.9999999,0.36734927,0.27114892,0.3615018,set_4
-2.587008e-07,1.4485623,1.469977,1.1610966,6.5207,0.0,0.0,0.10605665,0.67488027,1.6565657,0.8621012,0.9999999,0.33561295,0.2761721,0.38821498,set_4
-3.1376084e-07,1.6098843,1.5412451,1.2242011,5.126606,0.0,0.0,0.10605665,0.67488027,1.919192,0.8296955,0.9999999,0.2719035,0.28056794,0.4475285,set_4
0.0,0.0,0.11070916,0.67488027,29.212,0.0,0.0,0.11070916,0.67488027,0.0,1.2585858,0.9999999,0.44198185,0.16842325,0.38959488,set_4
1.4370734e-07,0.40251124,0.61687195,0.79887086,20.736824,0.0,0.0,0.11070916,0.67488027,0.36363634,1.1431063,0.9999999,0.43095204,0.19685178,0.37219617,set_4
1.3728072e-07,0.70549166,0.9302306,0.8997296,15.553364,0.0,0.0,0.11070916,0.67488027,0.68686867,1.0538857,0.9999999,0.41790152,0.22526923,0.35682926,set_4
1.5579573e-08,0.96295696,1.1517663,0.98727137,11.919505,0.0,0.0,0.11070916,0.67488027,0.989899,0.9817182,0.9999999,0.40249386,0.24932843,0.34817773,set_4
1.2792566e-08,1.0279773,1.20201,1.0096228,11.096533,0.0,0.0,0.11070916,0.67488027,1.070707,0.9643624,0.9999999,0.3976329,0.2546549,0.34771222,set_4
2.2422519e-08,1.0913762,1.2489944,1.0315864,10.325575,0.0,0.0,0.11070916,0.67488027,1.1515151,0.9477423,0.9999999,0.3922943,0.25939485,0.34831086,set_4
2.589855e-08,1.1378164,1.2821792,1.0478135,9.779347,0.0,0.0,0.11070916,0.67488027,1.2121212,0.93577844,0.9999999,0.38789415,0.26254675,0.34955913,set_4
-1.9519323e-08,1.2712345,1.3716428,1.0953068,8.291641,0.0,0.0,0.11070916,0.67488027,1.3939394,0.9027964,0.9999999,0.37177086,0.26994592,0.35828322,set_4
-9.115595e-08,1.3957381,1.4464772,1.1411915,7.009795,0.0,0.0,0.11070916,0.67488027,1.5757575,0.87376726,0.9999999,0.3487223,0.27468592,0.3765917,set_4
0.0,0.0,0.10047221,0.67488027,29.212,0.0,0.0,0.10047221,0.67488027,0.0,1.2585858,0.9999999,0.44204852,0.16829512,0.3896564,set_4
7.859984e-08,0.1903077,0.35265464,0.73147106,24.990406,0.0,0.0,0.10047221,0.67488027,0.16161615,1.2053001,0.9999999,0.4376116,0.18013775,0.38225064,set_4
8.526243e-08,0.29942995,0.48784655,0.7656165,22.738907,0.0,0.0,0.10047221,0.67488027,0.26262626,1.1735852,0.9999999,0.4344629,0.18822351,0.37731358,set_4
1.0547794e-07,0.40292782,0.60913074,0.79886365,20.728125,0.0,0.0,0.10047221,0.67488027,0.36363634,1.1431063,0.9999999,0.4310143,0.19674025,0.3722455,set_4
6.0436484e-08,0.61475205,0.8352283,0.8690622,16.995323,0.0,0.0,0.10047221,0.67488027,0.5858586,1.0804132,0.9999999,0.4223819,0.21627578,0.36134228,set_4
-1.1156423e-07,0.7931006,1.0027623,0.9296349,14.236887,0.0,0.0,0.10047221,0.67488027,0.78787875,1.028594,0.9999999,0.4132522,0.23368008,0.35306767,set_4
-7.164259e-08,1.1819555,1.3104595,1.0639479,9.230334,0.0,0.0,0.10047221,0.67488027,1.2727273,0.9244165,0.9999999,0.3829653,0.26528424,0.35175043,set_4
-2.2043014e-07,1.3800949,1.4352162,1.1362704,7.1214037,0.0,0.0,0.10047221,0.67488027,1.5555555,0.87675726,0.9999999,0.35151857,0.27414498,0.37433645,set_4
-5.7672185e-07,1.5945884,1.5328354,1.2195069,5.226058,0.0,0.0,0.10047221,0.67488027,1.8989899,0.8319495,0.9999999,0.27847365,0.28012642,0.4413999,set_4
0.0,0.0,0.10937963,0.67488027,29.212,0.0,0.0,0.10937963,0.67488027,0.0,1.2585858,0.9999999,0.4419905,0.16840662,0.38960287,set_4
-8.8984834e-08,0.61402196,0.84110385,0.8690589,17.003513,0.0,0.0,0.10937963,0.67488027,0.5858586,1.0804132,0.9999999,0.42233515,0.21635932,0.3613056,set_4
-1.5508115e-07,0.81081545,1.0250831,0.9354687,13.981994,0.0,0.0,0.10937963,0.67488027,0.8080808,1.023598,0.9999999,0.4121765,0.23550047,0.35232309,set_4
-1.5156368e-07,0.96277905,1.151377,0.9872777,11.915125,0.0,0.0,0.10937963,0.67488027,0.989899,0.9817182,0.9999999,0.4024902,0.24932651,0.3481833,set_4
-2.9135023e-09,1.1983428,1.3227075,1.069193,9.092136,0.0,0.0,0.10937963,0.67488027,1.2929292,0.92067313,0.9999999,0.3813717,0.26618975,0.3524386,set_4
4.854715e-09,1.2570217,1.3613524,1.09018,8.447313,0.0,0.0,0.10937963,0.67488027,1.3737373,0.90629745,0.9999999,0.3738542,0.2692533,0.35689253,set_4
-2.551273e-08,1.2998369,1.3885033,1.1057084,7.990258,0.0,0.0,0.10937963,0.67488027,1.4343435,0.8959203,0.9999999,0.3673986,0.27118692,0.36141446,set_4
-7.108117e-08,1.4354515,1.4672724,1.1562512,6.625001,0.0,0.0,0.10937963,0.67488027,1.6363636,0.86487633,0.9999999,0.33876607,0.27583942,0.38539454,set_4
1.598699e-07,1.5976591,1.540856,1.2195073,5.202924,0.0,0.0,0.10937963,0.67488027,1.8989899,0.8319495,0.9999999,0.27710587,0.2802331,0.44266108,set_4
0.0,0.0,0.10855152,0.67488027,29.212,0.0,0.0,0.10855152,0.67488027,0.0,1.2585858,0.9999999,0.4419959,0.16839626,0.38960785,set_4
-2.1068807e-07,0.44230798,0.6597812,0.8119295,19.99365,0.0,0.0,0.10855152,0.67488027,0.4040404,1.1312001,0.9999999,0.42950824,0.20031057,0.37018123,set_4
-1.8199485e-07,0.66918916,0.8943208,0.8875427,16.117027,0.0,0.0,0.10855152,0.67488027,0.64646465,1.064286,0.9999999,0.41972575,0.22170404,0.3585702,set_4
-2.1414868e-07,0.87941766,1.0826179,0.95878786,13.027136,0.0,0.0,0.10855152,0.67488027,0.8888889,1.0045382,0.9999999,0.4080686,0.24190004,0.35003138,set_4
-2.3330236e-07,1.0438247,1.2128278,1.0151734,10.896864,0.0,0.0,0.10855152,0.67488027,1.090909,0.9601341,0.9999999,0.39635664,0.25587416,0.34776923,set_4
-2.327507e-07,1.3131452,1.3981755,1.1107956,7.8316984,0.0,0.0,0.10855152,0.67488027,1.4545455,0.89264935,0.9999999,0.36494488,0.2717629,0.36329216,set_4
-2.5770618e-07,1.4739308,1.4867969,1.1710622,6.2617826,0.0,0.0,0.10855152,0.67488027,1.6969697,0.8565809,0.9999999,0.32738236,0.27687615,0.3957415,set_4
-2.621354e-07,1.5244669,1.5102811,1.1906269,5.813217,0.0,0.0,0.10855152,0.67488027,1.7777778,0.84618074,0.9999999,0.30975917,0.2781918,0.41204906,set_4
-2.6052132e-07,1.5614483,1.5259829,1.2051435,5.4996834,0.0,0.0,0.10855152,0.67488027,1.8383838,0.83877724,0.9999999,0.29444736,0.2791862,0.42636642,set_4
0.0,0.0,0.099834986,0.67488027,29.212,0.0,0.0,0.099834986,0.67488027,0.0,1.2585858,0.9999999,0.4420526,0.16828714,0.38966027,set_4
-3.7245254e-08,0.09801256,0.23220664,0.7034833,26.994024,0.0,0.0,0.099834986,0.67488027,0.08080807,1.2316247,0.9999999,0.4399238,0.17403144,0.38604474,set_4
-1.2235283e-07,0.5013245,0.7170712,0.8312916,18.930595,0.0,0.0,0.099834986,0.67488027,0.46464646,1.1138635,0.9999999,0.42728293,0.20551549,0.36720163,set_4
-1.1905598e-07,1.0889393,1.2434552,1.0315753,10.31204,0.0,0.0,0.099834986,0.67488027,1.1515151,0.9477423,0.9999999,0.39233577,0.25927192,0.34839234,set_4
-1.1210554e-07,1.1657484,1.2979395,1.058509,9.416784,0.0,0.0,0.099834986,0.67488027,1.2525252,0.9281419,0.9999999,0.38475898,0.26432815,0.3509129,set_4
-9.156956e-08,1.2254478,1.3377427,1.0796653,8.754263,0.0,0.0,0.099834986,0.67488027,1.3333333,0.91329664,0.9999999,0.37777004,0.26768005,0.35454985,set_4
-1.8627652e-08,1.3538375,1.4158363,1.1260924,7.4208193,0.0,0.0,0.099834986,0.67488027,1.5151515,0.88289607,0.9999999,0.3576156,0.2732191,0.36916527,set_4
-2.3651268e-08,1.5482185,1.5150431,1.2002908,5.6097517,0.0,0.0,0.099834986,0.67488027,1.8181818,0.84114105,0.9999999,0.3001896,0.27876967,0.42104074,set_4
5.1134602e-08,1.6206652,1.5424404,1.229039,5.0295873,0.0,0.0,0.099834986,0.67488027,1.939394,0.82758206,0.9999999,0.26541543,0.2808723,0.45371234,set_4
0.0,0.0,0.112943746,0.67488027,29.212,0.0,0.0,0.112943746,0.67488027,0.0,1.2585858,0.9999999,0.44196728,0.16845126,0.38958144,set_4
1.0770386e-07,0.19052054,0.36416978,0.73147106,24.990427,0.0,0.0,0.112943746,0.67488027,0.16161615,1.2053001,0.9999999,0.43752405,0.18030755,0.38216835,set_4
8.1065224e-08,0.65207434,0.8808242,0.88141495,16.401745,0.0,0.0,0.112943746,0.67488027,0.6262626,1.0695461,0.9999999,0.42055497,0.22003186,0.35941318,set_4
-1.6090281e-07,0.92975926,1.126189,0.97603244,12.355654,0.0,0.0,0.112943746,0.67488027,0.94949496,0.9906513,0.9999999,0.4047772,0.24646996,0.34875286,set_4
-1.6914485e-07,0.9955313,1.1782372,0.9985817,11.504029,0.0,0.0,0.112943746,0.67488027,1.030303,0.97284305,0.9999999,0.40011227,0.25207624,0.34781146,set_4
-1.6771884e-07,1.270839,1.3730702,1.0953845,8.28983,0.0,0.0,0.112943746,0.67488027,1.3939394,0.9027964,0.9999999,0.37174213,0.26996595,0.35829195,set_4
-1.4148151e-07,1.3550348,1.4241667,1.1261611,7.4164853,0.0,0.0,0.112943746,0.67488027,1.5151515,0.88289607,0.9999999,0.35742584,0.2733643,0.3692099,set_4
-1.1508767e-07,1.4614526,1.4820138,1.1661941,6.3865104,0.0,0.0,0.112943746,0.67488027,1.6767677,0.85935605,0.9999999,0.33145654,0.27657887,0.3919646,set_4
-1.18157516e-07,1.4996601,1.5007641,1.1809316,6.0374675,0.0,0.0,0.112943746,0.67488027,1.7373737,0.8512087,0.9999999,0.31903675,0.27758065,0.40338263,set_4
0.0,0.0,0.104164906,0.67488027,29.212,0.0,0.0,0.104164906,0.67488027,0.0,1.2585858,0.9999999,0.4420245,0.16834138,0.38963413,set_4
-3.505243e-07,0.5579351,0.7803284,0.85034513,17.938896,0.0,0.0,0.104164906,0.67488027,0.5252525,1.0968126,0.9999999,0.42487115,0.21091612,0.3642127,set_4
-2.3781124e-07,0.74067765,0.9586244,0.91178393,15.008142,0.0,0.0,0.104164906,0.67488027,0.72727275,1.0435159,0.9999999,0.4160939,0.22866043,0.3552457,set_4
-2.1225493e-07,0.7933824,1.0061667,0.9296342,14.229879,0.0,0.0,0.104164906,0.67488027,0.78787875,1.028594,0.9999999,0.4132048,0.23376836,0.35302684,set_4
-2.489724e-07,0.91287774,1.1078135,0.97030723,12.567735,0.0,0.0,0.104164906,0.67488027,0.9292929,0.99516433,0.9999999,0.40592584,0.24490926,0.3491649,set_4
-5.586483e-07,1.1065989,1.2559545,1.0370842,10.139691,0.0,0.0,0.104164906,0.67488027,1.1717172,0.9437715,0.9999999,0.3909203,0.26039976,0.34867987,set_4
-6.161375e-07,1.1527317,1.2885219,1.053243,9.603,0.0,0.0,0.104164906,0.67488027,1.2323232,0.9319092,0.9999999,0.38639235,0.26343617,0.35017148,set_4
-6.1520427e-07,1.48625,1.4907883,1.1759923,6.1429935,0.0,0.0,0.104164906,0.67488027,1.7171717,0.85382307,0.9999999,0.32321674,0.27716613,0.3996171,set_4
-5.818141e-07,1.6329542,1.55001,1.2338526,4.9295144,0.0,0.0,0.104164906,0.67488027,1.959596,0.8255495,0.9999999,0.25819466,0.28128472,0.4605206,set_4
0.0,0.0,0.111649215,0.67488027,29.212,0.0,0.0,0.111649215,0.67488027,0.0,1.2585858,0.9999999,0.44197568,0.16843507,0.38958925,set_4
-1.7002776e-07,0.55831456,0.78628385,0.85034513,17.938934,0.0,0.0,0.111649215,0.67488027,0.5252525,1.0968126,0.9999999,0.4248112,0.21103139,0.36415738,set_4
-1.617338e-07,0.614385,0.8430763,0.8691,17.000803,0.0,0.0,0.111649215,0.67488027,0.5858586,1.0804132,0.9999999,0.42231062,0.21640839,0.36128104,set_4
-1.0525376e-07,0.79392254,1.0116336,0.92963624,14.229793,0.0,0.0,0.111649215,0.67488027,0.78787875,1.028594,0.9999999,0.41314128,0.23388498,0.35297373,set_4
-2.1044961e-07,1.0601952,1.2266682,1.0207164,10.702868,0.0,0.0,0.111649215,0.67488027,1.111111,0.9558787,0.9999999,0.39501175,0.2571237,0.34786454,set_4
-2.417428e-07,1.1072989,1.2608393,1.0370806,10.139935,0.0,0.0,0.111649215,0.67488027,1.1717172,0.9437715,0.9999999,0.3908564,0.26050073,0.34864286,set_4
-2.567198e-07,1.1986076,1.3242105,1.069198,9.091529,0.0,0.0,0.111649215,0.67488027,1.2929292,0.92067313,0.9999999,0.38134658,0.26622027,0.35243315,set_4
-3.340569e-07,1.31411,1.3987805,1.110845,7.8413296,0.0,0.0,0.111649215,0.67488027,1.4545455,0.89264935,0.9999999,0.3650244,0.27179435,0.36318123,set_4
2.7456508e-09,1.6099827,1.5463744,1.2243128,5.109112,0.0,0.0,0.111649215,0.67488027,1.919192,0.8296955,0.9999999,0.27090007,0.2806156,0.44848427,set_4
0.0,0.0,0.112757735,0.67488027,29.212,0.0,0.0,0.112757735,0.67488027,0.0,1.2585858,0.9999999,0.44196838,0.16844897,0.3895826,set_4
1.0763183e-08,0.098125264,0.24460834,0.7034833,26.994036,0.0,0.0,0.112757735,0.67488027,0.08080807,1.2316247,0.9999999,0.43983635,0.17420045,0.38596317,set_4
-1.7662258e-07,0.38339728,0.5964136,0.79228806,21.112467,0.0,0.0,0.112757735,0.67488027,0.34343433,1.149046,0.9999999,0.43163216,0.19519456,0.3731733,set_4
-2.5981441e-08,0.63315725,0.8621638,0.87527156,16.701797,0.0,0.0,0.112757735,0.67488027,0.60606056,1.0749261,0.9999999,0.42144194,0.2182139,0.3603441,set_4
2.0949369e-07,0.8449012,1.0563405,0.9472315,13.500802,0.0,0.0,0.112757735,0.67488027,0.8484848,1.0139601,0.9999999,0.41014317,0.23877402,0.3510828,set_4
1.4947193e-07,1.121318,1.2739457,1.0424834,9.946512,0.0,0.0,0.112757735,0.67488027,1.1919192,0.9397857,0.9999999,0.38933477,0.26157984,0.34908533,set_4
6.615206e-08,1.4997654,1.5000691,1.1808761,6.0429068,0.0,0.0,0.112757735,0.67488027,1.7373737,0.8512087,0.9999999,0.31920227,0.2775822,0.4032155,set_4
5.754714e-08,1.5616928,1.527509,1.2051388,5.506383,0.0,0.0,0.112757735,0.67488027,1.8383838,0.83877724,0.9999999,0.29467317,0.27922443,0.4261024,set_4
5.707752e-08,1.5980129,1.5414416,1.2195309,5.212849,0.0,0.0,0.112757735,0.67488027,1.8989899,0.8319495,0.9999999,0.27754992,0.2802627,0.44218734,set_4
0.0,0.0,0.11225248,0.67488027,29.212,0.0,0.0,0.11225248,0.67488027,0.0,1.2585858,0.9999999,0.44197178,0.1684426,0.38958558,set_4
-3.4318724e-08,0.07417131,0.21239837,0.6963906,27.527163,0.0,0.0,0.11225248,0.67488027,0.06060606,1.2383649,0.9999999,0.44038942,0.17272167,0.38688886,set_4
-2.1244718e-07,0.5583123,0.7867043,0.8503327,17.940002,0.0,0.0,0.11225248,0.67488027,0.5252525,1.0968126,0.9999999,0.42480782,0.21103665,0.36415556,set_4
-2.9174353e-07,1.0120909,1.1909939,1.0041188,11.295004,0.0,0.0,0.11225248,0.67488027,1.0505049,0.96857876,0.9999999,0.3988652,0.25340846,0.34772632,set_4
-4.4128635e-07,1.1984328,1.3247137,1.0691594,9.091168,0.0,0.0,0.11225248,0.67488027,1.2929292,0.92067313,0.9999999,0.38134086,0.26622665,0.35243255,set_4
-4.2570187e-07,1.2425891,1.3539842,1.0849272,8.603382,0.0,0.0,0.11225248,0.67488027,1.3535353,0.9097776,0.9999999,0.3758051,0.2685773,0.35561758,set_4
-4.0682147e-07,1.3959607,1.4474801,1.1412325,7.00856,0.0,0.0,0.11225248,0.67488027,1.5757575,0.87376726,0.9999999,0.34868357,0.27470273,0.37661368,set_4
-4.6087257e-07,1.4614552,1.482654,1.1661152,6.3794327,0.0,0.0,0.11225248,0.67488027,1.6767677,0.85935605,0.9999999,0.3312827,0.2765731,0.39214426,set_4
-5.3057875e-07,1.5493252,1.5237427,1.2002912,5.596731,0.0,0.0,0.11225248,0.67488027,1.8181818,0.84114105,0.9999999,0.29950196,0.27888316,0.4216149,set_4
0.0,0.0,0.11147027,0.67488027,29.212,0.0,0.0,0.11147027,0.67488027,0.0,1.2585858,0.9999999,0.44197685,0.16843277,0.38959038,set_4
-1.303739e-07,0.09811384,0.24337287,0.7034833,26.994034,0.0,0.0,0.11147027,0.67488027,0.08080807,1.2316247,0.9999999,0.439845,0.17418362,0.38597137,set_4
-9.8815974e-08,0.2350164,0.41855472,0.7452382,24.057587,0.0,0.0,0.11147027,0.67488027,0.2020202,1.1924199,0.9999999,0.4363083,0.18346903,0.38022274,set_4
-3.2451308e-07,0.651025,0.8789225,0.8814517,16.406628,0.0,0.0,0.11147027,0.67488027,0.6262626,1.0695461,0.9999999,0.42058614,0.2199703,0.35944355,set_4
-3.914231e-07,0.7052425,0.930669,0.89975,15.553975,0.0,0.0,0.11147027,0.67488027,0.68686867,1.0538857,0.9999999,0.41789958,0.22527316,0.3568273,set_4
-3.1402064e-07,0.92991215,1.1264484,0.9760375,12.345267,0.0,0.0,0.11147027,0.67488027,0.94949496,0.9906513,0.9999999,0.40475255,0.24649823,0.34874922,set_4
-7.1343743e-07,1.3554227,1.4233153,1.1261055,7.4170823,0.0,0.0,0.11147027,0.67488027,1.5151515,0.88289607,0.9999999,0.35743964,0.2733548,0.36920556,set_4
-6.6964253e-07,1.3959414,1.4466658,1.1412393,7.0112123,0.0,0.0,0.11147027,0.67488027,1.5757575,0.87376726,0.9999999,0.34873873,0.27469423,0.37656704,set_4
-8.762738e-07,1.5857522,1.5375553,1.2147112,5.298824,0.0,0.0,0.11147027,0.67488027,1.8787879,0.83424133,0.9999999,0.28302845,0.27989736,0.43707415,set_4
0.0,0.0,0.1120401,0.67488027,29.212,0.0,0.0,0.1120401,0.67488027,0.0,1.2585858,0.9999999,0.44197315,0.16843998,0.38958693,set_4
-1.07505116e-07,0.40256077,0.61799896,0.79887086,20.736828,0.0,0.0,0.1120401,0.67488027,0.36363634,1.1431063,0.9999999,0.43094176,0.19687149,0.37218675,set_4
-3.0263772e-07,0.89651865,1.099021,0.96452403,12.798677,0.0,0.0,0.1120401,0.67488027,0.9090909,0.9997883,0.9999999,0.40696844,0.24349009,0.3495415,set_4
-3.6603555e-07,0.9794824,1.1655532,0.99289626,11.708681,0.0,0.0,0.1120401,0.67488027,1.010101,0.97721523,0.9999999,0.4013052,0.25073287,0.34796187,set_4
-3.4573304e-07,1.028608,1.2030152,1.0096236,11.095783,0.0,0.0,0.1120401,0.67488027,1.070707,0.9643624,0.9999999,0.39761266,0.2546842,0.3477032,set_4
-3.0432045e-07,1.077334,1.2387859,1.026134,10.511137,0.0,0.0,0.1120401,0.67488027,1.1313131,0.951758,0.9999999,0.3936394,0.2583164,0.34804422,set_4
-2.6184455e-07,1.4111693,1.4579998,1.1462137,6.853915,0.0,0.0,0.1120401,0.67488027,1.5959595,0.8707503,0.9999999,0.34500563,0.27513334,0.37986103,set_4
-7.079193e-07,1.5885956,1.546008,1.2194155,5.171857,0.0,0.0,0.1120401,0.67488027,1.8989899,0.8319495,0.9999999,0.27577755,0.2801634,0.4440591,set_4
-7.6628737e-07,1.6466162,1.564456,1.2431442,4.732577,0.0,0.0,0.1120401,0.67488027,2.0,0.82148737,0.9999999,0.24317263,0.28201005,0.47481734,set_4
0.0,0.0,0.1174633,0.67488027,29.212,0.0,0.0,0.1174633,0.67488027,0.0,1.2585858,0.9999999,0.44193786,0.16850783,0.38955432,set_4
-6.3189944e-08,0.09816643,0.2491242,0.7034833,26.994038,0.0,0.0,0.1174633,0.67488027,0.08080807,1.2316247,0.9999999,0.43980455,0.17426202,0.38593346,set_4
-9.268038e-08,0.16803011,0.339664,0.7245294,25.472168,0.0,0.0,0.1174633,0.67488027,0.14141414,1.2117333,0.9999999,0.43808642,0.17881346,0.38310012,set_4
-1.4424256e-07,0.29988623,0.50272405,0.76561177,22.739742,0.0,0.0,0.1174633,0.67488027,0.26262626,1.1735852,0.9999999,0.4343395,0.18846257,0.37719798,set_4
-1.3639071e-07,0.4822286,0.7102459,0.82486075,19.279406,0.0,0.0,0.1174633,0.67488027,0.44444442,1.1195564,0.9999999,0.42792544,0.20398627,0.3680883,set_4
-4.865894e-08,0.6330992,0.8656752,0.8752911,16.701836,0.0,0.0,0.1174633,0.67488027,0.60606056,1.0749261,0.9999999,0.4214074,0.21828051,0.360312,set_4
-9.081345e-09,0.8458174,1.0604337,0.94724506,13.494829,0.0,0.0,0.1174633,0.67488027,0.8484848,1.0139601,0.9999999,0.4100813,0.23888241,0.35103634,set_4
9.788802e-09,1.3563702,1.4268059,1.1261927,7.4169235,0.0,0.0,0.1174633,0.67488027,1.5151515,0.88289607,0.9999999,0.35737425,0.27342358,0.36920214,set_4
-2.1650964e-08,1.5255377,1.5155396,1.1906842,5.811205,0.0,0.0,0.1174633,0.67488027,1.7777778,0.84618074,0.9999999,0.30956727,0.27827772,0.412155,set_4
0.0,0.0,0.116948165,0.67488027,29.212,0.0,0.0,0.116948165,0.67488027,0.0,1.2585858,0.9999999,0.4419412,0.1685014,0.38955742,set_4
-6.1385684e-08,0.32063928,0.52710074,0.77234066,22.323347,0.0,0.0,0.116948165,0.67488027,0.28282827,1.1674109,0.9999999,0.43368262,0.19011389,0.37620348,set_4
-7.4502935e-08,0.44270635,0.6668353,0.8119331,19.992804,0.0,0.0,0.116948165,0.67488027,0.4040404,1.1312001,0.9999999,0.42944214,0.2004397,0.37011814,set_4
-8.311967e-08,0.86316943,1.074444,0.95304817,13.2585745,0.0,0.0,0.116948165,0.67488027,0.86868685,1.0092522,0.9999999,0.4090472,0.24046813,0.35048476,set_4
-8.723528e-08,0.9800833,1.1693612,0.9929798,11.703351,0.0,0.0,0.116948165,0.67488027,1.010101,0.97721523,0.9999999,0.40124282,0.250827,0.3479302,set_4
-1.5019174e-07,1.2431151,1.3572769,1.0849695,8.600089,0.0,0.0,0.116948165,0.67488027,1.3535353,0.9097776,0.9999999,0.375733,0.26864123,0.3556258,set_4
-1.8301758e-07,1.328552,1.4104977,1.1159418,7.697038,0.0,0.0,0.116948165,0.67488027,1.4747474,0.88941437,0.9999999,0.3625456,0.2724033,0.3650511,set_4
-2.206475e-07,1.5500773,1.5262114,1.2002964,5.5983114,0.0,0.0,0.116948165,0.67488027,1.8181818,0.84114105,0.9999999,0.2994912,0.2789305,0.4215783,set_4
-9.105201e-08,1.6580958,1.5636938,1.2432351,4.7627735,0.0,0.0,0.116948165,0.67488027,2.0,0.82148737,0.9999999,0.24465159,0.28215232,0.47319606,set_4
0.0,0.0,0.12291525,0.67488027,29.212,0.0,0.0,0.12291525,0.67488027,0.0,1.2585858,0.9999999,0.4419024,0.16857609,0.38952154,set_4
-6.342473e-08,0.09821402,0.25435638,0.7034833,26.994043,0.0,0.0,0.12291525,0.67488027,0.08080807,1.2316247,0.9999999,0.4397677,0.17433327,0.38589907,set_4
-8.969698e-08,0.2131657,0.40152258,0.7383706,24.517857,0.0,0.0,0.12291525,0.67488027,0.18181817,1.1988817,0.9999999,0.43684563,0.18202734,0.38112703,set_4
-1.294647e-07,0.3830582,0.60448253,0.7922866,21.117851,0.0,0.0,0.12291525,0.67488027,0.34343433,1.149046,0.9999999,0.43156645,0.19531657,0.37311697,set_4
-9.00082e-08,0.63341194,0.8698979,0.8752936,16.701698,0.0,0.0,0.12291525,0.67488027,0.60606056,1.0749261,0.9999999,0.42136264,0.21836588,0.36027148,set_4
-7.1961715e-08,0.7416419,0.97216177,0.9118063,15.011248,0.0,0.0,0.12291525,0.67488027,0.72727275,1.0435159,0.9999999,0.41594645,0.22893402,0.35511947,set_4
-2.1432147e-07,1.3291047,1.4141372,1.1160107,7.69584,0.0,0.0,0.12291525,0.67488027,1.4747474,0.88941437,0.9999999,0.36247504,0.2724699,0.36505502,set_4
-7.745827e-08,1.5871699,1.5441743,1.2148259,5.2958117,0.0,0.0,0.12291525,0.67488027,1.8787879,0.83424133,0.9999999,0.28270036,0.28000388,0.43729576,set_4
-4.6035666e-08,1.6231699,1.5566409,1.2291452,5.017243,0.0,0.0,0.12291525,0.67488027,1.939394,0.82758206,0.9999999,0.26432118,0.28108367,0.4545952,set_4
0.0,0.0,0.114401765,0.67488027,29.212,0.0,0.0,0.114401765,0.67488027,0.0,1.2585858,0.9999999,0.44195777,0.16846952,0.38957277,set_4
9.248866e-08,0.23493281,0.4210791,0.7452434,24.059284,0.0,0.0,0.114401765,0.67488027,0.2020202,1.1924199,0.9999999,0.4362894,0.18350412,0.38020647,set_4
1.0699012e-07,0.2996431,0.50025105,0.7656252,22.738232,0.0,0.0,0.114401765,0.67488027,0.26262626,1.1735852,0.9999999,0.434361,0.18842252,0.37721643,set_4
2.4703954e-07,0.4632002,0.68985635,0.8184285,19.603176,0.0,0.0,0.114401765,0.67488027,0.4242424,1.1253153,0.9999999,0.42866555,0.20228909,0.36904532,set_4
2.9796166e-07,0.54079163,0.77343905,0.8440181,18.226435,0.0,0.0,0.114401765,0.67488027,0.5050505,1.1024449,0.9999999,0.42552736,0.20945902,0.36501354,set_4
-2.4359474e-07,1.3005354,1.3883189,1.1057078,8.015953,0.0,0.0,0.114401765,0.67488027,1.4343435,0.8959203,0.9999999,0.36764184,0.27121344,0.36114475,set_4
-2.773794e-07,1.3422925,1.4138781,1.1210548,7.58085,0.0,0.0,0.114401765,0.67488027,1.4949495,0.8861555,0.9999999,0.36038852,0.27287433,0.36673716,set_4
-6.127225e-07,1.4747663,1.4864109,1.1710317,6.292033,0.0,0.0,0.114401765,0.67488027,1.6969697,0.8565809,0.9999999,0.32811996,0.2769425,0.39493755,set_4
-9.0513277e-07,1.5983977,1.539537,1.219458,5.236041,0.0,0.0,0.114401765,0.67488027,1.8989899,0.8319495,0.9999999,0.27867112,0.28027874,0.4410502,set_4
0.0,0.0,0.11464101,0.67488027,29.212,0.0,0.0,0.11464101,0.67488027,0.0,1.2585858,0.9999999,0.44195613,0.1684725,0.3895713,set_4
2.9104022e-08,0.1905498,0.36573684,0.73147106,24.990429,0.0,0.0,0.11464101,0.67488027,0.16161615,1.2053001,0.9999999,0.43751222,0.1803307,0.38215712,set_4
-5.8064273e-08,0.5970502,0.827835,0.86283994,17.300766,0.0,0.0,0.11464101,0.67488027,0.56565654,1.0858567,0.9999999,0.4231104,0.21471009,0.36217955,set_4
-9.0012165e-08,0.6703461,0.89961076,0.88754535,16.112955,0.0,0.0,0.11464101,0.67488027,0.64646465,1.064286,0.9999999,0.41965914,0.22183171,0.35850918,set_4
-1.4092491e-07,0.7767579,0.9977255,0.9237085,14.490755,0.0,0.0,0.11464101,0.67488027,0.7676768,1.0335511,0.9999999,0.41410574,0.23222214,0.35367215,set_4
-2.0272564e-07,0.9794012,1.1665624,0.9929832,11.712873,0.0,0.0,0.11464101,0.67488027,1.010101,0.97721523,0.9999999,0.40130374,0.25074562,0.34795067,set_4
-2.3779194e-07,1.0913954,1.2508385,1.0316615,10.329906,0.0,0.0,0.11464101,0.67488027,1.1515151,0.9477423,0.9999999,0.39228803,0.2594265,0.34828544,set_4
-2.3905724e-07,1.153099,1.2946577,1.0532507,9.60749,0.0,0.0,0.11464101,0.67488027,1.2323232,0.9319092,0.9999999,0.38633686,0.26355153,0.35011163,set_4
-1.3918093e-07,1.3825188,1.4405886,1.1362864,7.1458454,0.0,0.0,0.11464101,0.67488027,1.5555555,0.87675726,0.9999999,0.3517736,0.274298,0.3739284,set_4
0.0,0.0,0.11553588,0.67488027,29.212,0.0,0.0,0.11553588,0.67488027,0.0,1.2585858,0.9999999,0.4419504,0.16848369,0.3895659,set_4
-2.7677177e-07,0.5959125,0.82744396,0.86286247,17.30878,0.0,0.0,0.11553588,0.67488027,0.56565654,1.0858567,0.9999999,0.423128,0.21467024,0.36220175,set_4
-4.1237385e-07,1.0761794,1.2407916,1.0261765,10.512562,0.0,0.0,0.11553588,0.67488027,1.1313131,0.951758,0.9999999,0.39363328,0.25833794,0.3480288,set_4
-5.133037e-07,1.2574064,1.3655651,1.0901594,8.444611,0.0,0.0,0.11553588,0.67488027,1.3737373,0.90629745,0.9999999,0.37377524,0.2693299,0.35689485,set_4
-5.4484957e-07,1.3142649,1.4013748,1.1108203,7.839956,0.0,0.0,0.11553588,0.67488027,1.4545455,0.89264935,0.9999999,0.36497402,0.27183813,0.36318788,set_4
-5.4750865e-07,1.3693591,1.4342693,1.1311755,7.2749863,0.0,0.0,0.11553588,0.67488027,1.5353535,0.87978023,0.9999999,0.35455814,0.27387002,0.37157184,set_4
-4.4006538e-07,1.4872859,1.4973314,1.1759527,6.143852,0.0,0.0,0.11553588,0.67488027,1.7171717,0.85382307,0.9999999,0.32310542,0.27727774,0.3996169,set_4
-3.9013366e-07,1.5249352,1.5148615,1.1905929,5.808998,0.0,0.0,0.11553588,0.67488027,1.7777778,0.84618074,0.9999999,0.309524,0.27825573,0.4122203,set_4
-3.4432966e-07,1.5861692,1.5400114,1.2147127,5.29742,0.0,0.0,0.11553588,0.67488027,1.8787879,0.83424133,0.9999999,0.28289804,0.27993476,0.43716717,set_4
0.0,0.0,0.12259873,0.67479736,15.5798,0.0,0.0,0.12259873,0.67479736,0.0,1.1930486,0.9999999,0.44316626,0.18453327,0.37230048,set_4
7.911843e-08,0.254603,0.42238727,0.74197507,11.834243,0.0,0.0,0.12259873,0.67479736,0.2020202,1.1465398,0.9999999,0.4328508,0.20523489,0.36191428,set_4
1.9861238e-07,0.5529294,0.72737485,0.8253763,8.043005,0.0,0.0,0.12259873,0.67479736,0.46464646,1.0879277,0.9999999,0.41137242,0.22701754,0.3616101,set_4
1.00597994e-07,0.6376976,0.80403733,0.85016483,7.081886,0.0,0.0,0.12259873,0.67479736,0.5454545,1.0702925,0.9999999,0.40095025,0.23146689,0.36758283,set_4
-1.6122053e-07,0.7585528,0.90446746,0.8865933,5.803706,0.0,0.0,0.12259873,0.67479736,0.6666667,1.0442421,0.9999999,0.37859932,0.2362022,0.38519844,set_4
-3.1067947e-07,0.92501074,1.0235848,0.93957275,4.2267103,0.0,0.0,0.12259873,0.67479736,0.8484848,1.00596,0.9999999,0.31929645,0.24152948,0.43917403,set_4
-3.6097177e-07,1.2111417,1.1276019,1.0343635,2.4376488,0.0,0.0,0.12259873,0.67479736,1.1919192,0.936392,0.9999999,0.13753785,0.2536627,0.6087994,set_4
-3.3149578e-07,1.3802662,1.1249763,1.0921543,1.955548,0.0,0.0,0.12259873,0.67479736,1.4141414,0.8932359,0.9999999,0.06788207,0.2523466,0.67977136,set_4
-3.8713335e-07,1.4614418,1.1145656,1.1225383,1.7934495,0.0,0.0,0.12259873,0.67479736,1.5353535,0.87033665,0.9999999,0.04731865,0.24927741,0.7034039,set_4
0.0,0.0,0.11212045,0.67479736,15.5798,0.0,0.0,0.11212045,0.67479736,0.0,1.1930486,0.9999999,0.44327086,0.18433599,0.37239316,set_4
-9.2230316e-08,0.104581706,0.24055344,0.7019894,13.977392,0.0,0.0,0.11212045,0.67479736,0.08080807,1.1743225,0.9999999,0.4395582,0.1926955,0.36774632,set_4
3.1664555e-08,0.3497745,0.51631355,0.76810443,10.552099,0.0,0.0,0.11212045,0.67479736,0.28282827,1.1282976,0.9999999,0.42768046,0.21271881,0.3596007,set_4
-1.7962499e-08,0.44203788,0.61079264,0.79381603,9.380291,0.0,0.0,0.11212045,0.67479736,0.36363634,1.11023,0.9999999,0.42142054,0.2196215,0.358958,set_4
-4.5325095e-07,0.9734114,1.0480547,0.9567969,3.7824,0.0,0.0,0.11212045,0.67479736,0.9090909,0.993415,0.9999999,0.29010028,0.24353273,0.46636707,set_4
-4.5557752e-07,1.0939401,1.0970759,0.996154,2.9880927,0.0,0.0,0.11212045,0.67479736,1.0505049,0.96460396,0.9999999,0.21206504,0.24950077,0.53843415,set_4
-4.6657394e-07,1.1787192,1.1150265,1.0235639,2.5829985,0.0,0.0,0.11212045,0.67479736,1.1515151,0.9443856,0.9999999,0.15822922,0.252844,0.5889268,set_4
-4.7638855e-07,1.2449737,1.120852,1.0450767,2.3406487,0.0,0.0,0.11212045,0.67479736,1.2323232,0.9284182,0.9999999,0.122747116,0.25407633,0.6231765,set_4
-3.9149378e-07,1.6738422,1.0605985,1.2136731,1.5106168,0.0,0.0,0.11212045,0.67479736,1.919192,0.8007198,0.9999999,0.018104468,0.23773625,0.74415934,set_4
0.0,0.0,0.11574114,0.67479736,15.5798,0.0,0.0,0.11574114,0.67479736,0.0,1.1930486,0.9999999,0.44323468,0.1844042,0.3723611,set_4
1.2683964e-07,0.74088216,0.8799823,0.8805921,6.0330935,0.0,0.0,0.11574114,0.67479736,0.64646465,1.0485419,0.9999999,0.38359284,0.23546278,0.3809444,set_4
-3.6019145e-08,0.9076005,1.0054003,0.93379605,4.3968973,0.0,0.0,0.11574114,0.67479736,0.8282828,1.010151,0.9999999,0.32863754,0.2408028,0.43055966,set_4
8.738029e-08,1.131261,1.1064591,1.007194,2.8263545,0.0,0.0,0.11574114,0.67479736,1.090909,0.9564893,0.9999999,0.1909111,0.25108933,0.5579995,set_4
3.557475e-07,1.2927172,1.1249588,1.0609673,2.1864643,0.0,0.0,0.11574114,0.67479736,1.2929292,0.916601,0.9999999,0.100249894,0.25408545,0.64566463,set_4
3.4792183e-07,1.3664072,1.1223776,1.0870076,1.9852753,0.0,0.0,0.11574114,0.67479736,1.3939394,0.8971165,0.9999999,0.072167195,0.2526957,0.6751371,set_4
3.3395526e-07,1.4347802,1.1153772,1.1124928,1.8333848,0.0,0.0,0.11574114,0.67479736,1.4949495,0.8779383,0.9999999,0.05275381,0.25021732,0.6970289,set_4
3.275909e-07,1.6016668,1.0811689,1.1809691,1.589601,0.0,0.0,0.11574114,0.67479736,1.7777778,0.82588047,0.9999999,0.025197405,0.24205269,0.73274994,set_4
3.373787e-07,1.6999861,1.0533856,1.2273656,1.4913633,0.0,0.0,0.11574114,0.67479736,1.979798,0.7901616,0.9999999,0.016043527,0.23619154,0.7477649,set_4
0.0,0.0,0.1372058,0.67479736,15.5798,0.0,0.0,0.1372058,0.67479736,0.0,1.1930486,0.9999999,0.44302055,0.18480818,0.37217125,set_4
-5.6834562e-08,0.20588657,0.38116765,0.7287523,12.516803,0.0,0.0,0.1372058,0.67479736,0.16161615,1.1557541,0.9999999,0.43504834,0.20148152,0.36347014,set_4
-3.3787e-07,0.74043673,0.8996999,0.88058877,6.0073924,0.0,0.0,0.1372058,0.67479736,0.64646465,1.0485419,0.9999999,0.38290608,0.23577733,0.3813165,set_4
-4.2526372e-07,0.90835375,1.0232909,0.93379235,4.3786,0.0,0.0,0.1372058,0.67479736,0.8282828,1.010151,0.9999999,0.32745788,0.24108233,0.43145984,set_4
-4.5227253e-07,0.9609402,1.0552033,0.9510899,3.9305959,0.0,0.0,0.1372058,0.67479736,0.8888889,0.99760306,0.9999999,0.300138,0.24312022,0.4567418,set_4
-2.0737171e-07,1.3231134,1.1382843,1.0714473,2.0977476,0.0,0.0,0.1372058,0.67479736,1.3333333,0.9087512,0.9999999,0.08716956,0.25378135,0.65904903,set_4
-1.5514149e-07,1.4367038,1.1271003,1.1124865,1.8444436,0.0,0.0,0.1372058,0.67479736,1.4949495,0.8779383,0.9999999,0.05309107,0.25045523,0.6964537,set_4
-2.9374766e-07,1.644049,1.0832444,1.199774,1.5375729,0.0,0.0,0.1372058,0.67479736,1.8585858,0.8114377,0.9999999,0.020470342,0.23937704,0.7401526,set_4
-3.5816714e-07,1.6912771,1.0699172,1.2228197,1.4847544,0.0,0.0,0.1372058,0.67479736,1.959596,0.79367083,0.9999999,0.016210236,0.23623008,0.74755967,set_4
0.0,0.0,0.11653744,0.67479736,15.5798,0.0,0.0,0.11653744,0.67479736,0.0,1.1930486,0.9999999,0.44322672,0.18441918,0.3723541,set_4
3.3876879e-07,0.53141135,0.700542,0.81911576,8.309006,0.0,0.0,0.11653744,0.67479736,0.44444442,1.0923495,0.9999999,0.41372,0.22559232,0.36068764,set_4
1.4267631e-07,0.8694525,1.0053195,0.9279681,4.461132,0.0,0.0,0.11653744,0.67479736,0.8080808,1.0143703,0.9999999,0.3333232,0.23990269,0.42677408,set_4
2.0611877e-07,1.0414424,1.0760221,0.9794292,3.3465414,0.0,0.0,0.11653744,0.67479736,0.989899,0.976893,0.9999999,0.25072986,0.24682917,0.5024409,set_4
3.9640398e-07,1.2212646,1.0945445,1.028983,2.7267704,0.0,0.0,0.11653744,0.67479736,1.1717172,0.94039065,0.9999999,0.1695253,0.2536663,0.5768084,set_4
5.774885e-07,1.4802042,1.0881763,1.1125071,2.0688655,0.0,0.0,0.11653744,0.67479736,1.4949495,0.8779383,0.9999999,0.06881004,0.25444898,0.676741,set_4
5.527659e-07,1.5811565,1.0755823,1.1521504,1.8643196,0.0,0.0,0.11653744,0.67479736,1.6565657,0.84789056,0.9999999,0.04320034,0.25014803,0.7066516,set_4
2.7087646e-07,1.6706105,1.0578228,1.1904325,1.7292709,0.0,0.0,0.11653744,0.67479736,1.8181818,0.81861,0.9999999,0.028499339,0.24520542,0.7262953,set_4
1.4633596e-07,1.7205755,1.0459496,1.2136824,1.6635877,0.0,0.0,0.11653744,0.67479736,1.919192,0.8007198,0.9999999,0.02233119,0.24199308,0.73567575,set_4
0.0,0.0,0.12439487,0.67479736,15.5798,0.0,0.0,0.12439487,0.67479736,0.0,1.1930486,0.9999999,0.4431484,0.18456706,0.37228456,set_4
1.3442425e-07,0.4427661,0.62075865,0.7938122,9.384325,0.0,0.0,0.12439487,0.67479736,0.36363634,1.11023,0.9999999,0.42129523,0.21984252,0.35886222,set_4
9.747313e-08,0.5750968,0.7479126,0.8316067,7.801002,0.0,0.0,0.12439487,0.67479736,0.48484847,1.0835073,0.9999999,0.4090359,0.22826529,0.36269885,set_4
7.88564e-08,0.90680087,1.0144906,0.93378454,4.3745904,0.0,0.0,0.12439487,0.67479736,0.8282828,1.010151,0.9999999,0.32754287,0.24090226,0.43155485,set_4
1.0106201e-07,1.0616289,1.0946734,0.9850267,3.1857178,0.0,0.0,0.12439487,0.67479736,1.010101,0.97276616,0.9999999,0.23454824,0.24795736,0.51749444,set_4
8.967807e-08,1.2881384,1.131915,1.0609651,2.1732953,0.0,0.0,0.12439487,0.67479736,1.2929292,0.916601,0.9999999,0.0989516,0.2539908,0.64705765,set_4
-1.1562874e-07,1.4670027,1.1090293,1.1225349,1.847695,0.0,0.0,0.12439487,0.67479736,1.5353535,0.87033665,0.9999999,0.05065196,0.25041565,0.6989324,set_4
-1.7401557e-07,1.5530043,1.0937676,1.1569965,1.7058454,0.0,0.0,0.12439487,0.67479736,1.6767677,0.8441995,0.9999999,0.034350466,0.24625409,0.7193954,set_4
-4.209862e-08,1.6083934,1.081618,1.1809735,1.6275927,0.0,0.0,0.12439487,0.67479736,1.7777778,0.82588047,0.9999999,0.026503656,0.24306811,0.7304282,set_4
0.0,0.0,0.12304133,0.67479736,15.5798,0.0,0.0,0.12304133,0.67479736,0.0,1.1930486,0.9999999,0.4431618,0.18454157,0.3722966,set_4
-3.6702843e-08,0.44269618,0.6196061,0.7938122,9.384309,0.0,0.0,0.12304133,0.67479736,0.36363634,1.11023,0.9999999,0.4213107,0.21981683,0.3588724,set_4
9.651119e-08,0.6173248,0.7855435,0.84400105,7.317189,0.0,0.0,0.12304133,0.67479736,0.5252525,1.0746689,0.9999999,0.4038397,0.23047183,0.3656885,set_4
-4.4813652e-07,0.9420551,1.0351685,0.94533956,4.072807,0.0,0.0,0.12304133,0.67479736,0.86868685,1.0017823,0.9999999,0.30997998,0.24221118,0.4478088,set_4
-5.2011166e-07,1.0944539,1.1054134,0.9961525,2.9808302,0.0,0.0,0.12304133,0.67479736,1.0505049,0.96460396,0.9999999,0.2110516,0.24963512,0.5393133,set_4
-4.5031993e-07,1.3351446,1.1278502,1.076657,2.064087,0.0,0.0,0.12304133,0.67479736,1.3535353,0.90486825,0.9999999,0.082594454,0.2535024,0.6639031,set_4
-3.5791453e-07,1.4395074,1.1129208,1.1124938,1.8894172,0.0,0.0,0.12304133,0.67479736,1.4949495,0.8779383,0.9999999,0.056400128,0.25131285,0.69228697,set_4
-3.4248256e-07,1.4799273,1.1060839,1.1275227,1.8256526,0.0,0.0,0.12304133,0.67479736,1.5555555,0.8665767,0.9999999,0.04791839,0.24988322,0.7021984,set_4
-4.0215957e-07,1.5528495,1.0930115,1.1569967,1.7055186,0.0,0.0,0.12304133,0.67479736,1.6767677,0.8441995,0.9999999,0.03435388,0.24624802,0.71939814,set_4
0.0,0.0,0.13122346,0.67479736,15.5798,0.0,0.0,0.13122346,0.67479736,0.0,1.1930486,0.9999999,0.44308025,0.1846956,0.37222415,set_4
-4.131664e-07,0.5969531,0.7721979,0.83781517,7.5630608,0.0,0.0,0.13122346,0.67479736,0.5050505,1.0790758,0.9999999,0.40648493,0.22952658,0.36398852,set_4
-4.1088117e-07,0.678309,0.8459785,0.86240214,6.6358504,0.0,0.0,0.13122346,0.67479736,0.5858586,1.0615716,0.9999999,0.39448825,0.23339716,0.37211466,set_4
-3.811958e-07,0.79171157,0.9427849,0.8985331,5.39972,0.0,0.0,0.13122346,0.67479736,0.7070707,1.0356324,0.9999999,0.36815977,0.23745376,0.39438647,set_4
-3.7487098e-07,1.0281742,1.0813066,0.97380304,3.4450536,0.0,0.0,0.13122346,0.67479736,0.96969694,0.981012,0.9999999,0.26013994,0.24621429,0.49364582,set_4
-4.952633e-07,1.4129871,1.1221068,1.0972689,1.985155,0.0,0.0,0.13122346,0.67479736,1.4343435,0.8893907,0.9999999,0.06774841,0.2529321,0.6793195,set_4
-4.76334e-07,1.4796497,1.1141527,1.1225327,1.844656,0.0,0.0,0.13122346,0.67479736,1.5353535,0.87033665,0.9999999,0.04998201,0.25033942,0.6996786,set_4
-5.7218364e-07,1.681606,1.069441,1.209063,1.5628211,0.0,0.0,0.13122346,0.67479736,1.8989899,0.80428916,0.9999999,0.019894483,0.23943527,0.74067026,set_4
-5.7864224e-07,1.7096381,1.0615745,1.2228295,1.5315611,0.0,0.0,0.13122346,0.67479736,1.959596,0.79367083,0.9999999,0.017318308,0.2375559,0.74512583,set_4
0.0,0.0,0.13606718,0.67479736,15.5798,0.0,0.0,0.13606718,0.67479736,0.0,1.1930486,0.9999999,0.4430319,0.1847868,0.37218136,set_4
-1.455786e-07,0.10488974,0.2635843,0.7019894,13.977425,0.0,0.0,0.13606718,0.67479736,0.08080807,1.1743225,0.9999999,0.43931016,0.19315755,0.36753225,set_4
-1.725671e-07,0.18092273,0.35213646,0.7221015,12.867979,0.0,0.0,0.13606718,0.67479736,0.14141414,1.1603595,0.9999999,0.43617493,0.19941117,0.36441386,set_4
-2.143466e-07,0.2791184,0.46176603,0.74854547,11.498293,0.0,0.0,0.13606718,0.67479736,0.22222221,1.141945,0.9999999,0.43144786,0.20749444,0.3610577,set_4
-2.0419775e-07,0.4880961,0.67561674,0.80651563,8.827405,0.0,0.0,0.13606718,0.67479736,0.4040404,1.1012572,0.9999999,0.41750214,0.22316179,0.3593361,set_4
-2.0003695e-07,0.9944974,1.073007,0.96249485,3.658186,0.0,0.0,0.13606718,0.67479736,0.9292929,0.9892581,0.9999999,0.27945662,0.24465671,0.47588664,set_4
8.220805e-08,1.6148726,1.0901237,1.1857233,1.5776759,0.0,0.0,0.13606718,0.67479736,1.7979797,0.8222419,0.9999999,0.023801599,0.24138515,0.7348132,set_4
4.3451564e-08,1.645355,1.0820675,1.1997992,1.542104,0.0,0.0,0.13606718,0.67479736,1.8585858,0.8114377,0.9999999,0.020609109,0.23950672,0.7398842,set_4
1.3959635e-08,1.68353,1.0713909,1.2182776,1.4993536,0.0,0.0,0.13606718,0.67479736,1.939394,0.7971853,0.9999999,0.01709314,0.23699479,0.7459121,set_4
0.0,0.0,0.12603322,0.67479736,15.5798,0.0,0.0,0.12603322,0.67479736,0.0,1.1930486,0.9999999,0.443132,0.18459788,0.37227008,set_4
-3.016392e-07,0.30297068,0.4778943,0.7550913,11.181276,0.0,0.0,0.12603322,0.67479736,0.24242423,1.137383,0.9999999,0.43027884,0.20921801,0.36050314,set_4
-3.286748e-07,0.7187332,0.8770275,0.87454927,6.1969595,0.0,0.0,0.12603322,0.67479736,0.6262626,1.0528564,0.9999999,0.38696635,0.23488952,0.3781442,set_4
-2.0276937e-07,0.79675853,0.9375762,0.8985411,5.4123473,0.0,0.0,0.12603322,0.67479736,0.7070707,1.0356324,0.9999999,0.36841473,0.23746203,0.39412323,set_4
-4.7067736e-08,0.960559,1.0458293,0.9510876,3.9419246,0.0,0.0,0.12603322,0.67479736,0.8888889,0.99760306,0.9999999,0.3010209,0.24297248,0.45600662,set_4
4.3228816e-09,1.1955156,1.1267575,1.0289804,2.51207,0.0,0.0,0.12603322,0.67479736,1.1717172,0.94039065,0.9999999,0.14778474,0.2533862,0.59882903,set_4
-1.7028563e-07,1.3523393,1.1289932,1.081852,2.0269043,0.0,0.0,0.12603322,0.67479736,1.3737373,0.90099496,0.9999999,0.07727254,0.25319546,0.66953194,set_4
-2.1657635e-07,1.5129822,1.1069982,1.1423618,1.7170756,0.0,0.0,0.12603322,0.67479736,1.6161616,0.8553099,0.9999999,0.038066328,0.24705248,0.7148812,set_4
-2.1820492e-07,1.6914223,1.0635766,1.2228305,1.4861149,0.0,0.0,0.12603322,0.67479736,1.959596,0.79367083,0.9999999,0.016316036,0.23631075,0.7473732,set_4
0.0,0.0,0.13449273,0.6748914,15.5798,0.0,0.0,0.13449273,0.6748914,0.0,1.2520337,0.9999999,0.44328487,0.1842865,0.37242866,set_4
-1.2260199e-07,0.43198898,0.619377,0.7911074,9.508444,0.0,0.0,0.13449273,0.6748914,0.34343433,1.1325369,0.9999999,0.4222455,0.21886976,0.35888475,set_4
-2.7364273e-08,0.63019603,0.8071387,0.8482272,7.1604156,0.0,0.0,0.13449273,0.6748914,0.5252525,1.0787592,0.9999999,0.40216857,0.2309794,0.36685202,set_4
-4.6399117e-07,0.8820668,1.0062436,0.9262177,4.5864162,0.0,0.0,0.13449273,0.6748914,0.78787875,1.0129898,0.9999999,0.33850566,0.23999137,0.421503,set_4
-5.321697e-07,1.054847,1.0991399,0.9831772,3.2252448,0.0,0.0,0.13449273,0.6748914,0.989899,0.9716224,0.9999999,0.2395165,0.24753675,0.5129468,set_4
-5.0427707e-07,1.1542258,1.1276138,1.0162978,2.6698618,0.0,0.0,0.13449273,0.6748914,1.111111,0.95056766,0.9999999,0.17138337,0.25209427,0.5765224,set_4
-6.066405e-07,1.3770138,1.1317705,1.0910723,1.9702435,0.0,0.0,0.13449273,0.6748914,1.3939394,0.9133167,0.9999999,0.07025708,0.25234807,0.67739487,set_4
-6.299516e-07,1.4752221,1.1181346,1.1275085,1.7844476,0.0,0.0,0.13449273,0.6748914,1.5353535,0.90049773,0.9999999,0.046320632,0.24871944,0.7049599,set_4
-6.4572464e-07,1.6203113,1.0875136,1.1890707,1.5680037,0.0,0.0,0.13449273,0.6748914,1.7777778,0.88817024,0.9999999,0.024034964,0.2406409,0.73532414,set_4
0.0,0.0,0.13275822,0.6748914,15.5798,0.0,0.0,0.13275822,0.6748914,0.0,1.2520337,0.9999999,0.44330215,0.18425384,0.37244403,set_4
-3.2015268e-07,0.45489913,0.64068437,0.79758096,9.22392,0.0,0.0,0.13275822,0.6748914,0.36363634,1.1263376,0.9999999,0.4205172,0.22047062,0.35901216,set_4
-3.6132204e-07,0.73151135,0.8928114,0.8788208,6.0583935,0.0,0.0,0.13275822,0.6748914,0.6262626,1.0517689,0.9999999,0.38453382,0.23517516,0.38029101,set_4
-3.0936087e-07,0.8636092,0.9930202,0.92037225,4.7496853,0.0,0.0,0.13275822,0.6748914,0.7676768,1.0175703,0.9999999,0.34576795,0.23938061,0.41485152,set_4
-2.7663245e-07,1.0039269,1.0760972,0.9662831,3.575592,0.0,0.0,0.13275822,0.6748914,0.9292929,0.98301697,0.9999999,0.27338952,0.24493444,0.48167595,set_4
-2.7925583e-07,1.0543408,1.0981308,0.9831206,3.224258,0.0,0.0,0.13275822,0.6748914,0.989899,0.9716224,0.9999999,0.23949581,0.24751398,0.51299024,set_4
-2.6001976e-07,1.4210169,1.123912,1.1067331,1.8958038,0.0,0.0,0.13275822,0.6748914,1.4545455,0.9073568,0.9999999,0.05953531,0.2511921,0.6892725,set_4
-2.5899493e-07,1.4892633,1.1132593,1.132662,1.7749791,0.0,0.0,0.13275822,0.6748914,1.5555555,0.8991031,0.9999999,0.04449984,0.24838766,0.7071125,set_4
-2.5897452e-07,1.6325163,1.0824572,1.1941538,1.56475,0.0,0.0,0.13275822,0.6748914,1.7979797,0.887582,0.9999999,0.023215253,0.2402469,0.7365378,set_4
0.0,0.0,0.11934849,0.6748914,15.5798,0.0,0.0,0.11934849,0.6748914,0.0,1.2520337,0.9999999,0.44343567,0.18400171,0.37256265,set_4
-6.828301e-08,0.31249037,0.4833491,0.75812453,11.038506,0.0,0.0,0.11934849,0.6748914,0.24242423,1.1652253,0.9999999,0.43005162,0.2094685,0.3604799,set_4
-1.0742802e-07,0.82624567,0.95570254,0.90862024,5.1067853,0.0,0.0,0.11934849,0.6748914,0.72727275,1.026815,0.9999999,0.35943085,0.23806167,0.4025075,set_4
-1.3004997e-07,0.96895385,1.0484278,0.9549608,3.841795,0.0,0.0,0.11934849,0.6748914,0.8888889,0.9912881,0.9999999,0.29493672,0.24315405,0.46190926,set_4
-1.5450853e-07,1.1537536,1.1173638,1.0162584,2.6716328,0.0,0.0,0.11934849,0.6748914,1.111111,0.95056766,0.9999999,0.17201413,0.25195292,0.57603294,set_4
-1.73854e-07,1.2827835,1.1291728,1.0593401,2.1850462,0.0,0.0,0.11934849,0.6748914,1.2727273,0.9274209,0.9999999,0.10200697,0.25376093,0.6442321,set_4
-1.7003224e-07,1.5337446,1.0999273,1.1532441,1.6592745,0.0,0.0,0.11934849,0.6748914,1.6363636,0.89387196,0.9999999,0.034081414,0.2449587,0.7209599,set_4
-1.7954983e-07,1.5812969,1.0893198,1.1737269,1.5931118,0.0,0.0,0.11934849,0.6748914,1.7171717,0.89000416,0.9999999,0.02752051,0.24225223,0.7302273,set_4
-2.3569075e-07,1.727917,1.049031,1.2449868,1.4251584,0.0,0.0,0.11934849,0.6748914,2.0,0.88692844,0.9999999,0.013862909,0.23267573,0.7534614,set_4
0.0,0.0,0.12532763,0.6748914,15.5798,0.0,0.0,0.12532763,0.6748914,0.0,1.2520337,0.9999999,0.4433761,0.18411417,0.37250975,set_4
2.8871784e-07,0.58748466,0.76063704,0.83575106,7.647457,0.0,0.0,0.12532763,0.6748914,0.48484847,1.0903087,0.9999999,0.4078088,0.22863954,0.36355168,set_4
1.1086358e-07,0.9024966,1.0083613,0.93201303,4.4505234,0.0,0.0,0.12532763,0.6748914,0.8080808,1.0083447,0.9999999,0.3317978,0.24051858,0.42768356,set_4
3.9020225e-07,1.1027523,1.1148593,0.9998221,2.8826404,0.0,0.0,0.12532763,0.6748914,1.0505049,0.96073323,0.9999999,0.20095983,0.25001577,0.5490244,set_4
4.2497646e-07,1.3229457,1.1384228,1.0753063,2.0017722,0.0,0.0,0.12532763,0.6748914,1.3333333,0.91985846,0.9999999,0.07890085,0.2524443,0.6686548,set_4
4.219646e-07,1.3666581,1.1347554,1.0910956,1.8978121,0.0,0.0,0.12532763,0.6748914,1.3939394,0.9133167,0.9999999,0.064986914,0.25116628,0.68384683,set_4
3.924041e-07,1.4370713,1.1237866,1.1171836,1.7731953,0.0,0.0,0.12532763,0.6748914,1.4949495,0.9038296,0.9999999,0.048640132,0.24869142,0.7026685,set_4
3.0905423e-07,1.5299184,1.1020681,1.1533237,1.667746,0.0,0.0,0.12532763,0.6748914,1.6363636,0.89387196,0.9999999,0.034510363,0.24518365,0.720306,set_4
2.6624207e-07,1.6975592,1.0578382,1.2298799,1.479483,0.0,0.0,0.12532763,0.6748914,1.939394,0.88621306,0.9999999,0.01657582,0.23545642,0.7479677,set_4
0.0,0.0,0.12062701,0.6748914,15.5798,0.0,0.0,0.12062701,0.6748914,0.0,1.2520337,0.9999999,0.443423,0.18402576,0.37255126,set_4
-5.5633187e-09,0.08224839,0.2221236,0.69626874,14.309758,0.0,0.0,0.12062701,0.6748914,0.06060606,1.2294796,0.9999999,0.44056624,0.19057281,0.36886093,set_4
-9.077873e-09,0.16135761,0.31673104,0.7172593,13.130895,0.0,0.0,0.12062701,0.6748914,0.12121212,1.2070858,0.9999999,0.43740496,0.1971034,0.36549163,set_4
-5.371195e-08,0.54315144,0.71900105,0.82319206,8.130066,0.0,0.0,0.12062701,0.6748914,0.44444442,1.1018846,0.9999999,0.41253483,0.22611766,0.36134753,set_4
-1.4493803e-07,0.6511202,0.8126688,0.85442185,6.944027,0.0,0.0,0.12062701,0.6748914,0.5454545,1.0732687,0.9999999,0.3994487,0.23171708,0.36883423,set_4
-2.114638e-07,0.75259197,0.89508086,0.8848593,5.8894997,0.0,0.0,0.12062701,0.6748914,0.64646465,1.046689,0.9999999,0.38089496,0.23569442,0.38341063,set_4
-2.648187e-07,0.91813064,1.0168214,0.9378355,4.289495,0.0,0.0,0.12062701,0.6748914,0.8282828,1.0038979,0.9999999,0.32345185,0.24106154,0.43548658,set_4
-2.2027069e-07,1.2055637,1.1244043,1.032596,2.4703588,0.0,0.0,0.12062701,0.6748914,1.1717172,0.94137883,0.9999999,0.14302643,0.2533546,0.603619,set_4
-2.4764475e-07,1.5829716,1.0897306,1.1738276,1.5955133,0.0,0.0,0.12062701,0.6748914,1.7171717,0.89000416,0.9999999,0.027578458,0.24230684,0.7301147,set_4
0.0,0.0,0.12501493,0.6748914,15.5798,0.0,0.0,0.12501493,0.6748914,0.0,1.2520337,0.9999999,0.44337928,0.18410827,0.3725125,set_4
-1.2997198e-07,0.67188096,0.83383167,0.86056596,6.719986,0.0,0.0,0.12501493,0.6748914,0.56565654,1.0678818,0.9999999,0.39617488,0.23269781,0.3711273,set_4
-1.520607e-07,0.73181874,0.8844987,0.87882334,6.076998,0.0,0.0,0.12501493,0.6748914,0.6262626,1.0517689,0.9999999,0.3849249,0.23505941,0.38001567,set_4
-2.8509862e-07,0.93565345,1.0303723,0.94356304,4.142656,0.0,0.0,0.12501493,0.6748914,0.8484848,0.99963874,0.9999999,0.31477854,0.24177757,0.44344386,set_4
-2.5324383e-07,0.988268,1.0591592,0.9606833,3.727108,0.0,0.0,0.12501493,0.6748914,0.9090909,0.9870488,0.9999999,0.28573066,0.24401046,0.47025886,set_4
9.558519e-09,1.3750899,1.1299578,1.091178,1.9366032,0.0,0.0,0.12501493,0.6748914,1.3939394,0.9133167,0.9999999,0.067784354,0.25180152,0.68041414,set_4
-2.405028e-08,1.4312706,1.1231132,1.1120647,1.8206749,0.0,0.0,0.12501493,0.6748914,1.4747474,0.90561295,0.9999999,0.052950867,0.24972531,0.6973238,set_4
2.9868738e-07,1.5479356,1.100923,1.1584909,1.6393008,0.0,0.0,0.12501493,0.6748914,1.6565657,0.89288557,0.9999999,0.032059435,0.24420717,0.7237334,set_4
5.0796166e-07,1.6177018,1.0840385,1.1891563,1.5512867,0.0,0.0,0.12501493,0.6748914,1.7777778,0.88817024,0.9999999,0.023542518,0.24020033,0.73625714,set_4
0.0,0.0,0.12921152,0.6748914,15.5798,0.0,0.0,0.12921152,0.6748914,0.0,1.2520337,0.9999999,0.4433374,0.18418716,0.37247545,set_4
9.110511e-08,0.5224445,0.70318806,0.8168615,8.406136,0.0,0.0,0.12921152,0.6748914,0.4242424,1.107786,0.9999999,0.41470554,0.22489831,0.36039615,set_4
3.2997214e-08,0.63064325,0.80222577,0.8482565,7.165728,0.0,0.0,0.12921152,0.6748914,0.5252525,1.0787592,0.9999999,0.4022727,0.23089327,0.366834,set_4
-1.5992136e-08,0.86439055,0.99069965,0.9204222,4.7470927,0.0,0.0,0.12921152,0.6748914,0.7676768,1.0175703,0.9999999,0.3457122,0.23934543,0.41494232,set_4
1.8219598e-07,1.261075,1.141682,1.0540842,2.1800814,0.0,0.0,0.12921152,0.6748914,1.2525252,0.92997265,0.9999999,0.10371107,0.2534702,0.64281875,set_4
7.9648906e-08,1.4367361,1.1201943,1.1171651,1.8199492,0.0,0.0,0.12921152,0.6748914,1.4949495,0.9038296,0.9999999,0.05167594,0.24966004,0.698664,set_4
-1.4605706e-08,1.5909907,1.0801904,1.1788266,1.6720356,0.0,0.0,0.12921152,0.6748914,1.7373737,0.88928264,0.9999999,0.030023886,0.24414493,0.72583115,set_4
-1.3125719e-08,1.6250716,1.0723817,1.1941346,1.6253405,0.0,0.0,0.12921152,0.6748914,1.7979797,0.887582,0.9999999,0.02564837,0.24204342,0.7323082,set_4
-3.1778942e-08,1.7091172,1.0504065,1.2348623,1.5225589,0.0,0.0,0.12921152,0.6748914,1.959596,0.8864499,0.9999999,0.01720858,0.23640272,0.74638873,set_4
0.0,0.0,0.13043755,0.6748914,15.5798,0.0,0.0,0.13043755,0.6748914,0.0,1.2520337,0.9999999,0.4433252,0.18421027,0.37246457,set_4
-4.2329654e-07,0.6515518,0.82084036,0.8544599,6.9400597,0.0,0.0,0.13043755,0.6748914,0.5454545,1.0732687,0.9999999,0.39928824,0.23188274,0.36882907,set_4
-4.847088e-07,0.7317989,0.88908213,0.8788606,6.073122,0.0,0.0,0.13043755,0.6748914,0.6262626,1.0517689,0.9999999,0.38479686,0.23513933,0.38006383,set_4
-6.156656e-07,0.82679963,0.9627033,0.90868866,5.1154814,0.0,0.0,0.13043755,0.6748914,0.72727275,1.026815,0.9999999,0.35950583,0.23821828,0.4022759,set_4
-6.6721736e-07,0.95337605,1.0438666,0.9493245,4.0023336,0.0,0.0,0.13043755,0.6748914,0.86868685,0.9954684,0.9999999,0.30565956,0.2425437,0.45179677,set_4
-4.0221497e-07,1.0923247,1.1054978,0.9943623,3.040607,0.0,0.0,0.13043755,0.6748914,1.030303,0.9641727,0.9999999,0.218218,0.2492029,0.5325791,set_4
-2.4667764e-07,1.1430647,1.120174,1.0109073,2.761508,0.0,0.0,0.13043755,0.6748914,1.090909,0.9539924,0.9999999,0.18327713,0.25149062,0.5652323,set_4
4.4329918e-09,1.288775,1.137539,1.0595353,2.1752043,0.0,0.0,0.13043755,0.6748914,1.2727273,0.9274209,0.9999999,0.10050129,0.2537741,0.6457246,set_4
2.9215965e-07,1.6312395,1.0842186,1.1942999,1.5389135,0.0,0.0,0.13043755,0.6748914,1.7979797,0.887582,0.9999999,0.022334456,0.23950896,0.73815656,set_4
0.0,0.0,0.13437338,0.6748914,15.5798,0.0,0.0,0.13437338,0.6748914,0.0,1.2520337,0.9999999,0.443286,0.18428424,0.3724298,set_4
-4.4673847e-08,0.08238744,0.23545322,0.69626874,14.3097725,0.0,0.0,0.13437338,0.6748914,0.06060606,1.2294796,0.9999999,0.44042516,0.1908367,0.36873817,set_4
-2.7419174e-08,0.2381531,0.4173962,0.73786527,12.036626,0.0,0.0,0.13437338,0.6748914,0.18181817,1.1859499,0.9999999,0.4337551,0.20374191,0.362503,set_4
-3.4015278e-07,0.71371555,0.8745334,0.8728077,6.2923927,0.0,0.0,0.13437338,0.6748914,0.60606056,1.0570462,0.9999999,0.38890955,0.2344902,0.3766002,set_4
-4.0717126e-07,1.1243916,1.1185739,1.005379,2.8481631,0.0,0.0,0.13437338,0.6748914,1.070707,0.9573727,0.9999999,0.19458906,0.25080428,0.5546066,set_4
-5.166447e-07,1.22311,1.1353545,1.0380388,2.405012,0.0,0.0,0.13437338,0.6748914,1.1919192,0.9383982,0.9999999,0.13321769,0.25373235,0.61305,set_4
-5.5131665e-07,1.4719697,1.1212021,1.1276329,1.7573924,0.0,0.0,0.13437338,0.6748914,1.5353535,0.90049773,0.9999999,0.04474012,0.24812828,0.70713156,set_4
-5.468017e-07,1.523296,1.1111103,1.1482508,1.6786222,0.0,0.0,0.13437338,0.6748914,1.6161616,0.8950065,0.9999999,0.035827957,0.2456249,0.7185471,set_4
-5.1402975e-07,1.6720827,1.0731089,1.2146387,1.5027866,0.0,0.0,0.13437338,0.6748914,1.8787879,0.8864278,0.9999999,0.018708797,0.23714034,0.7441509,set_4
0.0,0.0,0.12368013,0.6748914,15.5798,0.0,0.0,0.12368013,0.6748914,0.0,1.2520337,0.9999999,0.44339246,0.18408318,0.37252432,set_4
4.5224585e-08,0.08227923,0.22508414,0.69626874,14.309762,0.0,0.0,0.12368013,0.6748914,0.06060606,1.2294796,0.9999999,0.44053492,0.19063136,0.36883375,set_4
-9.034296e-08,0.45370087,0.63516057,0.797586,9.206318,0.0,0.0,0.12368013,0.6748914,0.36363634,1.1263376,0.9999999,0.4205537,0.22034384,0.35910243,set_4
7.815677e-08,0.63027024,0.79732156,0.8482662,7.1697164,0.0,0.0,0.12368013,0.6748914,0.5252525,1.0787592,0.9999999,0.40237877,0.23079278,0.36682847,set_4
1.6480088e-07,1.0726342,1.0963923,0.9887995,3.1312237,0.0,0.0,0.12368013,0.6748914,1.010101,0.9677899,0.9999999,0.22919522,0.24827273,0.52253205,set_4
1.199883e-07,1.1563978,1.1192697,1.0163398,2.6795003,0.0,0.0,0.12368013,0.6748914,1.111111,0.95056766,0.9999999,0.17259002,0.25201625,0.57539374,set_4
9.5433265e-08,1.3459569,1.1296613,1.0806566,2.0203896,0.0,0.0,0.12368013,0.6748914,1.3535353,0.9176466,0.9999999,0.07838818,0.25283158,0.6687803,set_4
-5.7921106e-08,1.5105358,1.1074646,1.1430815,1.6967231,0.0,0.0,0.12368013,0.6748914,1.5959595,0.89637804,0.9999999,0.037968792,0.24626707,0.71576416,set_4
-1.4406304e-07,1.5594711,1.0972509,1.1636133,1.6242803,0.0,0.0,0.12368013,0.6748914,1.6767677,0.8919485,0.9999999,0.030486276,0.24358177,0.72593194,set_4
0.0,0.0,0.10829646,0.67479736,15.5798,0.0,0.0,0.10829646,0.67479736,0.0,1.1930486,0.9999999,0.44330895,0.18426403,0.37242702,set_4
-1.7093164e-07,0.30232304,0.46202174,0.7550913,11.181187,0.0,0.0,0.10829646,0.67479736,0.24242423,1.137383,0.9999999,0.4304742,0.2088719,0.36065394,set_4
-1.8710885e-07,0.3729555,0.53725934,0.7745693,10.250465,0.0,0.0,0.10829646,0.67479736,0.30303028,1.1237453,0.9999999,0.42626682,0.21444985,0.35928333,set_4
-1.9468557e-07,0.6154536,0.77537596,0.8440005,7.3037367,0.0,0.0,0.10829646,0.67479736,0.5252525,1.0746689,0.9999999,0.40391564,0.2302242,0.36586013,set_4
-3.097422e-07,1.0274761,1.0681901,0.9738139,3.4227548,0.0,0.0,0.10829646,0.67479736,0.96969694,0.981012,0.9999999,0.2589632,0.24599797,0.49503878,set_4
-3.2149632e-07,1.1444805,1.1068335,1.0126748,2.7299728,0.0,0.0,0.10829646,0.67479736,1.111111,0.9524238,0.9999999,0.17888254,0.25167745,0.56944007,set_4
-3.0382932e-07,1.4213237,1.1110249,1.1074495,1.8721013,0.0,0.0,0.10829646,0.67479736,1.4747474,0.8817567,0.9999999,0.057044644,0.2509778,0.6919776,set_4
-3.0619114e-07,1.6012737,1.0774677,1.1809813,1.585011,0.0,0.0,0.10829646,0.67479736,1.7777778,0.82588047,0.9999999,0.025096295,0.24194197,0.7329617,set_4
-3.983696e-07,1.6982999,1.051613,1.2273762,1.4724004,0.0,0.0,0.10829646,0.67479736,1.979798,0.7901616,0.9999999,0.015616394,0.23564069,0.7487429,set_4
0.0,0.0,0.103140034,0.67479736,15.5798,0.0,0.0,0.103140034,0.67479736,0.0,1.1930486,0.9999999,0.44336033,0.18416695,0.3724727,set_4
-9.5248495e-08,0.20503372,0.34959367,0.7287523,12.516701,0.0,0.0,0.103140034,0.67479736,0.16161615,1.1557541,0.9999999,0.43541315,0.20081584,0.363771,set_4
-9.2379125e-08,0.34925646,0.5086015,0.7681015,10.550521,0.0,0.0,0.103140034,0.67479736,0.28282827,1.1282976,0.9999999,0.42777774,0.21254797,0.3596743,set_4
-1.35108e-07,0.57322353,0.73122495,0.8316083,7.7959485,0.0,0.0,0.103140034,0.67479736,0.48484847,1.0835073,0.9999999,0.40926313,0.22788884,0.36284804,set_4
-2.7633845e-07,0.8331174,0.9477144,0.9103928,5.0523415,0.0,0.0,0.103140034,0.67479736,0.74747473,1.0270977,0.9999999,0.35724333,0.23827551,0.40448117,set_4
-4.0833262e-07,0.9404605,1.0207345,0.9453501,4.0737267,0.0,0.0,0.103140034,0.67479736,0.86868685,1.0017823,0.9999999,0.3104491,0.24194832,0.44760266,set_4
-4.6177192e-07,1.1269729,1.1009507,1.0071987,2.8014996,0.0,0.0,0.103140034,0.67479736,1.090909,0.9564893,0.9999999,0.1889315,0.25095832,0.56011015,set_4
1.9240879e-07,1.4328976,1.1070455,1.1124895,1.8381124,0.0,0.0,0.103140034,0.67479736,1.4949495,0.8779383,0.9999999,0.053347673,0.25030097,0.69635135,set_4
1.2346092e-07,1.4844862,1.0990927,1.1324835,1.7458962,0.0,0.0,0.103140034,0.67479736,1.5757575,0.8628249,0.9999999,0.04232754,0.24802698,0.70964545,set_4
0.0,0.0,0.10812185,0.67479736,15.5798,0.0,0.0,0.10812185,0.67479736,0.0,1.1930486,0.9999999,0.44331065,0.18426074,0.3724287,set_4
-1.0637679e-07,0.20515862,0.35421112,0.7287523,12.516712,0.0,0.0,0.10812185,0.67479736,0.16161615,1.1557541,0.9999999,0.43535987,0.20091324,0.36372688,set_4
-2.5897492e-07,0.5949745,0.7544689,0.8378194,7.555375,0.0,0.0,0.10812185,0.67479736,0.5050505,1.0790758,0.9999999,0.406712,0.22912748,0.36416042,set_4
3.4662415e-07,0.88777316,0.99054205,0.9279765,4.5367036,0.0,0.0,0.10812185,0.67479736,0.8080808,1.0143703,0.9999999,0.33598506,0.24006787,0.42394707,set_4
3.77838e-07,0.99243236,1.0534445,0.96249956,3.6570668,0.0,0.0,0.10812185,0.67479736,0.9292929,0.9892581,0.9999999,0.28005406,0.24430947,0.47563648,set_4
3.976075e-08,1.3497081,1.1185385,1.0818374,2.0203211,0.0,0.0,0.10812185,0.67479736,1.3737373,0.90099496,0.9999999,0.0771909,0.2530412,0.6697679,set_4
7.02455e-09,1.4848381,1.1020497,1.1324819,1.7461296,0.0,0.0,0.10812185,0.67479736,1.5757575,0.8628249,0.9999999,0.042260867,0.24803014,0.709709,set_4
1.4891408e-08,1.6307751,1.0700202,1.1950973,1.543761,0.0,0.0,0.10812185,0.67479736,1.8383838,0.81501347,0.9999999,0.021574967,0.23995414,0.73847085,set_4
1.223595e-08,1.7058787,1.0491204,1.2318823,1.4612408,0.0,0.0,0.10812185,0.67479736,2.0,0.7866427,0.9999999,0.014895506,0.23497431,0.7501302,set_4
0.0,0.0,0.10328461,0.67479736,15.5798,0.0,0.0,0.10328461,0.67479736,0.0,1.1930486,0.9999999,0.44335887,0.18416972,0.37247142,set_4
-1.1651828e-08,0.155207,0.2921945,0.7154241,13.230445,0.0,0.0,0.10328461,0.67479736,0.12121212,1.1649835,0.9999999,0.43760234,0.19669643,0.3657012,set_4
4.632362e-08,0.46277475,0.62863624,0.80017346,9.07894,0.0,0.0,0.10328461,0.67479736,0.38383836,1.1057492,0.9999999,0.41966733,0.22108354,0.35924911,set_4
-2.2394234e-07,0.90656775,0.99672025,0.93379253,4.394057,0.0,0.0,0.10328461,0.67479736,0.8282828,1.010151,0.9999999,0.3287529,0.24063385,0.43061334,set_4
-2.0999171e-07,1.1447726,1.1035067,1.0126767,2.7300143,0.0,0.0,0.10328461,0.67479736,1.111111,0.9524238,0.9999999,0.17901084,0.25163504,0.56935406,set_4
-1.8784002e-07,1.2739923,1.1176218,1.0556958,2.2264268,0.0,0.0,0.10328461,0.67479736,1.2727273,0.9205396,0.9999999,0.106843434,0.2540229,0.6391337,set_4
-1.7138257e-07,1.392612,1.1117276,1.0972695,1.9236615,0.0,0.0,0.10328461,0.67479736,1.4343435,0.8893907,0.9999999,0.0641453,0.2518418,0.6840129,set_4
-1.7525493e-07,1.5096613,1.0945091,1.1423562,1.7083381,0.0,0.0,0.10328461,0.67479736,1.6161616,0.8553099,0.9999999,0.037972134,0.24686825,0.7151596,set_4
-1.8341782e-07,1.578602,1.0801381,1.1714479,1.6086068,0.0,0.0,0.10328461,0.67479736,1.7373737,0.83314806,0.9999999,0.027646204,0.24310772,0.7292461,set_4
0.0,0.0,0.10790601,0.67479736,15.5798,0.0,0.0,0.10790601,0.67479736,0.0,1.1930486,0.9999999,0.44331276,0.18425664,0.37243056,set_4
1.2953332e-07,0.50895864,0.6724701,0.8128301,8.568949,0.0,0.0,0.10790601,0.67479736,0.4242424,1.0967878,0.9999999,0.4159002,0.22406268,0.36003712,set_4
3.3544794e-08,0.7417061,0.8746178,0.8805897,6.0282845,0.0,0.0,0.10790601,0.67479736,0.64646465,1.0485419,0.9999999,0.38359433,0.23536259,0.38104308,set_4
1.0081487e-07,1.1221583,1.1111999,1.0071819,2.744355,0.0,0.0,0.10790601,0.67479736,1.090909,0.9564893,0.9999999,0.18314916,0.25103486,0.565816,set_4
7.1917164e-08,1.1713237,1.1208847,1.023557,2.5121393,0.0,0.0,0.10790601,0.67479736,1.1515151,0.9443856,0.9999999,0.1511519,0.25268847,0.59615964,set_4
4.74364e-09,1.2343507,1.1285162,1.0450675,2.2547846,0.0,0.0,0.10790601,0.67479736,1.2323232,0.9284182,0.9999999,0.11447915,0.25353053,0.6319903,set_4
-5.347077e-08,1.294783,1.1301962,1.0662138,2.0556579,0.0,0.0,0.10790601,0.67479736,1.3131312,0.9126587,0.9999999,0.08650536,0.25294343,0.66055125,set_4
1.5178185e-07,1.5241971,1.0892726,1.1521298,1.6945257,0.0,0.0,0.10790601,0.67479736,1.6565657,0.84789056,0.9999999,0.03533305,0.24623397,0.71843296,set_4
2.1988107e-07,1.5924699,1.0713729,1.180967,1.6277338,0.0,0.0,0.10790601,0.67479736,1.7777778,0.82588047,0.9999999,0.02694212,0.24320129,0.72985655,set_4
0.0,0.0,0.10572606,0.67479736,15.5798,0.0,0.0,0.10572606,0.67479736,0.0,1.1930486,0.9999999,0.44333452,0.18421568,0.3724498,set_4
-1.1195817e-07,0.10449981,0.23440361,0.7019894,13.977383,0.0,0.0,0.10572606,0.67479736,0.08080807,1.1743225,0.9999999,0.43962443,0.19257206,0.36780357,set_4
-1.7645375e-07,0.39594632,0.5592153,0.7810098,9.952112,0.0,0.0,0.10572606,0.67479736,0.32323232,1.1192132,0.9999999,0.4247631,0.21616423,0.3590727,set_4
-1.8060439e-07,0.552377,0.7124045,0.8253766,8.052185,0.0,0.0,0.10572606,0.67479736,0.46464646,1.0879277,0.9999999,0.41162732,0.22669981,0.3616729,set_4
-1.8008477e-07,0.69838095,0.84239185,0.8684972,6.4256477,0.0,0.0,0.10572606,0.67479736,0.60606056,1.0572008,0.9999999,0.39131224,0.2338126,0.3748751,set_4
-1.6242376e-07,1.1777927,1.111249,1.0235708,2.5790963,0.0,0.0,0.10572606,0.67479736,1.1515151,0.9443856,0.9999999,0.15803832,0.25277916,0.5891825,set_4
-1.3794059e-07,1.3373871,1.1165135,1.0766717,2.0686035,0.0,0.0,0.10572606,0.67479736,1.3535353,0.90486825,0.9999999,0.08330141,0.2535003,0.66319835,set_4
-1.1256073e-07,1.4871873,1.0996158,1.1324986,1.7548329,0.0,0.0,0.10572606,0.67479736,1.5757575,0.8628249,0.9999999,0.04274641,0.24822474,0.70902884,set_4
-2.3578247e-07,1.6432332,1.0654292,1.1997906,1.5379646,0.0,0.0,0.10572606,0.67479736,1.8585858,0.8114377,0.9999999,0.020742398,0.23948778,0.7397698,set_4
0.0,0.0,0.10636815,0.67479736,15.5798,0.0,0.0,0.10636815,0.67479736,0.0,1.1930486,0.9999999,0.44332817,0.18422773,0.37244412,set_4
4.766204e-08,0.18030028,0.32416055,0.7221014,12.869566,0.0,0.0,0.10636815,0.67479736,0.14141414,1.1603595,0.9999999,0.43649313,0.19882596,0.3646809,set_4
3.0101965e-08,0.508373,0.6724075,0.812827,8.5592,0.0,0.0,0.10636815,0.67479736,0.4242424,1.0967878,0.9999999,0.4158717,0.2240533,0.36007497,set_4
2.2020066e-09,0.88761795,0.9891702,0.92797035,4.5374765,0.0,0.0,0.10636815,0.67479736,0.8080808,1.0143703,0.9999999,0.3360481,0.2400435,0.42390838,set_4
9.342571e-11,0.9578179,1.0334774,0.95108134,3.928229,0.0,0.0,0.10636815,0.67479736,0.8888889,0.99760306,0.9999999,0.3007068,0.24271356,0.45657972,set_4
-2.9936311e-09,1.0093366,1.0605804,0.9681622,3.5309799,0.0,0.0,0.10636815,0.67479736,0.94949496,0.98512876,0.9999999,0.26925796,0.24512437,0.4856176,set_4
-5.9672224e-08,1.2417619,1.1193875,1.0450661,2.3217556,0.0,0.0,0.10636815,0.67479736,1.2323232,0.9284182,0.9999999,0.121087216,0.253926,0.62498677,set_4
-7.412791e-08,1.4198757,1.1106923,1.1074265,1.8650995,0.0,0.0,0.10636815,0.67479736,1.4747474,0.8817567,0.9999999,0.056620885,0.25084415,0.6925349,set_4
-2.6667126e-07,1.6880455,1.0534004,1.2228134,1.479565,0.0,0.0,0.10636815,0.67479736,1.959596,0.79367083,0.9999999,0.016304664,0.23620385,0.7474915,set_4
0.0,0.0,0.110851884,0.67479736,15.5798,0.0,0.0,0.110851884,0.67479736,0.0,1.1930486,0.9999999,0.44328338,0.18431218,0.37240443,set_4
1.54083e-07,0.27843457,0.4382872,0.74854726,11.504073,0.0,0.0,0.110851884,0.67479736,0.22222221,1.141945,0.9999999,0.43173617,0.20698117,0.36128262,set_4
1.0894132e-07,0.6974801,0.8488468,0.8684903,6.406059,0.0,0.0,0.110851884,0.67479736,0.60606056,1.0572008,0.9999999,0.39100078,0.23389046,0.37510875,set_4
1.0116599e-07,0.94187665,1.0245688,0.94534826,4.0875125,0.0,0.0,0.110851884,0.67479736,0.86868685,1.0017823,0.9999999,0.31098598,0.24205263,0.44696146,set_4
1.308517e-07,1.0952046,1.0948868,0.99616086,2.9988575,0.0,0.0,0.110851884,0.67479736,1.0505049,0.96460396,0.9999999,0.2130721,0.24947901,0.5374489,set_4
1.2890612e-07,1.144934,1.1081614,1.0126752,2.7330985,0.0,0.0,0.110851884,0.67479736,1.111111,0.9524238,0.9999999,0.17911491,0.25170258,0.5691825,set_4
5.6960587e-08,1.2740716,1.1224992,1.0557007,2.2260985,0.0,0.0,0.110851884,0.67479736,1.2727273,0.9205396,0.9999999,0.10661457,0.2540632,0.6393222,set_4
-8.9481915e-08,1.5349749,1.0936635,1.1521463,1.6777356,0.0,0.0,0.110851884,0.67479736,1.6565657,0.84789056,0.9999999,0.034225147,0.24575855,0.7200163,set_4
-6.421694e-08,1.6897156,1.0554909,1.2228338,1.4831085,0.0,0.0,0.110851884,0.67479736,1.959596,0.79367083,0.9999999,0.01635197,0.23628466,0.7473634,set_4
0.0,0.0,0.108434714,0.67479736,15.5798,0.0,0.0,0.108434714,0.67479736,0.0,1.1930486,0.9999999,0.4433075,0.18426664,0.37242588,set_4
6.035973e-08,0.13003716,0.2673676,0.7087202,13.599636,0.0,0.0,0.108434714,0.67479736,0.1010101,1.169641,0.9999999,0.4385893,0.19471447,0.36669615,set_4
5.6214148e-08,0.27751747,0.43827546,0.74854404,11.4864645,0.0,0.0,0.108434714,0.67479736,0.22222221,1.141945,0.9999999,0.43172866,0.20698985,0.36128145,set_4
1.6195582e-08,0.59396356,0.75697577,0.8378178,7.537385,0.0,0.0,0.108434714,0.67479736,0.5050505,1.0790758,0.9999999,0.4065786,0.22915053,0.36427084,set_4
-6.99619e-08,0.7391453,0.8757507,0.8805892,6.0218873,0.0,0.0,0.108434714,0.67479736,0.64646465,1.0485419,0.9999999,0.38352883,0.23533297,0.38113815,set_4
-1.2741944e-07,0.9078478,0.9990013,0.93379414,4.4058533,0.0,0.0,0.108434714,0.67479736,0.8282828,1.010151,0.9999999,0.32913876,0.24071473,0.43014657,set_4
-1.3611289e-07,1.2906001,1.1202838,1.0609697,2.1858802,0.0,0.0,0.108434714,0.67479736,1.2929292,0.916601,0.9999999,0.10046637,0.25403082,0.64550287,set_4
-1.5464886e-07,1.4480494,1.107428,1.1175214,1.8215729,0.0,0.0,0.108434714,0.67479736,1.5151515,0.87411964,0.9999999,0.050699923,0.24992862,0.69937146,set_4
-1.3268881e-07,1.5908175,1.0800155,1.1762149,1.5994394,0.0,0.0,0.108434714,0.67479736,1.7575758,0.8295109,0.9999999,0.026410393,0.242596,0.73099357,set_4
0.0,0.0,0.115955085,0.67479736,15.5798,0.0,0.0,0.115955085,0.67479736,0.0,1.1930486,0.9999999,0.44323254,0.18440822,0.37235922,set_4
2.736041e-07,1.0459895,1.0799428,0.9794309,3.3141909,0.0,0.0,0.115955085,0.67479736,0.989899,0.976893,0.9999999,0.24788314,0.24696316,0.5051537,set_4
4.2237673e-08,1.2615061,1.1251295,1.050386,2.279234,0.0,0.0,0.115955085,0.67479736,1.2525252,0.9244737,0.9999999,0.113962434,0.25414267,0.6318949,set_4
-2.4304779e-08,1.3942112,1.1205844,1.097257,1.9159995,0.0,0.0,0.115955085,0.67479736,1.4343435,0.8893907,0.9999999,0.06325541,0.25173983,0.68500483,set_4
-5.7804655e-08,1.4477581,1.1139493,1.1175116,1.805932,0.0,0.0,0.115955085,0.67479736,1.5151515,0.87411964,0.9999999,0.049554046,0.24960963,0.7008363,set_4
-5.786336e-08,1.5343504,1.097865,1.1521242,1.6681161,0.0,0.0,0.115955085,0.67479736,1.6565657,0.84789056,0.9999999,0.033702258,0.24550758,0.72079015,set_4
-1.971937e-08,1.5799747,1.0870779,1.1714349,1.6120687,0.0,0.0,0.115955085,0.67479736,1.7373737,0.83314806,0.9999999,0.027637912,0.24316993,0.7291922,set_4
8.1377095e-08,1.6628453,1.0646424,1.2090538,1.5261848,0.0,0.0,0.115955085,0.67479736,1.8989899,0.80428916,0.9999999,0.019111628,0.23851335,0.742375,set_4
9.338142e-08,1.6909124,1.0566367,1.2228203,1.4967813,0.0,0.0,0.115955085,0.67479736,1.959596,0.79367083,0.9999999,0.016673565,0.2366812,0.7466453,set_4
0.0,0.0,0.11149351,0.67572254,29.212,0.0,0.0,0.11149351,0.67572254,0.0,1.2237259,0.9999999,0.44171533,0.18656507,0.37171963,set_5
-3.6366476e-08,0.13116565,0.27280587,0.71028,26.536263,0.0,0.0,0.11149351,0.67572254,0.1010101,1.1831591,0.9999999,0.44126225,0.19005719,0.36868063,set_5
-1.5444944e-07,0.45622095,0.65620345,0.8075971,20.210045,0.0,0.0,0.11149351,0.67572254,0.4040404,1.082784,0.9999999,0.43951795,0.20254055,0.3579415,set_5
-1.3510808e-07,0.512424,0.7193604,0.82611954,19.173977,0.0,0.0,0.11149351,0.67572254,0.46464646,1.0667342,0.9999999,0.4390856,0.20540826,0.35550606,set_5
8.964082e-08,0.7026607,0.9242764,0.89198726,15.829057,0.0,0.0,0.11149351,0.67572254,0.68686867,1.0182031,0.9999999,0.43718123,0.21701945,0.34579933,set_5
1.8155373e-07,0.921389,1.1406208,0.9722302,12.33881,0.0,0.0,0.11149351,0.67572254,0.96969694,0.98126906,0.9999999,0.4337407,0.2341028,0.33215654,set_5
-8.1129556e-08,1.3337538,1.4840558,1.1293099,6.9042,0.0,0.0,0.11149351,0.67572254,1.5353535,0.9907137,0.9999999,0.4176229,0.27183306,0.31054404,set_5
-1.2307267e-07,1.4081951,1.5368717,1.1579479,6.0748143,0.0,0.0,0.11149351,0.67572254,1.6363636,1.0041791,0.9999999,0.41085958,0.27836365,0.3107768,set_5
-1.10528845e-07,1.5604502,1.6348435,1.2166349,4.521157,0.0,0.0,0.11149351,0.67572254,1.8383838,1.0417706,0.9999999,0.38552353,0.29117864,0.3232978,set_5
0.0,0.0,0.10775484,0.67572254,29.212,0.0,0.0,0.10775484,0.67572254,0.0,1.2237259,0.9999999,0.44172347,0.18654323,0.3717333,set_5
-2.9862534e-08,0.24926367,0.4117638,0.7437209,24.180714,0.0,0.0,0.10775484,0.67572254,0.2020202,1.1461467,0.9999999,0.4407585,0.19385383,0.36538768,set_5
-3.8989842e-09,0.76696336,0.98737365,0.91510767,14.762047,0.0,0.0,0.10775484,0.67572254,0.7676768,1.0047966,0.9999999,0.43634707,0.22161524,0.34203777,set_5
3.23637e-08,0.8296122,1.0498067,0.9380424,13.754865,0.0,0.0,0.10775484,0.67572254,0.8484848,0.9935281,0.9999999,0.4354015,0.22645187,0.3381466,set_5
-1.5935451e-07,0.9957695,1.2062633,1.0001706,11.250209,0.0,0.0,0.10775484,0.67572254,1.070707,0.97483444,0.9999999,0.43211016,0.24064189,0.327248,set_5
-1.7536341e-07,1.0547569,1.258527,1.0225351,10.420107,0.0,0.0,0.10775484,0.67572254,1.1515151,0.97210526,0.9999999,0.43056777,0.24603379,0.3233984,set_5
3.8027924e-08,1.157138,1.345092,1.0615704,9.052315,0.0,0.0,0.10775484,0.67572254,1.2929292,0.97312444,0.9999999,0.4271887,0.2555836,0.31722772,set_5
3.489916e-07,1.2447785,1.4150234,1.0951278,7.953071,0.0,0.0,0.10775484,0.67572254,1.4141414,0.97921836,0.9999999,0.42324364,0.26374912,0.31300724,set_5
3.4523958e-07,1.6709018,1.6922195,1.2588817,3.5390773,0.0,0.0,0.10775484,0.67572254,1.979798,1.076794,0.9999999,0.34830433,0.30054918,0.3511465,set_5
0.0,0.0,0.110505864,0.67572254,29.212,0.0,0.0,0.110505864,0.67572254,0.0,1.2237259,0.9999999,0.44171745,0.18655924,0.37172326,set_5
8.30166e-08,0.24929012,0.4142663,0.7437209,24.1807,0.0,0.0,0.110505864,0.67572254,0.2020202,1.1461467,0.9999999,0.4407521,0.19387147,0.3653765,set_5
2.675858e-07,0.41756052,0.611156,0.7951671,20.935835,0.0,0.0,0.110505864,0.67572254,0.36363634,1.0944856,0.9999999,0.43979147,0.20069239,0.35951614,set_5
3.284601e-07,0.56676525,0.7784191,0.84442645,18.193935,0.0,0.0,0.110505864,0.67572254,0.5252525,1.0515054,0.9999999,0.4386202,0.20840517,0.35297462,set_5
-7.499973e-07,1.3036478,1.4614322,1.1176686,7.2519283,0.0,0.0,0.110505864,0.67572254,1.4949495,0.9865167,0.9999999,0.41975746,0.26913774,0.3111048,set_5
-7.110013e-07,1.4226211,1.5466453,1.1634624,5.916094,0.0,0.0,0.110505864,0.67572254,1.6565657,1.0074633,0.9999999,0.4092056,0.2796262,0.31116822,set_5
-7.06397e-07,1.4830343,1.5869102,1.1867647,5.281745,0.0,0.0,0.110505864,0.67572254,1.7373737,1.021198,0.9999999,0.40090668,0.2847542,0.31433913,set_5
-7.4092316e-07,1.5754027,1.6434655,1.2223421,4.3770533,0.0,0.0,0.110505864,0.67572254,1.8585858,1.0464782,0.9999999,0.38160765,0.292449,0.32594335,set_5
-7.818601e-07,1.6874133,1.7012335,1.2650595,3.4077702,0.0,0.0,0.110505864,0.67572254,2.0,1.0821611,0.9999999,0.34078503,0.30200002,0.35721496,set_5
0.0,0.0,0.109380245,0.67572254,29.212,0.0,0.0,0.109380245,0.67572254,0.0,1.2237259,0.9999999,0.4417199,0.18655273,0.37172735,set_5
-5.8417037e-08,0.20339604,0.35827732,0.73046696,25.08889,0.0,0.0,0.109380245,0.67572254,0.16161615,1.1606475,0.9999999,0.44096732,0.19229524,0.36673748,set_5
-1.0257492e-07,0.5308342,0.7379464,0.8322948,18.840717,0.0,0.0,0.109380245,0.67572254,0.48484847,1.0616484,0.9999999,0.43893892,0.2063811,0.35467997,set_5
1.2348245e-08,0.68623644,0.90546346,0.8860531,16.109154,0.0,0.0,0.109380245,0.67572254,0.6666667,1.0218896,0.9999999,0.43738312,0.21587557,0.34674132,set_5
4.9757972e-08,0.89109194,1.1103432,0.96079946,12.801029,0.0,0.0,0.109380245,0.67572254,0.9292929,0.98454535,0.9999999,0.43433085,0.23149684,0.33417228,set_5
-1.9810347e-08,1.392572,1.526642,1.1520761,6.2283583,0.0,0.0,0.109380245,0.67572254,1.6161616,1.0011533,0.9999999,0.4123634,0.27709648,0.31054014,set_5
-3.5011883e-08,1.452555,1.5675902,1.1751968,5.584489,0.0,0.0,0.109380245,0.67572254,1.6969697,1.0141178,0.9999999,0.40528545,0.28224272,0.31247178,set_5
-7.6657884e-08,1.5912365,1.6514765,1.2284021,4.2337675,0.0,0.0,0.109380245,0.67572254,1.8787879,1.0512546,0.9999999,0.3772869,0.29374328,0.32896984,set_5
-9.608178e-08,1.6878037,1.6997366,1.2650923,3.4145594,0.0,0.0,0.109380245,0.67572254,2.0,1.0821611,0.9999999,0.34113395,0.30195418,0.3569119,set_5
0.0,0.0,0.118726455,0.67572254,29.212,0.0,0.0,0.118726455,0.67572254,0.0,1.2237259,0.9999999,0.4416994,0.18660733,0.37169328,set_5
3.4585986e-07,0.45633027,0.6620146,0.8076173,20.213398,0.0,0.0,0.118726455,0.67572254,0.4040404,1.082784,0.9999999,0.43949953,0.20258567,0.3579148,set_5
3.1746413e-07,0.60201144,0.82304054,0.8564068,17.571957,0.0,0.0,0.118726455,0.67572254,0.56565654,1.0425354,0.9999999,0.43826818,0.21053104,0.35120076,set_5
2.8369834e-07,0.783378,1.0117261,0.920885,14.5008545,0.0,0.0,0.118726455,0.67572254,0.78787875,1.0018091,0.9999999,0.4360905,0.22290371,0.3410057,set_5
2.4183151e-07,0.8914075,1.1169562,0.9607846,12.801557,0.0,0.0,0.118726455,0.67572254,0.9292929,0.98454535,0.9999999,0.43430537,0.23156865,0.33412597,set_5
1.3285499e-07,1.1137502,1.3156502,1.0448182,9.627971,0.0,0.0,0.118726455,0.67572254,1.2323232,0.97163844,0.9999999,0.42873457,0.25156164,0.31970385,set_5
3.3241307e-08,1.33365,1.4886285,1.1291109,6.905076,0.0,0.0,0.118726455,0.67572254,1.5353535,0.9907137,0.9999999,0.41760913,0.27187765,0.31051326,set_5
2.6280443e-07,1.5145541,1.6109173,1.1987118,4.9719057,0.0,0.0,0.118726455,0.67572254,1.7777778,1.0292679,0.9999999,0.39551926,0.2873729,0.31710783,set_5
2.8092694e-07,1.5609459,1.6388979,1.2165611,4.5219,0.0,0.0,0.118726455,0.67572254,1.8383838,1.0417706,0.9999999,0.3855113,0.29122493,0.32326373,set_5
0.0,0.0,0.11576983,0.67572254,29.212,0.0,0.0,0.11576983,0.67572254,0.0,1.2237259,0.9999999,0.44170585,0.18659005,0.37170404,set_5
-7.05311e-08,0.13118714,0.27687636,0.71028,26.536255,0.0,0.0,0.11576983,0.67572254,0.1010101,1.1831591,0.9999999,0.4412526,0.19008331,0.36866412,set_5
1.4474892e-09,0.29366416,0.47161487,0.7568138,23.311754,0.0,0.0,0.11576983,0.67572254,0.24242423,1.1323115,0.9999999,0.44051683,0.19553179,0.3639514,set_5
-2.6868068e-07,0.7025944,0.9272884,0.89188063,15.833079,0.0,0.0,0.11576983,0.67572254,0.68686867,1.0182031,0.9999999,0.4371705,0.21704009,0.34578943,set_5
-5.3812084e-07,1.0547098,1.2635567,1.0224212,10.424192,0.0,0.0,0.11576983,0.67572254,1.1515151,0.97210526,0.9999999,0.43055063,0.24607535,0.32337403,set_5
-3.8864226e-07,1.1134312,1.3137083,1.0447769,9.62887,0.0,0.0,0.11576983,0.67572254,1.2323232,0.97163844,0.9999999,0.42874458,0.25153285,0.31972253,set_5
1.982901e-08,1.3041841,1.4648815,1.1178201,7.2475786,0.0,0.0,0.11576983,0.67572254,1.4949495,0.9865167,0.9999999,0.41972515,0.2691993,0.31107563,set_5
-2.5527171e-09,1.453194,1.5702012,1.1751926,5.59305,0.0,0.0,0.11576983,0.67572254,1.6969697,1.0141178,0.9999999,0.40535182,0.2822479,0.3124003,set_5
8.468232e-09,1.6234598,1.6725999,1.2406799,3.9447074,0.0,0.0,0.11576983,0.67572254,1.919192,1.0607102,0.9999999,0.36705628,0.29648373,0.33645996,set_5
0.0,0.0,0.12128849,0.67572254,29.212,0.0,0.0,0.12128849,0.67572254,0.0,1.2237259,0.9999999,0.44169375,0.1866223,0.37168393,set_5
-3.0380252e-07,0.6360964,0.8614374,0.86826634,16.97617,0.0,0.0,0.12128849,0.67572254,0.60606056,1.0336382,0.9999999,0.43791196,0.21266344,0.3494246,set_5
-2.4477114e-07,0.7514652,0.9813029,0.9093042,15.023433,0.0,0.0,0.12128849,0.67572254,0.74747473,1.0077755,0.9999999,0.4365306,0.22054192,0.34292743,set_5
-2.1703843e-07,0.8146138,1.0444156,0.93232775,14.000557,0.0,0.0,0.12128849,0.67572254,0.8282828,0.9959549,0.9999999,0.435611,0.22533324,0.3390557,set_5
-2.3401566e-07,0.87619996,1.1041665,0.9550897,13.035955,0.0,0.0,0.12128849,0.67572254,0.9090909,0.9865754,0.9999999,0.4345779,0.23031065,0.33511138,set_5
-3.0013337e-07,0.936571,1.16096,0.9776407,12.122785,0.0,0.0,0.12128849,0.67572254,0.989899,0.9796783,0.9999999,0.43340978,0.23545058,0.33113965,set_5
-4.664452e-07,1.1720333,1.3656962,1.0670309,8.865863,0.0,0.0,0.12128849,0.67572254,1.3131312,0.97358173,0.9999999,0.42657754,0.25704825,0.3163742,set_5
-4.2233555e-07,1.3037663,1.4690161,1.1176441,7.243922,0.0,0.0,0.12128849,0.67572254,1.4949495,0.9865167,0.9999999,0.41969925,0.26925197,0.31104884,set_5
-7.3484864e-07,1.62379,1.6744235,1.2404091,3.9576254,0.0,0.0,0.12128849,0.67572254,1.919192,1.0607102,0.9999999,0.3674616,0.29644904,0.33608943,set_5
0.0,0.0,0.12071872,0.67572254,29.212,0.0,0.0,0.12071872,0.67572254,0.0,1.2237259,0.9999999,0.44169503,0.18661895,0.371686,set_5
-3.403367e-08,0.15578811,0.31135723,0.71705145,26.041784,0.0,0.0,0.12071872,0.67572254,0.12121212,1.175325,0.9999999,0.44114336,0.19085224,0.36800444,set_5
-1.2171307e-07,0.33628178,0.52586293,0.76971376,22.487368,0.0,0.0,0.12071872,0.67572254,0.28282827,1.1193033,0.9999999,0.4402711,0.1972367,0.3624921,set_5
1.2593061e-07,0.8610288,1.0892463,0.9494619,13.269932,0.0,0.0,0.12071872,0.67572254,0.8888889,0.9889675,0.9999999,0.43484983,0.22905134,0.33609888,set_5
1.2954229e-07,0.96662664,1.1882247,0.98894674,11.67967,0.0,0.0,0.12071872,0.67572254,1.030303,0.97668946,0.9999999,0.43276393,0.23808913,0.32914698,set_5
-2.7337654e-07,1.2019814,1.3890002,1.0784668,8.490049,0.0,0.0,0.12071872,0.67572254,1.3535353,0.97558916,0.9999999,0.42532328,0.25980374,0.3148729,set_5
-3.5861711e-07,1.289887,1.4571791,1.11219,7.417886,0.0,0.0,0.12071872,0.67572254,1.4747474,0.98462325,0.9999999,0.42065457,0.26791558,0.31142983,set_5
-4.0064995e-07,1.3637153,1.5115117,1.1405978,6.565318,0.0,0.0,0.12071872,0.67572254,1.5757575,0.9959522,0.9999999,0.41516814,0.27453965,0.31029215,set_5
-1.9972958e-08,1.6402855,1.6836057,1.2468984,3.8044586,0.0,0.0,0.12071872,0.67572254,1.939394,1.0658963,0.9999999,0.36120197,0.29789215,0.34090585,set_5
0.0,0.0,0.12560977,0.67572254,29.212,0.0,0.0,0.12560977,0.67572254,0.0,1.2237259,0.9999999,0.44168422,0.18664755,0.37166822,set_5
-4.2635193e-08,0.22669646,0.40097147,0.73711425,24.629337,0.0,0.0,0.12560977,0.67572254,0.18181817,1.1534595,0.9999999,0.4408251,0.19317544,0.3659995,set_5
-2.268345e-07,0.73560125,0.96828055,0.9035434,15.287672,0.0,0.0,0.12560977,0.67572254,0.72727275,1.010918,0.9999999,0.43673238,0.21941431,0.3438533,set_5
-2.6436982e-07,0.7834069,1.0165057,0.92086303,14.503903,0.0,0.0,0.12560977,0.67572254,0.78787875,1.0018091,0.9999999,0.43607306,0.2229456,0.34098136,set_5
-2.747978e-07,0.8302723,1.0628461,0.938048,13.753474,0.0,0.0,0.12560977,0.67572254,0.8484848,0.9935281,0.9999999,0.43535298,0.22659573,0.33805123,set_5
-3.3701258e-07,0.98126215,1.2064545,0.99457455,11.4518175,0.0,0.0,0.12560977,0.67572254,1.0505049,0.97569305,0.9999999,0.43240717,0.23949698,0.32809585,set_5
-2.279183e-07,1.2751479,1.4488807,1.1064032,7.596506,0.0,0.0,0.12560977,0.67572254,1.4545455,0.98266083,0.9999999,0.42155063,0.26659176,0.31185764,set_5
-1.7302821e-07,1.3344442,1.4916642,1.1290164,6.91554,0.0,0.0,0.12560977,0.67572254,1.5353535,0.9907137,0.9999999,0.4176348,0.27188224,0.31048295,set_5
-1.1446795e-07,1.4543556,1.573611,1.1749811,5.6142054,0.0,0.0,0.12560977,0.67572254,1.6969697,1.0141178,0.9999999,0.40553126,0.28222117,0.3122476,set_5
0.0,0.0,0.11672281,0.67572254,29.212,0.0,0.0,0.11672281,0.67572254,0.0,1.2237259,0.9999999,0.4417038,0.18659562,0.3717006,set_5
5.813541e-09,0.2266183,0.39281714,0.73711425,24.629362,0.0,0.0,0.11672281,0.67572254,0.18181817,1.1534595,0.9999999,0.4408456,0.19311899,0.36603543,set_5
4.2066716e-08,0.45656595,0.6606842,0.8077013,20.207726,0.0,0.0,0.11672281,0.67572254,0.4040404,1.082784,0.9999999,0.4395046,0.2025822,0.35791323,set_5
3.9118145e-08,0.5669563,0.7834358,0.84445655,18.193268,0.0,0.0,0.11672281,0.67572254,0.5252525,1.0515054,0.9999999,0.4386042,0.20845173,0.35294402,set_5
1.1596415e-08,0.6531553,0.8761129,0.8742969,16.678852,0.0,0.0,0.11672281,0.67572254,0.6262626,1.0294349,0.9999999,0.4377414,0.21372648,0.3485321,set_5
-5.2339818e-08,0.81445676,1.0410919,0.93233395,14.000496,0.0,0.0,0.11672281,0.67572254,0.8282828,0.9959549,0.9999999,0.4356235,0.2252979,0.3390786,set_5
-3.299266e-08,0.8912054,1.1154062,0.9607396,12.802991,0.0,0.0,0.11672281,0.67572254,0.9292929,0.98454535,0.9999999,0.43431187,0.23154622,0.33414185,set_5
-3.152829e-07,1.3191892,1.4765267,1.1235069,7.0746536,0.0,0.0,0.11672281,0.67572254,1.5151515,0.9884089,0.9999999,0.4186972,0.27054685,0.310756,set_5
-5.260554e-07,1.6237301,1.6732229,1.240702,3.9437077,0.0,0.0,0.11672281,0.67572254,1.919192,1.0607102,0.9999999,0.36701468,0.2964987,0.33648664,set_5
0.0,0.0,0.114363365,0.6744889,15.5798,0.0,0.0,0.114363365,0.6744889,0.0,1.237127,0.9999999,0.45000488,0.19066282,0.35933235,set_5
-6.816264e-08,0.2650142,0.4318704,0.74393266,11.659153,0.0,0.0,0.114363365,0.6744889,0.2020202,1.1815249,0.9999999,0.44916606,0.20403191,0.34680203,set_5
-2.0843434e-07,0.6033132,0.80047536,0.84228253,7.1611905,0.0,0.0,0.114363365,0.6744889,0.5050505,1.1025587,0.9999999,0.44314623,0.22754188,0.32931185,set_5
-2.7159412e-08,0.8233446,1.0065907,0.9101849,4.649608,0.0,0.0,0.114363365,0.6744889,0.72727275,1.0480244,0.9999999,0.42651653,0.24349296,0.32999054,set_5
-2.0077084e-07,1.1271261,1.2305042,1.0086081,1.8247185,0.0,0.0,0.114363365,0.6744889,1.070707,0.9694461,0.9999999,0.2950566,0.26414236,0.440801,set_5
-1.0804982e-07,1.2639837,1.2726736,1.0523497,1.091301,0.0,0.0,0.114363365,0.6744889,1.2323232,0.9347623,0.9999999,0.17495781,0.26928177,0.55576044,set_5
1.2708935e-07,1.4096556,1.2748893,1.0997064,0.6778946,0.0,0.0,0.114363365,0.6744889,1.4141414,0.89760315,0.9999999,0.089661054,0.2623232,0.64801574,set_5
7.892558e-08,1.4940605,1.2644048,1.1302278,0.5213381,0.0,0.0,0.114363365,0.6744889,1.5353535,0.87390244,0.9999999,0.060162816,0.25442076,0.68541646,set_5
2.9021808e-07,1.5904865,1.244032,1.1696779,0.3885594,0.0,0.0,0.114363365,0.6744889,1.6969697,0.843646,0.9999999,0.03813535,0.24393661,0.71792805,set_5
0.0,0.0,0.1146311,0.6744889,15.5798,0.0,0.0,0.1146311,0.6744889,0.0,1.237127,0.9999999,0.45000395,0.19066527,0.35933077,set_5
-2.9796526e-08,0.13769563,0.28234595,0.70961016,13.504728,0.0,0.0,0.1146311,0.6744889,0.1010101,1.2090302,0.9999999,0.44975075,0.19699998,0.35324925,set_5
-4.5772996e-08,0.47457844,0.6652201,0.8037533,8.804046,0.0,0.0,0.1146311,0.6744889,0.38383836,1.1335428,0.9999999,0.44668803,0.2179586,0.33535337,set_5
-6.1425474e-08,0.5400241,0.73414326,0.82315266,7.9641557,0.0,0.0,0.1146311,0.6744889,0.44444442,1.1179293,0.9999999,0.44519404,0.22275296,0.33205304,set_5
-5.608276e-08,0.786276,0.9749284,0.8981117,5.0484815,0.0,0.0,0.1146311,0.6744889,0.68686867,1.0577749,0.9999999,0.43106908,0.24090007,0.32803088,set_5
-3.0488468e-07,1.1607,1.2439373,1.0196993,1.6145695,0.0,0.0,0.1146311,0.6744889,1.111111,0.96059793,0.9999999,0.2665129,0.26632383,0.4671633,set_5
-3.3485392e-07,1.4390535,1.270346,1.1099643,0.6333182,0.0,0.0,0.1146311,0.6744889,1.4545455,0.8896381,0.9999999,0.079901144,0.2605437,0.65955514,set_5
-4.1992746e-07,1.5395207,1.2520074,1.1451733,0.5099445,0.0,0.0,0.1146311,0.6744889,1.5959595,0.8623983,0.9999999,0.054358914,0.2534637,0.6921775,set_5
-4.4626563e-07,1.6100794,1.2368141,1.1745011,0.41534323,0.0,0.0,0.1146311,0.6744889,1.7171717,0.8399319,0.9999999,0.03888402,0.24565977,0.71545625,set_5
0.0,0.0,0.10758646,0.6744889,15.5798,0.0,0.0,0.10758646,0.6744889,0.0,1.237127,0.9999999,0.45002842,0.19059944,0.3593722,set_5
4.13427e-08,0.08396835,0.2107663,0.6956585,14.3048725,0.0,0.0,0.10758646,0.6744889,0.06060606,1.2202688,0.9999999,0.44991034,0.19430874,0.35578093,set_5
4.4613124e-08,0.3134492,0.48150533,0.75743884,10.975687,0.0,0.0,0.10758646,0.6744889,0.24242423,1.1706843,0.9999999,0.44883096,0.20694643,0.3442226,set_5
1.2201262e-09,0.42966905,0.61104107,0.7906711,9.392399,0.0,0.0,0.10758646,0.6744889,0.34343433,1.1440113,0.9999999,0.44748554,0.21470381,0.3378107,set_5
-1.2441664e-07,0.7648642,0.95047987,0.892009,5.274491,0.0,0.0,0.10758646,0.6744889,0.6666667,1.0626575,0.9999999,0.43318552,0.2393904,0.32742405,set_5
-1.2239242e-07,0.97026706,1.1254172,0.95747256,3.1366725,0.0,0.0,0.10758646,0.6744889,0.8888889,1.0102192,0.9999999,0.39131424,0.2531976,0.3554881,set_5
-1.1440198e-07,1.0764726,1.1966075,0.99181587,2.2206259,0.0,0.0,0.10758646,0.6744889,1.010101,0.9827792,0.9999999,0.3362324,0.26039773,0.40336987,set_5
-5.045048e-07,1.6020457,1.2349869,1.1696756,0.43354923,0.0,0.0,0.10758646,0.6744889,1.6969697,0.843646,0.9999999,0.04136064,0.24727699,0.71136236,set_5
-5.3244685e-07,1.6654209,1.2183819,1.1983725,0.3627107,0.0,0.0,0.10758646,0.6744889,1.8181818,0.8218912,0.9999999,0.030577384,0.24001259,0.72941005,set_5
0.0,0.0,0.109038666,0.6744889,15.5798,0.0,0.0,0.109038666,0.6744889,0.0,1.237127,0.9999999,0.4500234,0.19061299,0.35936356,set_5
1.351656e-07,0.45214748,0.63654983,0.7972235,9.095916,0.0,0.0,0.109038666,0.6744889,0.36363634,1.1387749,0.9999999,0.44711536,0.21630289,0.33658177,set_5
6.880397e-08,0.74523145,0.9331846,0.88588774,5.496715,0.0,0.0,0.109038666,0.6744889,0.64646465,1.06754,0.9999999,0.43496877,0.23799054,0.3270406,set_5
2.4708362e-07,0.8416792,1.0204163,0.9161987,4.4376993,0.0,0.0,0.109038666,0.6744889,0.74747473,1.0432323,0.9999999,0.4236424,0.24475011,0.33160755,set_5
2.2948785e-07,1.0251799,1.1649531,0.9747547,2.6514125,0.0,0.0,0.109038666,0.6744889,0.94949496,0.9963914,0.9999999,0.367539,0.25678077,0.3756803,set_5
2.2805595e-07,1.3135407,1.2779862,1.0683624,0.8849368,0.0,0.0,0.109038666,0.6744889,1.2929292,0.9222027,0.9999999,0.13420363,0.26728284,0.5985135,set_5
4.7494493e-07,1.4320683,1.2734019,1.1099945,0.57961607,0.0,0.0,0.109038666,0.6744889,1.4545455,0.8896381,0.9999999,0.07370069,0.25771257,0.66858673,set_5
5.8451894e-07,1.5814571,1.2432783,1.1697071,0.36653832,0.0,0.0,0.109038666,0.6744889,1.6969697,0.843646,0.9999999,0.036771014,0.24231035,0.7209187,set_5
3.5697906e-07,1.6707578,1.2163734,1.2124676,0.27959472,0.0,0.0,0.109038666,0.6744889,1.8787879,0.81140614,0.9999999,0.024053106,0.23210925,0.7438376,set_5
0.0,0.0,0.12526882,0.6744889,15.5798,0.0,0.0,0.12526882,0.6744889,0.0,1.237127,0.9999999,0.4499667,0.1907648,0.3592685,set_5
-1.1635434e-07,0.54036444,0.74287593,0.8231526,7.9641166,0.0,0.0,0.12526882,0.6744889,0.44444442,1.1179293,0.9999999,0.44515014,0.2228679,0.33198193,set_5
-1.3163564e-07,0.60397154,0.8080252,0.8422811,7.170735,0.0,0.0,0.12526882,0.6744889,0.5050505,1.1025587,0.9999999,0.44311416,0.22762947,0.3292564,set_5
-1.9147413e-07,0.7848042,0.98274827,0.89810294,5.0493946,0.0,0.0,0.12526882,0.6744889,0.68686867,1.0577749,0.9999999,0.43104443,0.24098027,0.32797536,set_5
-6.34693e-08,1.0427061,1.186471,0.98046446,2.5112011,0.0,0.0,0.12526882,0.6744889,0.96969694,0.99186194,0.9999999,0.3583988,0.25810498,0.3834962,set_5
-1.5714316e-07,1.4121683,1.2840049,1.0997165,0.65973485,0.0,0.0,0.12526882,0.6744889,1.4141414,0.89760315,0.9999999,0.087006226,0.26152214,0.6514716,set_5
-2.033358e-07,1.4557776,1.2787051,1.1150836,0.5789356,0.0,0.0,0.12526882,0.6744889,1.4747474,0.88569576,0.9999999,0.07127049,0.25778285,0.67094666,set_5
-2.4124498e-07,1.5222777,1.2672216,1.1402379,0.47490227,0.0,0.0,0.12526882,0.6744889,1.5757575,0.8662364,0.9999999,0.052439466,0.25125715,0.69630337,set_5
-2.2276694e-07,1.5926936,1.2510748,1.1696955,0.38335645,0.0,0.0,0.12526882,0.6744889,1.6969697,0.843646,0.9999999,0.037614845,0.24350204,0.71888316,set_5
0.0,0.0,0.114575274,0.6744889,15.5798,0.0,0.0,0.114575274,0.6744889,0.0,1.237127,0.9999999,0.45000407,0.19066475,0.35933116,set_5
-1.8096696e-08,0.16391073,0.31357795,0.7165376,13.118578,0.0,0.0,0.114575274,0.6744889,0.12121212,1.2034572,0.9999999,0.44966462,0.19835368,0.35198173,set_5
-3.113855e-08,0.47458473,0.6652021,0.8037541,8.803791,0.0,0.0,0.114575274,0.6744889,0.38383836,1.1335428,0.9999999,0.44668803,0.21795894,0.335353,set_5
-5.067549e-07,0.82320154,1.0086585,0.9101906,4.6343975,0.0,0.0,0.114575274,0.6744889,0.72727275,1.0480244,0.9999999,0.4263625,0.24353515,0.33010232,set_5
-4.9716675e-07,0.9164909,1.0883758,0.93994117,3.660508,0.0,0.0,0.114575274,0.6744889,0.8282828,1.024189,0.9999999,0.40821788,0.24975598,0.3420261,set_5
-6.205351e-07,1.3586417,1.2803152,1.0841361,0.7608545,0.0,0.0,0.114575274,0.6744889,1.3535353,0.909806,0.9999999,0.10806851,0.26479682,0.6271346,set_5
-5.9092304e-07,1.4389417,1.2699319,1.1099688,0.6361934,0.0,0.0,0.114575274,0.6744889,1.4545455,0.8896381,0.9999999,0.080264084,0.26068762,0.65904826,set_5
-5.24371e-07,1.6566021,1.2222406,1.1936351,0.3965725,0.0,0.0,0.114575274,0.6744889,1.7979797,0.8254849,0.9999999,0.033534743,0.24301748,0.7234478,set_5
-4.381455e-07,1.6959071,1.2109193,1.2124345,0.356944,0.0,0.0,0.114575274,0.6744889,1.8787879,0.81140614,0.9999999,0.02774743,0.23839924,0.7338533,set_5
0.0,0.0,0.12398944,0.6744889,15.5798,0.0,0.0,0.12398944,0.6744889,0.0,1.237127,0.9999999,0.44997126,0.19075285,0.3592759,set_5
-2.3641907e-07,0.5187184,0.719358,0.8167185,8.238407,0.0,0.0,0.12398944,0.6744889,0.4242424,1.1230792,0.9999999,0.44570497,0.22125722,0.33303773,set_5
-1.9798904e-07,0.6039176,0.8076438,0.84228367,7.165602,0.0,0.0,0.12398944,0.6744889,0.5050505,1.1025587,0.9999999,0.44311112,0.22763377,0.3292551,set_5
-4.7167708e-07,0.95298713,1.1226456,0.95165235,3.313406,0.0,0.0,0.12398944,0.6744889,0.86868685,1.0148691,0.9999999,0.3977021,0.25218007,0.35011786,set_5
-6.147774e-07,1.0247341,1.1724889,0.974747,2.673521,0.0,0.0,0.12398944,0.6744889,0.94949496,0.9963914,0.9999999,0.3685722,0.25685647,0.37457123,set_5
-6.154857e-07,1.181793,1.254502,1.0252026,1.5299215,0.0,0.0,0.12398944,0.6744889,1.1313131,0.95623183,0.9999999,0.25295827,0.26742885,0.47961292,set_5
-7.037063e-07,1.499867,1.269118,1.1302197,0.5318259,0.0,0.0,0.12398944,0.6744889,1.5353535,0.87390244,0.9999999,0.060963597,0.2550661,0.68397033,set_5
-6.480374e-07,1.5741925,1.254147,1.1599383,0.4262648,0.0,0.0,0.12398944,0.6744889,1.6565657,0.85107636,0.9999999,0.043021973,0.24717708,0.70980096,set_5
-8.177266e-07,1.7221915,1.209929,1.2309141,0.278188,0.0,0.0,0.12398944,0.6744889,1.959596,0.79766905,0.9999999,0.021160185,0.23007587,0.74876386,set_5
0.0,0.0,0.1175182,0.6744889,15.5798,0.0,0.0,0.1175182,0.6744889,0.0,1.237127,0.9999999,0.44999382,0.19069226,0.35931385,set_5
-6.286715e-08,0.2403123,0.406092,0.7371308,12.011791,0.0,0.0,0.1175182,0.6744889,0.18181817,1.187011,0.9999999,0.44930476,0.20260623,0.348089,set_5
-1.761205e-07,0.47464907,0.66805696,0.80375576,8.800631,0.0,0.0,0.1175182,0.6744889,0.38383836,1.1335428,0.9999999,0.44667512,0.21800102,0.3353239,set_5
-1.2949316e-07,0.60369074,0.80187607,0.84227943,7.170284,0.0,0.0,0.1175182,0.6744889,0.5050505,1.1025587,0.9999999,0.44314602,0.22754739,0.32930657,set_5
1.29886715e-08,0.72598076,0.92080915,0.87975013,5.724298,0.0,0.0,0.1175182,0.6744889,0.6262626,1.0724512,0.9999999,0.43653113,0.23663881,0.32683006,set_5
1.15390804e-07,1.0013345,1.1631054,0.96902996,2.7696784,0.0,0.0,0.1175182,0.6744889,0.9292929,1.0009452,0.9999999,0.37461835,0.25564465,0.36973703,set_5
1.10048475e-07,1.0874997,1.2183359,0.9974491,2.0441322,0.0,0.0,0.1175182,0.6744889,1.030303,0.97829276,0.9999999,0.32024398,0.2617198,0.4180362,set_5
8.8692836e-08,1.1394444,1.2427032,1.0141889,1.6898875,0.0,0.0,0.1175182,0.6744889,1.090909,0.96502846,0.9999999,0.2780249,0.26525643,0.45671868,set_5
-7.819695e-08,1.7152767,1.2073935,1.22632,0.3013698,0.0,0.0,0.1175182,0.6744889,1.939394,0.8010362,0.9999999,0.022856805,0.2325329,0.74461025,set_5
0.0,0.0,0.10587375,0.6744889,15.5798,0.0,0.0,0.10587375,0.6744889,0.0,1.237127,0.9999999,0.45003444,0.19058342,0.35938212,set_5
-1.0509267e-07,0.13762334,0.27401453,0.70961016,13.504757,0.0,0.0,0.10587375,0.6744889,0.1010101,1.2090302,0.9999999,0.4497827,0.19691364,0.3533037,set_5
-1.4940443e-07,0.2150789,0.36608422,0.7302981,12.372192,0.0,0.0,0.10587375,0.6744889,0.16161615,1.1924764,0.9999999,0.44948092,0.20105551,0.3494636,set_5
-2.5402358e-07,0.33719996,0.50691473,0.7641496,10.645799,0.0,0.0,0.10587375,0.6744889,0.26262626,1.1653299,0.9999999,0.4486236,0.20844758,0.34292886,set_5
-1.0226883e-07,0.56110126,0.7490865,0.8295526,7.695507,0.0,0.0,0.10587375,0.6744889,0.46464646,1.112811,0.9999999,0.44462234,0.22424936,0.33112833,set_5
-1.7929565e-08,0.6240786,0.8130636,0.84859204,6.9198875,0.0,0.0,0.10587375,0.6744889,0.5252525,1.0974694,0.9999999,0.44237024,0.22897355,0.32865623,set_5
-1.2798799e-08,0.97020257,1.1244107,0.95746636,3.135146,0.0,0.0,0.10587375,0.6744889,0.8888889,1.0102192,0.9999999,0.39127386,0.2531841,0.35554206,set_5
-2.2570251e-07,1.3100836,1.2744356,1.0683624,0.89563334,0.0,0.0,0.10587375,0.6744889,1.2929292,0.9222027,0.9999999,0.13609599,0.26749718,0.5964068,set_5
-4.5141782e-08,1.5791674,1.2367451,1.1599351,0.48223498,0.0,0.0,0.10587375,0.6744889,1.6565657,0.85107636,0.9999999,0.047790762,0.25118035,0.7010289,set_5
0.0,0.0,0.12307722,0.6744889,15.5798,0.0,0.0,0.12307722,0.6744889,0.0,1.237127,0.9999999,0.44997436,0.1907443,0.35928133,set_5
-1.2012805e-07,0.6453917,0.84708196,0.8548962,6.6719866,0.0,0.0,0.12307722,0.6744889,0.5454545,1.0924389,0.9999999,0.44137564,0.23070477,0.32791957,set_5
-1.167579e-07,0.7063106,0.90635884,0.8735879,5.952472,0.0,0.0,0.12307722,0.6744889,0.60606056,1.0774199,0.9999999,0.43792266,0.2352407,0.32683665,set_5
-9.380422e-08,0.8800235,1.0641702,0.9281364,4.034421,0.0,0.0,0.12307722,0.6744889,0.78787875,1.0337013,0.9999999,0.41668326,0.24743079,0.33588597,set_5
-1.2302237e-07,0.95317566,1.1231079,0.9516664,3.3045626,0.0,0.0,0.12307722,0.6744889,0.86868685,1.0148691,0.9999999,0.3974452,0.25219372,0.3503611,set_5
-2.0750076e-07,1.0771022,1.2068423,0.9918206,2.2232008,0.0,0.0,0.12307722,0.6744889,1.010101,0.9827792,0.9999999,0.33626354,0.26053897,0.4031975,set_5
-1.3142488e-07,1.5562736,1.2521017,1.1501305,0.5129966,0.0,0.0,0.12307722,0.6744889,1.6161616,0.8585641,0.9999999,0.05303028,0.25353685,0.6934329,set_5
-1.03963245e-07,1.705712,1.21397,1.2170928,0.33885416,0.0,0.0,0.12307722,0.6744889,1.8989899,0.807915,0.9999999,0.025950363,0.23646198,0.73758763,set_5
-7.053523e-08,1.7322967,1.205147,1.2309235,0.31583378,0.0,0.0,0.12307722,0.6744889,1.959596,0.79766905,0.9999999,0.02276632,0.23325364,0.74398,set_5
0.0,0.0,0.110083416,0.6744889,15.5798,0.0,0.0,0.110083416,0.6744889,0.0,1.237127,0.9999999,0.45001984,0.19062278,0.35935745,set_5
3.351483e-08,0.11103643,0.24597594,0.7026505,13.900059,0.0,0.0,0.110083416,0.6744889,0.08080807,1.2146494,0.9999999,0.44984046,0.19562942,0.35453013,set_5
2.0473774e-08,0.24020869,0.3997895,0.7371331,12.00755,0.0,0.0,0.110083416,0.6744889,0.18181817,1.187011,0.9999999,0.4493343,0.20254125,0.34812444,set_5
-5.3357088e-08,0.6243304,0.8165235,0.8485941,6.919252,0.0,0.0,0.110083416,0.6744889,0.5252525,1.0974694,0.9999999,0.4423502,0.22902301,0.32862675,set_5
-8.165662e-08,0.6857588,0.8762231,0.86737,6.1929727,0.0,0.0,0.110083416,0.6744889,0.5858586,1.0824397,0.9999999,0.4392746,0.23359415,0.3271312,set_5
-2.39706e-07,0.9792838,1.1424745,0.9632564,2.95067,0.0,0.0,0.110083416,0.6744889,0.9090909,1.005552,0.9999999,0.3836339,0.25428316,0.36208296,set_5
6.986417e-08,1.4162196,1.2658986,1.0945277,0.7781019,0.0,0.0,0.110083416,0.6744889,1.3939394,0.9016767,0.9999999,0.10487626,0.26634353,0.6287802,set_5
4.2053614e-09,1.6255006,1.235069,1.1745015,0.41462135,0.0,0.0,0.110083416,0.6744889,1.7171717,0.8399319,0.9999999,0.03854931,0.24556854,0.7158822,set_5
-3.7834276e-08,1.6776009,1.2208424,1.1983635,0.359317,0.0,0.0,0.110083416,0.6744889,1.8181818,0.8218912,0.9999999,0.030146608,0.23966648,0.73018694,set_5
0.0,0.0,0.11352946,0.6744889,15.5798,0.0,0.0,0.11352946,0.6744889,0.0,1.237127,0.9999999,0.45000774,0.19065498,0.3593373,set_5
-1.1120298e-07,0.13768645,0.28129798,0.70961016,13.50473,0.0,0.0,0.11352946,0.6744889,0.1010101,1.2090302,0.9999999,0.4497548,0.19698909,0.35325608,set_5
-5.882294e-08,0.4522956,0.6404188,0.7972272,9.095388,0.0,0.0,0.11352946,0.6744889,0.36363634,1.1387749,0.9999999,0.44709697,0.21635318,0.33654985,set_5
-3.3323442e-07,0.5613763,0.7553451,0.82955706,7.695265,0.0,0.0,0.11352946,0.6744889,0.46464646,1.112811,0.9999999,0.4445901,0.2243332,0.33107668,set_5
-4.495652e-07,0.8793173,1.0567338,0.92813045,4.0381327,0.0,0.0,0.11352946,0.6744889,0.78787875,1.0337013,0.9999999,0.41679755,0.24731955,0.33588293,set_5
-4.4405854e-07,0.9885427,1.1427376,0.96326673,2.9712737,0.0,0.0,0.11352946,0.6744889,0.9090909,1.005552,0.9999999,0.384238,0.25442776,0.3613343,set_5
-4.3870696e-07,1.0593743,1.1902018,0.98615897,2.359918,0.0,0.0,0.11352946,0.6744889,0.989899,0.9873282,0.9999999,0.34762514,0.25922137,0.39315346,set_5
-4.1897744e-07,1.3813721,1.2773762,1.089364,0.738817,0.0,0.0,0.11352946,0.6744889,1.3737373,0.9057464,0.9999999,0.10231776,0.26436338,0.63331884,set_5
-3.2302194e-07,1.5140619,1.2602766,1.1352544,0.51435685,0.0,0.0,0.11352946,0.6744889,1.5555555,0.8700615,0.9999999,0.057730038,0.25393018,0.68833977,set_5
0.0,0.0,0.11385198,0.6744889,15.5798,0.0,0.0,0.11385198,0.6744889,0.0,1.237127,0.9999999,0.45000663,0.190658,0.35933533,set_5
-2.4230005e-07,0.24025905,0.40273172,0.7371308,12.011815,0.0,0.0,0.11385198,0.6744889,0.18181817,1.187011,0.9999999,0.44931856,0.20256884,0.34811252,set_5
-2.2384893e-07,0.60356474,0.7988664,0.84227973,7.1708107,0.0,0.0,0.11385198,0.6744889,0.5050505,1.1025587,0.9999999,0.44316238,0.22750589,0.32933167,set_5
-3.3679734e-07,0.70585513,0.89907473,0.87357163,5.9538794,0.0,0.0,0.11385198,0.6744889,0.60606056,1.0774199,0.9999999,0.4379693,0.2351365,0.32689425,set_5
-4.6141253e-07,0.9134792,1.0897639,0.93994135,3.6442134,0.0,0.0,0.11385198,0.6744889,0.8282828,1.024189,0.9999999,0.4079074,0.24973701,0.34235564,set_5
-5.3168185e-07,1.1036258,1.2250383,1.0030472,1.9164908,0.0,0.0,0.11385198,0.6744889,1.0505049,0.973858,0.9999999,0.30662864,0.26289305,0.4304783,set_5
-3.594618e-07,1.2958179,1.2738869,1.0630375,0.98605275,0.0,0.0,0.11385198,0.6744889,1.2727273,0.92638826,0.9999999,0.15279981,0.2689589,0.5782413,set_5
-1.692627e-07,1.4587531,1.2637364,1.1150396,0.6438699,0.0,0.0,0.11385198,0.6744889,1.4747474,0.88569576,0.9999999,0.07910707,0.2612294,0.65966356,set_5
-1.4729474e-07,1.539154,1.2520854,1.1451545,0.50572985,0.0,0.0,0.11385198,0.6744889,1.5959595,0.8623983,0.9999999,0.05397317,0.25318903,0.69283783,set_5
0.0,0.0,0.10916561,0.6744889,15.5798,0.0,0.0,0.10916561,0.6744889,0.0,1.237127,0.9999999,0.45002306,0.19061421,0.35936278,set_5
-4.251378e-08,0.26493052,0.4271496,0.74393266,11.659186,0.0,0.0,0.10916561,0.6744889,0.2020202,1.1815249,0.9999999,0.44918573,0.20397843,0.34683582,set_5
-3.160569e-08,0.474122,0.6621783,0.8037609,8.791386,0.0,0.0,0.10916561,0.6744889,0.38383836,1.1335428,0.9999999,0.4467072,0.21793896,0.33535382,set_5
-9.044693e-08,0.70550483,0.89625394,0.8735756,5.9474897,0.0,0.0,0.10916561,0.6744889,0.60606056,1.0774199,0.9999999,0.4379661,0.23510553,0.32692838,set_5
-1.3083755e-07,0.76504946,0.9510555,0.8920053,5.2796373,0.0,0.0,0.10916561,0.6744889,0.6666667,1.0626575,0.9999999,0.43320978,0.23939323,0.32739696,set_5
-2.7837368e-07,1.195988,1.2534603,1.0306709,1.4099619,0.0,0.0,0.10916561,0.6744889,1.1515151,0.951916,0.9999999,0.23435226,0.26804736,0.4976004,set_5
-1.8496826e-07,1.2809355,1.271377,1.057703,1.0288548,0.0,0.0,0.10916561,0.6744889,1.2525252,0.9305653,0.9999999,0.16233389,0.26905447,0.5686116,set_5
5.25162e-10,1.4670867,1.2654923,1.1201446,0.56585073,0.0,0.0,0.10916561,0.6744889,1.4949495,0.8817419,0.9999999,0.06832379,0.25708243,0.6745938,set_5
-5.950153e-08,1.642567,1.226656,1.1936398,0.3322027,0.0,0.0,0.10916561,0.6744889,1.7979797,0.8254849,0.9999999,0.029775186,0.23796107,0.73226374,set_5
0.0,0.0,0.118544154,0.6744889,15.5798,0.0,0.0,0.118544154,0.6744889,0.0,1.237127,0.9999999,0.44999027,0.19070184,0.35930786,set_5
2.080029e-07,0.16394949,0.3173178,0.7165376,13.118563,0.0,0.0,0.118544154,0.6744889,0.12121212,1.2034572,0.9999999,0.44965002,0.19839312,0.3519569,set_5
2.7316597e-07,0.28951412,0.4637242,0.7507008,11.313983,0.0,0.0,0.118544154,0.6744889,0.22222221,1.1760731,0.9999999,0.44897994,0.20555627,0.34546378,set_5
3.038641e-07,0.38422155,0.57024455,0.77747107,10.006266,0.0,0.0,0.118544154,0.6744889,0.30303028,1.1546115,0.9999999,0.44806793,0.21167281,0.3402593,set_5
-2.5361302e-08,0.62457716,0.8232172,0.84859675,6.9193583,0.0,0.0,0.118544154,0.6744889,0.5252525,1.0974694,0.9999999,0.44231507,0.22911276,0.32857218,set_5
4.267907e-08,1.0591013,1.1936879,0.98614526,2.3595467,0.0,0.0,0.118544154,0.6744889,0.989899,0.9873282,0.9999999,0.34756464,0.25926208,0.3931733,set_5
1.7018981e-07,1.2452914,1.273695,1.0469785,1.1509585,0.0,0.0,0.118544154,0.6744889,1.2121212,0.9390081,0.9999999,0.18718147,0.26920047,0.543618,set_5
1.1344241e-07,1.3907531,1.2798445,1.0945407,0.6992732,0.0,0.0,0.118544154,0.6744889,1.3939394,0.9016767,0.9999999,0.0947556,0.26300687,0.6422376,set_5
-1.3720673e-07,1.6862048,1.2159748,1.2077668,0.36617804,0.0,0.0,0.118544154,0.6744889,1.8585858,0.81488013,0.9999999,0.029037775,0.23952003,0.7314422,set_5
0.0,0.0,0.10754986,0.6744889,15.5798,0.0,0.0,0.10754986,0.6744889,0.0,1.237127,0.9999999,0.45002857,0.19059913,0.35937238,set_5
-1.04045604e-07,0.38394466,0.56063163,0.7774703,10.0068,0.0,0.0,0.10754986,0.6744889,0.30303028,1.1546115,0.9999999,0.44811127,0.21155447,0.34033424,set_5
-1.2450923e-07,0.51817954,0.7057617,0.81670815,8.238466,0.0,0.0,0.10754986,0.6744889,0.4242424,1.1230792,0.9999999,0.44577274,0.22107926,0.33314797,set_5
-2.4237792e-07,1.1607358,1.243454,1.0197077,1.581327,0.0,0.0,0.10754986,0.6744889,1.111111,0.96059793,0.9999999,0.26242837,0.26629332,0.47127828,set_5
-2.2920085e-07,1.2104902,1.260946,1.0361465,1.2919743,0.0,0.0,0.10754986,0.6744889,1.1717172,0.9476215,0.9999999,0.21461388,0.26847893,0.5169072,set_5
-1.5035626e-07,1.3222942,1.2790506,1.0736474,0.82188606,0.0,0.0,0.10754986,0.6744889,1.3131312,0.9180098,0.9999999,0.122307144,0.2659346,0.61175823,set_5
-4.6583892e-09,1.4808981,1.2622882,1.1302432,0.5007124,0.0,0.0,0.10754986,0.6744889,1.5353535,0.87390244,0.9999999,0.05851379,0.25313023,0.68835604,set_5
2.201569e-09,1.5189815,1.2547077,1.1452012,0.44755638,0.0,0.0,0.10754986,0.6744889,1.5959595,0.8623983,0.9999999,0.049182042,0.2493113,0.7015067,set_5
-1.8777585e-07,1.7016734,1.2024254,1.2309374,0.25804985,0.0,0.0,0.10754986,0.6744889,1.959596,0.79766905,0.9999999,0.020611115,0.22856328,0.7508256,set_5
0.0,0.0,0.11040577,0.6744889,15.5798,0.0,0.0,0.11040577,0.6744889,0.0,1.237127,0.9999999,0.45001867,0.19062576,0.3593556,set_5
-1.7129e-07,0.3134599,0.48388624,0.75744057,10.976814,0.0,0.0,0.11040577,0.6744889,0.24242423,1.1706843,0.9999999,0.44881994,0.20697223,0.3442078,set_5
-3.2243332e-07,0.87980664,1.0522103,0.92813575,4.055975,0.0,0.0,0.11040577,0.6744889,0.78787875,1.0337013,0.9999999,0.41709265,0.24725352,0.33565378,set_5
-3.402729e-07,0.9350253,1.0974466,0.9458235,3.5000231,0.0,0.0,0.11040577,0.6744889,0.8484848,1.0195161,0.9999999,0.40367976,0.25085968,0.34546056,set_5
-4.3432487e-07,1.1289083,1.2270252,1.0086336,1.8316934,0.0,0.0,0.11040577,0.6744889,1.070707,0.9694461,0.9999999,0.29577386,0.2641259,0.44010016,set_5
-4.1174957e-07,1.1974115,1.254494,1.0307008,1.4084656,0.0,0.0,0.11040577,0.6744889,1.1515151,0.951916,0.9999999,0.2340538,0.26807982,0.4978664,set_5
-2.0839504e-07,1.3463011,1.2770448,1.0789083,0.81083775,0.0,0.0,0.11040577,0.6744889,1.3333333,0.9138843,0.9999999,0.11776456,0.26612893,0.6161065,set_5
-1.3436113e-07,1.3930612,1.275133,1.0945469,0.6977968,0.0,0.0,0.11040577,0.6744889,1.3939394,0.9016767,0.9999999,0.094590776,0.26294196,0.6424673,set_5
-1.1416798e-07,1.5051944,1.2607589,1.135241,0.49258047,0.0,0.0,0.11040577,0.6744889,1.5555555,0.8700615,0.9999999,0.055852257,0.2525404,0.69160736,set_5
0.0,0.0,0.11095017,0.6744889,15.5798,0.0,0.0,0.11095017,0.6744889,0.0,1.237127,0.9999999,0.4500168,0.19063088,0.3593523,set_5
6.375198e-08,0.111042,0.24680854,0.7026505,13.900056,0.0,0.0,0.11095017,0.6744889,0.08080807,1.2146494,0.9999999,0.44983727,0.19563788,0.35452482,set_5
2.601264e-08,0.31352615,0.48453936,0.7574442,10.975315,0.0,0.0,0.11095017,0.6744889,0.24242423,1.1706843,0.9999999,0.44881797,0.20698264,0.34419942,set_5
5.772695e-08,0.685602,0.87739617,0.8673658,6.1889143,0.0,0.0,0.11095017,0.6744889,0.5858586,1.0824397,0.9999999,0.43925902,0.23361443,0.32712656,set_5
5.84428e-08,0.74546725,0.9345423,0.8858873,5.497541,0.0,0.0,0.11095017,0.6744889,0.64646465,1.06754,0.9999999,0.43496332,0.23801054,0.32702616,set_5
7.402465e-08,0.84201014,1.0225282,0.91619277,4.432318,0.0,0.0,0.11095017,0.6744889,0.74747473,1.0432323,0.9999999,0.42356625,0.24478811,0.33164567,set_5
-6.2413875e-08,1.0763988,1.1990402,0.9917941,2.2197094,0.0,0.0,0.11095017,0.6744889,1.010101,0.9827792,0.9999999,0.33613378,0.26042864,0.40343753,set_5
-4.4305153e-08,1.309274,1.2788413,1.068344,0.88604534,0.0,0.0,0.11095017,0.6744889,1.2929292,0.9222027,0.9999999,0.13454267,0.26726967,0.5981876,set_5
-2.6631423e-07,1.7222161,1.1993277,1.2263308,0.33904552,0.0,0.0,0.11095017,0.6744889,1.939394,0.8010362,0.9999999,0.024654135,0.23572415,0.73962176,set_5
0.0,0.0,0.10272463,0.6744889,15.5798,0.0,0.0,0.10272463,0.6744889,0.0,1.237127,0.9999999,0.45004553,0.19055395,0.35940054,set_5
2.1503169e-08,0.11098738,0.23890717,0.7026505,13.900076,0.0,0.0,0.10272463,0.6744889,0.08080807,1.2146494,0.9999999,0.4498671,0.19555764,0.3545753,set_5
-4.036493e-08,0.58222234,0.7685828,0.8359325,7.429524,0.0,0.0,0.10272463,0.6744889,0.48484847,1.1076956,0.9999999,0.44395784,0.22580975,0.33023247,set_5
-1.02820415e-07,0.7839585,0.9637023,0.89810413,5.0656424,0.0,0.0,0.10272463,0.6744889,0.68686867,1.0577749,0.9999999,0.43127003,0.24069574,0.32803425,set_5
-7.989938e-08,1.1763647,1.2381308,1.025213,1.5464745,0.0,0.0,0.10272463,0.6744889,1.1313131,0.95623183,0.9999999,0.2556897,0.26715374,0.47715658,set_5
6.392419e-09,1.3312858,1.2583799,1.0683682,1.0146623,0.0,0.0,0.10272463,0.6744889,1.2929292,0.9222027,0.9999999,0.15397212,0.27033243,0.57569546,set_5
3.073889e-08,1.3864043,1.2583209,1.0841527,0.88666534,0.0,0.0,0.10272463,0.6744889,1.3535353,0.909806,0.9999999,0.12583138,0.26910347,0.60506517,set_5
5.0737736e-08,1.4811307,1.2537934,1.1150861,0.6775609,0.0,0.0,0.10272463,0.6744889,1.4747474,0.88569576,0.9999999,0.08267106,0.2629971,0.65433186,set_5
-4.544296e-08,1.5741091,1.2411027,1.1501452,0.51259625,0.0,0.0,0.10272463,0.6744889,1.6161616,0.8585641,0.9999999,0.052741747,0.25353205,0.6937262,set_5
0.0,0.0,0.10871723,0.6744889,15.5798,0.0,0.0,0.10871723,0.6744889,0.0,1.237127,0.9999999,0.4500246,0.19061002,0.3593654,set_5
5.5603294e-08,0.1638528,0.30805779,0.7165376,13.118601,0.0,0.0,0.10871723,0.6744889,0.12121212,1.2034572,0.9999999,0.4496861,0.19829537,0.35201848,set_5
1.181988e-07,0.28935003,0.45489436,0.75070256,11.313882,0.0,0.0,0.10871723,0.6744889,0.22222221,1.1760731,0.9999999,0.44901752,0.20545499,0.3455274,set_5
-4.1824256e-07,1.2122929,1.258924,1.0361403,1.3145858,0.0,0.0,0.10871723,0.6744889,1.1717172,0.9476215,0.9999999,0.21789722,0.26861924,0.51348346,set_5
-3.8597852e-07,1.4693696,1.2600607,1.120141,0.6073438,0.0,0.0,0.10871723,0.6744889,1.4949495,0.8817419,0.9999999,0.073037244,0.25939336,0.6675694,set_5
-3.6849943e-07,1.5412377,1.2440625,1.14518,0.54559255,0.0,0.0,0.10871723,0.6744889,1.5959595,0.8623983,0.9999999,0.057887815,0.25575972,0.6863525,set_5
-3.0886721e-07,1.6242269,1.2269591,1.1793212,0.4331723,0.0,0.0,0.10871723,0.6744889,1.7373737,0.8362865,0.9999999,0.039140053,0.24674061,0.7141193,set_5
-3.803827e-07,1.6661925,1.2160518,1.1983662,0.3863843,0.0,0.0,0.10871723,0.6744889,1.8181818,0.8218912,0.9999999,0.03203007,0.24190275,0.72606725,set_5
-4.701747e-07,1.704694,1.2047126,1.2170851,0.34870374,0.0,0.0,0.10871723,0.6744889,1.8989899,0.807915,0.9999999,0.02658708,0.2373544,0.7360585,set_5
0.0,0.0,0.10125162,0.6744889,15.5798,0.0,0.0,0.10125162,0.6744889,0.0,1.237127,0.9999999,0.4500506,0.19054018,0.35940927,set_5
3.6707874e-08,0.110977605,0.23749219,0.7026505,13.900081,0.0,0.0,0.10125162,0.6744889,0.08080807,1.2146494,0.9999999,0.44987237,0.19554327,0.35458437,set_5
-7.4080006e-08,0.4519798,0.63049126,0.79722595,9.091596,0.0,0.0,0.10125162,0.6744889,0.36363634,1.1387749,0.9999999,0.4471452,0.21623443,0.3366203,set_5
-1.0660992e-07,0.9195578,1.1001705,0.94582134,3.4209821,0.0,0.0,0.10125162,0.6744889,0.8484848,1.0195161,0.9999999,0.40194264,0.25069267,0.34736463,set_5
-8.007129e-08,1.1526157,1.232656,1.019717,1.6302979,0.0,0.0,0.10125162,0.6744889,1.111111,0.96059793,0.9999999,0.26898813,0.26604512,0.46496674,set_5
4.4201784e-08,1.2120736,1.2445549,1.0361601,1.3891797,0.0,0.0,0.10125162,0.6744889,1.1717172,0.9476215,0.9999999,0.22898392,0.26880476,0.5022113,set_5
3.590568e-07,1.3327157,1.2515526,1.068385,1.0614767,0.0,0.0,0.10125162,0.6744889,1.2929292,0.9222027,0.9999999,0.161391,0.2711591,0.5674499,set_5
5.2788783e-07,1.7090755,1.2060506,1.2031176,0.41273385,0.0,0.0,0.10125162,0.6744889,1.8383838,0.8183656,0.9999999,0.032295443,0.24353309,0.72417146,set_5
5.2170236e-07,1.738121,1.1977216,1.2171257,0.38420433,0.0,0.0,0.10125162,0.6744889,1.8989899,0.807915,0.9999999,0.028089587,0.24013157,0.7317788,set_5
0.0,0.0,0.11274147,0.6744889,15.5798,0.0,0.0,0.11274147,0.6744889,0.0,1.237127,0.9999999,0.45001048,0.19064762,0.3593419,set_5
4.13427e-08,0.08399411,0.21576715,0.6956585,14.304861,0.0,0.0,0.11274147,0.6744889,0.06060606,1.2202688,0.9999999,0.4498919,0.19435848,0.35574964,set_5
-6.174943e-08,0.33739337,0.51332283,0.764153,10.6430025,0.0,0.0,0.11274147,0.6744889,0.26262626,1.1653299,0.9999999,0.448597,0.20852834,0.3428746,set_5
-2.6926525e-08,0.47456908,0.66391915,0.8037553,8.801809,0.0,0.0,0.11274147,0.6744889,0.38383836,1.1335428,0.9999999,0.44669458,0.21794659,0.33535883,set_5
2.1681625e-07,0.8993626,1.0713226,0.9340374,3.85161,0.0,0.0,0.11274147,0.6744889,0.8080808,1.0289164,0.9999999,0.41283193,0.24854684,0.3386213,set_5
-3.052212e-07,1.3262049,1.2800512,1.0736492,0.8409294,0.0,0.0,0.11274147,0.6744889,1.3131312,0.9180098,0.9999999,0.12494716,0.26656258,0.6084903,set_5
-2.9530736e-07,1.4365515,1.2709068,1.1099818,0.6187067,0.0,0.0,0.11274147,0.6744889,1.4545455,0.8896381,0.9999999,0.07821171,0.2597879,0.6620004,set_5
-2.9581776e-07,1.5986358,1.2369702,1.1696883,0.43986747,0.0,0.0,0.11274147,0.6744889,1.6969697,0.843646,0.9999999,0.04188428,0.24773636,0.71037936,set_5
-2.6225734e-07,1.735414,1.1971006,1.2354991,0.30239946,0.0,0.0,0.11274147,0.6744889,1.979798,0.794312,0.9999999,0.021652292,0.23174566,0.74660206,set_5
0.0,0.0,0.11601095,0.6744889,15.5798,0.0,0.0,0.11601095,0.6744889,0.0,1.237127,0.9999999,0.44999903,0.19067821,0.35932273,set_5
-9.0892e-08,0.21519817,0.3754328,0.7302976,12.372415,0.0,0.0,0.11601095,0.6744889,0.16161615,1.1924764,0.9999999,0.44944295,0.2011574,0.34939963,set_5
-2.7707284e-07,0.45236272,0.6426254,0.79722375,9.094536,0.0,0.0,0.11601095,0.6744889,0.36363634,1.1387749,0.9999999,0.44708684,0.2163825,0.33653066,set_5
-2.9431114e-08,1.1294675,1.2316568,1.0086219,1.8251967,0.0,0.0,0.11601095,0.6744889,1.070707,0.9694461,0.9999999,0.29499868,0.26419932,0.440802,set_5
-1.2349147e-07,1.4306034,1.2790545,1.1099694,0.5680272,0.0,0.0,0.11601095,0.6744889,1.4545455,0.8896381,0.9999999,0.072287664,0.2570819,0.6706304,set_5
-7.480494e-08,1.4987682,1.2630247,1.1352328,0.49841326,0.0,0.0,0.11601095,0.6744889,1.5555555,0.8700615,0.9999999,0.056543257,0.25290594,0.6905508,set_5
-3.413057e-08,1.5375471,1.2511655,1.1501235,0.48033434,0.0,0.0,0.11601095,0.6744889,1.6161616,0.8585641,0.9999999,0.050567534,0.25137243,0.6980601,set_5
1.6368276e-09,1.5859689,1.2367066,1.169674,0.4517631,0.0,0.0,0.11601095,0.6744889,1.6969697,0.843646,0.9999999,0.043088514,0.24862623,0.7082852,set_5
9.016856e-09,1.7158821,1.2000891,1.2309177,0.31858927,0.0,0.0,0.11601095,0.6744889,1.959596,0.79766905,0.9999999,0.023156036,0.23363668,0.7432072,set_5
0.0,0.0,0.107575715,0.6744889,15.5798,0.0,0.0,0.107575715,0.6744889,0.0,1.237127,0.9999999,0.45002848,0.19059932,0.3593722,set_5
-3.9328924e-08,0.7660423,0.94475466,0.892014,5.319744,0.0,0.0,0.107575715,0.6744889,0.6666667,1.0626575,0.9999999,0.43345955,0.23926614,0.3272743,set_5
-8.242254e-08,0.91894865,1.0761626,0.9399476,3.717749,0.0,0.0,0.107575715,0.6744889,0.8282828,1.024189,0.9999999,0.40944374,0.24959841,0.3409578,set_5
-9.221635e-08,0.9919921,1.1321325,0.9632614,3.0231197,0.0,0.0,0.107575715,0.6744889,0.9090909,1.005552,0.9999999,0.3861915,0.25431842,0.3594901,set_5
-6.735861e-08,1.1812705,1.2452025,1.0252177,1.517781,0.0,0.0,0.107575715,0.6744889,1.1313131,0.95623183,0.9999999,0.25161272,0.26728544,0.48110187,set_5
-8.89108e-08,1.4041443,1.2764059,1.0997117,0.6309323,0.0,0.0,0.107575715,0.6744889,1.4141414,0.89760315,0.9999999,0.08384788,0.26008493,0.65606725,set_5
-1.04193575e-07,1.486976,1.2623625,1.1302365,0.5025848,0.0,0.0,0.107575715,0.6744889,1.5353535,0.87390244,0.9999999,0.058527943,0.25325245,0.68821967,set_5
-1.3356396e-07,1.5636393,1.240018,1.1599642,0.45779133,0.0,0.0,0.107575715,0.6744889,1.6565657,0.85107636,0.9999999,0.0460445,0.24949017,0.7044653,set_5
-1.4439826e-07,1.6099961,1.2266893,1.1793482,0.42418534,0.0,0.0,0.107575715,0.6744889,1.7373737,0.8362865,0.9999999,0.038778786,0.24611437,0.7151069,set_5
0.0,0.0,0.10988916,0.6744889,15.5798,0.0,0.0,0.10988916,0.6744889,0.0,1.237127,0.9999999,0.4500205,0.19062094,0.35935855,set_5
1.812612e-07,0.21511865,0.3697705,0.7302976,12.37245,0.0,0.0,0.10988916,0.6744889,0.16161615,1.1924764,0.9999999,0.44946575,0.20109537,0.34943888,set_5
2.6575978e-07,0.4964648,0.6847269,0.8102471,8.518109,0.0,0.0,0.10988916,0.6744889,0.4040404,1.1282892,0.9999999,0.4462589,0.21950682,0.33423427,set_5
-4.3100307e-08,0.9212501,1.081331,0.93995214,3.6911225,0.0,0.0,0.10988916,0.6744889,0.8282828,1.024189,0.9999999,0.40883535,0.24971877,0.34144586,set_5
-1.4848699e-07,1.0455492,1.1758691,0.98046756,2.5124686,0.0,0.0,0.10988916,0.6744889,0.96969694,0.99186194,0.9999999,0.3585218,0.25801507,0.38346314,set_5
-4.725382e-07,1.2105942,1.2647591,1.0361315,1.2742157,0.0,0.0,0.10988916,0.6744889,1.1717172,0.9476215,0.9999999,0.2118864,0.2684107,0.51970285,set_5
-4.5883743e-07,1.4279921,1.276058,1.1099643,0.5613531,0.0,0.0,0.10988916,0.6744889,1.4545455,0.8896381,0.9999999,0.07167935,0.2567053,0.6716153,set_5
-4.7332307e-07,1.5967338,1.2331239,1.174492,0.4176269,0.0,0.0,0.10988916,0.6744889,1.7171717,0.8399319,0.9999999,0.039378293,0.24588671,0.714735,set_5
-4.7341197e-07,1.649223,1.2191881,1.1983513,0.36023027,0.0,0.0,0.10988916,0.6744889,1.8181818,0.8218912,0.9999999,0.030685354,0.2398852,0.7294295,set_5
0.0,0.0,0.11264096,0.6744889,15.5798,0.0,0.0,0.11264096,0.6744889,0.0,1.237127,0.9999999,0.45001084,0.1906467,0.3593425,set_5
-2.545961e-07,0.31350276,0.4858811,0.75744057,10.976794,0.0,0.0,0.11264096,0.6744889,0.24242423,1.1706843,0.9999999,0.44881135,0.20699555,0.3441931,set_5
-3.3107278e-07,0.47429246,0.6645437,0.80375034,8.795965,0.0,0.0,0.11264096,0.6744889,0.38383836,1.1335428,0.9999999,0.44669443,0.21796167,0.33534387,set_5
-3.089849e-07,0.66505957,0.8605442,0.86113966,6.4156485,0.0,0.0,0.11264096,0.6744889,0.56565654,1.0874386,0.9999999,0.44036177,0.23216069,0.32747754,set_5
-5.590401e-08,0.823165,1.0057368,0.91019714,4.6460996,0.0,0.0,0.11264096,0.6744889,0.72727275,1.0480244,0.9999999,0.42649046,0.2434832,0.3300264,set_5
4.8641215e-09,1.1461055,1.2366939,1.0141848,1.7142646,0.0,0.0,0.11264096,0.6744889,1.090909,0.96502846,0.9999999,0.28065974,0.26529953,0.4540407,set_5
-3.1680486e-08,1.4079971,1.2752942,1.0997071,0.6657567,0.0,0.0,0.11264096,0.6744889,1.4141414,0.89760315,0.9999999,0.08814724,0.26175648,0.6500963,set_5
-2.6382349e-08,1.6303312,1.2320966,1.188888,0.3371629,0.0,0.0,0.11264096,0.6744889,1.7777778,0.8290916,0.9999999,0.030931382,0.2387091,0.7303595,set_5
-2.4604354e-08,1.6689991,1.220101,1.2077694,0.3009351,0.0,0.0,0.11264096,0.6744889,1.8585858,0.81488013,0.9999999,0.025715694,0.23424868,0.7400356,set_5
0.0,0.0,0.10282396,0.6744889,15.5798,0.0,0.0,0.10282396,0.6744889,0.0,1.237127,0.9999999,0.45004514,0.19055486,0.35940003,set_5
1.5739307e-07,0.16379476,0.30250442,0.7165376,13.118624,0.0,0.0,0.10282396,0.6744889,0.12121212,1.2034572,0.9999999,0.4497078,0.19823673,0.35205546,set_5
1.833966e-07,0.31333786,0.47717193,0.7574416,10.9763775,0.0,0.0,0.10282396,0.6744889,0.24242423,1.1706843,0.9999999,0.4488493,0.20689467,0.3442561,set_5
1.397855e-07,0.47424293,0.655304,0.80375403,8.803941,0.0,0.0,0.10282396,0.6744889,0.38383836,1.1335428,0.9999999,0.44673583,0.217832,0.3354322,set_5
-4.652736e-08,0.64458025,0.83119184,0.8548806,6.6711984,0.0,0.0,0.10282396,0.6744889,0.5454545,1.0924389,0.9999999,0.44146085,0.23048869,0.32805046,set_5
-3.339577e-08,0.7842025,0.9649824,0.8980973,5.056353,0.0,0.0,0.10282396,0.6744889,0.68686867,1.0577749,0.9999999,0.43119812,0.24072851,0.3280734,set_5
-1.9596978e-07,1.1107881,1.2125226,1.0030382,1.9595761,0.0,0.0,0.10282396,0.6744889,1.0505049,0.973858,0.9999999,0.310644,0.26282358,0.42653245,set_5
-4.4207403e-07,1.5783021,1.2340158,1.1599389,0.48937187,0.0,0.0,0.10282396,0.6744889,1.6565657,0.85107636,0.9999999,0.048471212,0.2516814,0.6998474,set_5
-5.4801507e-07,1.6348295,1.2212682,1.1841118,0.4177513,0.0,0.0,0.10282396,0.6744889,1.7575758,0.8326826,0.9999999,0.037032146,0.24531455,0.7176533,set_5
0.0,0.0,0.10497072,0.6744889,15.5798,0.0,0.0,0.10497072,0.6744889,0.0,1.237127,0.9999999,0.45003757,0.19057497,0.3593875,set_5
1.260668e-07,0.16381581,0.30452728,0.7165376,13.118615,0.0,0.0,0.10497072,0.6744889,0.12121212,1.2034572,0.9999999,0.44969988,0.19825815,0.35204202,set_5
-5.594245e-10,0.49631646,0.680588,0.8102486,8.51841,0.0,0.0,0.10497072,0.6744889,0.4040404,1.1282892,0.9999999,0.4462792,0.21945277,0.33426806,set_5
2.5596614e-07,0.6446637,0.8328922,0.85488033,6.67118,0.0,0.0,0.10497072,0.6744889,0.5454545,1.0924389,0.9999999,0.44145158,0.23051193,0.32803646,set_5
2.310315e-07,0.80359507,0.98423725,0.9041579,4.8432627,0.0,0.0,0.10497072,0.6744889,0.7070707,1.0528723,0.9999999,0.42893818,0.24210735,0.3289544,set_5
2.2216092e-07,1.1791091,1.2448872,1.0252074,1.5060631,0.0,0.0,0.10497072,0.6744889,1.1313131,0.95623183,0.9999999,0.25018206,0.26722226,0.48259568,set_5
2.0072463e-07,1.3903147,1.2715557,1.0945389,0.69850564,0.0,0.0,0.10497072,0.6744889,1.3939394,0.9016767,0.9999999,0.09488347,0.26294163,0.6421749,set_5
1.7320568e-07,1.4382657,1.2641536,1.1099689,0.6354612,0.0,0.0,0.10497072,0.6744889,1.4545455,0.8896381,0.9999999,0.08033707,0.26063764,0.6590253,set_5
4.8026685e-08,1.7312703,1.1941832,1.2309136,0.32367545,0.0,0.0,0.10497072,0.6744889,1.959596,0.79766905,0.9999999,0.023259895,0.23401988,0.7427202,set_5
0.0,0.0,0.104925804,0.6744889,15.5798,0.0,0.0,0.104925804,0.6744889,0.0,1.237127,0.9999999,0.4500377,0.19057457,0.35938776,set_5
-5.839195e-08,0.26486266,0.42329863,0.74393266,11.659213,0.0,0.0,0.104925804,0.6744889,0.2020202,1.1815249,0.9999999,0.4492019,0.20393486,0.34686324,set_5
-1.8610785e-07,0.49583846,0.6827109,0.8102536,8.500948,0.0,0.0,0.104925804,0.6744889,0.4040404,1.1282892,0.9999999,0.44627318,0.21950626,0.33422056,set_5
-1.9232563e-07,0.66471237,0.85482407,0.8611456,6.4129586,0.0,0.0,0.104925804,0.6744889,0.56565654,1.0874386,0.9999999,0.440388,0.23208624,0.32752576,set_5
-1.3646043e-07,0.7451434,0.9300904,0.8858927,5.496456,0.0,0.0,0.104925804,0.6744889,0.64646465,1.06754,0.9999999,0.43498516,0.23794913,0.32706568,set_5
-3.058864e-08,0.9347701,1.092984,0.9458037,3.5044906,0.0,0.0,0.104925804,0.6744889,0.8484848,1.0195161,0.9999999,0.40382412,0.25079465,0.34538123,set_5
-9.835157e-08,1.6219394,1.2300891,1.1841233,0.35260057,0.0,0.0,0.104925804,0.6744889,1.7575758,0.8326826,0.9999999,0.03281807,0.24029426,0.72688764,set_5
-1.1866161e-07,1.6522148,1.2210652,1.1983811,0.3245131,0.0,0.0,0.104925804,0.6744889,1.8181818,0.8218912,0.9999999,0.028545817,0.23699,0.73446417,set_5
-1.470138e-07,1.7072175,1.2028732,1.2263476,0.2790125,0.0,0.0,0.104925804,0.6744889,1.939394,0.8010362,0.9999999,0.021986036,0.23073258,0.74728143,set_5
0.0,0.0,0.118470065,0.6744889,15.5798,0.0,0.0,0.118470065,0.6744889,0.0,1.237127,0.9999999,0.44999054,0.19070117,0.35930827,set_5
1.2752342e-07,0.60369533,0.8021887,0.84226847,7.173929,0.0,0.0,0.118470065,0.6744889,0.5050505,1.1025587,0.9999999,0.44314817,0.22754434,0.3293075,set_5
1.3454749e-07,0.7260633,0.92266315,0.8797374,5.715556,0.0,0.0,0.118470065,0.6744889,0.6262626,1.0724512,0.9999999,0.43648607,0.23667839,0.32683557,set_5
1.02545826e-07,0.9164119,1.0916717,0.9399372,3.6566203,0.0,0.0,0.118470065,0.6744889,0.8282828,1.024189,0.9999999,0.408114,0.24980018,0.34208587,set_5
-8.577516e-09,1.0942096,1.2128981,0.9974434,2.0947442,0.0,0.0,0.118470065,0.6744889,1.030303,0.97829276,0.9999999,0.32437158,0.26172036,0.41390803,set_5
-3.7142932e-08,1.2466339,1.2718421,1.0469886,1.1655676,0.0,0.0,0.118470065,0.6744889,1.2121212,0.9390081,0.9999999,0.18942256,0.26936284,0.5412146,set_5
-1.9908864e-08,1.4739925,1.2673845,1.1201453,0.5977634,0.0,0.0,0.118470065,0.6744889,1.4949495,0.8817419,0.9999999,0.07162745,0.25888923,0.6694833,set_5
-2.661162e-08,1.5427415,1.25478,1.1451836,0.5071031,0.0,0.0,0.118470065,0.6744889,1.5959595,0.8623983,0.9999999,0.053954635,0.2532725,0.6927728,set_5
9.603642e-10,1.6131257,1.2394379,1.1745112,0.41316235,0.0,0.0,0.118470065,0.6744889,1.7171717,0.8399319,0.9999999,0.038624365,0.24547449,0.71590114,set_5
0.0,0.0,0.112757735,0.67488027,29.212,0.0,0.0,0.112757735,0.67488027,0.0,1.2585858,0.9999999,0.44177777,0.18642588,0.3717964,set_5
-1.1201097e-07,0.10928407,0.24746612,0.7034833,26.976149,0.0,0.0,0.112757735,0.67488027,0.08080807,1.2316247,0.9999999,0.44143897,0.1892225,0.36933848,set_5
9.526218e-09,0.4108689,0.60625815,0.7922867,21.047245,0.0,0.0,0.112757735,0.67488027,0.34343433,1.149046,0.9999999,0.44004282,0.19997609,0.3599811,set_5
-3.5842288e-07,0.65715283,0.87912154,0.875285,16.577978,0.0,0.0,0.112757735,0.67488027,0.60606056,1.0749261,0.9999999,0.43802786,0.21337293,0.34859923,set_5
-5.3125683e-07,0.8551478,1.0806079,0.94723934,13.314522,0.0,0.0,0.112757735,0.67488027,0.8484848,1.0139601,0.9999999,0.43532583,0.22795047,0.33672374,set_5
-5.132251e-07,1.107147,1.3094568,1.0425049,9.662609,0.0,0.0,0.112757735,0.67488027,1.1919192,0.9397857,0.9999999,0.42912394,0.2508252,0.32005087,set_5
-5.926671e-07,1.469954,1.5806916,1.1809409,5.398363,0.0,0.0,0.112757735,0.67488027,1.7373737,0.8512087,0.9999999,0.4015093,0.28578678,0.312704,set_5
-7.070111e-07,1.5340449,1.6204611,1.2051911,4.7663126,0.0,0.0,0.112757735,0.67488027,1.8383838,0.83877724,0.9999999,0.38944536,0.29182476,0.3187299,set_5
-7.388908e-07,1.5723008,1.6426511,1.2195798,4.408915,0.0,0.0,0.112757735,0.67488027,1.8989899,0.8319495,0.9999999,0.3799858,0.29547703,0.32453716,set_5
0.0,0.0,0.11225248,0.67488027,29.212,0.0,0.0,0.11225248,0.67488027,0.0,1.2585858,0.9999999,0.44177878,0.18642293,0.3717983,set_5
-4.3093245e-08,0.08283627,0.21456894,0.6963906,27.513653,0.0,0.0,0.11225248,0.67488027,0.06060606,1.2383649,0.9999999,0.44152847,0.18849817,0.3699734,set_5
1.00640776e-07,0.5857004,0.8018083,0.850332,17.832933,0.0,0.0,0.11225248,0.67488027,0.5252525,1.0968126,0.9999999,0.43873185,0.20896527,0.35230288,set_5
2.0075187e-07,1.0064684,1.2215959,1.0041382,11.052535,0.0,0.0,0.11225248,0.67488027,1.0505049,0.96857876,0.9999999,0.43213123,0.2412499,0.32661882,set_5
2.8882695e-07,1.1770301,1.366713,1.0691607,8.7536335,0.0,0.0,0.11225248,0.67488027,1.2929292,0.92067313,0.9999999,0.42641282,0.25762302,0.31596416,set_5
3.031083e-07,1.2182784,1.3995614,1.0849222,8.236687,0.0,0.0,0.11225248,0.67488027,1.3535353,0.9097776,0.9999999,0.42447785,0.26165813,0.31386402,set_5
2.2087255e-07,1.3656781,1.509767,1.1412199,6.508628,0.0,0.0,0.11225248,0.67488027,1.5757575,0.87376726,0.9999999,0.41428876,0.2759286,0.30978265,set_5
2.9001612e-07,1.4309977,1.554764,1.1661034,5.8024483,0.0,0.0,0.11225248,0.67488027,1.6767677,0.85935605,0.9999999,0.40708452,0.2821197,0.31079578,set_5
4.1535304e-07,1.521138,1.6123655,1.2002848,4.891204,0.0,0.0,0.11225248,0.67488027,1.8181818,0.84114105,0.9999999,0.3922308,0.29060104,0.31716815,set_5
0.0,0.0,0.11147027,0.67488027,29.212,0.0,0.0,0.11147027,0.67488027,0.0,1.2585858,0.9999999,0.4417806,0.1864184,0.37180105,set_5
-4.1153534e-08,0.109278664,0.24623048,0.7034833,26.97615,0.0,0.0,0.11147027,0.67488027,0.08080807,1.2316247,0.9999999,0.44144186,0.18921463,0.3693435,set_5
-8.685021e-08,0.25737262,0.4252255,0.7452464,24.01392,0.0,0.0,0.11147027,0.67488027,0.2020202,1.1924199,0.9999999,0.44085905,0.19385664,0.36528432,set_5
-1.8450781e-07,0.67436576,0.8964081,0.8814141,16.280334,0.0,0.0,0.11147027,0.67488027,0.6262626,1.0695461,0.9999999,0.43784225,0.21449755,0.34766018,set_5
-1.837978e-07,0.72541654,0.9496814,0.8997002,15.414735,0.0,0.0,0.11147027,0.67488027,0.68686867,1.0538857,0.9999999,0.43723965,0.2180003,0.3447601,set_5
-2.0781373e-07,0.9318055,1.1528401,0.97598004,12.140598,0.0,0.0,0.11147027,0.67488027,0.94949496,0.9906513,0.9999999,0.4338656,0.23449261,0.33164176,set_5
-2.0444236e-07,1.3257188,1.4805962,1.1260341,6.9575214,0.0,0.0,0.11147027,0.67488027,1.5151515,0.88289607,0.9999999,0.41770306,0.2721096,0.3101873,set_5
-1.9310056e-07,1.3653781,1.5091124,1.1411672,6.5108194,0.0,0.0,0.11147027,0.67488027,1.5757575,0.87376726,0.9999999,0.41430563,0.2759093,0.3097851,set_5
-2.701567e-07,1.559075,1.63438,1.2146406,4.530491,0.0,0.0,0.11147027,0.67488027,1.8787879,0.83424133,0.9999999,0.3834612,0.29421657,0.32232216,set_5
0.0,0.0,0.1120401,0.67488027,29.212,0.0,0.0,0.1120401,0.67488027,0.0,1.2585858,0.9999999,0.4417793,0.18642165,0.37179902,set_5
-4.0240646e-09,0.43138647,0.62908393,0.79887086,20.661613,0.0,0.0,0.1120401,0.67488027,0.36363634,1.1431063,0.9999999,0.43991467,0.20090407,0.35918128,set_5
-9.1194956e-08,0.90161747,1.1246485,0.9645692,12.5991125,0.0,0.0,0.1120401,0.67488027,0.9090909,0.9997883,0.9999999,0.43447736,0.23185119,0.33367142,set_5
-1.0219318e-07,0.976956,1.1947004,0.9929605,11.478052,0.0,0.0,0.1120401,0.67488027,1.010101,0.97721523,0.9999999,0.43286029,0.23853122,0.32860854,set_5
-1.08313046e-07,1.0210434,1.2344048,1.0096842,10.845739,0.0,0.0,0.1120401,0.67488027,1.070707,0.9643624,0.9999999,0.43174905,0.24260686,0.3256441,set_5
-1.3221681e-07,1.0643567,1.2726158,1.0261852,10.2400875,0.0,0.0,0.1120401,0.67488027,1.1313131,0.951758,0.9999999,0.43051028,0.24671534,0.32277435,set_5
-9.078499e-08,1.3786952,1.5194688,1.1462768,6.358464,0.0,0.0,0.1120401,0.67488027,1.5959595,0.8707503,0.9999999,0.4129854,0.27720338,0.30981117,set_5
1.036629e-07,1.5728132,1.6414753,1.2195797,4.4152026,0.0,0.0,0.1120401,0.67488027,1.8989899,0.8319495,0.9999999,0.38013276,0.29544416,0.3244231,set_5
9.648202e-08,1.6364776,1.675413,1.2433167,3.8568642,0.0,0.0,0.1120401,0.67488027,2.0,0.82148737,0.9999999,0.35944667,0.301711,0.33884233,set_5
0.0,0.0,0.1174633,0.67488027,29.212,0.0,0.0,0.1174633,0.67488027,0.0,1.2585858,0.9999999,0.4417674,0.18645334,0.37177926,set_5
-7.484403e-09,0.10930387,0.25198233,0.7034833,26.976141,0.0,0.0,0.1174633,0.67488027,0.08080807,1.2316247,0.9999999,0.44142848,0.18925107,0.36932048,set_5
-1.9941027e-08,0.1855057,0.34446606,0.7245336,25.441584,0.0,0.0,0.1174633,0.67488027,0.14141414,1.2117333,0.9999999,0.44114846,0.19150493,0.36734658,set_5
-5.4067705e-08,0.32545593,0.5109979,0.765633,22.685137,0.0,0.0,0.1174633,0.67488027,0.26262626,1.1735852,0.9999999,0.44051555,0.19642097,0.36306345,set_5
-9.093125e-08,0.5107526,0.7232224,0.8248753,19.18913,0.0,0.0,0.1174633,0.67488027,0.44444442,1.1195564,0.9999999,0.43934402,0.20484664,0.35580933,set_5
-1.0116702e-07,0.65733516,0.88276243,0.87526107,16.5781,0.0,0.0,0.1174633,0.67488027,0.60606056,1.0749261,0.9999999,0.43801534,0.21340819,0.3485765,set_5
-1.8537496e-07,0.85538006,1.0840247,0.94721407,13.31456,0.0,0.0,0.1174633,0.67488027,0.8484848,1.0139601,0.9999999,0.43531272,0.22798815,0.33669916,set_5
-1.9316603e-08,1.326223,1.4843352,1.1260462,6.956378,0.0,0.0,0.1174633,0.67488027,1.5151515,0.88289607,0.9999999,0.4176798,0.27216133,0.3101589,set_5
3.6895194e-09,1.4956878,1.5994543,1.1905292,5.143958,0.0,0.0,0.1174633,0.67488027,1.7777778,0.84618074,0.9999999,0.39720273,0.28821248,0.31458482,set_5
0.0,0.0,0.116948165,0.67488027,29.212,0.0,0.0,0.116948165,0.67488027,0.0,1.2585858,0.9999999,0.44176853,0.18645033,0.37178117,set_5
-2.0387112e-07,0.34728894,0.53604364,0.77234066,22.264038,0.0,0.0,0.116948165,0.67488027,0.28282827,1.1674109,0.9999999,0.4404005,0.1972879,0.36231163,set_5
-2.2018324e-07,0.4717066,0.67893565,0.8119367,19.909771,0.0,0.0,0.116948165,0.67488027,0.4040404,1.1312001,0.9999999,0.43963176,0.20285939,0.35750884,set_5
-2.0714478e-07,0.87096065,1.0986521,0.95301294,13.072759,0.0,0.0,0.116948165,0.67488027,0.86868685,1.0092522,0.9999999,0.43504,0.22927405,0.33568594,set_5
-2.2427756e-07,0.97714365,1.1980486,0.99292976,11.478541,0.0,0.0,0.116948165,0.67488027,1.010101,0.97721523,0.9999999,0.43284684,0.23856828,0.3285849,set_5
-1.5010164e-07,1.218667,1.4026699,1.084964,8.2346325,0.0,0.0,0.116948165,0.67488027,1.3535353,0.9097776,0.9999999,0.42445946,0.26170528,0.31383526,set_5
-1.1959601e-07,1.2997887,1.4647329,1.1159668,7.2600975,0.0,0.0,0.116948165,0.67488027,1.4747474,0.88941437,0.9999999,0.41963476,0.26960614,0.3107591,set_5
-2.1961917e-07,1.5214769,1.6152565,1.2003143,4.888985,0.0,0.0,0.116948165,0.67488027,1.8181818,0.84114105,0.9999999,0.39217642,0.2906455,0.3171781,set_5
-3.4371146e-07,1.6362699,1.6786928,1.2432365,3.8529987,0.0,0.0,0.116948165,0.67488027,2.0,0.82148737,0.9999999,0.35928592,0.30176264,0.33895144,set_5
0.0,0.0,0.12291525,0.67488027,29.212,0.0,0.0,0.12291525,0.67488027,0.0,1.2585858,0.9999999,0.4417554,0.18648517,0.37175944,set_5
-2.3837222e-08,0.10932647,0.25721473,0.7034833,26.976131,0.0,0.0,0.12291525,0.67488027,0.08080807,1.2316247,0.9999999,0.4414162,0.18928416,0.36929965,set_5
-5.9072782e-08,0.23394278,0.40756798,0.7383749,24.478674,0.0,0.0,0.12291525,0.67488027,0.18181817,1.1988817,0.9999999,0.44093648,0.1931172,0.3659464,set_5
-1.1590308e-07,0.41107205,0.6149748,0.7922958,21.046484,0.0,0.0,0.12291525,0.67488027,0.34343433,1.149046,0.9999999,0.44001812,0.20004657,0.35993528,set_5
-3.1326287e-08,0.65736103,0.8869294,0.87526995,16.578693,0.0,0.0,0.12291525,0.67488027,0.60606056,1.0749261,0.9999999,0.43800157,0.2134463,0.34855214,set_5
1.8489391e-08,0.7591091,0.99234134,0.91177,14.861205,0.0,0.0,0.12291525,0.67488027,0.72727275,1.0435159,0.9999999,0.43677488,0.22050036,0.34272474,set_5
-3.731153e-07,1.299996,1.4682442,1.1159825,7.260707,0.0,0.0,0.12291525,0.67488027,1.4747474,0.88941437,0.9999999,0.41962126,0.26964554,0.3107332,set_5
-3.5529808e-07,1.5601602,1.6410981,1.2147951,4.5260243,0.0,0.0,0.12291525,0.67488027,1.8787879,0.83424133,0.9999999,0.3833145,0.29432288,0.3223627,set_5
-3.5076062e-07,1.5984019,1.6623275,1.2291144,4.1796765,0.0,0.0,0.12291525,0.67488027,1.939394,0.82758206,0.9999999,0.37246165,0.29802036,0.32951793,set_5
0.0,0.0,0.114401765,0.67488027,29.212,0.0,0.0,0.114401765,0.67488027,0.0,1.2585858,0.9999999,0.44177407,0.18643548,0.3717904,set_5
1.33381e-07,0.25731787,0.42773715,0.7452434,24.016153,0.0,0.0,0.114401765,0.67488027,0.2020202,1.1924199,0.9999999,0.440852,0.19387284,0.36527517,set_5
1.1397199e-07,0.32544762,0.5083722,0.76562494,22.685026,0.0,0.0,0.114401765,0.67488027,0.26262626,1.1735852,0.9999999,0.44052252,0.19640163,0.36307588,set_5
1.973526e-08,0.49191654,0.7003145,0.8184267,19.532887,0.0,0.0,0.114401765,0.67488027,0.4242424,1.1253153,0.9999999,0.4394959,0.20385379,0.35665026,set_5
-1.6067872e-08,0.5681075,0.78512144,0.8440158,18.146008,0.0,0.0,0.114401765,0.67488027,0.5050505,1.1024449,0.9999999,0.43888786,0.20795852,0.3531536,set_5
1.4210079e-07,1.2712657,1.4420586,1.1057136,7.583105,0.0,0.0,0.114401765,0.67488027,1.4343435,0.8959203,0.9999999,0.42144752,0.26692957,0.31162292,set_5
1.2609041e-07,1.3114254,1.4720781,1.1210605,7.1124225,0.0,0.0,0.114401765,0.67488027,1.4949495,0.8861555,0.9999999,0.41872385,0.27082145,0.31045467,set_5
9.41279e-08,1.4429022,1.563086,1.1710372,5.678462,0.0,0.0,0.114401765,0.67488027,1.6969697,0.8565809,0.9999999,0.405475,0.28328073,0.3112443,set_5
8.2607585e-08,1.5714624,1.6410904,1.2194636,4.4295115,0.0,0.0,0.114401765,0.67488027,1.8989899,0.8319495,0.9999999,0.3804876,0.2953598,0.3241526,set_5
0.0,0.0,0.11464101,0.67488027,29.212,0.0,0.0,0.11464101,0.67488027,0.0,1.2585858,0.9999999,0.4417736,0.18643686,0.37178957,set_5
4.0807496e-08,0.20986277,0.3711838,0.73147106,24.955551,0.0,0.0,0.11464101,0.67488027,0.16161615,1.2053001,0.9999999,0.44105652,0.192267,0.36667645,set_5
-9.470435e-08,0.62204605,0.84313375,0.8628406,17.19105,0.0,0.0,0.11464101,0.67488027,0.56565654,1.0858567,0.9999999,0.43838453,0.21116076,0.35045466,set_5
-9.757862e-08,0.69182086,0.91713756,0.8875463,15.9843235,0.0,0.0,0.11464101,0.67488027,0.64646465,1.064286,0.9999999,0.4376384,0.21568216,0.34667945,set_5
-8.707484e-08,0.7913432,1.019017,0.9237095,14.329789,0.0,0.0,0.11464101,0.67488027,0.7676768,1.0335511,0.9999999,0.436336,0.22289062,0.34077334,set_5
-6.9683246e-08,0.9766351,1.1961844,0.9929815,11.479738,0.0,0.0,0.11464101,0.67488027,1.010101,0.97721523,0.9999999,0.4328563,0.23853925,0.32860446,set_5
-8.418262e-09,1.0784354,1.286188,1.031659,10.047811,0.0,0.0,0.11464101,0.67488027,1.1515151,0.9477423,0.9999999,0.43006432,0.24808547,0.32185018,set_5
-1.4471922e-08,1.1350106,1.3339022,1.0532482,9.292818,0.0,0.0,0.11464101,0.67488027,1.2323232,0.9319092,0.9999999,0.42810482,0.25355825,0.31833696,set_5
-3.1119947e-07,1.3523875,1.5017195,1.1362851,6.654851,0.0,0.0,0.11464101,0.67488027,1.5555555,0.87675726,0.9999999,0.4154796,0.2746863,0.3098341,set_5
0.0,0.0,0.11553588,0.67488027,29.212,0.0,0.0,0.11553588,0.67488027,0.0,1.2585858,0.9999999,0.44177157,0.18644209,0.37178633,set_5
-2.9183346e-07,0.6220006,0.84359187,0.86286247,17.192802,0.0,0.0,0.11553588,0.67488027,0.56565654,1.0858567,0.9999999,0.43838257,0.21116231,0.3504552,set_5
-2.5327364e-07,1.0645692,1.2747872,1.0261708,10.241951,0.0,0.0,0.11553588,0.67488027,1.1313131,0.951758,0.9999999,0.4305015,0.246736,0.32276246,set_5
-8.356086e-08,1.2322068,1.412141,1.0901663,8.069557,0.0,0.0,0.11553588,0.67488027,1.3737373,0.90629745,0.9999999,0.42376292,0.26301417,0.31322297,set_5
-7.860196e-08,1.286281,1.4534873,1.1108297,7.420364,0.0,0.0,0.11553588,0.67488027,1.4545455,0.89264935,0.9999999,0.42055997,0.26828122,0.3111588,set_5
-7.219652e-08,1.3395954,1.4927486,1.1311893,6.8047047,0.0,0.0,0.11553588,0.67488027,1.5353535,0.87978023,0.9999999,0.41661078,0.27342728,0.30996197,set_5
-9.3191424e-08,1.4571565,1.5736467,1.175969,5.5336275,0.0,0.0,0.11553588,0.67488027,1.7171717,0.85382307,0.9999999,0.40350658,0.28457746,0.311916,set_5
-1.1075956e-07,1.495759,1.5982971,1.1906073,5.14341,0.0,0.0,0.11553588,0.67488027,1.7777778,0.84618074,0.9999999,0.39719975,0.28820354,0.31459665,set_5
-1.362433e-07,1.5596786,1.6366788,1.2147247,4.529294,0.0,0.0,0.11553588,0.67488027,1.8787879,0.83424133,0.9999999,0.38341495,0.29425493,0.32233012,set_5
0.0,0.0,0.12259873,0.67479736,15.5798,0.0,0.0,0.12259873,0.67479736,0.0,1.1930486,0.9999999,0.44985467,0.19103304,0.35911232,set_5
-4.5692968e-08,0.2573663,0.4297914,0.74197507,11.777357,0.0,0.0,0.12259873,0.67479736,0.2020202,1.1465398,0.9999999,0.44900697,0.20403026,0.3469627,set_5
3.7908418e-08,0.54787564,0.7473129,0.8253762,7.884878,0.0,0.0,0.12259873,0.67479736,0.46464646,1.0879277,0.9999999,0.44470507,0.22387972,0.33141527,set_5
-1.9954375e-07,0.6302979,0.8305,0.8501635,6.8716445,0.0,0.0,0.12259873,0.67479736,0.5454545,1.0702925,0.9999999,0.4417991,0.2300787,0.3281222,set_5
-5.546571e-07,0.7490386,0.9443252,0.8865911,5.4875984,0.0,0.0,0.12259873,0.67479736,0.6666667,1.0442421,0.9999999,0.4344047,0.23890442,0.32669088,set_5
-5.5354764e-07,0.91070604,1.097123,0.93957096,3.6446228,0.0,0.0,0.12259873,0.67479736,0.8484848,1.00596,0.9999999,0.40726554,0.25049368,0.34224084,set_5
-5.5980945e-07,1.2041378,1.2641747,1.0343614,1.3646533,0.0,0.0,0.12259873,0.67479736,1.1919192,0.936392,0.9999999,0.22351258,0.2694854,0.507002,set_5
-6.119625e-07,1.4003377,1.2694477,1.0921516,0.83149195,0.0,0.0,0.12259873,0.67479736,1.4141414,0.8932359,0.9999999,0.111348175,0.26848152,0.6201703,set_5
-6.2707153e-07,1.4941518,1.2586964,1.1225373,0.67695427,0.0,0.0,0.12259873,0.67479736,1.5353535,0.87033665,0.9999999,0.0775759,0.26329878,0.6591253,set_5
0.0,0.0,0.11212045,0.67479736,15.5798,0.0,0.0,0.11212045,0.67479736,0.0,1.1930486,0.9999999,0.44989133,0.19093491,0.35917377,set_5
-1.0364209e-07,0.107481286,0.24338514,0.7019894,13.956381,0.0,0.0,0.11212045,0.67479736,0.08080807,1.1743225,0.9999999,0.44969872,0.1958026,0.3544987,set_5
-4.2454772e-07,0.3508517,0.5268395,0.76810503,10.470124,0.0,0.0,0.11212045,0.67479736,0.28282827,1.1282976,0.9999999,0.44826472,0.20980176,0.3419335,set_5
-3.2189513e-07,0.44039875,0.6253724,0.7938155,9.265463,0.0,0.0,0.11212045,0.67479736,0.36363634,1.11023,0.9999999,0.44707745,0.21593583,0.3369867,set_5
2.990159e-07,0.9702929,1.126303,0.9567944,3.1682966,0.0,0.0,0.11212045,0.67479736,0.9090909,0.993415,0.9999999,0.3915679,0.25390434,0.35452777,set_5
5.391163e-07,1.0925039,1.2064595,0.9961473,2.1304345,0.0,0.0,0.11212045,0.67479736,1.0505049,0.96460396,0.9999999,0.3261442,0.26231456,0.41154122,set_5
5.107676e-07,1.1774347,1.2467868,1.0235547,1.5498182,0.0,0.0,0.11212045,0.67479736,1.1515151,0.9443856,0.9999999,0.254139,0.26801214,0.47784883,set_5
4.5248143e-07,1.2426771,1.2674787,1.0450646,1.1904486,0.0,0.0,0.11212045,0.67479736,1.2323232,0.9284182,0.9999999,0.1916296,0.27013585,0.5382346,set_5
5.437948e-07,1.7039447,1.2079612,1.2136678,0.36755204,0.0,0.0,0.11212045,0.67479736,1.919192,0.8007198,0.9999999,0.027001252,0.23859586,0.73440284,set_5
0.0,0.0,0.11574114,0.67479736,15.5798,0.0,0.0,0.11574114,0.67479736,0.0,1.1930486,0.9999999,0.4498786,0.19096883,0.35915256,set_5
-2.4753368e-07,0.72958,0.9193145,0.8805921,5.720397,0.0,0.0,0.11574114,0.67479736,0.64646465,1.0485419,0.9999999,0.43607938,0.2373758,0.32654482,set_5
-3.629903e-07,0.90006155,1.0703195,0.93379253,3.8853257,0.0,0.0,0.11574114,0.67479736,0.8282828,1.010151,0.9999999,0.4128337,0.24922009,0.33794627,set_5
-8.358286e-08,1.1268151,1.2265878,1.0071926,1.8831625,0.0,0.0,0.11574114,0.67479736,1.090909,0.9564893,0.9999999,0.29958937,0.26479343,0.43561718,set_5
-2.1985079e-08,1.292777,1.2778226,1.0609732,0.9882324,0.0,0.0,0.11574114,0.67479736,1.2929292,0.916601,0.9999999,0.15128826,0.2694962,0.5792156,set_5
-2.1973818e-08,1.3703916,1.2809002,1.0870128,0.74420553,0.0,0.0,0.11574114,0.67479736,1.3939394,0.8971165,0.9999999,0.10181654,0.2647698,0.6334137,set_5
-2.727261e-08,1.4469243,1.2709688,1.1124965,0.61861527,0.0,0.0,0.11574114,0.67479736,1.4949495,0.8779383,0.9999999,0.07501101,0.2599766,0.6650124,set_5
-1.2310714e-08,1.6291952,1.2295704,1.1809752,0.43730274,0.0,0.0,0.11574114,0.67479736,1.7777778,0.82588047,0.9999999,0.037637707,0.246564,0.7157983,set_5
-1.0232016e-07,1.7261412,1.2014798,1.2273724,0.34085363,0.0,0.0,0.11574114,0.67479736,1.979798,0.7901616,0.9999999,0.02356485,0.23512352,0.7413116,set_5
0.0,0.0,0.1372058,0.67479736,15.5798,0.0,0.0,0.1372058,0.67479736,0.0,1.1930486,0.9999999,0.4498037,0.19116978,0.3590265,set_5
-2.8796368e-09,0.20896402,0.3869859,0.7287523,12.472469,0.0,0.0,0.1372058,0.67479736,0.16161615,1.1557541,0.9999999,0.44922942,0.20136784,0.3494028,set_5
-7.426089e-09,0.73044425,0.93732715,0.88058203,5.7088094,0.0,0.0,0.1372058,0.67479736,0.64646465,1.0485419,0.9999999,0.43592867,0.23764324,0.3264281,set_5
7.3618594e-08,0.90045565,1.0849413,0.9337774,3.892692,0.0,0.0,0.1372058,0.67479736,0.8282828,1.010151,0.9999999,0.4128595,0.24941151,0.33772904,set_5
6.059756e-08,0.95379347,1.1290581,0.9510736,3.3493528,0.0,0.0,0.1372058,0.67479736,0.8888889,0.99760306,0.9999999,0.3979287,0.2529638,0.3491075,set_5
4.0146055e-08,1.3306049,1.289954,1.0714393,0.91205573,0.0,0.0,0.1372058,0.67479736,1.3333333,0.9087512,0.9999999,0.133424,0.2690955,0.5974805,set_5
4.9044086e-08,1.4543391,1.283076,1.1124794,0.628916,0.0,0.0,0.1372058,0.67479736,1.4949495,0.8779383,0.9999999,0.07568967,0.2605642,0.6637461,set_5
2.8899782e-08,1.6649581,1.2364771,1.199764,0.34475204,0.0,0.0,0.1372058,0.67479736,1.8585858,0.8114377,0.9999999,0.028013164,0.23782395,0.7341628,set_5
1.0102056e-08,1.710684,1.2212397,1.2228091,0.3062925,0.0,0.0,0.1372058,0.67479736,1.959596,0.79367083,0.9999999,0.022516929,0.23253846,0.74494463,set_5
0.0,0.0,0.11653744,0.67479736,15.5798,0.0,0.0,0.11653744,0.67479736,0.0,1.1930486,0.9999999,0.449876,0.19097623,0.3591478,set_5
1.7327596e-07,0.5266202,0.7203936,0.81911576,8.151573,0.0,0.0,0.11653744,0.67479736,0.44444442,1.0923495,0.9999999,0.44529313,0.22224277,0.33246413,set_5
6.453081e-08,0.8801999,1.057459,0.92797214,4.057522,0.0,0.0,0.11653744,0.67479736,0.8080808,1.0143703,0.9999999,0.4165137,0.24802625,0.33545998,set_5
-7.402747e-08,1.0411607,1.1774342,0.9794259,2.5515656,0.0,0.0,0.11653744,0.67479736,0.989899,0.976893,0.9999999,0.35978636,0.25865963,0.38155404,set_5
-1.0759912e-08,1.1977782,1.2542303,1.0289739,1.4651806,0.0,0.0,0.11653744,0.67479736,1.1717172,0.94039065,0.9999999,0.24002606,0.26896605,0.49100792,set_5
-2.4253728e-07,1.4516962,1.2738818,1.1124861,0.6015538,0.0,0.0,0.11653744,0.67479736,1.4949495,0.8779383,0.9999999,0.072813876,0.2590771,0.668109,set_5
-3.0117744e-07,1.5550541,1.255162,1.1521276,0.4459799,0.0,0.0,0.11653744,0.67479736,1.6565657,0.84789056,0.9999999,0.045151416,0.2486788,0.7061698,set_5
-3.0738244e-07,1.6416912,1.2325687,1.1904098,0.3476654,0.0,0.0,0.11653744,0.67479736,1.8181818,0.81861,0.9999999,0.029998573,0.2389033,0.7310982,set_5
-3.3335652e-07,1.6887139,1.2176249,1.2136611,0.30485392,0.0,0.0,0.11653744,0.67479736,1.919192,0.8007198,0.9999999,0.023921974,0.23340067,0.7426774,set_5
0.0,0.0,0.12439487,0.67479736,15.5798,0.0,0.0,0.12439487,0.67479736,0.0,1.1930486,0.9999999,0.4498484,0.19104986,0.35910168,set_5
-3.5187432e-07,0.44069576,0.63573223,0.7938122,9.266198,0.0,0.0,0.12439487,0.67479736,0.36363634,1.11023,0.9999999,0.44702855,0.21606442,0.3369071,set_5
-3.8856263e-07,0.5687798,0.77014244,0.83160526,7.6243935,0.0,0.0,0.12439487,0.67479736,0.48484847,1.0835073,0.9999999,0.444077,0.22546138,0.33046168,set_5
-3.2326133e-07,0.8991996,1.0776399,0.9337872,3.8767414,0.0,0.0,0.12439487,0.67479736,0.8282828,1.010151,0.9999999,0.4126438,0.24930923,0.33804697,set_5
-3.1955992e-07,1.0615752,1.1954852,0.9850334,2.3956027,0.0,0.0,0.12439487,0.67479736,1.010101,0.97276616,0.9999999,0.34868988,0.26003227,0.3912778,set_5
-3.5225705e-07,1.2967591,1.284626,1.0609721,0.97972727,0.0,0.0,0.12439487,0.67479736,1.2929292,0.916601,0.9999999,0.14958636,0.26942712,0.58098656,set_5
-4.2771012e-07,1.4695046,1.2765881,1.1225257,0.53519607,0.0,0.0,0.12439487,0.67479736,1.5353535,0.87033665,0.9999999,0.062201813,0.25527477,0.6825234,set_5
-4.4937414e-07,1.5560575,1.2586207,1.1569865,0.4147346,0.0,0.0,0.12439487,0.67479736,1.6767677,0.8441995,0.9999999,0.041608583,0.2462061,0.71218526,set_5
-3.8286515e-07,1.6104685,1.2442341,1.1809636,0.3536033,0.0,0.0,0.12439487,0.67479736,1.7777778,0.82588047,0.9999999,0.032221105,0.24009347,0.7276854,set_5
0.0,0.0,0.12304133,0.67479736,15.5798,0.0,0.0,0.12304133,0.67479736,0.0,1.1930486,0.9999999,0.44985315,0.19103716,0.35910967,set_5
-4.0263394e-08,0.44065905,0.63457745,0.7938122,9.26621,0.0,0.0,0.12304133,0.67479736,0.36363634,1.11023,0.9999999,0.4470339,0.21604985,0.3369162,set_5
-3.581257e-08,0.6099281,0.8107121,0.8439992,7.117143,0.0,0.0,0.12304133,0.67479736,0.5252525,1.0746689,0.9999999,0.4426364,0.22855136,0.3288122,set_5
-8.531425e-08,0.93544644,1.1059562,0.945342,3.5155146,0.0,0.0,0.12304133,0.67479736,0.86868685,1.0017823,0.9999999,0.40331358,0.25167218,0.34501418,set_5
-1.1045407e-07,1.0967276,1.2148778,0.9961605,2.1238081,0.0,0.0,0.12304133,0.67479736,1.0505049,0.96460396,0.9999999,0.32534984,0.2625057,0.41214445,set_5
-8.41576e-08,1.342736,1.2873216,1.0766603,0.81709146,0.0,0.0,0.12304133,0.67479736,1.3535353,0.90486825,0.9999999,0.116838105,0.26670587,0.61645603,set_5
-5.3678974e-08,1.4429185,1.2802806,1.1124871,0.57885027,0.0,0.0,0.12304133,0.67479736,1.4949495,0.8779383,0.9999999,0.07037864,0.25780237,0.67181903,set_5
-4.5411817e-08,1.4827139,1.2732813,1.1275132,0.51608443,0.0,0.0,0.12304133,0.67479736,1.5555555,0.8665767,0.9999999,0.058673806,0.25404915,0.687277,set_5
-4.0480764e-08,1.5562347,1.2578158,1.1569867,0.4149177,0.0,0.0,0.12304133,0.67479736,1.6767677,0.8441995,0.9999999,0.04163181,0.24622256,0.7121457,set_5
0.0,0.0,0.13122346,0.67479736,15.5798,0.0,0.0,0.13122346,0.67479736,0.0,1.1930486,0.9999999,0.44982457,0.19111381,0.3590616,set_5
-2.683053e-07,0.5897113,0.7964772,0.83781517,7.369953,0.0,0.0,0.13122346,0.67479736,0.5050505,1.0790758,0.9999999,0.44336373,0.22708689,0.32954934,set_5
-2.7085278e-07,0.6708158,0.8767447,0.8624034,6.391905,0.0,0.0,0.13122346,0.67479736,0.5858586,1.0615716,0.9999999,0.4397953,0.23319684,0.32700792,set_5
-2.621738e-07,0.78765064,0.98657775,0.89853656,5.0552754,0.0,0.0,0.13122346,0.67479736,0.7070707,1.0356324,0.9999999,0.43058065,0.24176234,0.327657,set_5
-2.8230937e-07,1.0243868,1.1767104,0.9737996,2.6959348,0.0,0.0,0.13122346,0.67479736,0.96969694,0.981012,0.9999999,0.368688,0.25761417,0.3736978,set_5
-3.2575318e-07,1.4094796,1.2878625,1.0972589,0.6845126,0.0,0.0,0.13122346,0.67479736,1.4343435,0.8893907,0.9999999,0.08872774,0.26284558,0.6484267,set_5
-4.2812027e-07,1.4808669,1.2784975,1.1225191,0.55696833,0.0,0.0,0.13122346,0.67479736,1.5353535,0.87033665,0.9999999,0.06409911,0.25659686,0.67930406,set_5
-4.1619583e-07,1.6815279,1.2286083,1.2090398,0.3151226,0.0,0.0,0.13122346,0.67479736,1.8989899,0.80428916,0.9999999,0.025007522,0.23460387,0.74038863,set_5
-3.918285e-07,1.7079928,1.2194891,1.2228053,0.29304957,0.0,0.0,0.13122346,0.67479736,1.959596,0.79367083,0.9999999,0.021969581,0.23144692,0.7465836,set_5
0.0,0.0,0.13606718,0.67479736,15.5798,0.0,0.0,0.13606718,0.67479736,0.0,1.1930486,0.9999999,0.44980767,0.19115908,0.3590332,set_5
-3.4149572e-08,0.10763539,0.26641983,0.7019894,13.95632,0.0,0.0,0.13606718,0.67479736,0.08080807,1.1743225,0.9999999,0.4496122,0.19603617,0.3543516,set_5
-3.786459e-08,0.18416512,0.3570191,0.7221021,12.831064,0.0,0.0,0.13606718,0.67479736,0.14141414,1.1603595,0.9999999,0.44934863,0.1999878,0.3506636,set_5
-2.9015201e-08,0.28146526,0.46937555,0.7485474,11.4397135,0.0,0.0,0.13606718,0.67479736,0.22222221,1.141945,0.9999999,0.4487908,0.20561154,0.3455976,set_5
-1.10473245e-07,0.48454762,0.69201446,0.80651504,8.69758,0.0,0.0,0.13606718,0.67479736,0.4040404,1.1012572,0.9999999,0.4461835,0.21931778,0.33449867,set_5
-2.3151918e-07,0.98933345,1.1561489,0.9624877,3.0049345,0.0,0.0,0.13606718,0.67479736,0.9292929,0.9892581,0.9999999,0.38454425,0.25531146,0.3601443,set_5
6.626674e-08,1.6466278,1.2388464,1.185706,0.42473125,0.0,0.0,0.13606718,0.67479736,1.7979797,0.8222419,0.9999999,0.03544621,0.24521229,0.7193415,set_5
1.31274405e-08,1.6771543,1.230383,1.1997796,0.39236826,0.0,0.0,0.13606718,0.67479736,1.8585858,0.8114377,0.9999999,0.030626692,0.24164979,0.72772354,set_5
-5.114923e-08,1.7149078,1.2188123,1.2182566,0.35644788,0.0,0.0,0.13606718,0.67479736,1.939394,0.7971853,0.9999999,0.025498118,0.23714818,0.7373537,set_5
0.0,0.0,0.12603322,0.67479736,15.5798,0.0,0.0,0.12603322,0.67479736,0.0,1.1930486,0.9999999,0.44984272,0.19106519,0.35909212,set_5
-7.042869e-08,0.30481347,0.48698774,0.7550913,11.110791,0.0,0.0,0.12603322,0.67479736,0.24242423,1.137383,0.9999999,0.4486446,0.20696607,0.3443893,set_5
-7.966879e-08,0.7095374,0.913025,0.8745504,5.9112673,0.0,0.0,0.12603322,0.67479736,0.6262626,1.0528564,0.9999999,0.4373181,0.23614466,0.32653716,set_5
-1.9234122e-07,0.78749067,0.98248065,0.8985371,5.056935,0.0,0.0,0.12603322,0.67479736,0.7070707,1.0356324,0.9999999,0.43061668,0.24170393,0.32767934,set_5
-3.8017922e-07,0.95458573,1.1184243,0.9510765,3.370918,0.0,0.0,0.12603322,0.67479736,0.8888889,0.99760306,0.9999999,0.39859086,0.25282493,0.3485842,set_5
-3.5204556e-07,1.1978152,1.2604686,1.0289708,1.4651409,0.0,0.0,0.12603322,0.67479736,1.1717172,0.94039065,0.9999999,0.23987187,0.26904213,0.49108595,set_5
-3.8934652e-07,1.3610536,1.285582,1.0818415,0.803066,0.0,0.0,0.12603322,0.67479736,1.3737373,0.90099496,0.9999999,0.11219489,0.26667342,0.62113166,set_5
-3.9305186e-07,1.5294088,1.2654672,1.1423513,0.48145485,0.0,0.0,0.12603322,0.67479736,1.6161616,0.8553099,0.9999999,0.050758105,0.2514717,0.6977702,set_5
-4.570557e-07,1.7051708,1.2163806,1.2228198,0.29374024,0.0,0.0,0.12603322,0.67479736,1.959596,0.79367083,0.9999999,0.022066295,0.23155196,0.7463817,set_5
0.0,0.0,0.13449273,0.6748914,15.5798,0.0,0.0,0.13449273,0.6748914,0.0,1.2520337,0.9999999,0.44997472,0.19075412,0.35927117,set_5
-1.8203067e-07,0.43020403,0.63382256,0.7911074,9.394571,0.0,0.0,0.13449273,0.6748914,0.34343433,1.1325369,0.9999999,0.44733676,0.21508616,0.33757713,set_5
-1.7998738e-07,0.6221436,0.83483326,0.84824055,6.940027,0.0,0.0,0.13449273,0.6748914,0.5252525,1.0787592,0.9999999,0.44222403,0.22936954,0.32840645,set_5
-1.8459205e-07,0.87359774,1.0645882,0.92621064,4.1260724,0.0,0.0,0.13449273,0.6748914,0.78787875,1.0129898,0.9999999,0.4180087,0.24748537,0.33450592,set_5
-9.854158e-08,1.0517373,1.1966492,0.98314375,2.4603798,0.0,0.0,0.13449273,0.6748914,0.989899,0.9716224,0.9999999,0.3539284,0.2592805,0.38679108,set_5
7.3375546e-08,1.1554708,1.2517815,1.0162647,1.6976582,0.0,0.0,0.13449273,0.6748914,1.111111,0.95056766,0.9999999,0.2763726,0.26647767,0.45714968,set_5
-4.91979e-07,1.3863797,1.2908733,1.0910461,0.7270448,0.0,0.0,0.13449273,0.6748914,1.3939394,0.9133167,0.9999999,0.098633066,0.26400536,0.6373616,set_5
-7.495566e-07,1.4885402,1.2786313,1.1274723,0.531901,0.0,0.0,0.13449273,0.6748914,1.5353535,0.90049773,0.9999999,0.061394382,0.25469255,0.68391305,set_5
-5.7270495e-07,1.6339407,1.2445654,1.1890345,0.34249163,0.0,0.0,0.13449273,0.6748914,1.7777778,0.88817024,0.9999999,0.031296253,0.23835744,0.7303464,set_5
0.0,0.0,0.13275822,0.6748914,15.5798,0.0,0.0,0.13275822,0.6748914,0.0,1.2520337,0.9999999,0.44998074,0.19073792,0.3592814,set_5
-1.905764e-07,0.45239854,0.6562532,0.79758096,9.1009655,0.0,0.0,0.13275822,0.6748914,0.36363634,1.1263376,0.9999999,0.44697618,0.21665068,0.33637318,set_5
-2.1914084e-07,0.7222377,0.92838234,0.8788078,5.7762585,0.0,0.0,0.13275822,0.6748914,0.6262626,1.0517689,0.9999999,0.4366299,0.23680472,0.32656533,set_5
-1.11771776e-07,0.85505235,1.0478615,0.9203675,4.316646,0.0,0.0,0.13275822,0.6748914,0.7676768,1.0175703,0.9999999,0.421345,0.24623013,0.3324249,set_5
-6.987804e-08,0.99834836,1.1630054,0.9662915,2.8921857,0.0,0.0,0.13275822,0.6748914,0.9292929,0.98301697,0.9999999,0.37981924,0.25573665,0.3644441,set_5
-4.541054e-08,1.0503882,1.1987095,0.98312116,2.4344034,0.0,0.0,0.13275822,0.6748914,0.989899,0.9716224,0.9999999,0.3523585,0.25930658,0.3883349,set_5
-3.2485323e-07,1.4271468,1.2861999,1.1068019,0.6254952,0.0,0.0,0.13275822,0.6748914,1.4545455,0.9073568,0.9999999,0.07926556,0.25986326,0.6608712,set_5
-3.5009253e-07,1.4976467,1.2751659,1.1327413,0.5084245,0.0,0.0,0.13275822,0.6748914,1.5555555,0.8991031,0.9999999,0.05759783,0.25314134,0.68926084,set_5
-5.3802205e-07,1.6402919,1.2402396,1.1942338,0.3302843,0.0,0.0,0.13275822,0.6748914,1.7979797,0.887582,0.9999999,0.029789038,0.23701899,0.733192,set_5
0.0,0.0,0.11934849,0.6748914,15.5798,0.0,0.0,0.11934849,0.6748914,0.0,1.2520337,0.9999999,0.4500275,0.19061258,0.35935998,set_5
-1.5339921e-08,0.31438264,0.49279782,0.75812453,10.965256,0.0,0.0,0.11934849,0.6748914,0.24242423,1.1652253,0.9999999,0.44876668,0.20715061,0.34408274,set_5
1.9924776e-08,0.81738675,1.0052991,0.9086581,4.714153,0.0,0.0,0.11934849,0.6748914,0.72727275,1.026815,0.9999999,0.4270689,0.24353361,0.32939747,set_5
3.870554e-08,0.9610468,1.1283721,0.95501554,3.2115421,0.0,0.0,0.11934849,0.6748914,0.8888889,0.9912881,0.9999999,0.39371035,0.2532678,0.35302192,set_5
6.311972e-08,1.1486504,1.2450657,1.0163152,1.6681924,0.0,0.0,0.11934849,0.6748914,1.111111,0.95056766,0.9999999,0.27334592,0.26626843,0.46038565,set_5
-3.2011283e-08,1.284817,1.2782216,1.0593958,1.0171947,0.0,0.0,0.11934849,0.6748914,1.2727273,0.9274209,0.9999999,0.15820356,0.2694095,0.572387,set_5
-1.9469479e-07,1.5538961,1.2545764,1.1532464,0.4550529,0.0,0.0,0.11934849,0.6748914,1.6363636,0.89387196,0.9999999,0.047135558,0.24896346,0.703901,set_5
-1.9488516e-07,1.6016877,1.2431977,1.1737413,0.39490932,0.0,0.0,0.11934849,0.6748914,1.7171717,0.89000416,0.9999999,0.037779354,0.24352877,0.7186919,set_5
-2.767041e-07,1.7436187,1.197726,1.2450297,0.26545134,0.0,0.0,0.11934849,0.6748914,2.0,0.88692844,0.9999999,0.019706858,0.22706111,0.753232,set_5
0.0,0.0,0.12532763,0.6748914,15.5798,0.0,0.0,0.12532763,0.6748914,0.0,1.2520337,0.9999999,0.45000657,0.19066851,0.35932493,set_5
-9.3917514e-08,0.58085483,0.7842675,0.83575106,7.4596853,0.0,0.0,0.12532763,0.6748914,0.48484847,1.0903087,0.9999999,0.4438422,0.22609738,0.33006042,set_5
-1.5149092e-07,0.8910135,1.0745168,0.9320205,3.927596,0.0,0.0,0.12532763,0.6748914,0.8080808,1.0083447,0.9999999,0.41412365,0.24862954,0.33724675,set_5
4.4923545e-09,1.1023412,1.220658,0.999783,2.0539613,0.0,0.0,0.12532763,0.6748914,1.0505049,0.96073323,0.9999999,0.31913057,0.26285246,0.41801694,set_5
4.75544e-09,1.3399214,1.2849541,1.075283,0.86041284,0.0,0.0,0.12532763,0.6748914,1.3333333,0.91985846,0.9999999,0.1253759,0.267553,0.6070711,set_5
-9.5323704e-09,1.3880498,1.2844958,1.0910733,0.7329978,0.0,0.0,0.12532763,0.6748914,1.3939394,0.9133167,0.9999999,0.09954365,0.26423657,0.63621974,set_5
-3.9190567e-08,1.4638505,1.2767289,1.1171553,0.5853579,0.0,0.0,0.12532763,0.6748914,1.4949495,0.9038296,0.9999999,0.07063408,0.2578687,0.6714972,set_5
-3.7493074e-08,1.5573007,1.2595707,1.1532763,0.44437033,0.0,0.0,0.12532763,0.6748914,1.6363636,0.89387196,0.9999999,0.046073407,0.24819605,0.70573056,set_5
-1.9121197e-07,1.7181429,1.2123526,1.2298414,0.27660322,0.0,0.0,0.12532763,0.6748914,1.939394,0.88621306,0.9999999,0.021884479,0.22945248,0.748663,set_5
0.0,0.0,0.12062701,0.6748914,15.5798,0.0,0.0,0.12062701,0.6748914,0.0,1.2520337,0.9999999,0.45002308,0.19062452,0.3593524,set_5
-2.7069772e-08,0.08474762,0.22433284,0.69626874,14.293461,0.0,0.0,0.12062701,0.6748914,0.06060606,1.2294796,0.9999999,0.4498928,0.19439827,0.35570893,set_5
-6.4680506e-08,0.16501063,0.32088768,0.7172593,13.099813,0.0,0.0,0.12062701,0.6748914,0.12121212,1.2070858,0.9999999,0.4496575,0.19843754,0.35190493,set_5
-1.4017729e-07,0.5388311,0.73843884,0.82319206,7.9760795,0.0,0.0,0.12062701,0.6748914,0.44444442,1.1018846,0.9999999,0.4451218,0.22291784,0.33196038,set_5
2.3969688e-08,0.6425424,0.84166896,0.85442185,6.7133894,0.0,0.0,0.12062701,0.6748914,0.5454545,1.0732687,0.9999999,0.4414133,0.23070222,0.32788444,set_5
1.4494955e-07,0.7416064,0.9355587,0.8848593,5.567957,0.0,0.0,0.12062701,0.6748914,0.64646465,1.046689,0.9999999,0.43522114,0.23806727,0.32671162,set_5
8.100395e-08,0.9121075,1.080909,0.9378176,3.7852101,0.0,0.0,0.12062701,0.6748914,0.8282828,1.0038979,0.9999999,0.41070715,0.24973185,0.339561,set_5
1.9427941e-07,1.2054088,1.2649775,1.0326335,1.3681123,0.0,0.0,0.12062701,0.6748914,1.1717172,0.94137883,0.9999999,0.22580457,0.26891,0.5052855,set_5
1.04035344e-07,1.6020545,1.2431719,1.1738782,0.39986193,0.0,0.0,0.12062701,0.6748914,1.7171717,0.89000416,0.9999999,0.038122572,0.24389873,0.71797866,set_5
0.0,0.0,0.12501493,0.6748914,15.5798,0.0,0.0,0.12501493,0.6748914,0.0,1.2520337,0.9999999,0.45000762,0.19066556,0.35932678,set_5
-1.4208979e-07,0.66261524,0.8648896,0.86056596,6.4729643,0.0,0.0,0.12501493,0.6748914,0.56565654,1.0678818,0.9999999,0.44039667,0.23226802,0.32733527,set_5
-1.352051e-07,0.72204274,0.9220774,0.87882733,5.7786655,0.0,0.0,0.12501493,0.6748914,0.6262626,1.0517689,0.9999999,0.43667436,0.23671547,0.32661018,set_5
-1.424569e-07,0.92750204,1.1034201,0.9435727,3.5670702,0.0,0.0,0.12501493,0.6748914,0.8484848,0.99963874,0.9999999,0.40519863,0.25100315,0.34379825,set_5
-1.7301804e-07,0.98055124,1.143859,0.9606794,3.060487,0.0,0.0,0.12501493,0.6748914,0.9090909,0.9870488,0.9999999,0.3875175,0.25448105,0.3580014,set_5
-2.2786959e-07,1.3834981,1.2836643,1.0910981,0.7359538,0.0,0.0,0.12501493,0.6748914,1.3939394,0.9133167,0.9999999,0.100149736,0.26432043,0.6355298,set_5
-2.463265e-07,1.448591,1.2749816,1.1119887,0.63795376,0.0,0.0,0.12501493,0.6748914,1.4747474,0.90561295,0.9999999,0.07877128,0.260614,0.66061467,set_5
-2.5613886e-07,1.5774589,1.249509,1.1584388,0.48690927,0.0,0.0,0.12501493,0.6748914,1.6565657,0.89288557,0.9999999,0.048319407,0.25094053,0.70074016,set_5
-2.9034152e-07,1.6480082,1.2326223,1.189115,0.39906862,0.0,0.0,0.12501493,0.6748914,1.7777778,0.88817024,0.9999999,0.03480643,0.24279656,0.722397,set_5
0.0,0.0,0.12921152,0.6748914,15.5798,0.0,0.0,0.12921152,0.6748914,0.0,1.2520337,0.9999999,0.44999304,0.19070478,0.3593022,set_5
-1.4470854e-07,0.51778066,0.72248256,0.8168615,8.253128,0.0,0.0,0.12921152,0.6748914,0.4242424,1.107786,0.9999999,0.44563845,0.2213975,0.33296403,set_5
-2.2934353e-07,0.6222589,0.8294826,0.8482447,6.9490275,0.0,0.0,0.12921152,0.6748914,0.5252525,1.0787592,0.9999999,0.44226205,0.22928452,0.3284534,set_5
-1.9073528e-07,0.8547616,1.0461562,0.9204244,4.308794,0.0,0.0,0.12921152,0.6748914,0.7676768,1.0175703,0.9999999,0.4212616,0.24621166,0.33252674,set_5
-9.58218e-09,1.2744207,1.282788,1.05411,1.0792644,0.0,0.0,0.12921152,0.6748914,1.2525252,0.92997265,0.9999999,0.17032847,0.26987174,0.55979985,set_5
-1.8999138e-08,1.4610158,1.28027,1.1172941,0.5736191,0.0,0.0,0.12921152,0.6748914,1.4949495,0.9038296,0.9999999,0.069328874,0.25720426,0.6734668,set_5
-4.9784735e-08,1.6120765,1.2480123,1.1790242,0.36304426,0.0,0.0,0.12921152,0.6748914,1.7373737,0.88928264,0.9999999,0.03448596,0.24072298,0.724791,set_5
-5.0542052e-08,1.6445903,1.2384253,1.19433,0.32971394,0.0,0.0,0.12921152,0.6748914,1.7979797,0.887582,0.9999999,0.029708752,0.23696545,0.7333258,set_5
-3.1338782e-08,1.7227842,1.2117087,1.2350589,0.26182932,0.0,0.0,0.12921152,0.6748914,1.959596,0.8864499,0.9999999,0.020663148,0.22770557,0.75163126,set_5
0.0,0.0,0.13043755,0.6748914,15.5798,0.0,0.0,0.13043755,0.6748914,0.0,1.2520337,0.9999999,0.4499888,0.19071624,0.35929495,set_5
-7.586935e-08,0.6428032,0.84981793,0.8544599,6.709547,0.0,0.0,0.13043755,0.6748914,0.5454545,1.0732687,0.9999999,0.44136363,0.23081915,0.32781723,set_5
-8.514746e-08,0.72287256,0.9269979,0.87887305,5.772404,0.0,0.0,0.13043755,0.6748914,0.6262626,1.0517689,0.9999999,0.43661734,0.2368025,0.3265801,set_5
-9.8776304e-08,0.81944585,1.0157729,0.9087243,4.6964626,0.0,0.0,0.13043755,0.6748914,0.72727275,1.026815,0.9999999,0.42682698,0.2437232,0.32944983,set_5
-1.067246e-07,0.94657874,1.1225754,0.9493493,3.3827357,0.0,0.0,0.13043755,0.6748914,0.86868685,0.9954684,0.9999999,0.39958617,0.25226143,0.3481524,set_5
-9.786888e-08,1.0833479,1.2152725,0.9943028,2.1774368,0.0,0.0,0.13043755,0.6748914,1.030303,0.9641727,0.9999999,0.33117342,0.2616544,0.4071722,set_5
-9.494835e-08,1.134387,1.2411494,1.0108159,1.8109684,0.0,0.0,0.13043755,0.6748914,1.090909,0.9539924,0.9999999,0.29152748,0.26524842,0.44322404,set_5
-5.9394623e-08,1.2839757,1.2854704,1.0594225,1.0150294,0.0,0.0,0.13043755,0.6748914,1.2727273,0.9274209,0.9999999,0.1576987,0.26942244,0.57287884,set_5
-2.1394223e-07,1.6563139,1.23373,1.1941981,0.37781575,0.0,0.0,0.13043755,0.6748914,1.7979797,0.887582,0.9999999,0.032481983,0.24076073,0.7267573,set_5
0.0,0.0,0.13437338,0.6748914,15.5798,0.0,0.0,0.13437338,0.6748914,0.0,1.2520337,0.9999999,0.44997507,0.19075303,0.35927185,set_5
1.3284024e-09,0.084817044,0.23766422,0.69626874,14.293433,0.0,0.0,0.13437338,0.6748914,0.06060606,1.2294796,0.9999999,0.4498435,0.19453102,0.35562548,set_5
-8.3936406e-08,0.24166024,0.42316246,0.7378767,11.99281,0.0,0.0,0.13437338,0.6748914,0.18181817,1.1859499,0.9999999,0.44924027,0.20284444,0.34791526,set_5
1.6801799e-07,0.702793,0.91053396,0.8727601,6.006567,0.0,0.0,0.13437338,0.6748914,0.60606056,1.0570462,0.9999999,0.43801194,0.23535328,0.32663473,set_5
1.4950491e-07,1.1195228,1.2364072,1.0053215,1.923418,0.0,0.0,0.13437338,0.6748914,1.070707,0.9573727,0.9999999,0.30500162,0.26416034,0.43083802,set_5
1.1286119e-07,1.2209997,1.27549,1.037977,1.3064697,0.0,0.0,0.13437338,0.6748914,1.1919192,0.9383982,0.9999999,0.21390669,0.26959354,0.5164997,set_5
2.208269e-07,1.4960513,1.2724353,1.1275342,0.58247507,0.0,0.0,0.13437338,0.6748914,1.5353535,0.90049773,0.9999999,0.066626795,0.25771505,0.6756581,set_5
2.534297e-07,1.5519329,1.2614567,1.1481487,0.51245064,0.0,0.0,0.13437338,0.6748914,1.6161616,0.8950065,0.9999999,0.0532305,0.25301328,0.6937563,set_5
1.740527e-07,1.6999078,1.2232783,1.2145602,0.33728844,0.0,0.0,0.13437338,0.6748914,1.8787879,0.8864278,0.9999999,0.026751272,0.23583488,0.7374139,set_5
0.0,0.0,0.12368013,0.6748914,15.5798,0.0,0.0,0.12368013,0.6748914,0.0,1.2520337,0.9999999,0.4500123,0.19065309,0.35933456,set_5
-8.998363e-09,0.08476294,0.22729385,0.69626874,14.293454,0.0,0.0,0.12368013,0.6748914,0.06060606,1.2294796,0.9999999,0.4498818,0.19442774,0.35569048,set_5
-3.6597356e-08,0.4522701,0.64914805,0.7975976,9.096088,0.0,0.0,0.12368013,0.6748914,0.36363634,1.1263376,0.9999999,0.44701084,0.2165711,0.33641803,set_5
-1.11580086e-07,0.62219185,0.82431155,0.84824485,6.9552894,0.0,0.0,0.12368013,0.6748914,0.5252525,1.0787592,0.9999999,0.44229656,0.22920483,0.32849863,set_5
-1.587149e-07,1.0675571,1.2011945,0.98877877,2.3082178,0.0,0.0,0.12368013,0.6748914,1.010101,0.9677899,0.9999999,0.34255514,0.2604059,0.3970389,set_5
-1.4780852e-07,1.1531451,1.2449772,1.0163273,1.6931539,0.0,0.0,0.12368013,0.6748914,1.111111,0.95056766,0.9999999,0.2760793,0.26635048,0.45757017,set_5
-1.0519521e-07,1.3508672,1.2849275,1.0806533,0.80533487,0.0,0.0,0.12368013,0.6748914,1.3535353,0.9176466,0.9999999,0.114876196,0.26619607,0.6189278,set_5
-3.199287e-07,1.5375926,1.2579205,1.1430581,0.52841496,0.0,0.0,0.12368013,0.6748914,1.5959595,0.89637804,0.9999999,0.056361992,0.2542026,0.6894354,set_5
-3.0471747e-07,1.588177,1.2477229,1.1635944,0.45643106,0.0,0.0,0.12368013,0.6748914,1.6767677,0.8919485,0.9999999,0.04452795,0.24857716,0.7068949,set_5
0.0,0.0,0.10829646,0.67479736,15.5798,0.0,0.0,0.10829646,0.67479736,0.0,1.1930486,0.9999999,0.44990477,0.19089906,0.35919616,set_5
-1.6855795e-07,0.3044853,0.47110343,0.7550913,11.110924,0.0,0.0,0.10829646,0.67479736,0.24242423,1.137383,0.9999999,0.44871292,0.20678122,0.3445059,set_5
-1.6944409e-07,0.37338236,0.54910654,0.77456975,10.157832,0.0,0.0,0.10829646,0.67479736,0.30303028,1.1237453,0.9999999,0.4480271,0.21128054,0.3406923,set_5
-1.1999e-07,0.6087495,0.801281,0.84400266,7.0980906,0.0,0.0,0.10829646,0.67479736,0.5252525,1.0746689,0.9999999,0.4426699,0.22845112,0.32887897,set_5
-3.7043617e-07,1.0238415,1.1595798,0.9738109,2.7052774,0.0,0.0,0.10829646,0.67479736,0.96969694,0.981012,0.9999999,0.3693331,0.2573758,0.3732911,set_5
-4.3260292e-07,1.1447856,1.2297225,1.0126753,1.7670419,0.0,0.0,0.10829646,0.67479736,1.111111,0.9524238,0.9999999,0.28513858,0.26591852,0.44894293,set_5
-1.8325358e-07,1.4346073,1.2693177,1.1074357,0.6367159,0.0,0.0,0.10829646,0.67479736,1.4747474,0.8817567,0.9999999,0.07912761,0.26081344,0.66005886,set_5
-1.8950838e-07,1.6183691,1.2334787,1.1809684,0.36891377,0.0,0.0,0.10829646,0.67479736,1.7777778,0.82588047,0.9999999,0.033194374,0.24132863,0.72547704,set_5
-1.375951e-07,1.712158,1.2036554,1.2273636,0.28607148,0.0,0.0,0.10829646,0.67479736,1.979798,0.7901616,0.9999999,0.021230452,0.23054606,0.7482235,set_5
0.0,0.0,0.103140034,0.67479736,15.5798,0.0,0.0,0.103140034,0.67479736,0.0,1.1930486,0.9999999,0.44992277,0.19085078,0.35922647,set_5
-5.9139015e-08,0.20853457,0.35539833,0.7287523,12.472643,0.0,0.0,0.103140034,0.67479736,0.16161615,1.1557541,0.9999999,0.44935647,0.20102344,0.34962007,set_5
-1.6082203e-07,0.35050428,0.51960355,0.7681046,10.464756,0.0,0.0,0.103140034,0.67479736,0.28282827,1.1282976,0.9999999,0.44830132,0.20972174,0.341977,set_5
-2.1206213e-07,0.56779945,0.75427246,0.8316116,7.6131396,0.0,0.0,0.103140034,0.67479736,0.48484847,1.0835073,0.9999999,0.444154,0.22526811,0.33057788,set_5
1.5156334e-07,0.82467717,0.99731874,0.91038173,4.6605306,0.0,0.0,0.103140034,0.67479736,0.74747473,1.0270977,0.9999999,0.426171,0.24407499,0.32975394,set_5
1.13724994e-07,0.93367743,1.0914205,0.9453375,3.5174048,0.0,0.0,0.103140034,0.67479736,0.86868685,1.0017823,0.9999999,0.40349367,0.25145334,0.34505296,set_5
-8.949314e-09,1.1231476,1.2200413,1.0071868,1.8668303,0.0,0.0,0.103140034,0.67479736,1.090909,0.9564893,0.9999999,0.2981965,0.26465663,0.43714693,set_5
3.2869303e-07,1.4517087,1.2621095,1.1124789,0.63025856,0.0,0.0,0.103140034,0.67479736,1.4949495,0.8779383,0.9999999,0.076422915,0.2605989,0.6629782,set_5
3.067616e-07,1.5058832,1.2547475,1.1324729,0.5344052,0.0,0.0,0.103140034,0.67479736,1.5757575,0.8628249,0.9999999,0.05896296,0.25515467,0.68588233,set_5
0.0,0.0,0.10812185,0.67479736,15.5798,0.0,0.0,0.10812185,0.67479736,0.0,1.1930486,0.9999999,0.4499053,0.19089743,0.35919726,set_5
-6.072149e-08,0.20859745,0.36001763,0.7287523,12.472614,0.0,0.0,0.10812185,0.67479736,0.16161615,1.1557541,0.9999999,0.44933793,0.20107378,0.34958833,set_5
-1.2367559e-07,0.5883919,0.7803985,0.83782387,7.349478,0.0,0.0,0.10812185,0.67479736,0.5050505,1.0790758,0.9999999,0.44343448,0.22690335,0.32966214,set_5
-1.0618798e-07,0.8809707,1.0477393,0.9279636,4.086118,0.0,0.0,0.10812185,0.67479736,0.8080808,1.0143703,0.9999999,0.4169996,0.24788578,0.3351146,set_5
-2.4736593e-08,0.987384,1.1350787,0.96248347,3.015698,0.0,0.0,0.10812185,0.67479736,0.9292929,0.9892581,0.9999999,0.3851685,0.2549991,0.35983244,set_5
-4.3706302e-07,1.3615148,1.271822,1.0818336,0.8236351,0.0,0.0,0.10812185,0.67479736,1.3737373,0.90099496,0.9999999,0.11552372,0.2673087,0.6171676,set_5
-5.3647807e-07,1.5060079,1.2584037,1.1324776,0.52899194,0.0,0.0,0.10812185,0.67479736,1.5757575,0.8628249,0.9999999,0.058349248,0.2548115,0.6868393,set_5
-5.516433e-07,1.6526918,1.2233233,1.195096,0.35073224,0.0,0.0,0.10812185,0.67479736,1.8383838,0.81501347,0.9999999,0.029400147,0.23881914,0.73178065,set_5
-5.8666234e-07,1.7255647,1.1991149,1.231882,0.29322776,0.0,0.0,0.10812185,0.67479736,2.0,0.7866427,0.9999999,0.020898607,0.2306815,0.7484199,set_5
0.0,0.0,0.10328461,0.67479736,15.5798,0.0,0.0,0.10328461,0.67479736,0.0,1.1930486,0.9999999,0.44992223,0.19085214,0.35922563,set_5
-1.0112789e-08,0.15869802,0.2964849,0.7154241,13.198243,0.0,0.0,0.10328461,0.67479736,0.12121212,1.1649835,0.9999999,0.44956976,0.19831759,0.35211268,set_5
-2.6731955e-08,0.46195993,0.64132166,0.80017793,8.979434,0.0,0.0,0.10328461,0.67479736,0.38383836,1.1057492,0.9999999,0.44673485,0.21739747,0.3358677,set_5
2.5623316e-07,0.8994671,1.0647175,0.933786,3.8585112,0.0,0.0,0.10328461,0.67479736,0.8282828,1.010151,0.9999999,0.41240254,0.24915783,0.3384396,set_5
2.033867e-07,1.1413277,1.2259673,1.0126722,1.7690535,0.0,0.0,0.10328461,0.67479736,1.111111,0.9524238,0.9999999,0.28556386,0.26580724,0.44862893,set_5
9.650535e-08,1.2739923,1.2665343,1.0556959,1.0592246,0.0,0.0,0.10328461,0.67479736,1.2727273,0.9205396,0.9999999,0.165641,0.26996806,0.56439096,set_5
1.11866484e-07,1.4037256,1.2677544,1.0972719,0.7050762,0.0,0.0,0.10328461,0.67479736,1.4343435,0.8893907,0.9999999,0.09212217,0.2636795,0.64419836,set_5
2.367294e-07,1.5371829,1.2455548,1.142358,0.53539467,0.0,0.0,0.10328461,0.67479736,1.6161616,0.8553099,0.9999999,0.05592033,0.25505942,0.6890202,set_5
2.0142787e-07,1.6082476,1.230951,1.1714478,0.4383105,0.0,0.0,0.10328461,0.67479736,1.7373737,0.83314806,0.9999999,0.03990942,0.24721473,0.7128758,set_5
0.0,0.0,0.10790601,0.67479736,15.5798,0.0,0.0,0.10790601,0.67479736,0.0,1.1930486,0.9999999,0.44990608,0.19089538,0.3591985,set_5
1.6765857e-07,0.5051235,0.6909931,0.8128301,8.422303,0.0,0.0,0.10790601,0.67479736,0.4242424,1.0967878,0.9999999,0.4458374,0.22058032,0.3335823,set_5
1.4878853e-07,0.72859144,0.9182029,0.8805868,5.6816254,0.0,0.0,0.10790601,0.67479736,0.64646465,1.0485419,0.9999999,0.43593544,0.23741129,0.32665324,set_5
-3.4102538e-08,1.1271772,1.2190245,1.0071889,1.901492,0.0,0.0,0.10790601,0.67479736,1.090909,0.9564893,0.9999999,0.30152822,0.26468664,0.43378514,set_5
-9.781331e-11,1.178721,1.2408755,1.0235648,1.5748045,0.0,0.0,0.10790601,0.67479736,1.1515151,0.9443856,0.9999999,0.257405,0.26799235,0.47460267,set_5
2.7577485e-08,1.2466596,1.2608696,1.0450765,1.2224551,0.0,0.0,0.10790601,0.67479736,1.2323232,0.9284182,0.9999999,0.19650875,0.2704368,0.5330544,set_5
5.5627396e-09,1.3131891,1.2711525,1.0662228,0.958284,0.0,0.0,0.10790601,0.67479736,1.3131312,0.9126587,0.9999999,0.14384481,0.2694885,0.58666664,set_5
-3.0980917e-07,1.5589634,1.2480046,1.1521304,0.46403524,0.0,0.0,0.10790601,0.67479736,1.6565657,0.84789056,0.9999999,0.046677217,0.2499659,0.70335686,set_5
-3.8871008e-07,1.6258737,1.2317834,1.1809666,0.38348022,0.0,0.0,0.10790601,0.67479736,1.7777778,0.82588047,0.9999999,0.03402211,0.24244279,0.7235351,set_5
0.0,0.0,0.10572606,0.67479736,15.5798,0.0,0.0,0.10572606,0.67479736,0.0,1.1930486,0.9999999,0.4499137,0.19087495,0.3592113,set_5
-6.8388985e-08,0.10744032,0.23723419,0.7019894,13.956397,0.0,0.0,0.10572606,0.67479736,0.08080807,1.1743225,0.9999999,0.4497219,0.1957402,0.3545379,set_5
-2.6263947e-07,0.39502937,0.57602096,0.7810088,9.819777,0.0,0.0,0.10572606,0.67479736,0.32323232,1.1192132,0.9999999,0.44776,0.21288113,0.3393589,set_5
-2.4554012e-07,0.54665434,0.7372021,0.8253729,7.8556247,0.0,0.0,0.10572606,0.67479736,0.46464646,1.0879277,0.9999999,0.4447508,0.22379291,0.33145627,set_5
-8.7258364e-08,0.69025683,0.8747155,0.8684931,6.169512,0.0,0.0,0.10572606,0.67479736,0.60606056,1.0572008,0.9999999,0.4387893,0.2343802,0.32683045,set_5
1.0966847e-08,1.1764493,1.2383884,1.023567,1.5821557,0.0,0.0,0.10572606,0.67479736,1.1515151,0.9443856,0.9999999,0.25848517,0.2679284,0.47358644,set_5
-2.5127503e-07,1.3504667,1.2671471,1.0766729,0.8931663,0.0,0.0,0.10572606,0.67479736,1.3535353,0.90486825,0.9999999,0.12834227,0.26900184,0.6026559,set_5
-2.816265e-07,1.5123104,1.2553144,1.1325035,0.54431224,0.0,0.0,0.10572606,0.67479736,1.5757575,0.8628249,0.9999999,0.059758607,0.25577492,0.68446654,set_5
-4.092736e-07,1.6699508,1.2181758,1.1997945,0.3511564,0.0,0.0,0.10572606,0.67479736,1.8585858,0.8114377,0.9999999,0.028516663,0.23845325,0.73303014,set_5
0.0,0.0,0.10636815,0.67479736,15.5798,0.0,0.0,0.10636815,0.67479736,0.0,1.1930486,0.9999999,0.44991142,0.19088103,0.35920754,set_5
-1.3827385e-07,0.18382269,0.3292012,0.7221014,12.831501,0.0,0.0,0.10636815,0.67479736,0.14141414,1.1603595,0.9999999,0.44945857,0.19968924,0.35085213,set_5
-2.0989683e-07,0.5050725,0.6900995,0.81282836,8.419298,0.0,0.0,0.10636815,0.67479736,0.4242424,1.0967878,0.9999999,0.44584197,0.22057423,0.3335838,set_5
-4.836474e-08,0.8765774,1.0524048,0.9279637,4.037628,0.0,0.0,0.10636815,0.67479736,0.8080808,1.0143703,0.9999999,0.41628578,0.24792154,0.33579266,set_5
-2.4527868e-08,0.94489604,1.114328,0.95107263,3.289524,0.0,0.0,0.10636815,0.67479736,0.8888889,0.99760306,0.9999999,0.3964985,0.25266442,0.35083714,set_5
-1.20294175e-08,0.9955483,1.1549802,0.96815264,2.7857187,0.0,0.0,0.10636815,0.67479736,0.94949496,0.98512876,0.9999999,0.37463683,0.25615653,0.36920664,set_5
-1.5629145e-07,1.2394123,1.2601436,1.0450674,1.2177825,0.0,0.0,0.10636815,0.67479736,1.2323232,0.9284182,0.9999999,0.19616273,0.27027,0.53356725,set_5
-4.280629e-07,1.445993,1.2561672,1.1074377,0.73536015,0.0,0.0,0.10636815,0.67479736,1.4747474,0.8817567,0.9999999,0.09142537,0.26555604,0.6430186,set_5
-4.201497e-07,1.7252676,1.1995465,1.222821,0.34881553,0.0,0.0,0.10636815,0.67479736,1.959596,0.79367083,0.9999999,0.024575474,0.23621553,0.73920894,set_5
0.0,0.0,0.110851884,0.67479736,15.5798,0.0,0.0,0.110851884,0.67479736,0.0,1.1930486,0.9999999,0.44989586,0.19092299,0.35918117,set_5
-4.676517e-08,0.28100428,0.44651425,0.74854726,11.440663,0.0,0.0,0.110851884,0.67479736,0.22222221,1.141945,0.9999999,0.44888702,0.20534834,0.34576464,set_5
-4.731741e-08,0.689856,0.8800048,0.86849177,6.158915,0.0,0.0,0.110851884,0.67479736,0.60606056,1.0572008,0.9999999,0.43873522,0.23446284,0.3268019,set_5
2.4882194e-08,0.93389827,1.0986415,0.94533956,3.5039527,0.0,0.0,0.110851884,0.67479736,0.86868685,1.0017823,0.9999999,0.4031129,0.2515595,0.3453276,set_5
1.11854334e-07,1.0897195,1.2095077,0.99614984,2.0984502,0.0,0.0,0.110851884,0.67479736,1.0505049,0.96460396,0.9999999,0.32356638,0.26233906,0.41409457,set_5
1.0548386e-07,1.1406062,1.235023,1.0126642,1.7372174,0.0,0.0,0.110851884,0.67479736,1.111111,0.9524238,0.9999999,0.28189164,0.26592097,0.4521874,set_5
-3.3899312e-08,1.2740823,1.2728801,1.0556922,1.0475893,0.0,0.0,0.110851884,0.67479736,1.2727273,0.9205396,0.9999999,0.16363885,0.26983452,0.56652665,set_5
-3.6064284e-07,1.5492525,1.2502968,1.152148,0.45560476,0.0,0.0,0.110851884,0.67479736,1.6565657,0.84789056,0.9999999,0.046160646,0.24938284,0.7044565,set_5
-3.5107416e-07,1.7015773,1.2073402,1.2228346,0.29744667,0.0,0.0,0.110851884,0.67479736,1.959596,0.79367083,0.9999999,0.02237003,0.23197092,0.74565905,set_5
0.0,0.0,0.108434714,0.67479736,15.5798,0.0,0.0,0.108434714,0.67479736,0.0,1.1930486,0.9999999,0.4499043,0.19090031,0.35919538,set_5
5.9519998e-08,0.13329071,0.27092338,0.7087202,13.573094,0.0,0.0,0.108434714,0.67479736,0.1010101,1.169641,0.9999999,0.44963753,0.1970541,0.35330838,set_5
5.8258603e-08,0.2809766,0.44436786,0.74854606,11.440342,0.0,0.0,0.108434714,0.67479736,0.22222221,1.141945,0.9999999,0.44889632,0.20532435,0.34577933,set_5
-1.4467883e-08,0.5889219,0.77809596,0.83781934,7.369805,0.0,0.0,0.108434714,0.67479736,0.5050505,1.0790758,0.9999999,0.44345936,0.22684091,0.32969975,set_5
2.601984e-08,0.7290863,0.9157704,0.8805848,5.704175,0.0,0.0,0.108434714,0.67479736,0.64646465,1.0485419,0.9999999,0.436037,0.23734918,0.32661384,set_5
4.8898915e-08,0.8983214,1.067296,0.93378496,3.8670743,0.0,0.0,0.108434714,0.67479736,0.8282828,1.010151,0.9999999,0.4125534,0.2491677,0.33827895,set_5
-3.2939772e-07,1.291505,1.2727513,1.0609616,0.9911627,0.0,0.0,0.108434714,0.67479736,1.2929292,0.916601,0.9999999,0.15194827,0.2694962,0.57855546,set_5
-3.8606981e-07,1.4682614,1.2609737,1.1175243,0.6260797,0.0,0.0,0.108434714,0.67479736,1.5151515,0.87411964,0.9999999,0.073922284,0.26047736,0.66560036,set_5
-3.5647912e-07,1.6229675,1.2292345,1.1762224,0.4425766,0.0,0.0,0.108434714,0.67479736,1.7575758,0.8295109,0.9999999,0.039035164,0.24724473,0.71372014,set_5
0.0,0.0,0.115955085,0.67479736,15.5798,0.0,0.0,0.115955085,0.67479736,0.0,1.1930486,0.9999999,0.44987795,0.1909708,0.3591513,set_5
4.2407493e-08,1.0410422,1.1777985,0.97942424,2.5455198,0.0,0.0,0.115955085,0.67479736,0.989899,0.976893,0.9999999,0.3594474,0.25866747,0.38188508,set_5
-1.0221644e-08,1.2656399,1.2721131,1.0503943,1.1287471,0.0,0.0,0.115955085,0.67479736,1.2525252,0.9244737,0.9999999,0.17880125,0.27039135,0.5508074,set_5
2.0483633e-09,1.4071577,1.2795144,1.0972607,0.6753881,0.0,0.0,0.115955085,0.67479736,1.4343435,0.8893907,0.9999999,0.08784923,0.26238635,0.6497645,set_5
1.5698998e-08,1.464074,1.2725313,1.1175121,0.56939673,0.0,0.0,0.115955085,0.67479736,1.5151515,0.87411964,0.9999999,0.06743155,0.25731757,0.67525095,set_5
2.5573815e-08,1.5531987,1.2553474,1.1521214,0.44115022,0.0,0.0,0.115955085,0.67479736,1.6565657,0.84789056,0.9999999,0.04479739,0.24833943,0.7068632,set_5
3.899933e-08,1.5983021,1.2443271,1.1714295,0.38669014,0.0,0.0,0.115955085,0.67479736,1.7373737,0.83314806,0.9999999,0.03622658,0.24329983,0.7204736,set_5
-9.85297e-09,1.6776028,1.2206866,1.2090412,0.30882105,0.0,0.0,0.115955085,0.67479736,1.8989899,0.80428916,0.9999999,0.024834609,0.23416725,0.7409981,set_5
-2.9141694e-08,1.7040083,1.2116343,1.2228068,0.28695285,0.0,0.0,0.115955085,0.67479736,1.959596,0.79367083,0.9999999,0.021825397,0.23102528,0.74714935,set_5
0.0,0.0,0.11149351,0.67572254,29.212,0.0,0.0,0.11149351,0.67572254,0.0,1.2237259,0.9999999,0.4067001,0.17863818,0.4146617,set_6
6.158983e-08,0.12604888,0.26027703,0.71028,26.632355,0.0,0.0,0.11149351,0.67572254,0.1010101,1.1831591,0.9999999,0.40598843,0.18214257,0.41186896,set_6
-1.3338729e-07,0.43913954,0.6136321,0.8076943,20.535107,0.0,0.0,0.11149351,0.67572254,0.4040404,1.082784,0.9999999,0.40299195,0.19455206,0.40245602,set_6
-1.308332e-07,0.49331835,0.6716023,0.826194,19.53931,0.0,0.0,0.11149351,0.67572254,0.46464646,1.0667342,0.9999999,0.40217346,0.1973836,0.40044287,set_6
4.0973703e-08,0.6767295,0.85868716,0.89182675,16.335854,0.0,0.0,0.11149351,0.67572254,0.68686867,1.0182031,0.9999999,0.39822462,0.20879003,0.3929854,set_6
2.998317e-08,0.8882984,1.0548267,0.97194153,13.003232,0.0,0.0,0.11149351,0.67572254,0.96969694,0.98126906,0.9999999,0.38990328,0.22552773,0.384569,set_6
1.6077288e-07,1.2916765,1.3519754,1.129133,7.924417,0.0,0.0,0.11149351,0.67572254,1.5353535,0.9907137,0.9999999,0.3453334,0.2629561,0.3917105,set_6
9.4650694e-08,1.3654385,1.3935926,1.1577632,7.182556,0.0,0.0,0.11149351,0.67572254,1.6363636,1.0041791,0.9999999,0.32832575,0.26963305,0.4020412,set_6
2.519455e-07,1.5183539,1.4630704,1.2164588,5.852071,0.0,0.0,0.11149351,0.67572254,1.8383838,1.0417706,0.9999999,0.27696398,0.2826669,0.44036916,set_6
0.0,0.0,0.10775484,0.67572254,29.212,0.0,0.0,0.10775484,0.67572254,0.0,1.2237259,0.9999999,0.40670806,0.17861608,0.41467586,set_6
-1.034483e-09,0.23965088,0.38809496,0.7437209,24.362265,0.0,0.0,0.10775484,0.67572254,0.2020202,1.1461467,0.9999999,0.40516502,0.1859307,0.4089043,set_6
-1.2703423e-07,0.7391288,0.9162493,0.91508865,15.308473,0.0,0.0,0.10775484,0.67572254,0.7676768,1.0047966,0.9999999,0.39631394,0.21331625,0.3903698,set_6
-1.5849686e-07,0.7997791,0.9728664,0.93801135,14.346288,0.0,0.0,0.10775484,0.67572254,0.8484848,0.9935281,0.9999999,0.3940635,0.21805651,0.38787997,set_6
-1.8524473e-07,0.96085936,1.1136767,1.0001041,11.962618,0.0,0.0,0.10775484,0.67572254,1.070707,0.97483444,0.9999999,0.3855447,0.23196957,0.38248575,set_6
-1.9203787e-07,1.0181949,1.1600956,1.022461,11.177723,0.0,0.0,0.10775484,0.67572254,1.1515151,0.97210526,0.9999999,0.38129857,0.23726913,0.3814323,set_6
-1.9466646e-07,1.1180942,1.2357496,1.0615145,9.894096,0.0,0.0,0.10775484,0.67572254,1.2929292,0.97312444,0.9999999,0.37173462,0.24669906,0.3815663,set_6
-1.9039167e-07,1.204076,1.2952003,1.0951033,8.875784,0.0,0.0,0.10775484,0.67572254,1.4141414,0.97921836,0.9999999,0.36055857,0.25483066,0.38461074,set_6
-1.2953807e-07,1.6306107,1.4949491,1.2588564,5.068695,0.0,0.0,0.10775484,0.67572254,1.979798,1.076794,0.9999999,0.22428983,0.29076517,0.48494506,set_6
0.0,0.0,0.110505864,0.67572254,29.212,0.0,0.0,0.110505864,0.67572254,0.0,1.2237259,0.9999999,0.40670228,0.17863235,0.4146653,set_6
2.3969392e-08,0.23967756,0.39059675,0.7437209,24.362259,0.0,0.0,0.110505864,0.67572254,0.2020202,1.1461467,0.9999999,0.4051589,0.18594842,0.4088927,set_6
3.4268332e-08,0.40173796,0.5719544,0.79517376,21.236399,0.0,0.0,0.110505864,0.67572254,0.36363634,1.0944856,0.9999999,0.40349254,0.19271837,0.4037891,set_6
2.1912173e-08,0.5456543,0.72565407,0.8444358,18.598558,0.0,0.0,0.110505864,0.67572254,0.5252525,1.0515054,0.9999999,0.40125698,0.20033549,0.39840758,set_6
-1.2173004e-07,1.2624758,1.3340584,1.1178149,8.230843,0.0,0.0,0.110505864,0.67572254,1.4949495,0.9865167,0.9999999,0.35090533,0.26027572,0.38881895,set_6
-7.377787e-08,1.3804305,1.4012282,1.1636093,7.0360785,0.0,0.0,0.110505864,0.67572254,1.6565657,1.0074633,0.9999999,0.32424155,0.2709738,0.40478468,set_6
-6.004615e-08,1.4409335,1.430726,1.1869141,6.486187,0.0,0.0,0.110505864,0.67572254,1.7373737,1.021198,0.9999999,0.30587474,0.27624336,0.41788194,set_6
-1.5354075e-07,1.5342125,1.4684902,1.2225015,5.729113,0.0,0.0,0.110505864,0.67572254,1.8585858,1.0464782,0.9999999,0.2701494,0.28392646,0.4459241,set_6
-2.9953708e-07,1.6477516,1.5001775,1.2652262,4.964923,0.0,0.0,0.110505864,0.67572254,2.0,1.0821611,0.9999999,0.2154889,0.29178274,0.49272832,set_6
0.0,0.0,0.109380245,0.67572254,29.212,0.0,0.0,0.109380245,0.67572254,0.0,1.2237259,0.9999999,0.40670463,0.17862569,0.4146697,set_6
-1.1261087e-07,0.19551648,0.3389187,0.73046696,25.237375,0.0,0.0,0.109380245,0.67572254,0.16161615,1.1606475,0.9999999,0.4055107,0.18437792,0.41011143,set_6
-1.3144607e-07,0.5110073,0.6883819,0.83230644,19.220709,0.0,0.0,0.109380245,0.67572254,0.48484847,1.0616484,0.9999999,0.40188423,0.19833903,0.39977676,set_6
-1.6789885e-07,0.661052,0.8416952,0.88603973,16.598915,0.0,0.0,0.109380245,0.67572254,0.6666667,1.0218896,0.9999999,0.39865893,0.2076817,0.39365932,set_6
-1.4971944e-07,0.85929203,1.027767,0.96074677,13.436035,0.0,0.0,0.109380245,0.67572254,0.9292929,0.98454535,0.9999999,0.39140204,0.22300231,0.38559565,set_6
-3.7069537e-07,1.3507391,1.3849488,1.1521215,7.3207855,0.0,0.0,0.109380245,0.67572254,1.6161616,1.0011533,0.9999999,0.33198225,0.26832676,0.39969096,set_6
-3.7125565e-07,1.4106605,1.4159238,1.175263,6.7547703,0.0,0.0,0.109380245,0.67572254,1.6969697,1.0141178,0.9999999,0.31549647,0.27362296,0.4108806,set_6
-1.8077283e-07,1.550011,1.473385,1.2285072,5.6109543,0.0,0.0,0.109380245,0.67572254,1.8787879,1.0512546,0.9999999,0.26313597,0.28515077,0.45171323,set_6
-8.0777156e-08,1.6475524,1.4996351,1.2652041,4.9646626,0.0,0.0,0.109380245,0.67572254,2.0,1.0821611,0.9999999,0.21548909,0.29177475,0.49273616,set_6
0.0,0.0,0.118726455,0.67572254,29.212,0.0,0.0,0.118726455,0.67572254,0.0,1.2237259,0.9999999,0.40668496,0.17868097,0.4146341,set_6
3.2511076e-07,0.4391294,0.61918265,0.8076173,20.542019,0.0,0.0,0.118726455,0.67572254,0.4040404,1.082784,0.9999999,0.4029776,0.19458999,0.4024325,set_6
2.4541134e-07,0.5797012,0.76695734,0.8564288,18.002205,0.0,0.0,0.118726455,0.67572254,0.56565654,1.0425354,0.9999999,0.40056545,0.20242807,0.39700648,set_6
2.0393465e-07,0.75497365,0.9391175,0.9208881,15.058606,0.0,0.0,0.118726455,0.67572254,0.78787875,1.0018091,0.9999999,0.39575136,0.2145818,0.38966683,set_6
2.7788622e-07,0.85957646,1.0342745,0.96072304,13.437702,0.0,0.0,0.118726455,0.67572254,0.9292929,0.98454535,0.9999999,0.39138076,0.22307034,0.38554886,set_6
3.713402e-07,1.0756917,1.2113174,1.044685,10.432182,0.0,0.0,0.118726455,0.67572254,1.2323232,0.97163844,0.9999999,0.37618878,0.24272554,0.38108566,set_6
3.0622888e-07,1.2914919,1.3575026,1.128991,7.9171867,0.0,0.0,0.118726455,0.67572254,1.5353535,0.9907137,0.9999999,0.3451916,0.26304826,0.39176008,set_6
-7.153997e-08,1.4719143,1.4482199,1.1985832,6.2311053,0.0,0.0,0.118726455,0.67572254,1.7777778,1.0292679,0.9999999,0.29531902,0.27886057,0.42582038,set_6
-1.1129018e-07,1.518745,1.4666038,1.2164305,5.8564477,0.0,0.0,0.118726455,0.67572254,1.8383838,1.0417706,0.9999999,0.2770991,0.28269315,0.44020778,set_6
0.0,0.0,0.11576983,0.67572254,29.212,0.0,0.0,0.11576983,0.67572254,0.0,1.2237259,0.9999999,0.4066911,0.17866348,0.41464543,set_6
-6.66555e-10,0.12607051,0.26434737,0.71028,26.632349,0.0,0.0,0.11576983,0.67572254,0.1010101,1.1831591,0.9999999,0.40597922,0.18216905,0.4118517,set_6
5.700805e-08,0.2823807,0.4438882,0.7568261,23.524265,0.0,0.0,0.11576983,0.67572254,0.24242423,1.1323115,0.9999999,0.4047731,0.18760127,0.40762565,set_6
-1.5752254e-07,0.67686266,0.8619462,0.89182913,16.335697,0.0,0.0,0.11576983,0.67572254,0.68686867,1.0182031,0.9999999,0.39821386,0.20882286,0.39296326,set_6
-3.5892288e-07,1.0183443,1.1650932,1.0223745,11.1817665,0.0,0.0,0.11576983,0.67572254,1.1515151,0.97210526,0.9999999,0.38129407,0.23731366,0.3813922,set_6
-2.3714897e-07,1.075567,1.2090447,1.0447226,10.434519,0.0,0.0,0.11576983,0.67572254,1.2323232,0.97163844,0.9999999,0.37621197,0.2426898,0.38109827,set_6
1.0956283e-07,1.2625768,1.3371242,1.1177523,8.2327175,0.0,0.0,0.11576983,0.67572254,1.4949495,0.9865167,0.9999999,0.35091135,0.26030505,0.38878363,set_6
9.283668e-08,1.4105574,1.4192929,1.1751192,6.7591257,0.0,0.0,0.11576983,0.67572254,1.6969697,1.0141178,0.9999999,0.31558612,0.2736408,0.41077304,set_6
6.245136e-08,1.5823982,1.4867519,1.240607,5.385107,0.0,0.0,0.11576983,0.67572254,1.919192,1.0607102,0.9999999,0.24826875,0.28757226,0.46415898,set_6
0.0,0.0,0.12128849,0.67572254,29.212,0.0,0.0,0.12128849,0.67572254,0.0,1.2237259,0.9999999,0.40667945,0.17869617,0.41462436,set_6
-6.91212e-07,0.6126498,0.8022419,0.86826634,17.430456,0.0,0.0,0.12128849,0.67572254,0.60606056,1.0336382,0.9999999,0.3998355,0.20452614,0.39563835,set_6
-5.884515e-07,0.72414184,0.91167724,0.9092846,15.558163,0.0,0.0,0.12128849,0.67572254,0.74747473,1.0077755,0.9999999,0.39678755,0.21226685,0.39094567,set_6
-5.2051183e-07,0.7852433,0.96905375,0.9322992,14.579535,0.0,0.0,0.12128849,0.67572254,0.8282828,0.9959549,0.9999999,0.3946226,0.21696733,0.3884101,set_6
-5.0087874e-07,0.8449234,1.0231436,0.95506483,13.658455,0.0,0.0,0.12128849,0.67572254,0.9090909,0.9865754,0.9999999,0.39207628,0.22184849,0.3860753,set_6
-5.458399e-07,0.90352726,1.0742714,0.97763246,12.788702,0.0,0.0,0.12128849,0.67572254,0.989899,0.9796783,0.9999999,0.38907245,0.22688965,0.3840379,set_6
-8.953404e-07,1.1330559,1.2542723,1.0670438,9.722862,0.0,0.0,0.12128849,0.67572254,1.3131312,0.97358173,0.9999999,0.3700732,0.24814746,0.3817793,set_6
-8.870071e-07,1.2627528,1.3407419,1.1176646,8.2319565,0.0,0.0,0.12128849,0.67572254,1.4949495,0.9865167,0.9999999,0.35087854,0.2603524,0.38876903,set_6
-7.5902426e-07,1.5824523,1.4896028,1.2404898,5.3878746,0.0,0.0,0.12128849,0.67572254,1.919192,1.0607102,0.9999999,0.24837677,0.28759322,0.4640301,set_6
0.0,0.0,0.12071872,0.67572254,29.212,0.0,0.0,0.12071872,0.67572254,0.0,1.2237259,0.9999999,0.4066808,0.17869276,0.41462648,set_6
2.2548676e-08,0.14972731,0.29649967,0.71705145,26.15574,0.0,0.0,0.12071872,0.67572254,0.12121212,1.175325,0.9999999,0.40581247,0.18293796,0.41124958,set_6
3.7583924e-08,0.32339013,0.49408782,0.76969904,22.73144,0.0,0.0,0.12071872,0.67572254,0.28282827,1.1193033,0.9999999,0.40436265,0.18929286,0.40634444,set_6
-2.0482231e-07,0.83037674,1.0097957,0.9495085,13.878833,0.0,0.0,0.12071872,0.67572254,0.8888889,0.9889675,0.9999999,0.39274448,0.22062495,0.3866306,set_6
-2.1100311e-07,0.93277764,1.0988978,0.98898673,12.36476,0.0,0.0,0.12071872,0.67572254,1.030303,0.97668946,0.9999999,0.3873493,0.2294904,0.38316032,set_6
-1.5025266e-07,1.1624008,1.274485,1.0785421,9.370022,0.0,0.0,0.12071872,0.67572254,1.3535353,0.97558916,0.9999999,0.36645827,0.2509068,0.38263497,set_6
-1.4266752e-07,1.2489222,1.331479,1.1123115,8.384256,0.0,0.0,0.12071872,0.67572254,1.4747474,0.98462325,0.9999999,0.35339978,0.2590336,0.38756663,set_6
-1.5462174e-07,1.3219252,1.3752066,1.140713,7.614579,0.0,0.0,0.12071872,0.67572254,1.5757575,0.9959522,0.9999999,0.33889815,0.26574978,0.39535213,set_6
-1.2083076e-07,1.5996366,1.4941863,1.2469723,5.271163,0.0,0.0,0.12071872,0.67572254,1.939394,1.0658963,0.9999999,0.24006194,0.2887773,0.47116083,set_6
0.0,0.0,0.12560977,0.67572254,29.212,0.0,0.0,0.12560977,0.67572254,0.0,1.2237259,0.9999999,0.4066704,0.17872176,0.41460785,set_6
-1.1967389e-07,0.2179407,0.3794334,0.73711425,24.79454,0.0,0.0,0.12560977,0.67572254,0.18181817,1.1534595,0.9999999,0.40530342,0.18525644,0.40944013,set_6
-7.288287e-08,0.7089329,0.90017986,0.9035759,15.809679,0.0,0.0,0.12560977,0.67572254,0.72727275,1.010918,0.9999999,0.39726168,0.211166,0.39157236,set_6
-3.093698e-08,0.755223,0.94405824,0.9209038,15.059163,0.0,0.0,0.12560977,0.67572254,0.78787875,1.0018091,0.9999999,0.3957348,0.21463302,0.3896322,set_6
-2.9219764e-08,0.80060595,0.98612136,0.93808854,14.3416815,0.0,0.0,0.12560977,0.67572254,0.8484848,0.9935281,0.9999999,0.39400896,0.2182138,0.3877772,set_6
-4.2968892e-08,0.9469019,1.1164663,0.99461234,12.14218,0.0,0.0,0.12560977,0.67572254,1.0505049,0.97569305,0.9999999,0.3863692,0.23090224,0.3827285,set_6
-2.9894597e-08,1.2338977,1.3256576,1.1064386,8.544624,0.0,0.0,0.12560977,0.67572254,1.4545455,0.98266083,0.9999999,0.35586223,0.25771192,0.38642576,set_6
-2.7497387e-08,1.2924485,1.3596342,1.1290513,7.9324026,0.0,0.0,0.12560977,0.67572254,1.5353535,0.9907137,0.9999999,0.34539783,0.26302227,0.3915799,set_6
-4.2601357e-08,1.4117212,1.4217391,1.1750156,6.786338,0.0,0.0,0.12560977,0.67572254,1.6969697,1.0141178,0.9999999,0.31627014,0.27356187,0.41016802,set_6
0.0,0.0,0.11672281,0.67572254,29.212,0.0,0.0,0.11672281,0.67572254,0.0,1.2237259,0.9999999,0.40668908,0.17866911,0.41464183,set_6
-2.164321e-08,0.2178621,0.37127995,0.73711425,24.794561,0.0,0.0,0.11672281,0.67572254,0.18181817,1.1534595,0.9999999,0.40532294,0.1851996,0.40947744,set_6
-1.6158864e-07,0.43927422,0.6178193,0.80767614,20.537136,0.0,0.0,0.11672281,0.67572254,0.4040404,1.082784,0.9999999,0.40298045,0.19458513,0.4024344,set_6
-1.5922501e-07,0.5458036,0.7305389,0.8444401,18.59951,0.0,0.0,0.11672281,0.67572254,0.5252525,1.0515054,0.9999999,0.4012427,0.20037843,0.3983789,set_6
-8.0821295e-08,0.62913924,0.8154473,0.8743076,17.14418,0.0,0.0,0.11672281,0.67572254,0.6262626,1.0294349,0.9999999,0.39945635,0.20557356,0.39497018,set_6
5.680442e-08,0.7853163,0.96580917,0.93239,14.577259,0.0,0.0,0.11672281,0.67572254,0.8282828,0.9959549,0.9999999,0.3946301,0.21694055,0.38842934,set_6
7.402054e-08,0.8597516,1.0331326,0.96082956,13.433043,0.0,0.0,0.11672281,0.67572254,0.9292929,0.98454535,0.9999999,0.39137527,0.22307315,0.3855516,set_6
-1.5788761e-07,1.2772543,1.3466146,1.1234155,8.076971,0.0,0.0,0.11672281,0.67572254,1.5151515,0.9884089,0.9999999,0.34817278,0.26166102,0.39016622,set_6
-1.3004781e-07,1.5825365,1.4872901,1.2406026,5.385108,0.0,0.0,0.11672281,0.67572254,1.919192,1.0607102,0.9999999,0.24825616,0.2875803,0.46416357,set_6
0.0,0.0,0.114363365,0.6744889,15.5798,0.0,0.0,0.114363365,0.6744889,0.0,1.237127,0.9999999,0.4097205,0.18484662,0.40543288,set_6
-2.6981967e-08,0.2595269,0.40383193,0.74393266,11.876592,0.0,0.0,0.114363365,0.6744889,0.2020202,1.1815249,0.9999999,0.40294358,0.19859824,0.39845818,set_6
2.6726097e-08,0.5938444,0.73195386,0.8422838,7.6941023,0.0,0.0,0.114363365,0.6744889,0.5050505,1.1025587,0.9999999,0.37581396,0.22226368,0.40192243,set_6
-2.6575194e-07,0.813839,0.89830697,0.9101827,5.4941506,0.0,0.0,0.114363365,0.6744889,0.72727275,1.0480244,0.9999999,0.32633337,0.2389106,0.43475607,set_6
-3.1154474e-07,1.1294885,1.0381305,1.0086173,3.3331404,0.0,0.0,0.114363365,0.6744889,1.070707,0.9694461,0.9999999,0.16713938,0.25760028,0.5752604,set_6
-3.4568933e-07,1.2667191,1.0530571,1.0523454,2.8136706,0.0,0.0,0.114363365,0.6744889,1.2323232,0.9347623,0.9999999,0.099939756,0.2561712,0.64388907,set_6
-3.7705908e-07,1.402835,1.0461122,1.0996829,2.4685967,0.0,0.0,0.114363365,0.6744889,1.4141414,0.89760315,0.9999999,0.056614853,0.24801037,0.6953748,set_6
-4.012673e-07,1.47972,1.0353919,1.1302043,2.3109508,0.0,0.0,0.114363365,0.6744889,1.5353535,0.87390244,0.9999999,0.0397657,0.24093622,0.71929806,set_6
-3.1407504e-07,1.5676482,1.0173444,1.1696528,2.1565952,0.0,0.0,0.114363365,0.6744889,1.6969697,0.843646,0.9999999,0.02583734,0.2311859,0.7429768,set_6
0.0,0.0,0.1146311,0.6744889,15.5798,0.0,0.0,0.1146311,0.6744889,0.0,1.237127,0.9999999,0.4097196,0.1848491,0.40543127,set_6
4.0746153e-09,0.13462926,0.2679762,0.70961016,13.616064,0.0,0.0,0.1146311,0.6744889,0.1010101,1.2090302,0.9999999,0.4069942,0.1914113,0.40159452,set_6
-1.4175453e-07,0.4659226,0.61350274,0.8037521,9.205665,0.0,0.0,0.1146311,0.6744889,0.38383836,1.1335428,0.9999999,0.3903943,0.2126298,0.3969759,set_6
-9.606982e-08,0.53075796,0.6737321,0.8231511,8.433739,0.0,0.0,0.1146311,0.6744889,0.44444442,1.1179293,0.9999999,0.3839979,0.21742016,0.39858195,set_6
6.5415705e-08,0.7751682,0.8729329,0.89811337,5.8430867,0.0,0.0,0.1146311,0.6744889,0.68686867,1.0577749,0.9999999,0.33824113,0.2360144,0.42574447,set_6
-2.5739418e-08,1.165695,1.0451912,1.0197247,3.1738415,0.0,0.0,0.1146311,0.6744889,1.111111,0.96059793,0.9999999,0.14726894,0.25799164,0.59473944,set_6
-6.370216e-08,1.4314064,1.0430614,1.1099972,2.4114661,0.0,0.0,0.1146311,0.6744889,1.4545455,0.8896381,0.9999999,0.05016315,0.24573317,0.70410365,set_6
-5.282844e-08,1.5164117,1.02904,1.1452134,2.2480283,0.0,0.0,0.1146311,0.6744889,1.5959595,0.8623983,0.9999999,0.03367033,0.23731646,0.7290132,set_6
-3.881516e-08,1.5794387,1.0149937,1.1745445,2.1414528,0.0,0.0,0.1146311,0.6744889,1.7171717,0.8399319,0.9999999,0.024558304,0.23001179,0.74542993,set_6
0.0,0.0,0.10758646,0.6744889,15.5798,0.0,0.0,0.10758646,0.6744889,0.0,1.237127,0.9999999,0.40974244,0.18478315,0.40547445,set_6
2.8700356e-08,0.08204387,0.20203477,0.6956585,14.372499,0.0,0.0,0.10758646,0.6744889,0.06060606,1.2202688,0.9999999,0.40824288,0.18863699,0.40312013,set_6
1.0817169e-07,0.30669957,0.45044917,0.7574412,11.21595,0.0,0.0,0.10758646,0.6744889,0.24242423,1.1706843,0.9999999,0.40081155,0.20160817,0.39758033,set_6
1.1022918e-07,0.42111853,0.5670944,0.7906738,9.732965,0.0,0.0,0.10758646,0.6744889,0.34343433,1.1440113,0.9999999,0.3938879,0.20943357,0.3966785,set_6
-1.6809244e-07,0.7558503,0.8511319,0.8920146,6.0491524,0.0,0.0,0.10758646,0.6744889,0.6666667,1.0626575,0.9999999,0.34424204,0.23437789,0.42138007,set_6
-5.3977196e-08,0.96534204,0.9789338,0.9574789,4.2822294,0.0,0.0,0.10758646,0.6744889,0.8888889,1.0102192,0.9999999,0.26097485,0.24980009,0.48922512,set_6
-7.3616214e-08,1.0759687,1.0201848,0.99181294,3.602874,0.0,0.0,0.10758646,0.6744889,1.010101,0.9827792,0.9999999,0.19849816,0.2559283,0.5455736,set_6
-3.2069693e-07,1.5669644,1.0133893,1.1696811,2.1564646,0.0,0.0,0.10758646,0.6744889,1.6969697,0.843646,0.9999999,0.025892956,0.23121464,0.7428924,set_6
-3.5473093e-07,1.6236469,0.9985447,1.1983759,2.069189,0.0,0.0,0.10758646,0.6744889,1.8181818,0.8218912,0.9999999,0.019256648,0.22411558,0.75662774,set_6
0.0,0.0,0.109038666,0.6744889,15.5798,0.0,0.0,0.109038666,0.6744889,0.0,1.237127,0.9999999,0.40973768,0.18479675,0.4054655,set_6
-1.712603e-07,0.44389832,0.586917,0.7972235,9.481411,0.0,0.0,0.109038666,0.6744889,0.36363634,1.1387749,0.9999999,0.3922868,0.21095537,0.39675778,set_6
-8.811361e-08,0.73668635,0.841357,0.8858851,6.2125955,0.0,0.0,0.109038666,0.6744889,0.64646465,1.06754,0.9999999,0.34869125,0.23301978,0.41828898,set_6
-1.8713588e-07,0.8333978,0.90919816,0.916196,5.3057265,0.0,0.0,0.109038666,0.6744889,0.74747473,1.0432323,0.9999999,0.3190573,0.24038696,0.44055572,set_6
-3.9903702e-07,1.0196452,1.0053438,0.97476643,3.8997545,0.0,0.0,0.109038666,0.6744889,0.94949496,0.9963914,0.9999999,0.22899275,0.25328326,0.5177239,set_6
-4.0905132e-07,1.3052566,1.0514003,1.0683697,2.657477,0.0,0.0,0.109038666,0.6744889,1.2929292,0.9222027,0.9999999,0.080901034,0.25337702,0.66572195,set_6
-3.8607885e-07,1.4300148,1.0349693,1.1099784,2.4480095,0.0,0.0,0.109038666,0.6744889,1.4545455,0.8896381,0.9999999,0.052693892,0.24715571,0.7001504,set_6
-4.5066287e-07,1.5766734,1.0070106,1.1696831,2.2170684,0.0,0.0,0.109038666,0.6744889,1.6969697,0.843646,0.9999999,0.028226249,0.23430087,0.7374729,set_6
-2.3021893e-07,1.6601385,0.9858252,1.2124445,2.0829492,0.0,0.0,0.109038666,0.6744889,1.8787879,0.81140614,0.9999999,0.018054921,0.2235119,0.7584331,set_6
0.0,0.0,0.12526882,0.6744889,15.5798,0.0,0.0,0.12526882,0.6744889,0.0,1.237127,0.9999999,0.40968528,0.1849488,0.40536588,set_6
-1.0692962e-07,0.53122234,0.68197644,0.8231526,8.437515,0.0,0.0,0.12526882,0.6744889,0.44444442,1.1179293,0.9999999,0.3839769,0.21751973,0.3985033,set_6
-1.1048317e-07,0.594975,0.7376169,0.8422816,7.718664,0.0,0.0,0.12526882,0.6744889,0.5050505,1.1025587,0.9999999,0.37601265,0.22228885,0.40169844,set_6
-1.227688e-07,0.77980065,0.87852436,0.898107,5.863773,0.0,0.0,0.12526882,0.6744889,0.68686867,1.0577749,0.9999999,0.33863455,0.23609607,0.42526937,set_6
-2.9493776e-07,1.0397716,1.025998,0.980464,3.7673697,0.0,0.0,0.12526882,0.6744889,0.96969694,0.99186194,0.9999999,0.21620955,0.25446695,0.52932346,set_6
-3.0778818e-07,1.3923725,1.0577768,1.0997136,2.4250326,0.0,0.0,0.12526882,0.6744889,1.4141414,0.89760315,0.9999999,0.05373114,0.24640587,0.699863,set_6
-3.577091e-07,1.4336493,1.0508294,1.1150715,2.3563752,0.0,0.0,0.12526882,0.6744889,1.4747474,0.88569576,0.9999999,0.045658756,0.24339995,0.71094126,set_6
-4.668513e-07,1.4985832,1.0369784,1.1402136,2.2704916,0.0,0.0,0.12526882,0.6744889,1.5757575,0.8662364,0.9999999,0.03570292,0.23863691,0.7256602,set_6
-5.446132e-07,1.5667529,1.0206121,1.1696634,2.1798863,0.0,0.0,0.12526882,0.6744889,1.6969697,0.843646,0.9999999,0.02670849,0.23237255,0.74091893,set_6
0.0,0.0,0.114575274,0.6744889,15.5798,0.0,0.0,0.114575274,0.6744889,0.0,1.237127,0.9999999,0.40971988,0.18484859,0.40543154,set_6
1.7468992e-07,0.16031188,0.29643363,0.7165376,13.251434,0.0,0.0,0.114575274,0.6744889,0.12121212,1.2034572,0.9999999,0.40630475,0.19280238,0.4008929,set_6
1.09678595e-07,0.46603793,0.6129129,0.80375487,9.209957,0.0,0.0,0.114575274,0.6744889,0.38383836,1.1335428,0.9999999,0.39041826,0.21261427,0.3969674,set_6
3.010358e-07,0.81161773,0.90095717,0.9101841,5.4733624,0.0,0.0,0.114575274,0.6744889,0.72727275,1.0480244,0.9999999,0.32570753,0.23896907,0.4353234,set_6
2.806883e-07,0.90535945,0.9589528,0.9399312,4.669837,0.0,0.0,0.114575274,0.6744889,0.8282828,1.024189,0.9999999,0.28736994,0.24601053,0.4666195,set_6
1.7791433e-07,1.3688235,1.0470238,1.0841569,2.593423,0.0,0.0,0.114575274,0.6744889,1.3535353,0.909806,0.9999999,0.07004821,0.2520582,0.6778936,set_6
1.3747044e-07,1.437795,1.0406015,1.1099923,2.4331217,0.0,0.0,0.114575274,0.6744889,1.4545455,0.8896381,0.9999999,0.051424317,0.24656692,0.7020087,set_6
1.4981086e-07,1.6242532,1.0032158,1.1936535,2.100313,0.0,0.0,0.114575274,0.6744889,1.7979797,0.8254849,0.9999999,0.02062493,0.22616096,0.7532141,set_6
1.6191736e-07,1.6586715,0.9932846,1.2124525,2.047851,0.0,0.0,0.114575274,0.6744889,1.8787879,0.81140614,0.9999999,0.017031664,0.22145173,0.76151663,set_6
0.0,0.0,0.12398944,0.6744889,15.5798,0.0,0.0,0.12398944,0.6744889,0.0,1.237127,0.9999999,0.40968943,0.18493678,0.4053738,set_6
-3.536201e-07,0.5097657,0.6613292,0.8167185,8.689386,0.0,0.0,0.12398944,0.6744889,0.4242424,1.1230792,0.9999999,0.38627517,0.21590829,0.3978166,set_6
-3.3713286e-07,0.595109,0.7368197,0.8422805,7.716916,0.0,0.0,0.12398944,0.6744889,0.5050505,1.1025587,0.9999999,0.37599897,0.22228481,0.40171623,set_6
-4.0347442e-07,0.9479439,0.9846742,0.9516615,4.3922005,0.0,0.0,0.12398944,0.6744889,0.86868685,1.0148691,0.9999999,0.2690226,0.2487946,0.4821828,set_6
-4.614461e-07,1.0201256,1.0176569,0.97476596,3.88453,0.0,0.0,0.12398944,0.6744889,0.94949496,0.9963914,0.9999999,0.22756597,0.25345612,0.5189779,set_6
-5.383419e-07,1.1778904,1.0581529,1.0252235,3.066774,0.0,0.0,0.12398944,0.6744889,1.1313131,0.95623183,0.9999999,0.13458364,0.2576469,0.6077695,set_6
-3.259231e-07,1.4674561,1.0391438,1.1302406,2.3214116,0.0,0.0,0.12398944,0.6744889,1.5353535,0.87390244,0.9999999,0.04051839,0.24143112,0.7180505,set_6
-1.05679476e-07,1.5398525,1.0196104,1.1599557,2.2510166,0.0,0.0,0.12398944,0.6744889,1.6565657,0.85107636,0.9999999,0.031417713,0.23667397,0.7319083,set_6
-9.019902e-08,1.678328,0.9827628,1.2309312,2.041411,0.0,0.0,0.12398944,0.6744889,1.959596,0.79766905,0.9999999,0.015218198,0.21931872,0.76546305,set_6
0.0,0.0,0.1175182,0.6744889,15.5798,0.0,0.0,0.1175182,0.6744889,0.0,1.237127,0.9999999,0.40971035,0.18487616,0.4054134,set_6
-2.0264493e-07,0.2352625,0.38075292,0.7371308,12.2082615,0.0,0.0,0.1175182,0.6744889,0.18181817,1.187011,0.9999999,0.40387192,0.19714795,0.3989801,set_6
-3.3390722e-07,0.46596545,0.6174079,0.8037553,9.193794,0.0,0.0,0.1175182,0.6744889,0.38383836,1.1335428,0.9999999,0.39031422,0.21270461,0.39698115,set_6
-2.8986457e-07,0.59382355,0.733937,0.84227926,7.698468,0.0,0.0,0.1175182,0.6744889,0.5050505,1.1025587,0.9999999,0.37584558,0.2222777,0.40187672,set_6
-9.82921e-08,0.7160094,0.83187115,0.87975097,6.417078,0.0,0.0,0.1175182,0.6744889,0.6262626,1.0724512,0.9999999,0.35358652,0.2315469,0.41486657,set_6
3.9288466e-08,1.0030931,1.0022172,0.969026,4.0311966,0.0,0.0,0.1175182,0.6744889,0.9292929,1.0009452,0.9999999,0.2404593,0.2522677,0.5072729,set_6
3.02347e-08,1.0942603,1.0323268,0.9974436,3.5045936,0.0,0.0,0.1175182,0.6744889,1.030303,0.97829276,0.9999999,0.18741077,0.25667685,0.5559124,set_6
4.6939622e-08,1.1477247,1.0440091,1.0141836,3.2503839,0.0,0.0,0.1175182,0.6744889,1.090909,0.96502846,0.9999999,0.1568918,0.25788546,0.5852228,set_6
1.3394754e-07,1.6728187,0.98913693,1.2263476,1.995028,0.0,0.0,0.1175182,0.6744889,1.939394,0.8010362,0.9999999,0.014469128,0.21702619,0.7685047,set_6
0.0,0.0,0.10587375,0.6744889,15.5798,0.0,0.0,0.10587375,0.6744889,0.0,1.237127,0.9999999,0.40974793,0.18476707,0.40548497,set_6
-5.611194e-08,0.13455683,0.2596457,0.70961016,13.616087,0.0,0.0,0.10587375,0.6744889,0.1010101,1.2090302,0.9999999,0.407024,0.19132538,0.40165064,set_6
-3.855681e-08,0.21044749,0.34366664,0.73029757,12.545912,0.0,0.0,0.10587375,0.6744889,0.16161615,1.1924764,0.9999999,0.4047807,0.19557443,0.39964482,set_6
4.576145e-08,0.33033672,0.47171825,0.76414776,10.918639,0.0,0.0,0.10587375,0.6744889,0.26262626,1.1653299,0.9999999,0.39966983,0.20309015,0.39724007,set_6
-6.94651e-08,0.55161786,0.6860552,0.8295557,8.18546,0.0,0.0,0.10587375,0.6744889,0.46464646,1.112811,0.9999999,0.38155207,0.21892998,0.39951795,set_6
-1.9147755e-07,0.6143582,0.74042743,0.8485979,7.4850273,0.0,0.0,0.10587375,0.6744889,0.5252525,1.0974694,0.9999999,0.37299377,0.22367051,0.40333578,set_6
-3.2824497e-07,0.9645753,0.9793203,0.9574778,4.269382,0.0,0.0,0.10587375,0.6744889,0.8888889,1.0102192,0.9999999,0.2602015,0.24982187,0.48997656,set_6
-5.12686e-07,1.3157508,1.0471923,1.0683696,2.6790197,0.0,0.0,0.10587375,0.6744889,1.2929292,0.9222027,0.9999999,0.082451545,0.253958,0.6635905,set_6
-4.1925998e-07,1.5469152,1.0175036,1.1599563,2.187612,0.0,0.0,0.10587375,0.6744889,1.6565657,0.85107636,0.9999999,0.028606309,0.23349641,0.7378973,set_6
0.0,0.0,0.12307722,0.6744889,15.5798,0.0,0.0,0.12307722,0.6744889,0.0,1.237127,0.9999999,0.4096924,0.18492828,0.40537935,set_6
-1.910381e-07,0.6357648,0.7708219,0.8548962,7.265518,0.0,0.0,0.12307722,0.6744889,0.5454545,1.0924389,0.9999999,0.36963993,0.2254073,0.40495273,set_6
-2.0332637e-07,0.69614875,0.82006866,0.8735876,6.624343,0.0,0.0,0.12307722,0.6744889,0.60606056,1.0774199,0.9999999,0.35808542,0.23005663,0.41185802,set_6
-3.186958e-07,0.8701074,0.94101655,0.9281338,4.995162,0.0,0.0,0.12307722,0.6744889,0.78787875,1.0337013,0.9999999,0.30478182,0.2432768,0.45194134,set_6
-3.2888786e-07,0.94631344,0.9808654,0.9516636,4.4161916,0.0,0.0,0.12307722,0.6744889,0.86868685,1.0148691,0.9999999,0.2705043,0.24866574,0.48083,set_6
-2.3141803e-07,1.0790021,1.0297663,0.991822,3.6115613,0.0,0.0,0.12307722,0.6744889,1.010101,0.9827792,0.9999999,0.19889526,0.25608966,0.5450151,set_6
2.2212484e-08,1.5288682,1.0329522,1.1501596,2.2194452,0.0,0.0,0.12307722,0.6744889,1.6161616,0.8585641,0.9999999,0.031374875,0.23560949,0.73301566,set_6
-5.4548302e-08,1.6637657,0.99526745,1.217145,2.0359905,0.0,0.0,0.12307722,0.6744889,1.8989899,0.807915,0.9999999,0.016249727,0.22028668,0.76346356,set_6
-6.6988804e-08,1.6872926,0.98751444,1.230978,2.003356,0.0,0.0,0.12307722,0.6744889,1.959596,0.79766905,0.9999999,0.014197571,0.21693943,0.768863,set_6
0.0,0.0,0.110083416,0.6744889,15.5798,0.0,0.0,0.110083416,0.6744889,0.0,1.237127,0.9999999,0.4097344,0.18480653,0.4054591,set_6
-2.8109097e-08,0.108527526,0.23440957,0.7026505,13.989656,0.0,0.0,0.110083416,0.6744889,0.08080807,1.2146494,0.9999999,0.40764672,0.19000076,0.4023525,set_6
-6.461971e-08,0.2351484,0.37401405,0.7371282,12.207667,0.0,0.0,0.110083416,0.6744889,0.18181817,1.187011,0.9999999,0.40389755,0.19707422,0.3990282,set_6
-2.4591493e-09,0.6145768,0.7436521,0.84860265,7.485847,0.0,0.0,0.110083416,0.6744889,0.5252525,1.0974694,0.9999999,0.37298054,0.2237125,0.40330696,set_6
9.1936503e-10,0.67490774,0.79483575,0.8673804,6.8258038,0.0,0.0,0.110083416,0.6744889,0.5858586,1.0824397,0.9999999,0.36219913,0.22839916,0.4094018,set_6
6.956326e-08,0.97709405,0.9910883,0.9632605,4.1358404,0.0,0.0,0.110083416,0.6744889,0.9090909,1.005552,0.9999999,0.24989027,0.25099963,0.49911004,set_6
-3.3045183e-07,1.4070344,1.0389377,1.09457,2.5530648,0.0,0.0,0.110083416,0.6744889,1.3939394,0.9016767,0.9999999,0.0637097,0.25092256,0.68536776,set_6
-3.5291907e-07,1.597125,1.0083047,1.1745456,2.1805618,0.0,0.0,0.110083416,0.6744889,1.7171717,0.8399319,0.9999999,0.025849082,0.23197795,0.742173,set_6
-3.464672e-07,1.6439708,0.9963133,1.1984067,2.1056685,0.0,0.0,0.110083416,0.6744889,1.8181818,0.8218912,0.9999999,0.020152904,0.2259794,0.75386775,set_6
0.0,0.0,0.11352946,0.6744889,15.5798,0.0,0.0,0.11352946,0.6744889,0.0,1.237127,0.9999999,0.40972316,0.18483877,0.4054381,set_6
-8.107301e-10,0.13462,0.26692832,0.70961016,13.616066,0.0,0.0,0.11352946,0.6744889,0.1010101,1.2090302,0.9999999,0.40699792,0.19140054,0.40160152,set_6
-9.93486e-09,0.44372064,0.5925151,0.7972315,9.466977,0.0,0.0,0.11352946,0.6744889,0.36363634,1.1387749,0.9999999,0.39219576,0.2110527,0.39675146,set_6
-6.494418e-08,0.5518062,0.6926652,0.8295553,8.182519,0.0,0.0,0.11352946,0.6744889,0.46464646,1.112811,0.9999999,0.38149053,0.21902253,0.39948693,set_6
-2.6113022e-07,0.87150913,0.9344059,0.92812395,4.993379,0.0,0.0,0.11352946,0.6744889,0.78787875,1.0337013,0.9999999,0.30476302,0.24321583,0.45202115,set_6
-3.39478e-07,0.9839049,0.9925566,0.963258,4.1460633,0.0,0.0,0.11352946,0.6744889,0.9090909,1.005552,0.9999999,0.25032508,0.2510971,0.4985778,set_6
-3.4082143e-07,1.0575516,1.019873,0.9861484,3.6938784,0.0,0.0,0.11352946,0.6744889,0.989899,0.9873282,0.9999999,0.20831414,0.25519273,0.53649306,set_6
-7.650825e-08,1.3749248,1.0487049,1.0893502,2.5287502,0.0,0.0,0.11352946,0.6744889,1.3737373,0.9057464,0.9999999,0.06379174,0.25007555,0.6861328,set_6
-8.0305036e-08,1.4914321,1.0331755,1.1352338,2.2856312,0.0,0.0,0.11352946,0.6744889,1.5555555,0.8700615,0.9999999,0.03743718,0.23958157,0.7229813,set_6
0.0,0.0,0.11385198,0.6744889,15.5798,0.0,0.0,0.11385198,0.6744889,0.0,1.237127,0.9999999,0.4097222,0.18484186,0.40543586,set_6
-1.4275786e-07,0.23520939,0.37739336,0.7371308,12.208278,0.0,0.0,0.11385198,0.6744889,0.18181817,1.187011,0.9999999,0.40388507,0.19711074,0.39900425,set_6
-2.1761277e-07,0.59369004,0.7311504,0.8422799,7.69723,0.0,0.0,0.11385198,0.6744889,0.5050505,1.1025587,0.9999999,0.37585118,0.22224367,0.40190506,set_6
-1.670923e-07,0.69580686,0.8140218,0.8735769,6.6161175,0.0,0.0,0.11385198,0.6744889,0.60606056,1.0774199,0.9999999,0.357997,0.22999516,0.41200784,set_6
-1.0607797e-07,0.90957266,0.95534456,0.9399456,4.6958637,0.0,0.0,0.11385198,0.6744889,0.8282828,1.024189,0.9999999,0.2885831,0.24595787,0.4654591,set_6
-1.2959819e-07,1.1119442,1.034161,1.003047,3.4156795,0.0,0.0,0.11385198,0.6744889,1.0505049,0.973858,0.9999999,0.17712134,0.25718626,0.56569237,set_6
-1.2855124e-07,1.2991558,1.0528414,1.0630472,2.719614,0.0,0.0,0.11385198,0.6744889,1.2727273,0.92638826,0.9999999,0.0876657,0.2547399,0.6575944,set_6
-1.6160506e-07,1.4421538,1.0410933,1.1150675,2.3820493,0.0,0.0,0.11385198,0.6744889,1.4747474,0.88569576,0.9999999,0.04717524,0.24445537,0.70836943,set_6
-9.399066e-08,1.5141628,1.0288509,1.1451826,2.245273,0.0,0.0,0.11385198,0.6744889,1.5959595,0.8623983,0.9999999,0.033585254,0.23719874,0.72921604,set_6
0.0,0.0,0.10916561,0.6744889,15.5798,0.0,0.0,0.10916561,0.6744889,0.0,1.237127,0.9999999,0.4097373,0.18479794,0.40546477,set_6
4.183593e-08,0.25944304,0.39911178,0.74393266,11.87662,0.0,0.0,0.10916561,0.6744889,0.2020202,1.1815249,0.9999999,0.4029625,0.19854525,0.3984922,set_6
9.179688e-08,0.46590364,0.6104775,0.8037606,9.193067,0.0,0.0,0.10916561,0.6744889,0.38383836,1.1335428,0.9999999,0.39034483,0.21262093,0.39703423,set_6
-7.26146e-08,0.6955645,0.81097853,0.87357557,6.6115103,0.0,0.0,0.10916561,0.6744889,0.60606056,1.0774199,0.9999999,0.35794544,0.22996438,0.41209018,set_6
-1.6573891e-07,0.75509065,0.8548271,0.89200544,6.0294805,0.0,0.0,0.10916561,0.6744889,0.6666667,1.0626575,0.9999999,0.34377578,0.23446679,0.42175746,set_6
-2.445096e-07,1.199085,1.0455921,1.0306816,3.0401816,0.0,0.0,0.10916561,0.6744889,1.1515151,0.951916,0.9999999,0.12998074,0.25783396,0.6121853,set_6
-4.2692147e-07,1.282636,1.049923,1.0576997,2.7652302,0.0,0.0,0.10916561,0.6744889,1.2525252,0.9305653,0.9999999,0.09368937,0.25547925,0.65083134,set_6
-6.111106e-07,1.4547706,1.0362827,1.1201212,2.3578079,0.0,0.0,0.10916561,0.6744889,1.4949495,0.8817419,0.9999999,0.044623803,0.24332562,0.71205056,set_6
-5.5680954e-07,1.6146498,1.0021919,1.1936108,2.080825,0.0,0.0,0.10916561,0.6744889,1.7979797,0.8254849,0.9999999,0.020141257,0.2251813,0.7546774,set_6
0.0,0.0,0.118544154,0.6744889,15.5798,0.0,0.0,0.118544154,0.6744889,0.0,1.237127,0.9999999,0.40970698,0.18488584,0.40540716,set_6
4.937857e-08,0.160351,0.30017334,0.7165376,13.251422,0.0,0.0,0.118544154,0.6744889,0.12121212,1.2034572,0.9999999,0.40629104,0.19284171,0.40086728,set_6
5.7794487e-08,0.28359976,0.43308917,0.7507037,11.551525,0.0,0.0,0.118544154,0.6744889,0.22222221,1.1760731,0.9999999,0.4019124,0.20014574,0.3979419,set_6
5.712491e-08,0.37683094,0.5289474,0.7774758,10.326699,0.0,0.0,0.118544154,0.6744889,0.30303028,1.1546115,0.9999999,0.39700156,0.20631708,0.39668134,set_6
-2.8566106e-08,0.61485505,0.75038254,0.84859014,7.4861426,0.0,0.0,0.118544154,0.6744889,0.5252525,1.0974694,0.9999999,0.3729394,0.22380105,0.4032596,set_6
-4.9909197e-08,1.0555007,1.0238986,0.9861352,3.6885426,0.0,0.0,0.118544154,0.6744889,0.989899,0.9873282,0.9999999,0.20785429,0.25521025,0.53693545,set_6
-1.3758506e-07,1.2551898,1.0533695,1.0469875,2.881828,0.0,0.0,0.118544154,0.6744889,1.2121212,0.9390081,0.9999999,0.10806289,0.25708485,0.6348523,set_6
-1.8855863e-07,1.395863,1.0480324,1.0945581,2.518223,0.0,0.0,0.118544154,0.6744889,1.3939394,0.9016767,0.9999999,0.06131264,0.2497552,0.6889322,set_6
9.4090254e-08,1.6486542,0.99842346,1.2077898,2.0562444,0.0,0.0,0.118544154,0.6744889,1.8585858,0.81488013,0.9999999,0.017731834,0.22237562,0.7598926,set_6
0.0,0.0,0.10754986,0.6744889,15.5798,0.0,0.0,0.10754986,0.6744889,0.0,1.237127,0.9999999,0.40974253,0.18478283,0.4054747,set_6
-1.0316519e-07,0.37658083,0.5191565,0.7774703,10.328743,0.0,0.0,0.10754986,0.6744889,0.30303028,1.1546115,0.9999999,0.39705253,0.20619513,0.3967524,set_6
-1.4030574e-07,0.5121049,0.64792365,0.81670725,8.688929,0.0,0.0,0.10754986,0.6744889,0.4242424,1.1230792,0.9999999,0.38632375,0.21577151,0.39790475,set_6
-1.7277503e-07,1.1509192,1.0459071,1.0197269,3.1254196,0.0,0.0,0.10754986,0.6744889,1.111111,0.96059793,0.9999999,0.14320414,0.2574305,0.59936535,set_6
-1.8684042e-07,1.2000102,1.0522721,1.0361677,2.9229507,0.0,0.0,0.10754986,0.6744889,1.1717172,0.9476215,0.9999999,0.11706507,0.25669846,0.62623644,set_6
-1.8982183e-07,1.3122342,1.0517803,1.0736623,2.5989022,0.0,0.0,0.10754986,0.6744889,1.3131312,0.9180098,0.9999999,0.07460737,0.25192544,0.6734672,set_6
-1.2209898e-07,1.4761844,1.0244677,1.1302276,2.3633008,0.0,0.0,0.10754986,0.6744889,1.5353535,0.87390244,0.9999999,0.04290296,0.24326836,0.7138287,set_6
-1.1724045e-07,1.5137466,1.0169357,1.1451817,2.30964,0.0,0.0,0.10754986,0.6744889,1.5959595,0.8623983,0.9999999,0.036915913,0.2402709,0.7228131,set_6
-2.6005023e-07,1.6838614,0.97532725,1.2309163,2.0314538,0.0,0.0,0.10754986,0.6744889,1.959596,0.79766905,0.9999999,0.014990539,0.21876572,0.7662437,set_6
0.0,0.0,0.11040577,0.6744889,15.5798,0.0,0.0,0.11040577,0.6744889,0.0,1.237127,0.9999999,0.40973333,0.1848095,0.4054572,set_6
-5.3390245e-08,0.30716035,0.45047218,0.75744057,11.236038,0.0,0.0,0.11040577,0.6744889,0.24242423,1.1706843,0.9999999,0.4008527,0.20157778,0.39756945,set_6
-4.6068674e-08,0.86773384,0.93291575,0.9281173,4.9860682,0.0,0.0,0.11040577,0.6744889,0.78787875,1.0337013,0.9999999,0.30456766,0.24316204,0.45227033,set_6
-4.0538815e-08,0.9230486,0.9634273,0.9458016,4.5455623,0.0,0.0,0.11040577,0.6744889,0.8484848,1.0195161,0.9999999,0.27954534,0.24721362,0.47324106,set_6
1.6391514e-08,1.1202011,1.0369991,1.008607,3.3176334,0.0,0.0,0.11040577,0.6744889,1.070707,0.9694461,0.9999999,0.16609144,0.25740108,0.57650745,set_6
1.8890475e-08,1.1886982,1.0478567,1.0306746,3.0246649,0.0,0.0,0.11040577,0.6744889,1.1515151,0.951916,0.9999999,0.12884635,0.25757268,0.61358094,set_6
-1.2609836e-07,1.3389318,1.0471522,1.0788941,2.6100278,0.0,0.0,0.11040577,0.6744889,1.3333333,0.9138843,0.9999999,0.07350377,0.25240272,0.67409354,set_6
-2.032092e-07,1.3863246,1.041642,1.0945386,2.5254984,0.0,0.0,0.11040577,0.6744889,1.3939394,0.9016767,0.9999999,0.062248338,0.24999602,0.6877557,set_6
-3.1446527e-07,1.4962015,1.0246964,1.1352391,2.3396075,0.0,0.0,0.11040577,0.6744889,1.5555555,0.8700615,0.9999999,0.04031182,0.24201575,0.71767247,set_6
0.0,0.0,0.11095017,0.6744889,15.5798,0.0,0.0,0.11095017,0.6744889,0.0,1.237127,0.9999999,0.40973163,0.18481469,0.40545377,set_6
4.811964e-08,0.108533315,0.23524205,0.7026505,13.989656,0.0,0.0,0.11095017,0.6744889,0.08080807,1.2146494,0.9999999,0.40764382,0.19000918,0.402347,set_6
-9.0067125e-08,0.3071279,0.45145327,0.7574463,11.231865,0.0,0.0,0.11095017,0.6744889,0.24242423,1.1706843,0.9999999,0.40083984,0.20159604,0.3975641,set_6
2.26313e-07,0.6758409,0.7947725,0.86736345,6.8322864,0.0,0.0,0.11095017,0.6744889,0.5858586,1.0824397,0.9999999,0.3622864,0.22839381,0.4093198,set_6
2.2923645e-07,0.73555994,0.8415022,0.8858845,6.2224536,0.0,0.0,0.11095017,0.6744889,0.64646465,1.06754,0.9999999,0.3489089,0.23298068,0.41811037,set_6
2.450416e-07,0.8318364,0.91003656,0.91619164,5.309417,0.0,0.0,0.11095017,0.6744889,0.74747473,1.0432323,0.9999999,0.31920335,0.2403659,0.44043076,set_6
2.3597285e-07,1.0751263,1.0233998,0.9917975,3.5954607,0.0,0.0,0.11095017,0.6744889,1.010101,0.9827792,0.9999999,0.19781502,0.25594544,0.54623955,set_6
9.8276345e-08,1.3192381,1.0495515,1.0683336,2.6873956,0.0,0.0,0.11095017,0.6744889,1.2929292,0.9222027,0.9999999,0.08297692,0.25419202,0.66283107,set_6
-1.5919183e-07,1.676964,0.98464024,1.226323,2.0037992,0.0,0.0,0.11095017,0.6744889,1.939394,0.8010362,0.9999999,0.014675749,0.21754895,0.7677753,set_6
0.0,0.0,0.10272463,0.6744889,15.5798,0.0,0.0,0.10272463,0.6744889,0.0,1.237127,0.9999999,0.40975818,0.1847376,0.4055043,set_6
4.382717e-08,0.10847853,0.22734097,0.7026505,13.989674,0.0,0.0,0.10272463,0.6744889,0.08080807,1.2146494,0.9999999,0.40767142,0.18992914,0.40239948,set_6
-2.2126473e-07,0.5726747,0.7015821,0.8359259,7.9505816,0.0,0.0,0.10272463,0.6744889,0.48484847,1.1076956,0.9999999,0.37896022,0.220467,0.40057275,set_6
-5.13181e-07,0.77397543,0.8642724,0.89809144,5.8406515,0.0,0.0,0.10272463,0.6744889,0.68686867,1.0577749,0.9999999,0.33827928,0.23589164,0.42582908,set_6
-3.4926762e-07,1.1839937,1.0389171,1.0251967,3.1108398,0.0,0.0,0.10272463,0.6744889,1.1313131,0.95623183,0.9999999,0.13910119,0.2579888,0.60291,set_6
-1.2838618e-07,1.3189874,1.0443223,1.0683348,2.6875677,0.0,0.0,0.10272463,0.6744889,1.2929292,0.9222027,0.9999999,0.0831328,0.2541775,0.66268975,set_6
-1.4284637e-07,1.3638191,1.0423079,1.0841154,2.5709236,0.0,0.0,0.10272463,0.6744889,1.3535353,0.909806,0.9999999,0.06859044,0.25135463,0.68005496,set_6
-1.7340665e-07,1.4456723,1.0339307,1.1150465,2.3870144,0.0,0.0,0.10272463,0.6744889,1.4747474,0.88569576,0.9999999,0.047530107,0.24466549,0.7078044,set_6
-1.0357478e-07,1.528832,1.0197381,1.1501077,2.2299383,0.0,0.0,0.10272463,0.6744889,1.6161616,0.8585641,0.9999999,0.03204407,0.2362012,0.7317548,set_6
0.0,0.0,0.10871723,0.6744889,15.5798,0.0,0.0,0.10871723,0.6744889,0.0,1.237127,0.9999999,0.40973884,0.18479373,0.4054675,set_6
5.6610975e-08,0.16025394,0.29091406,0.7165376,13.251453,0.0,0.0,0.10871723,0.6744889,0.12121212,1.2034572,0.9999999,0.40632495,0.19274439,0.40093067,set_6
-4.3595232e-08,0.28342754,0.4242255,0.75070316,11.551737,0.0,0.0,0.10871723,0.6744889,0.22222221,1.1760731,0.9999999,0.4019491,0.20004435,0.39800656,set_6
6.3855126e-08,1.2200677,1.0451843,1.0361493,2.9929655,0.0,0.0,0.10871723,0.6744889,1.1717172,0.9476215,0.9999999,0.12311205,0.25779766,0.61909026,set_6
2.4604397e-08,1.4626566,1.0338345,1.1201677,2.3776631,0.0,0.0,0.10871723,0.6744889,1.4949495,0.8817419,0.9999999,0.045647494,0.24413536,0.7102172,set_6
2.9549216e-08,1.5221463,1.0237515,1.1452082,2.2645538,0.0,0.0,0.10871723,0.6744889,1.5959595,0.8623983,0.9999999,0.034431342,0.23809761,0.72747105,set_6
-6.990161e-08,1.5954031,1.0074042,1.1793411,2.1424525,0.0,0.0,0.10871723,0.6744889,1.7373737,0.8362865,0.9999999,0.023911987,0.22968014,0.74640787,set_6
-1.5102312e-07,1.6324054,0.9975616,1.1983802,2.0854,0.0,0.0,0.10871723,0.6744889,1.8181818,0.8218912,0.9999999,0.019654127,0.22494824,0.7553976,set_6
-1.898727e-07,1.666058,0.98764795,1.2170966,2.0346377,0.0,0.0,0.10871723,0.6744889,1.8989899,0.807915,0.9999999,0.01626203,0.22026993,0.76346797,set_6
0.0,0.0,0.10125162,0.6744889,15.5798,0.0,0.0,0.10125162,0.6744889,0.0,1.237127,0.9999999,0.40976295,0.18472373,0.40551326,set_6
2.5837952e-09,0.10846856,0.22592613,0.7026505,13.989676,0.0,0.0,0.10125162,0.6744889,0.08080807,1.2146494,0.9999999,0.4076765,0.18991472,0.40240878,set_6
-5.867625e-08,0.44367555,0.5804197,0.7972276,9.4805765,0.0,0.0,0.10125162,0.6744889,0.36363634,1.1387749,0.9999999,0.39231536,0.21087593,0.3968087,set_6
1.6014619e-07,0.91930604,0.959452,0.9458139,4.5235014,0.0,0.0,0.10125162,0.6744889,0.8484848,1.0195161,0.9999999,0.27854013,0.2471633,0.4742966,set_6
1.0077081e-07,1.1697502,1.0318493,1.0197213,3.2109265,0.0,0.0,0.10125162,0.6744889,1.111111,0.96059793,0.9999999,0.15101406,0.25819582,0.5907901,set_6
8.4426546e-08,1.2267251,1.0363132,1.0361645,3.027018,0.0,0.0,0.10125162,0.6744889,1.1717172,0.9476215,0.9999999,0.12633568,0.258225,0.6154393,set_6
5.8051825e-08,1.3327072,1.0368322,1.0683846,2.7441463,0.0,0.0,0.10125162,0.6744889,1.2929292,0.9222027,0.9999999,0.08765751,0.25558934,0.6567532,set_6
1.38413725e-11,1.6532103,0.98859763,1.2030984,2.0950239,0.0,0.0,0.10125162,0.6744889,1.8383838,0.8183656,0.9999999,0.01933871,0.22500385,0.7556575,set_6
-8.351009e-09,1.6783202,0.981298,1.217106,2.0568576,0.0,0.0,0.10125162,0.6744889,1.8989899,0.807915,0.9999999,0.016779166,0.22149263,0.76172817,set_6
0.0,0.0,0.11274147,0.6744889,15.5798,0.0,0.0,0.11274147,0.6744889,0.0,1.237127,0.9999999,0.40972573,0.18483146,0.40544286,set_6
2.490498e-08,0.08206986,0.20703527,0.6956585,14.372491,0.0,0.0,0.11274147,0.6744889,0.06060606,1.2202688,0.9999999,0.40822572,0.18868668,0.4030876,set_6
-3.029394e-08,0.33017805,0.47954512,0.76414907,10.904582,0.0,0.0,0.11274147,0.6744889,0.26262626,1.1653299,0.9999999,0.39960298,0.20320432,0.39719266,set_6
-5.0045e-09,0.465491,0.61397254,0.8037539,9.189335,0.0,0.0,0.11274147,0.6744889,0.38383836,1.1335428,0.9999999,0.39031148,0.21266702,0.39702153,set_6
9.896227e-08,0.8906152,0.94375277,0.9340563,4.8473144,0.0,0.0,0.11274147,0.6744889,0.8080808,1.0289164,0.9999999,0.29713738,0.24456714,0.45829543,set_6
-1.6276996e-08,1.3306583,1.0509548,1.0736402,2.638514,0.0,0.0,0.11274147,0.6744889,1.3131312,0.9180098,0.9999999,0.077222146,0.25308374,0.6696942,set_6
3.7378953e-09,1.4275063,1.0430791,1.1099733,2.4009218,0.0,0.0,0.11274147,0.6744889,1.4545455,0.8896381,0.9999999,0.049599387,0.24532664,0.70507395,set_6
-3.5475225e-08,1.5649401,1.016707,1.1696768,2.152976,0.0,0.0,0.11274147,0.6744889,1.6969697,0.843646,0.9999999,0.025747027,0.23102255,0.74323046,set_6
-1.6608894e-07,1.6881752,0.9797518,1.2354865,1.9873263,0.0,0.0,0.11274147,0.6744889,1.979798,0.794312,0.9999999,0.013553114,0.21563047,0.77081645,set_6
0.0,0.0,0.11601095,0.6744889,15.5798,0.0,0.0,0.11601095,0.6744889,0.0,1.237127,0.9999999,0.40971527,0.18486205,0.40542275,set_6
-5.8186362e-08,0.21060872,0.35280746,0.7302976,12.54781,0.0,0.0,0.11601095,0.6744889,0.16161615,1.1924764,0.9999999,0.40474787,0.19567133,0.39958078,set_6
-3.7965606e-08,0.44396922,0.5937975,0.7972336,9.473443,0.0,0.0,0.11601095,0.6744889,0.36363634,1.1387749,0.9999999,0.39221755,0.21105702,0.39672545,set_6
-2.61513e-07,1.1295215,1.0406684,1.0086052,3.322027,0.0,0.0,0.11601095,0.6744889,1.070707,0.9694461,0.9999999,0.16603154,0.25757274,0.57639575,set_6
-7.983778e-07,1.4295422,1.0443244,1.1099672,2.4076436,0.0,0.0,0.11601095,0.6744889,1.4545455,0.8896381,0.9999999,0.049944896,0.24558456,0.7044706,set_6
-7.557626e-07,1.4912474,1.034709,1.1352293,2.2851143,0.0,0.0,0.11601095,0.6744889,1.5555555,0.8700615,0.9999999,0.03738908,0.23955177,0.7230592,set_6
-7.4616986e-07,1.5252272,1.0280476,1.1501206,2.2243207,0.0,0.0,0.11601095,0.6744889,1.6161616,0.8585641,0.9999999,0.031729396,0.23589909,0.7323715,set_6
-7.6211967e-07,1.5672649,1.0184988,1.1696734,2.1546652,0.0,0.0,0.11601095,0.6744889,1.6969697,0.843646,0.9999999,0.025754293,0.23107933,0.7431664,set_6
-9.10274e-07,1.6806024,0.9857009,1.2309277,1.9848964,0.0,0.0,0.11601095,0.6744889,1.959596,0.79766905,0.9999999,0.013851529,0.21594563,0.7702028,set_6
0.0,0.0,0.107575715,0.6744889,15.5798,0.0,0.0,0.107575715,0.6744889,0.0,1.237127,0.9999999,0.40974247,0.18478307,0.4054745,set_6
2.5889952e-07,0.75429904,0.8532328,0.8920206,6.0317597,0.0,0.0,0.107575715,0.6744889,0.6666667,1.0626575,0.9999999,0.34385312,0.23442954,0.42171735,set_6
2.1035973e-07,0.9075158,0.9508918,0.93995166,4.694438,0.0,0.0,0.107575715,0.6744889,0.8282828,1.024189,0.9999999,0.28863022,0.24587452,0.46549526,set_6
2.0101743e-07,0.9835355,0.9866876,0.9632676,4.159212,0.0,0.0,0.107575715,0.6744889,0.9090909,1.005552,0.9999999,0.25131267,0.2509927,0.49769464,set_6
2.2380442e-07,1.1882917,1.0419372,1.0252385,3.1134362,0.0,0.0,0.107575715,0.6744889,1.1313131,0.95623183,0.9999999,0.13909249,0.25808442,0.6028231,set_6
2.6078934e-07,1.4076996,1.0429271,1.0997388,2.4623122,0.0,0.0,0.107575715,0.6744889,1.4141414,0.89760315,0.9999999,0.056125246,0.24778214,0.69609267,set_6
2.1828133e-07,1.4844689,1.032044,1.1302606,2.3068178,0.0,0.0,0.107575715,0.6744889,1.5353535,0.87390244,0.9999999,0.03950406,0.24074718,0.7197488,set_6
9.447972e-08,1.5521467,1.0185513,1.159987,2.1889846,0.0,0.0,0.107575715,0.6744889,1.6565657,0.85107636,0.9999999,0.028564552,0.23352318,0.73791224,set_6
4.2729752e-08,1.5923253,1.0089257,1.179371,2.1238635,0.0,0.0,0.107575715,0.6744889,1.7373737,0.8362865,0.9999999,0.023277149,0.22870149,0.7480213,set_6
0.0,0.0,0.10988916,0.6744889,15.5798,0.0,0.0,0.10988916,0.6744889,0.0,1.237127,0.9999999,0.40973496,0.18480471,0.40546033,set_6
-1.3266038e-07,0.21052867,0.34714618,0.7302976,12.547836,0.0,0.0,0.10988916,0.6744889,0.16161615,1.1924764,0.9999999,0.4047696,0.19560972,0.39962068,set_6
-8.085452e-08,0.4875773,0.6302499,0.8102508,8.941167,0.0,0.0,0.10988916,0.6744889,0.4040404,1.1282892,0.9999999,0.38843,0.21418042,0.39738956,set_6
-3.935611e-07,0.90889657,0.9541759,0.93993187,4.6825147,0.0,0.0,0.10988916,0.6744889,0.8282828,1.024189,0.9999999,0.28797004,0.24596733,0.46606264,set_6
-4.3577074e-07,1.0385563,1.0122095,0.98044974,3.7920914,0.0,0.0,0.10988916,0.6744889,0.96969694,0.99186194,0.9999999,0.21852948,0.25427526,0.52719533,set_6
-3.4503176e-07,1.216536,1.0485898,1.0361352,2.9708447,0.0,0.0,0.10988916,0.6744889,1.1717172,0.9476215,0.9999999,0.1210563,0.25749394,0.62144977,set_6
-2.3360411e-07,1.4295015,1.040485,1.1099702,2.4085486,0.0,0.0,0.10988916,0.6744889,1.4545455,0.8896381,0.9999999,0.050078902,0.24562739,0.70429367,set_6
-2.3718249e-07,1.577493,1.0124857,1.1745137,2.1392353,0.0,0.0,0.10988916,0.6744889,1.7171717,0.8399319,0.9999999,0.024536075,0.22993043,0.74553347,set_6
-2.2374668e-07,1.6238248,1.0001783,1.1983751,2.0666199,0.0,0.0,0.10988916,0.6744889,1.8181818,0.8218912,0.9999999,0.019161187,0.22395442,0.7568844,set_6
0.0,0.0,0.11264096,0.6744889,15.5798,0.0,0.0,0.11264096,0.6744889,0.0,1.237127,0.9999999,0.40972602,0.1848305,0.40544346,set_6
-1.0669169e-07,0.30720332,0.45246655,0.75744057,11.236025,0.0,0.0,0.11264096,0.6744889,0.24242423,1.1706843,0.9999999,0.40084434,0.2016009,0.3975548,set_6
-1.473823e-07,0.46757346,0.61331433,0.80375516,9.194392,0.0,0.0,0.11264096,0.6744889,0.38383836,1.1335428,0.9999999,0.39032605,0.2126724,0.39700153,set_6
-1.7265154e-07,0.6576366,0.7840365,0.86114466,7.011785,0.0,0.0,0.11264096,0.6744889,0.56565654,1.0874386,0.9999999,0.36560208,0.22702958,0.4073684,set_6
-1.3084617e-07,0.8124713,0.8993819,0.9101893,5.475169,0.0,0.0,0.11264096,0.6744889,0.72727275,1.0480244,0.9999999,0.32576418,0.2389559,0.43527994,set_6
-1.731586e-07,1.1391108,1.041447,1.0141716,3.2416978,0.0,0.0,0.11264096,0.6744889,1.090909,0.96502846,0.9999999,0.15648443,0.2577058,0.58580977,set_6
-1.4752629e-08,1.4031407,1.041059,1.0997044,2.5000045,0.0,0.0,0.11264096,0.6744889,1.4141414,0.89760315,0.9999999,0.058874954,0.24912992,0.6919951,set_6
6.466708e-08,1.6125555,1.0022411,1.1888841,2.132049,0.0,0.0,0.11264096,0.6744889,1.7777778,0.8290916,0.9999999,0.022319704,0.22835597,0.7493243,set_6
1.4677116e-07,1.6480469,0.9925292,1.2077653,2.0766578,0.0,0.0,0.11264096,0.6744889,1.8585858,0.81488013,0.9999999,0.018373325,0.22359718,0.7580295,set_6
0.0,0.0,0.10282396,0.6744889,15.5798,0.0,0.0,0.10282396,0.6744889,0.0,1.237127,0.9999999,0.40975788,0.1847385,0.40550363,set_6
-9.571306e-09,0.16019595,0.2853611,0.7165376,13.251473,0.0,0.0,0.10282396,0.6744889,0.12121212,1.2034572,0.9999999,0.4063453,0.19268596,0.4009687,set_6
1.3546678e-08,0.30701607,0.44383484,0.7574424,11.234968,0.0,0.0,0.10282396,0.6744889,0.24242423,1.1706843,0.9999999,0.40087822,0.20150289,0.3976189,set_6
-3.7514962e-08,0.46569675,0.603022,0.80375487,9.210049,0.0,0.0,0.10282396,0.6744889,0.38383836,1.1335428,0.9999999,0.39046937,0.2124893,0.39704132,set_6
-2.1635424e-07,0.634807,0.7552528,0.8548789,7.262186,0.0,0.0,0.10282396,0.6744889,0.5454545,1.0924389,0.9999999,0.36971003,0.22520372,0.4050863,set_6
-2.467687e-07,0.7730961,0.86504185,0.89809245,5.834753,0.0,0.0,0.10282396,0.6744889,0.68686867,1.0577749,0.9999999,0.33813745,0.23590499,0.42595753,set_6
-2.6520763e-07,1.1100253,1.0270106,1.0030347,3.4130907,0.0,0.0,0.10282396,0.6744889,1.0505049,0.973858,0.9999999,0.17714718,0.25707576,0.56577706,set_6
-2.4499067e-07,1.5551019,1.0135074,1.1599654,2.2082918,0.0,0.0,0.10282396,0.6744889,1.6565657,0.85107636,0.9999999,0.02939502,0.23450702,0.736098,set_6
-3.0860065e-07,1.604941,1.0017536,1.1841384,2.126243,0.0,0.0,0.10282396,0.6744889,1.7575758,0.8326826,0.9999999,0.022747053,0.2284525,0.7488004,set_6
0.0,0.0,0.10497072,0.6744889,15.5798,0.0,0.0,0.10497072,0.6744889,0.0,1.237127,0.9999999,0.4097509,0.18475862,0.40549046,set_6
1.8231464e-08,0.16021705,0.2873838,0.7165376,13.251467,0.0,0.0,0.10497072,0.6744889,0.12121212,1.2034572,0.9999999,0.40633792,0.1927072,0.40095484,set_6
-1.3013954e-08,0.4875272,0.6255815,0.8102509,8.945739,0.0,0.0,0.10497072,0.6744889,0.4040404,1.1282892,0.9999999,0.38848,0.21411186,0.3974082,set_6
6.3279934e-08,0.6348894,0.7569339,0.8548777,7.262353,0.0,0.0,0.10497072,0.6744889,0.5454545,1.0924389,0.9999999,0.3697003,0.22522588,0.40507376,set_6
2.5745216e-08,0.79299295,0.8801308,0.90415066,5.6545634,0.0,0.0,0.10497072,0.6744889,0.7070707,1.0528723,0.9999999,0.33224458,0.23740338,0.4303521,set_6
3.324472e-08,1.1832249,1.0404415,1.0252094,3.1100729,0.0,0.0,0.10497072,0.6744889,1.1313131,0.95623183,0.9999999,0.13901582,0.25798714,0.602997,set_6
1.6832345e-07,1.3938603,1.0402573,1.0945568,2.5128047,0.0,0.0,0.10497072,0.6744889,1.3939394,0.9016767,0.9999999,0.06115577,0.24956918,0.6892751,set_6
2.0361213e-07,1.4341946,1.0360222,1.1099863,2.421852,0.0,0.0,0.10497072,0.6744889,1.4545455,0.8896381,0.9999999,0.050890263,0.24614534,0.7029644,set_6
-1.4535594e-07,1.686329,0.9784912,1.230948,1.9961649,0.0,0.0,0.10497072,0.6744889,1.959596,0.79766905,0.9999999,0.014115434,0.21663383,0.76925075,set_6
0.0,0.0,0.104925804,0.6744889,15.5798,0.0,0.0,0.104925804,0.6744889,0.0,1.237127,0.9999999,0.4097511,0.18475823,0.4054907,set_6
5.279743e-08,0.25937486,0.39526096,0.74393266,11.876644,0.0,0.0,0.104925804,0.6744889,0.2020202,1.1815249,0.9999999,0.40297806,0.19850193,0.39852,set_6
1.1796223e-07,0.48753643,0.6278073,0.81025594,8.927669,0.0,0.0,0.104925804,0.6744889,0.4040404,1.1282892,0.9999999,0.3883653,0.2141809,0.39745378,set_6
2.8078137e-08,0.65506095,0.77590024,0.8611459,7.0273256,0.0,0.0,0.104925804,0.6744889,0.56565654,1.0874386,0.9999999,0.36589873,0.22685172,0.40724954,set_6
-8.262549e-08,0.73518306,0.8374455,0.8858905,6.2182293,0.0,0.0,0.104925804,0.6744889,0.64646465,1.06754,0.9999999,0.3488609,0.2329341,0.41820508,set_6
-2.4470165e-07,0.92763877,0.9588128,0.9458015,4.5528455,0.0,0.0,0.104925804,0.6744889,0.8484848,1.0195161,0.9999999,0.27987856,0.24720235,0.47291905,set_6
-1.0991782e-07,1.5959337,1.0047088,1.1840974,2.1091475,0.0,0.0,0.104925804,0.6744889,1.7575758,0.8326826,0.9999999,0.02224911,0.22757997,0.75017095,set_6
-4.5947505e-08,1.6231854,0.99727076,1.198356,2.0674117,0.0,0.0,0.104925804,0.6744889,1.8181818,0.8218912,0.9999999,0.019222302,0.22403343,0.75674427,set_6
4.1565897e-08,1.672277,0.9823055,1.2263229,1.994246,0.0,0.0,0.104925804,0.6744889,1.939394,0.8010362,0.9999999,0.014512676,0.21706611,0.76842123,set_6
0.0,0.0,0.118470065,0.6744889,15.5798,0.0,0.0,0.118470065,0.6744889,0.0,1.237127,0.9999999,0.40970716,0.1848851,0.4054077,set_6
-1.1810106e-07,0.5941495,0.73234546,0.84226847,7.717219,0.0,0.0,0.118470065,0.6744889,0.5050505,1.1025587,0.9999999,0.3760376,0.22221495,0.4017475,set_6
-2.1333514e-07,0.7137209,0.8323361,0.87973803,6.4180894,0.0,0.0,0.118470065,0.6744889,0.6262626,1.0724512,0.9999999,0.35363188,0.23151948,0.41484866,set_6
-3.4814778e-07,0.9052125,0.9580468,0.9399311,4.6989546,0.0,0.0,0.118470065,0.6744889,0.8282828,1.024189,0.9999999,0.28880164,0.2459217,0.46527666,set_6
-1.1302903e-07,1.1000873,1.0295732,0.997431,3.5339427,0.0,0.0,0.118470065,0.6744889,1.030303,0.97829276,0.9999999,0.18985641,0.2567832,0.5533604,set_6
2.1727152e-07,1.2677078,1.0526568,1.0469849,2.8919406,0.0,0.0,0.118470065,0.6744889,1.2121212,0.9390081,0.9999999,0.108543776,0.257343,0.63411325,set_6
1.9831378e-07,1.4711211,1.0409049,1.1201512,2.371736,0.0,0.0,0.118470065,0.6744889,1.4949495,0.8817419,0.9999999,0.044974186,0.24384485,0.7111809,set_6
1.852514e-07,1.5306116,1.0304526,1.1451936,2.2604985,0.0,0.0,0.118470065,0.6744889,1.5959595,0.8623983,0.9999999,0.03397715,0.23782401,0.7281988,set_6
1.7690522e-07,1.5937192,1.0163848,1.1745237,2.153679,0.0,0.0,0.118470065,0.6744889,1.7171717,0.8399319,0.9999999,0.024788417,0.23053414,0.7446775,set_6
0.0,0.0,0.113122925,0.67488027,29.212,0.0,0.0,0.113122925,0.67488027,0.0,1.2585858,0.9999999,0.4067442,0.17852005,0.41473573,set_6
-2.2697174e-08,0.12993048,0.2665005,0.71053725,26.551228,0.0,0.0,0.113122925,0.67488027,0.1010101,1.2248846,0.9999999,0.40603805,0.18207361,0.41188836,set_6
3.9935678e-08,0.64980066,0.8350194,0.88143146,16.760944,0.0,0.0,0.113122925,0.67488027,0.6262626,1.0695461,0.9999999,0.3992022,0.20639144,0.39440635,set_6
9.55877e-08,0.69922054,0.883485,0.89972955,15.93207,0.0,0.0,0.113122925,0.67488027,0.68686867,1.0538857,0.9999999,0.3978451,0.20982842,0.3923265,set_6
1.7103528e-07,0.9427705,1.1045759,0.99296993,12.175657,0.0,0.0,0.113122925,0.67488027,1.010101,0.97721523,0.9999999,0.3869521,0.22992273,0.38312513,set_6
1.8574548e-07,1.0137957,1.1627195,1.0207299,11.1920395,0.0,0.0,0.113122925,0.67488027,1.111111,0.9558787,0.9999999,0.38179263,0.23660205,0.38160527,set_6
-3.1517786e-08,1.2710925,1.342618,1.1210302,8.10491,0.0,0.0,0.113122925,0.67488027,1.4949495,0.8861555,0.9999999,0.34867337,0.26188615,0.38944045,set_6
-1.2597744e-07,1.5174924,1.4634267,1.2147094,5.859304,0.0,0.0,0.113122925,0.67488027,1.8787879,0.83424133,0.9999999,0.27457285,0.28553605,0.43989113,set_6
-1.2695257e-07,1.5691005,1.4803671,1.23377,5.4888916,0.0,0.0,0.113122925,0.67488027,1.959596,0.8255495,0.9999999,0.2512361,0.2901005,0.45866334,set_6
0.0,0.0,0.10605665,0.67488027,29.212,0.0,0.0,0.10605665,0.67488027,0.0,1.2585858,0.9999999,0.40675905,0.17847829,0.4147626,set_6
-1.1017423e-07,0.15429442,0.28828555,0.7175525,26.058613,0.0,0.0,0.10605665,0.67488027,0.12121212,1.2182416,0.9999999,0.4058975,0.18278165,0.41132084,set_6
-1.17810565e-07,0.5280682,0.70513153,0.8376501,18.888962,0.0,0.0,0.10605665,0.67488027,0.48484847,1.1081766,0.9999999,0.4018044,0.19881299,0.39938262,set_6
-3.5066628e-07,0.7939326,0.9681935,0.93554556,14.401074,0.0,0.0,0.10605665,0.67488027,0.8080808,1.023598,0.9999999,0.39458662,0.21700244,0.38841093,set_6
-3.6431612e-07,0.9135499,1.0752623,0.9816944,12.590559,0.0,0.0,0.10605665,0.67488027,0.96969694,0.98618925,0.9999999,0.38875133,0.2272341,0.38401455,set_6
-3.7977279e-07,1.177681,1.2795181,1.0849724,9.129798,0.0,0.0,0.10605665,0.67488027,1.3535353,0.9097776,0.9999999,0.36402857,0.25266632,0.38330513,set_6
-3.7227e-07,1.2311094,1.3142505,1.1057265,8.528331,0.0,0.0,0.10605665,0.67488027,1.4343435,0.8959203,0.9999999,0.35581538,0.25794148,0.38624322,set_6
-3.5921065e-07,1.3754718,1.3966366,1.1612608,7.0633626,0.0,0.0,0.10605665,0.67488027,1.6565657,0.8621012,0.9999999,0.32435504,0.2720436,0.40360135,set_6
-3.4363535e-07,1.543195,1.4682337,1.2243713,5.66949,0.0,0.0,0.10605665,0.67488027,1.919192,0.8296955,0.9999999,0.2632958,0.28780618,0.44889796,set_6
0.0,0.0,0.11070916,0.67488027,29.212,0.0,0.0,0.11070916,0.67488027,0.0,1.2585858,0.9999999,0.40674934,0.17850578,0.41474485,set_6
1.8515378e-07,0.4151188,0.5873275,0.79887086,20.97338,0.0,0.0,0.11070916,0.67488027,0.36363634,1.1431063,0.9999999,0.4034916,0.19296055,0.40354782,set_6
1.2237942e-07,0.6994021,0.88191617,0.8997279,15.929474,0.0,0.0,0.11070916,0.67488027,0.68686867,1.0538857,0.9999999,0.39784744,0.20981963,0.3923329,set_6
-1.9976497e-08,0.92832065,1.0905321,0.98727334,12.385235,0.0,0.0,0.11070916,0.67488027,0.989899,0.9817182,0.9999999,0.38787776,0.22856997,0.3835523,set_6
-5.038051e-08,0.98564327,1.1380283,1.0096254,11.580669,0.0,0.0,0.11070916,0.67488027,1.070707,0.9643624,0.9999999,0.38400924,0.23388025,0.38211048,set_6
-9.517011e-08,1.0418085,1.1825606,1.0315894,10.826003,0.0,0.0,0.11070916,0.67488027,1.1515151,0.9477423,0.9999999,0.37944648,0.23924983,0.3813037,set_6
-1.1492515e-07,1.0832675,1.2141029,1.0478164,10.290638,0.0,0.0,0.11070916,0.67488027,1.2121212,0.93577844,0.9999999,0.3754908,0.2432912,0.381218,set_6
-3.894734e-08,1.2048621,1.2996633,1.0953097,8.82875,0.0,0.0,0.11070916,0.67488027,1.3939394,0.9027964,0.9999999,0.360127,0.25532758,0.38454542,set_6
8.770579e-08,1.3233666,1.3721454,1.1411947,7.5629168,0.0,0.0,0.11070916,0.67488027,1.5757575,0.87376726,0.9999999,0.3374909,0.26703334,0.39547578,set_6
0.0,0.0,0.10047221,0.67488027,29.212,0.0,0.0,0.10047221,0.67488027,0.0,1.2585858,0.9999999,0.40677097,0.17844526,0.41478384,set_6
-6.747155e-08,0.20164897,0.33810967,0.73147106,25.108934,0.0,0.0,0.10047221,0.67488027,0.16161615,1.2053001,0.9999999,0.40558138,0.18429153,0.41012704,set_6
-1.5468552e-07,0.3128031,0.46535817,0.76561713,22.920511,0.0,0.0,0.10047221,0.67488027,0.26262626,1.1735852,0.9999999,0.40464696,0.18841074,0.40694234,set_6
-2.726899e-07,0.41497982,0.579407,0.7988655,20.965912,0.0,0.0,0.10047221,0.67488027,0.36363634,1.1431063,0.9999999,0.40351307,0.1929028,0.40358415,set_6
-2.5488205e-07,0.61571133,0.7919545,0.8690649,17.33476,0.0,0.0,0.10047221,0.67488027,0.5858586,1.0804132,0.9999999,0.40004525,0.2040878,0.39586696,set_6
1.5090853e-07,0.77810997,0.94967455,0.92963374,14.646702,0.0,0.0,0.10047221,0.67488027,0.78787875,1.028594,0.9999999,0.39520743,0.21571805,0.38907444,set_6
3.3018958e-07,1.1251571,1.2413502,1.0639393,9.74897,0.0,0.0,0.10047221,0.67488027,1.2727273,0.9244165,0.9999999,0.370797,0.24742082,0.38178217,set_6
2.500208e-07,1.3096069,1.3611395,1.1362606,7.6734905,0.0,0.0,0.10047221,0.67488027,1.5555555,0.87675726,0.9999999,0.34014162,0.26579213,0.39406618,set_6
1.368253e-07,1.5258744,1.4577942,1.2194986,5.78637,0.0,0.0,0.10047221,0.67488027,1.8989899,0.8319495,0.9999999,0.27030504,0.2864114,0.44328362,set_6
0.0,0.0,0.10937963,0.67488027,29.212,0.0,0.0,0.10937963,0.67488027,0.0,1.2585858,0.9999999,0.4067521,0.17849788,0.41475,set_6
4.765881e-07,0.61607563,0.7980916,0.8690589,17.341322,0.0,0.0,0.10937963,0.67488027,0.5858586,1.0804132,0.9999999,0.4000283,0.20413758,0.39583418,set_6
3.4978248e-07,0.79404265,0.97097945,0.93549347,14.398765,0.0,0.0,0.10937963,0.67488027,0.8080808,1.023598,0.9999999,0.394574,0.21703726,0.38838875,set_6
3.1534304e-07,0.9282562,1.0899371,0.9872965,12.382301,0.0,0.0,0.10937963,0.67488027,0.989899,0.9817182,0.9999999,0.38787255,0.22857147,0.38355604,set_6
4.3184988e-07,1.1377203,1.2527136,1.0691286,9.617097,0.0,0.0,0.10937963,0.67488027,1.2929292,0.92067313,0.9999999,0.36939985,0.24864697,0.38195312,set_6
4.1286313e-07,1.1914836,1.2897907,1.0901119,8.982657,0.0,0.0,0.10937963,0.67488027,1.3737373,0.90629745,0.9999999,0.36216018,0.25398397,0.3838559,set_6
3.8328574e-07,1.231387,1.3159368,1.1056411,8.532253,0.0,0.0,0.10937963,0.67488027,1.4343435,0.8959203,0.9999999,0.35584873,0.25794825,0.38620305,set_6
3.5792664e-07,1.3623334,1.3925726,1.1561809,7.1817923,0.0,0.0,0.10937963,0.67488027,1.6363636,0.86487633,0.9999999,0.32776967,0.27083254,0.40139776,set_6
4.8855014e-07,1.5300834,1.4662865,1.2194328,5.760887,0.0,0.0,0.10937963,0.67488027,1.8989899,0.8319495,0.9999999,0.26891246,0.28669003,0.4443975,set_6
0.0,0.0,0.10855152,0.67488027,29.212,0.0,0.0,0.10855152,0.67488027,0.0,1.2585858,0.9999999,0.4067538,0.17849301,0.41475317,set_6
-1.4050794e-07,0.45384145,0.6275758,0.8119295,20.250622,0.0,0.0,0.10855152,0.67488027,0.4040404,1.1312001,0.9999999,0.40297616,0.1948454,0.40217847,set_6
-1.9545215e-07,0.66655946,0.84806144,0.8875514,16.47827,0.0,0.0,0.10855152,0.67488027,0.64646465,1.064286,0.9999999,0.39877772,0.20749412,0.3937281,set_6
-1.6283636e-07,0.8547174,1.0251997,0.9587777,13.467159,0.0,0.0,0.10855152,0.67488027,0.8888889,1.0045382,0.9999999,0.3919047,0.22206041,0.38603488,set_6
-1.3628595e-07,0.99971664,1.1484456,1.0151607,11.383617,0.0,0.0,0.10855152,0.67488027,1.090909,0.9601341,0.9999999,0.3829282,0.2352193,0.38185248,set_6
-1.2333048e-07,1.2443436,1.32562,1.1107851,8.372576,0.0,0.0,0.10855152,0.67488027,1.4545455,0.89264935,0.9999999,0.35337588,0.25933015,0.38729402,set_6
-2.2754932e-07,1.4010599,1.4115005,1.1710489,6.822539,0.0,0.0,0.10855152,0.67488027,1.6969697,0.8565809,0.9999999,0.31678012,0.2745736,0.4086463,set_6
-2.5910032e-07,1.4527645,1.4347558,1.1906126,6.3762336,0.0,0.0,0.10855152,0.67488027,1.7777778,0.84618074,0.9999999,0.29993176,0.2794815,0.42058674,set_6
-2.7090204e-07,1.4914457,1.4505792,1.2051289,6.062426,0.0,0.0,0.10855152,0.67488027,1.8383838,0.83877724,0.9999999,0.2854123,0.28310403,0.43148366,set_6
0.0,0.0,0.099834986,0.67488027,29.212,0.0,0.0,0.099834986,0.67488027,0.0,1.2585858,0.9999999,0.4067723,0.17844148,0.41478625,set_6
-1.3745823e-08,0.10496921,0.22460255,0.7034833,27.056404,0.0,0.0,0.099834986,0.67488027,0.08080807,1.2316247,0.9999999,0.40621728,0.18125363,0.41252905,set_6
-1.9296182e-07,0.50969803,0.68063164,0.8312757,19.220154,0.0,0.0,0.099834986,0.67488027,0.46464646,1.1138635,0.9999999,0.4021323,0.19774705,0.40012065,set_6
3.1274027e-07,1.0412177,1.1759596,1.0316542,10.82052,0.0,0.0,0.099834986,0.67488027,1.1515151,0.9477423,0.9999999,0.37945238,0.23918624,0.38136137,set_6
1.6917896e-07,1.110055,1.2276447,1.0585903,9.94395,0.0,0.0,0.099834986,0.67488027,1.2525252,0.9281419,0.9999999,0.37257504,0.24591213,0.38151276,set_6
2.1508555e-09,1.1642483,1.2658883,1.0797472,9.291294,0.0,0.0,0.099834986,0.67488027,1.3333333,0.91329664,0.9999999,0.36593577,0.25126493,0.38279927,set_6
-3.007567e-07,1.2838101,1.3425833,1.1261647,7.9651628,0.0,0.0,0.099834986,0.67488027,1.5151515,0.88289607,0.9999999,0.34609702,0.2630894,0.39081356,set_6
-2.7246728e-07,1.4782635,1.4414301,1.2003536,6.157433,0.0,0.0,0.099834986,0.67488027,1.8181818,0.84114105,0.9999999,0.2902074,0.28188893,0.42790374,set_6
-1.9043075e-07,1.5556259,1.4694153,1.2291101,5.5745754,0.0,0.0,0.099834986,0.67488027,1.939394,0.82758206,0.9999999,0.25725806,0.28891408,0.45382783,set_6
0.0,0.0,0.112943746,0.67488027,29.212,0.0,0.0,0.112943746,0.67488027,0.0,1.2585858,0.9999999,0.4067446,0.17851895,0.41473645,set_6
7.3752034e-08,0.20175053,0.3496254,0.73147106,25.108904,0.0,0.0,0.112943746,0.67488027,0.16161615,1.2053001,0.9999999,0.40555412,0.18437073,0.41007513,set_6
1.6845965e-07,0.6498077,0.835368,0.88141936,16.756933,0.0,0.0,0.112943746,0.67488027,0.6262626,1.0695461,0.9999999,0.39919913,0.20640129,0.39439955,set_6
-5.7161526e-07,0.8992058,1.0666637,0.97601676,12.809981,0.0,0.0,0.112943746,0.67488027,0.94949496,0.9906513,0.9999999,0.38958755,0.2259554,0.38445702,set_6
-5.67957e-07,0.95713437,1.1158564,0.9985651,11.977537,0.0,0.0,0.112943746,0.67488027,1.030303,0.97284305,0.9999999,0.38602138,0.23122662,0.38275197,set_6
-5.381335e-07,1.2046573,1.3013229,1.0953732,8.82542,0.0,0.0,0.112943746,0.67488027,1.3939394,0.9027964,0.9999999,0.36008635,0.25535867,0.384555,set_6
-5.161868e-07,1.284072,1.3506293,1.1261503,7.9641623,0.0,0.0,0.112943746,0.67488027,1.5151515,0.88289607,0.9999999,0.34602913,0.26319283,0.390778,set_6
-4.9121235e-07,1.3885163,1.407187,1.1661822,6.943491,0.0,0.0,0.112943746,0.67488027,1.6767677,0.85935605,0.9999999,0.32065907,0.27334297,0.40599796,set_6
-4.8828343e-07,1.4273267,1.425787,1.1809194,6.595871,0.0,0.0,0.112943746,0.67488027,1.7373737,0.8512087,0.9999999,0.30868435,0.2770695,0.41424617,set_6
0.0,0.0,0.104164906,0.67488027,29.212,0.0,0.0,0.104164906,0.67488027,0.0,1.2585858,0.9999999,0.4067632,0.17846705,0.41476983,set_6
3.0283482e-07,0.5639812,0.74070793,0.85034513,18.251741,0.0,0.0,0.104164906,0.67488027,0.5252525,1.0968126,0.9999999,0.40114436,0.20087653,0.39797917,set_6
2.8090165e-07,0.73134005,0.9082711,0.91177464,15.399065,0.0,0.0,0.104164906,0.67488027,0.72727275,1.0435159,0.9999999,0.39685774,0.21213569,0.39100656,set_6
2.7654306e-07,0.7784784,0.9529769,0.9296231,14.640816,0.0,0.0,0.104164906,0.67488027,0.78787875,1.028594,0.9999999,0.39518815,0.2157685,0.38904336,set_6
2.679181e-07,0.884297,1.048716,0.9703005,13.019346,0.0,0.0,0.104164906,0.67488027,0.9292929,0.99516433,0.9999999,0.39039508,0.22461697,0.38498795,set_6
2.492011e-07,1.055593,1.1889921,1.0371053,10.64332,0.0,0.0,0.104164906,0.67488027,1.1717172,0.9437715,0.9999999,0.37819424,0.24055125,0.38125455,set_6
2.4194406e-07,1.096905,1.2200093,1.0532688,10.116766,0.0,0.0,0.104164906,0.67488027,1.2323232,0.9319092,0.9999999,0.37407154,0.2445914,0.38133705,set_6
2.1076849e-07,1.4140512,1.4157742,1.176022,6.7011604,0.0,0.0,0.104164906,0.67488027,1.7171717,0.85382307,0.9999999,0.31264967,0.27581984,0.41153052,set_6
2.240138e-07,1.5687898,1.4759092,1.2338837,5.4837966,0.0,0.0,0.104164906,0.67488027,1.959596,0.8255495,0.9999999,0.25103855,0.29006794,0.45889354,set_6
0.0,0.0,0.111649215,0.67488027,29.212,0.0,0.0,0.111649215,0.67488027,0.0,1.2585858,0.9999999,0.40674734,0.17851134,0.4147413,set_6
-4.7872188e-08,0.56416005,0.74666566,0.85034513,18.251678,0.0,0.0,0.111649215,0.67488027,0.5252525,1.0968126,0.9999999,0.40112656,0.20093109,0.3979424,set_6
-4.7473325e-08,0.6162683,0.80003744,0.86909825,17.338785,0.0,0.0,0.111649215,0.67488027,0.5858586,1.0804132,0.9999999,0.40002078,0.2041614,0.39581785,set_6
-4.6349196e-08,0.77873063,0.95843863,0.92962354,14.640692,0.0,0.0,0.111649215,0.67488027,0.78787875,1.028594,0.9999999,0.3951688,0.21582723,0.389004,set_6
-6.528732e-08,1.0140636,1.1614256,1.0207323,11.195083,0.0,0.0,0.111649215,0.67488027,1.111111,0.9558787,0.9999999,0.38180846,0.23658004,0.38161153,set_6
-7.102712e-08,1.055936,1.1938932,1.0371045,10.643234,0.0,0.0,0.111649215,0.67488027,1.1717172,0.9437715,0.9999999,0.37817082,0.2406123,0.3812169,set_6
-8.1140534e-08,1.1380802,1.2543226,1.0692283,9.614119,0.0,0.0,0.111649215,0.67488027,1.2929292,0.92067313,0.9999999,0.36936736,0.24868229,0.38195032,set_6
-8.920067e-08,1.2449781,1.3259579,1.110876,8.383471,0.0,0.0,0.111649215,0.67488027,1.4545455,0.89264935,0.9999999,0.3535012,0.25929818,0.38720062,set_6
-6.384969e-08,1.5434343,1.4719689,1.224342,5.6648307,0.0,0.0,0.111649215,0.67488027,1.919192,0.8296955,0.9999999,0.26300845,0.28787613,0.44911543,set_6
0.0,0.0,0.12259873,0.67479736,15.5798,0.0,0.0,0.12259873,0.67479736,0.0,1.1930486,0.9999999,0.40961188,0.18517716,0.40521103,set_6
-8.8553115e-08,0.25195757,0.4026612,0.74197507,11.987713,0.0,0.0,0.12259873,0.67479736,0.2020202,1.1465398,0.9999999,0.4030937,0.19854406,0.39836225,set_6
5.6776294e-08,0.53831565,0.6871681,0.8253774,8.352066,0.0,0.0,0.12259873,0.67479736,0.46464646,1.0879277,0.9999999,0.38288298,0.21853428,0.39858273,set_6
-5.022398e-08,0.62019825,0.75837374,0.85016537,7.432556,0.0,0.0,0.12259873,0.67479736,0.5454545,1.0702925,0.9999999,0.37179255,0.22476426,0.4034432,set_6
-3.4976694e-07,0.7391045,0.85122603,0.8865919,6.21302,0.0,0.0,0.12259873,0.67479736,0.6666667,1.0442421,0.9999999,0.34799996,0.23383594,0.41816407,set_6
-5.386228e-07,0.9102464,0.96078855,0.9395697,4.712825,0.0,0.0,0.12259873,0.67479736,0.8484848,1.00596,0.9999999,0.28836548,0.24664502,0.46498945,set_6
-5.342946e-07,1.214283,1.0551422,1.0343596,3.0068028,0.0,0.0,0.12259873,0.67479736,1.1919192,0.936392,0.9999999,0.123021305,0.25839046,0.6185882,set_6
-4.8762126e-07,1.3865983,1.0521896,1.0921516,2.5285976,0.0,0.0,0.12259873,0.67479736,1.4141414,0.8932359,0.9999999,0.06127804,0.25016502,0.68855697,set_6
-4.452568e-07,1.4653548,1.0422574,1.1225358,2.3617933,0.0,0.0,0.12259873,0.67479736,1.5353535,0.87033665,0.9999999,0.042881202,0.24324024,0.7138786,set_6
0.0,0.0,0.11212045,0.67479736,15.5798,0.0,0.0,0.11212045,0.67479736,0.0,1.1930486,0.9999999,0.4096458,0.18507887,0.40527537,set_6
-7.575394e-08,0.10502555,0.23221552,0.7019894,14.042892,0.0,0.0,0.11212045,0.67479736,0.08080807,1.1743225,0.9999999,0.40762123,0.19012628,0.40225255,set_6
-2.0441709e-07,0.34383196,0.48935708,0.7681032,10.760973,0.0,0.0,0.11212045,0.67479736,0.28282827,1.1282976,0.9999999,0.39881018,0.20438446,0.39680535,set_6
-1.7229388e-07,0.43213513,0.5773671,0.7938143,9.638223,0.0,0.0,0.11212045,0.67479736,0.36363634,1.11023,0.9999999,0.39303878,0.21054173,0.3964194,set_6
7.645755e-08,0.9593872,0.98303634,0.956795,4.286189,0.0,0.0,0.11212045,0.67479736,0.9090909,0.993415,0.9999999,0.2602252,0.2504006,0.4893742,set_6
2.5873014e-08,1.0901527,1.0263629,0.9961518,3.5407708,0.0,0.0,0.11212045,0.67479736,1.0505049,0.96460396,0.9999999,0.18955028,0.25719652,0.5532532,set_6
-3.6532178e-08,1.1830713,1.041511,1.0235615,3.1609697,0.0,0.0,0.11212045,0.67479736,1.1515151,0.9443856,0.9999999,0.14247034,0.2589143,0.59861535,set_6
-9.041407e-08,1.2550889,1.0459554,1.0450743,2.931778,0.0,0.0,0.11212045,0.67479736,1.2323232,0.9284182,0.9999999,0.11160084,0.25819793,0.63020116,set_6
-1.8989844e-07,1.6686299,0.9892917,1.2136708,2.0674753,0.0,0.0,0.11212045,0.67479736,1.919192,0.8007198,0.9999999,0.016759181,0.22180279,0.7614381,set_6
0.0,0.0,0.11574114,0.67479736,15.5798,0.0,0.0,0.11574114,0.67479736,0.0,1.1930486,0.9999999,0.40963408,0.18511283,0.40525305,set_6
-1.2233568e-07,0.7202359,0.8277178,0.8805921,6.4342422,0.0,0.0,0.11574114,0.67479736,0.64646465,1.0485419,0.9999999,0.35332814,0.23216112,0.41451082,set_6
-1.9742214e-07,0.89107746,0.9436618,0.93379605,4.873958,0.0,0.0,0.11574114,0.67479736,0.8282828,1.010151,0.9999999,0.29741406,0.24515468,0.45743126,set_6
-1.5828897e-07,1.1289303,1.0359734,1.007194,3.377757,0.0,0.0,0.11574114,0.67479736,1.090909,0.9564893,0.9999999,0.1699648,0.25829837,0.5717368,set_6
-4.1964036e-08,1.2978969,1.0521417,1.0609673,2.7592385,0.0,0.0,0.11574114,0.67479736,1.2929292,0.916601,0.9999999,0.08996621,0.25587973,0.65415406,set_6
-6.32624e-08,1.3716022,1.0494287,1.0870076,2.5591142,0.0,0.0,0.11574114,0.67479736,1.3939394,0.8971165,0.9999999,0.065126,0.25114495,0.68372905,set_6
-9.798047e-08,1.4380147,1.0426255,1.1124928,2.4049084,0.0,0.0,0.11574114,0.67479736,1.4949495,0.8779383,0.9999999,0.04784068,0.24534479,0.7068146,set_6
-6.9848355e-08,1.5937319,1.0104282,1.1809691,2.140891,0.0,0.0,0.11574114,0.67479736,1.7777778,0.82588047,0.9999999,0.022869634,0.22900456,0.7481258,set_6
6.3115166e-09,1.6803658,0.98432326,1.2273656,2.024799,0.0,0.0,0.11574114,0.67479736,1.979798,0.7901616,0.9999999,0.014499869,0.21798155,0.7675186,set_6
0.0,0.0,0.1372058,0.67479736,15.5798,0.0,0.0,0.1372058,0.67479736,0.0,1.1930486,0.9999999,0.40956458,0.1853142,0.4051212,set_6
-7.966633e-08,0.20445079,0.3651036,0.7287523,12.642074,0.0,0.0,0.1372058,0.67479736,0.16161615,1.1557541,0.9999999,0.40476945,0.19582911,0.3994014,set_6
-1.505408e-07,0.7203249,0.84757704,0.8805861,6.4077296,0.0,0.0,0.1372058,0.67479736,0.64646465,1.0485419,0.9999999,0.35267544,0.23248895,0.41483563,set_6
-1.8477806e-07,0.89248073,0.960673,0.9337891,4.8629,0.0,0.0,0.1372058,0.67479736,0.8282828,1.010151,0.9999999,0.2966626,0.24542427,0.4579132,set_6
-2.3801536e-07,0.94821334,0.9898723,0.9510868,4.437434,0.0,0.0,0.1372058,0.67479736,0.8888889,0.99760306,0.9999999,0.27046496,0.2494042,0.48013076,set_6
5.8159344e-08,1.3286014,1.0655439,1.0714467,2.6700437,0.0,0.0,0.1372058,0.67479736,1.3333333,0.9087512,0.9999999,0.078393206,0.25414097,0.66746575,set_6
6.811494e-08,1.4405001,1.054868,1.1124861,2.412113,0.0,0.0,0.1372058,0.67479736,1.4949495,0.8779383,0.9999999,0.047983203,0.2456006,0.70641625,set_6
1.00326226e-07,1.6314118,1.0131687,1.1997738,2.0817575,0.0,0.0,0.1372058,0.67479736,1.8585858,0.8114377,0.9999999,0.0185802,0.22392972,0.75749016,set_6
1.363779e-07,1.6720383,1.0004776,1.2228196,2.0212998,0.0,0.0,0.1372058,0.67479736,1.959596,0.79367083,0.9999999,0.014712856,0.21811534,0.7671718,set_6
0.0,0.0,0.11653744,0.67479736,15.5798,0.0,0.0,0.11653744,0.67479736,0.0,1.1930486,0.9999999,0.4096315,0.18512031,0.4052482,set_6
-3.446042e-08,0.517472,0.6614466,0.81911576,8.609664,0.0,0.0,0.11653744,0.67479736,0.44444442,1.0923495,0.9999999,0.38532218,0.21684785,0.39782998,set_6
-9.040229e-08,0.8763313,0.93468416,0.9279763,5.017748,0.0,0.0,0.11653744,0.67479736,0.8080808,1.0143703,0.9999999,0.30479655,0.24387747,0.45132592,set_6
5.0300542e-08,1.0371113,1.0181282,0.9794261,3.7981205,0.0,0.0,0.11653744,0.67479736,0.989899,0.976893,0.9999999,0.21763462,0.2549349,0.52743053,set_6
8.94968e-08,1.1923622,1.0548861,1.0289677,3.0252318,0.0,0.0,0.11653744,0.67479736,1.1717172,0.94039065,0.9999999,0.12718731,0.25807464,0.61473805,set_6
6.216077e-08,1.426917,1.0460387,1.1124846,2.3775654,0.0,0.0,0.11653744,0.67479736,1.4949495,0.8779383,0.9999999,0.046392772,0.24425322,0.709354,set_6
3.6437076e-08,1.5279753,1.0229193,1.1521348,2.255683,0.0,0.0,0.11653744,0.67479736,1.6565657,0.84789056,0.9999999,0.031906996,0.23702459,0.73106843,set_6
4.7846846e-08,1.6103191,1.0022881,1.1904175,2.1403186,0.0,0.0,0.11653744,0.67479736,1.8181818,0.81861,0.9999999,0.021700196,0.22821309,0.7500867,set_6
-2.1238364e-08,1.6535776,0.9901984,1.2136675,2.0736482,0.0,0.0,0.11653744,0.67479736,1.919192,0.8007198,0.9999999,0.017068988,0.22229691,0.7606341,set_6
0.0,0.0,0.12439487,0.67479736,15.5798,0.0,0.0,0.12439487,0.67479736,0.0,1.1930486,0.9999999,0.40960604,0.185194,0.40519992,set_6
-1.0422239e-07,0.43249163,0.5876585,0.7938122,9.639494,0.0,0.0,0.12439487,0.67479736,0.36363634,1.11023,0.9999999,0.39299372,0.21066716,0.39633915,set_6
-1.1024369e-07,0.5599013,0.7060014,0.83160615,8.123198,0.0,0.0,0.12439487,0.67479736,0.48484847,1.0835073,0.9999999,0.38046682,0.22009306,0.3994401,set_6
-1.13748094e-07,0.89108574,0.9533988,0.9337856,4.846913,0.0,0.0,0.12439487,0.67479736,0.8282828,1.010151,0.9999999,0.29608354,0.2453531,0.4585633,set_6
-1.3160917e-07,1.0548489,1.0264677,0.9850312,3.7174032,0.0,0.0,0.12439487,0.67479736,1.010101,0.97276616,0.9999999,0.20887752,0.25583792,0.5352845,set_6
-1.8444351e-07,1.2867808,1.0609971,1.0609733,2.728425,0.0,0.0,0.12439487,0.67479736,1.2929292,0.916601,0.9999999,0.08746398,0.2551469,0.6573891,set_6
-9.793395e-08,1.4699109,1.0361978,1.1225342,2.419764,0.0,0.0,0.12439487,0.67479736,1.5353535,0.87033665,0.9999999,0.04623854,0.24567355,0.7080879,set_6
-7.132817e-08,1.5540495,1.0202488,1.1569947,2.2825913,0.0,0.0,0.12439487,0.67479736,1.6767677,0.8441995,0.9999999,0.032009803,0.23794724,0.73004293,set_6
-1.425291e-07,1.6050617,1.0089315,1.1809721,2.1960528,0.0,0.0,0.12439487,0.67479736,1.7777778,0.82588047,0.9999999,0.024694238,0.23186307,0.74344265,set_6
0.0,0.0,0.12304133,0.67479736,15.5798,0.0,0.0,0.12304133,0.67479736,0.0,1.1930486,0.9999999,0.40961042,0.18518125,0.4052083,set_6
-1.8547638e-08,0.43245396,0.58650434,0.7938122,9.639505,0.0,0.0,0.12304133,0.67479736,0.36363634,1.11023,0.9999999,0.39299935,0.2106528,0.39634785,set_6
-6.891177e-08,0.60105217,0.74093103,0.8440002,7.6601067,0.0,0.0,0.12304133,0.67479736,0.5252525,1.0746689,0.9999999,0.37491956,0.22321206,0.40186834,set_6
4.3588138e-08,0.92780566,0.97230273,0.9453416,4.5596266,0.0,0.0,0.12304133,0.67479736,0.86868685,1.0017823,0.9999999,0.27902728,0.24801092,0.4729618,set_6
1.7362506e-08,1.0892934,1.0362381,0.9961585,3.520768,0.0,0.0,0.12304133,0.67479736,1.0505049,0.96460396,0.9999999,0.18756418,0.25725567,0.55518013,set_6
-1.0477386e-08,1.3347027,1.0568228,1.076664,2.6204894,0.0,0.0,0.12304133,0.67479736,1.3535353,0.90486825,0.9999999,0.073167235,0.25285327,0.67397946,set_6
1.6932253e-07,1.4417038,1.0408059,1.1124946,2.4555502,0.0,0.0,0.12304133,0.67479736,1.4949495,0.8779383,0.9999999,0.05092802,0.24734159,0.7017304,set_6
2.3627479e-07,1.4832988,1.0327731,1.1275213,2.4016826,0.0,0.0,0.12304133,0.67479736,1.5555555,0.8665767,0.9999999,0.044039086,0.24476841,0.7111925,set_6
2.4652144e-07,1.5539687,1.0194887,1.1569945,2.28233,0.0,0.0,0.12304133,0.67479736,1.6767677,0.8441995,0.9999999,0.03201082,0.23793966,0.73004955,set_6
0.0,0.0,0.13122346,0.67479736,15.5798,0.0,0.0,0.13122346,0.67479736,0.0,1.1930486,0.9999999,0.40958405,0.18525806,0.40515795,set_6
-7.343388e-07,0.580094,0.72892267,0.83781517,7.89529,0.0,0.0,0.13122346,0.67479736,0.5050505,1.0790758,0.9999999,0.37782526,0.22170016,0.4004746,set_6
-7.25206e-07,0.659097,0.7972981,0.86240286,7.0094795,0.0,0.0,0.13122346,0.67479736,0.5858586,1.0615716,0.9999999,0.36497706,0.22788285,0.40714005,set_6
-6.9748035e-07,0.77160096,0.8865909,0.8985361,5.831853,0.0,0.0,0.13122346,0.67479736,0.7070707,1.0356324,0.9999999,0.33723924,0.23682904,0.42593178,set_6
-6.9718965e-07,1.0189309,1.014298,0.97380525,3.9663482,0.0,0.0,0.13122346,0.67479736,0.96969694,0.981012,0.9999999,0.23253188,0.25392872,0.5135394,set_6
-8.017043e-07,1.4232899,1.0518861,1.0972593,2.5397472,0.0,0.0,0.13122346,0.67479736,1.4343435,0.8893907,0.9999999,0.059935413,0.2505531,0.6895115,set_6
-8.354931e-07,1.487693,1.0439941,1.1225228,2.3978708,0.0,0.0,0.13122346,0.67479736,1.5353535,0.87033665,0.9999999,0.04440549,0.24468993,0.7109046,set_6
-6.348433e-07,1.6730232,1.0010624,1.2090538,2.0954144,0.0,0.0,0.13122346,0.67479736,1.8989899,0.80428916,0.9999999,0.017771957,0.22363655,0.7585915,set_6
-6.1407474e-07,1.6971741,0.99353766,1.2228202,2.0599144,0.0,0.0,0.13122346,0.67479736,1.959596,0.79367083,0.9999999,0.015473677,0.22018561,0.7643407,set_6
0.0,0.0,0.13606718,0.67479736,15.5798,0.0,0.0,0.13606718,0.67479736,0.0,1.1930486,0.9999999,0.40956825,0.18530351,0.40512824,set_6
-6.4858163e-10,0.105179824,0.2552492,0.7019894,14.042841,0.0,0.0,0.13606718,0.67479736,0.08080807,1.1743225,0.9999999,0.40754047,0.19035934,0.40210015,set_6
5.568221e-09,0.18012065,0.33780015,0.7221018,12.980003,0.0,0.0,0.13606718,0.67479736,0.14141414,1.1603595,0.9999999,0.40554518,0.19441919,0.4000356,set_6
2.547059e-08,0.27559757,0.4396928,0.74854624,11.6699095,0.0,0.0,0.13606718,0.67479736,0.22222221,1.141945,0.9999999,0.40207663,0.20014663,0.39777675,set_6
-6.0410166e-08,0.47578785,0.6386188,0.80651486,9.112343,0.0,0.0,0.13606718,0.67479736,0.4040404,1.1012572,0.9999999,0.3893609,0.21392134,0.39671773,set_6
-1.5362896e-07,0.979324,1.0077531,0.96248853,4.1634216,0.0,0.0,0.13606718,0.67479736,0.9292929,0.9892581,0.9999999,0.2501775,0.25182664,0.49799588,set_6
-2.6447086e-07,1.6182606,1.0171846,1.1857107,2.1508756,0.0,0.0,0.13606718,0.67479736,1.7979797,0.8222419,0.9999999,0.022289034,0.22893588,0.7487751,set_6
-1.8130095e-07,1.6453135,1.0096892,1.1997867,2.109527,0.0,0.0,0.13606718,0.67479736,1.8585858,0.8114377,0.9999999,0.019275233,0.2253928,0.755332,set_6
-1.2362338e-07,1.6784763,0.99968183,1.2182649,2.0595138,0.0,0.0,0.13606718,0.67479736,1.939394,0.7971853,0.9999999,0.015967464,0.22071333,0.76331925,set_6
0.0,0.0,0.12603322,0.67479736,15.5798,0.0,0.0,0.12603322,0.67479736,0.0,1.1930486,0.9999999,0.40960073,0.18520935,0.40518984,set_6
-1.8762408e-07,0.29859126,0.45464134,0.7550913,11.361682,0.0,0.0,0.12603322,0.67479736,0.24242423,1.137383,0.9999999,0.40107855,0.20151873,0.3974027,set_6
-2.2152007e-07,0.7000824,0.82576287,0.87454945,6.5910735,0.0,0.0,0.12603322,0.67479736,0.6262626,1.0528564,0.9999999,0.3569005,0.23092587,0.4121736,set_6
-1.7905352e-07,0.7777376,0.8819599,0.8985419,5.8403945,0.0,0.0,0.12603322,0.67479736,0.7070707,1.0356324,0.9999999,0.33740142,0.23683065,0.42576793,set_6
-1.5031789e-07,0.94712627,0.9819535,0.95108867,4.436969,0.0,0.0,0.12603322,0.67479736,0.8888889,0.99760306,0.9999999,0.27060017,0.24928842,0.48011145,set_6
-2.1114002e-07,1.1967291,1.0551056,1.0289818,3.074053,0.0,0.0,0.12603322,0.67479736,1.1717172,0.94039065,0.9999999,0.13167082,0.2586903,0.60963887,set_6
-1.09522e-07,1.3586745,1.0561888,1.081851,2.6000707,0.0,0.0,0.12603322,0.67479736,1.3737373,0.90099496,0.9999999,0.06962494,0.252371,0.678004,set_6
-6.216778e-08,1.5145041,1.0351112,1.1423603,2.281156,0.0,0.0,0.12603322,0.67479736,1.6161616,0.8553099,0.9999999,0.034581143,0.23871233,0.7267065,set_6
-1.7035534e-07,1.6739267,0.9939046,1.2228289,2.0251992,0.0,0.0,0.12603322,0.67479736,1.959596,0.79367083,0.9999999,0.014843562,0.21839948,0.7667569,set_6
0.0,0.0,0.13449273,0.6748914,15.5798,0.0,0.0,0.13449273,0.6748914,0.0,1.2520337,0.9999999,0.40968227,0.184952,0.40536577,set_6
-4.8234256e-08,0.42223242,0.58693033,0.7911074,9.758701,0.0,0.0,0.13449273,0.6748914,0.34343433,1.1325369,0.9999999,0.39386362,0.2097187,0.39641762,set_6
-1.4776519e-07,0.61929935,0.75917995,0.8482562,7.531185,0.0,0.0,0.13449273,0.6748914,0.5252525,1.0787592,0.9999999,0.3732753,0.22401154,0.40271312,set_6
-6.7464995e-08,0.8671497,0.94808805,0.92622674,5.0359473,0.0,0.0,0.13449273,0.6748914,0.78787875,1.0129898,0.9999999,0.30632052,0.24341215,0.45026737,set_6
1.0503432e-07,1.0380088,1.0385058,0.98311126,3.694303,0.0,0.0,0.13449273,0.6748914,0.989899,0.9716224,0.9999999,0.20861167,0.25530162,0.53608674,set_6
7.58778e-08,1.141531,1.0638989,1.0162089,3.1648886,0.0,0.0,0.13449273,0.6748914,1.111111,0.95056766,0.9999999,0.14691801,0.25792715,0.5951549,set_6
5.1695572e-08,1.3614668,1.0650885,1.0910316,2.4869394,0.0,0.0,0.13449273,0.6748914,1.3939394,0.9133167,0.9999999,0.059819974,0.24854273,0.6916373,set_6
9.3649845e-08,1.4639319,1.0449971,1.1275169,2.3531961,0.0,0.0,0.13449273,0.6748914,1.5353535,0.90049773,0.9999999,0.04236657,0.24252506,0.71510834,set_6
9.26379e-08,1.6041267,1.0127033,1.1891063,2.1477334,0.0,0.0,0.13449273,0.6748914,1.7777778,0.88817024,0.9999999,0.022933228,0.22859067,0.74847615,set_6
0.0,0.0,0.13275822,0.6748914,15.5798,0.0,0.0,0.13275822,0.6748914,0.0,1.2520337,0.9999999,0.4096879,0.1849357,0.40537637,set_6
-2.1334867e-07,0.4441518,0.60665864,0.79758096,9.486156,0.0,0.0,0.13275822,0.6748914,0.36363634,1.1263376,0.9999999,0.39218032,0.21128382,0.39653584,set_6
-2.1490679e-07,0.71463746,0.8410056,0.8787991,6.4576216,0.0,0.0,0.13275822,0.6748914,0.6262626,1.0517689,0.9999999,0.3542111,0.23171984,0.41406906,set_6
-2.33039e-07,0.8471248,0.9343988,0.92039233,5.202066,0.0,0.0,0.13275822,0.6748914,0.7676768,1.0175703,0.9999999,0.31402144,0.24194074,0.4440378,set_6
-2.670092e-07,0.9918903,1.010984,0.9663494,4.0801787,0.0,0.0,0.13275822,0.6748914,0.9292929,0.98301697,0.9999999,0.24400102,0.25231478,0.5036842,set_6
-2.724651e-07,1.0459592,1.0309126,0.98319,3.7468336,0.0,0.0,0.13275822,0.6748914,0.989899,0.9716224,0.9999999,0.2127929,0.25532714,0.5318799,set_6
-2.1518159e-07,1.4211383,1.0514089,1.1067858,2.4636889,0.0,0.0,0.13275822,0.6748914,1.4545455,0.9073568,0.9999999,0.053744722,0.2475414,0.69871384,set_6
-2.0314982e-07,1.4921483,1.0379963,1.1326864,2.365942,0.0,0.0,0.13275822,0.6748914,1.5555555,0.8991031,0.9999999,0.041729823,0.2428253,0.7154448,set_6
-2.3290387e-07,1.6257877,1.008955,1.1941824,2.138045,0.0,0.0,0.13275822,0.6748914,1.7979797,0.887582,0.9999999,0.021849163,0.22754292,0.7506079,set_6
0.0,0.0,0.11934849,0.6748914,15.5798,0.0,0.0,0.11934849,0.6748914,0.0,1.2520337,0.9999999,0.4097312,0.18481013,0.40545872,set_6
-1.4981566e-08,0.30807778,0.45928964,0.75812453,11.225212,0.0,0.0,0.11934849,0.6748914,0.24242423,1.1652253,0.9999999,0.40077397,0.20175023,0.39747584,set_6
-1.3367479e-07,0.8077068,0.89860785,0.9086903,5.545799,0.0,0.0,0.11934849,0.6748914,0.72727275,1.026815,0.9999999,0.32792017,0.23888476,0.43319508,set_6
-1.3868637e-07,0.9565375,0.9827257,0.95504975,4.350554,0.0,0.0,0.11934849,0.6748914,0.8888889,0.9912881,0.9999999,0.26521543,0.24975319,0.48503146,set_6
-5.7965266e-08,1.1530308,1.0451101,1.0163134,3.2369351,0.0,0.0,0.11934849,0.6748914,1.111111,0.95056766,0.9999999,0.15384191,0.25841653,0.58774155,set_6
-1.5260008e-07,1.2881095,1.0554205,1.0594695,2.763977,0.0,0.0,0.11934849,0.6748914,1.2727273,0.9274209,0.9999999,0.09195277,0.25569028,0.652357,set_6
-3.8193133e-07,1.5342096,1.0272429,1.1534348,2.2276304,0.0,0.0,0.11934849,0.6748914,1.6363636,0.89387196,0.9999999,0.031158084,0.23536766,0.73347425,set_6
-3.603293e-07,1.5775944,1.0172752,1.1739196,2.1548204,0.0,0.0,0.11934849,0.6748914,1.7171717,0.89000416,0.9999999,0.025144696,0.23020934,0.74464595,set_6
4.591928e-08,1.7042774,0.9792334,1.2451863,1.9613633,0.0,0.0,0.11934849,0.6748914,2.0,0.88692844,0.9999999,0.012593153,0.21253605,0.7748708,set_6
0.0,0.0,0.12532763,0.6748914,15.5798,0.0,0.0,0.12532763,0.6748914,0.0,1.2520337,0.9999999,0.40971196,0.18486612,0.40542203,set_6
1.5649935e-07,0.5714187,0.7177667,0.83575106,7.9768434,0.0,0.0,0.12532763,0.6748914,0.48484847,1.0903087,0.9999999,0.37905958,0.22073221,0.4002082,set_6
1.1790755e-07,0.8877958,0.946448,0.93199587,4.929882,0.0,0.0,0.12532763,0.6748914,0.8080808,1.0083447,0.9999999,0.30066997,0.24453643,0.4547936,set_6
1.6356111e-08,1.1030395,1.0440736,0.9998459,3.4372,0.0,0.0,0.12532763,0.6748914,1.0505049,0.96073323,0.9999999,0.1791865,0.25738254,0.56343096,set_6
4.0072475e-08,1.3290882,1.0648261,1.0753775,2.5804136,0.0,0.0,0.12532763,0.6748914,1.3333333,0.91985846,0.9999999,0.07118969,0.251469,0.67734134,set_6
4.318806e-08,1.3717346,1.0614051,1.0911716,2.47407,0.0,0.0,0.12532763,0.6748914,1.3939394,0.9133167,0.9999999,0.058711577,0.24809347,0.6931949,set_6
1.7519119e-08,1.4396012,1.0515413,1.1172463,2.339898,0.0,0.0,0.12532763,0.6748914,1.4949495,0.9038296,0.9999999,0.043779075,0.24233717,0.71388376,set_6
-7.384511e-08,1.5279301,1.0319387,1.1533304,2.2165277,0.0,0.0,0.12532763,0.6748914,1.6363636,0.89387196,0.9999999,0.03070867,0.23483133,0.73446006,set_6
-1.9787673e-07,1.6781875,0.98931426,1.2298428,2.0090487,0.0,0.0,0.12532763,0.6748914,1.939394,0.88621306,0.9999999,0.014802919,0.2169627,0.76823443,set_6
0.0,0.0,0.12062701,0.6748914,15.5798,0.0,0.0,0.12062701,0.6748914,0.0,1.2520337,0.9999999,0.409727,0.18482211,0.4054509,set_6
-3.073904e-08,0.08281307,0.21552138,0.69626874,14.36171,0.0,0.0,0.12062701,0.6748914,0.06060606,1.2294796,0.9999999,0.40820536,0.18873703,0.4030576,set_6
-6.0304586e-08,0.1613081,0.3039539,0.7172593,13.230974,0.0,0.0,0.12062701,0.6748914,0.12121212,1.2070858,0.9999999,0.40626118,0.19289869,0.40084016,set_6
-1.4924403e-07,0.5292227,0.67900956,0.82319206,8.437752,0.0,0.0,0.12062701,0.6748914,0.44444442,1.1018846,0.9999999,0.38396567,0.21758603,0.3984483,set_6
-4.9574297e-08,0.6327232,0.76576686,0.85442185,7.304058,0.0,0.0,0.12062701,0.6748914,0.5454545,1.0732687,0.9999999,0.3701113,0.22536503,0.40452373,set_6
2.0959153e-08,0.73216736,0.84198713,0.8848593,6.2972326,0.0,0.0,0.12062701,0.6748914,0.64646465,1.046689,0.9999999,0.35039118,0.2329278,0.41668102,set_6
-7.674686e-08,0.90234387,0.9544083,0.9378355,4.772143,0.0,0.0,0.12062701,0.6748914,0.8282828,1.0038979,0.9999999,0.29231328,0.24583669,0.46185,set_6
6.216847e-08,1.2077779,1.0522326,1.032596,3.0368419,0.0,0.0,0.12062701,0.6748914,1.1717172,0.94137883,0.9999999,0.12765545,0.25835156,0.613993,set_6
5.4307677e-08,1.5768394,1.018537,1.1738276,2.151078,0.0,0.0,0.12062701,0.6748914,1.7171717,0.89000416,0.9999999,0.02500139,0.23000921,0.7449894,set_6
0.0,0.0,0.12501493,0.6748914,15.5798,0.0,0.0,0.12501493,0.6748914,0.0,1.2520337,0.9999999,0.4097129,0.18486318,0.40542397,set_6
-5.662751e-07,0.6530647,0.7856115,0.86056596,7.0901775,0.0,0.0,0.12501493,0.6748914,0.56565654,1.0678818,0.9999999,0.36664066,0.22695439,0.4064049,set_6
-5.6203066e-07,0.71232045,0.83262914,0.8788258,6.475484,0.0,0.0,0.12501493,0.6748914,0.6262626,1.0517689,0.9999999,0.3546305,0.2315341,0.4138354,set_6
-5.6517507e-07,0.92159355,0.96753216,0.9435783,4.6291895,0.0,0.0,0.12501493,0.6748914,0.8484848,0.99963874,0.9999999,0.2837599,0.24722517,0.46901488,set_6
-5.580584e-07,0.97737765,0.99394405,0.9606954,4.233575,0.0,0.0,0.12501493,0.6748914,0.9090909,0.9870488,0.9999999,0.25610042,0.2510276,0.49287194,set_6
-4.7535778e-07,1.3808538,1.0568736,1.091145,2.5120478,0.0,0.0,0.12501493,0.6748914,1.3939394,0.9133167,0.9999999,0.061234243,0.2494094,0.6893564,set_6
-4.7143612e-07,1.4355173,1.0503126,1.112032,2.3932838,0.0,0.0,0.12501493,0.6748914,1.4747474,0.90561295,0.9999999,0.0479665,0.2446892,0.7073443,set_6
-4.497057e-07,1.5458697,1.0292464,1.158459,2.2005534,0.0,0.0,0.12501493,0.6748914,1.6565657,0.89288557,0.9999999,0.029105853,0.23365052,0.73724365,set_6
-4.346144e-07,1.6091037,1.0132251,1.1891246,2.103138,0.0,0.0,0.12501493,0.6748914,1.7777778,0.88817024,0.9999999,0.02136431,0.22613004,0.75250566,set_6
0.0,0.0,0.12921152,0.6748914,15.5798,0.0,0.0,0.12921152,0.6748914,0.0,1.2520337,0.9999999,0.40969938,0.18490253,0.4053981,set_6
1.7343054e-07,0.50883216,0.6645981,0.8168615,8.702978,0.0,0.0,0.12921152,0.6748914,0.4242424,1.107786,0.9999999,0.38630962,0.21602724,0.39766315,set_6
2.0721552e-07,0.61336493,0.75670236,0.8482602,7.515381,0.0,0.0,0.12921152,0.6748914,0.5252525,1.0787592,0.9999999,0.37317762,0.22394392,0.40287852,set_6
1.4327887e-07,0.84773153,0.93117034,0.920422,5.2067995,0.0,0.0,0.12921152,0.6748914,0.7676768,1.0175703,0.9999999,0.31421772,0.24189499,0.4438873,set_6
-1.3188871e-07,1.2611859,1.0671697,1.0540359,2.764542,0.0,0.0,0.12921152,0.6748914,1.2525252,0.92997265,0.9999999,0.09405136,0.25542295,0.6505257,set_6
-2.011856e-07,1.4423796,1.0459248,1.117151,2.404479,0.0,0.0,0.12921152,0.6748914,1.4949495,0.9038296,0.9999999,0.047627985,0.24501525,0.70735675,set_6
-2.2214903e-07,1.5922718,1.0117524,1.1788768,2.208535,0.0,0.0,0.12921152,0.6748914,1.7373737,0.88928264,0.9999999,0.026465576,0.23259988,0.7409345,set_6
-2.0859011e-07,1.6228579,1.0042214,1.1941844,2.1582751,0.0,0.0,0.12921152,0.6748914,1.7979797,0.887582,0.9999999,0.022623237,0.22870468,0.74867207,set_6
-3.0131608e-07,1.6957436,0.98307973,1.2349108,2.044517,0.0,0.0,0.12921152,0.6748914,1.959596,0.8864499,0.9999999,0.015184201,0.21845031,0.76636547,set_6
0.0,0.0,0.13043755,0.6748914,15.5798,0.0,0.0,0.13043755,0.6748914,0.0,1.2520337,0.9999999,0.40969542,0.18491396,0.40539062,set_6
-3.959453e-07,0.6332027,0.773921,0.8544599,7.30025,0.0,0.0,0.13043755,0.6748914,0.5454545,1.0732687,0.9999999,0.37000802,0.2254857,0.40450627,set_6
-4.431401e-07,0.7123272,0.8372317,0.87886214,6.4714837,0.0,0.0,0.13043755,0.6748914,0.6262626,1.0517689,0.9999999,0.3545222,0.23160458,0.4138732,set_6
-5.492885e-07,0.80832326,0.90540695,0.90869397,5.556889,0.0,0.0,0.13043755,0.6748914,0.72727275,1.026815,0.9999999,0.3281688,0.23895198,0.43287918,set_6
-5.560556e-07,0.9402836,0.98030776,0.9493318,4.4949837,0.0,0.0,0.13043755,0.6748914,0.86868685,0.9954684,0.9999999,0.275002,0.24856898,0.47642896,set_6
-2.4501674e-07,1.088798,1.0367228,0.99436235,3.5780933,0.0,0.0,0.13043755,0.6748914,1.030303,0.9641727,0.9999999,0.19397661,0.25693202,0.54909134,set_6
-8.1779916e-08,1.1431618,1.0499656,1.0109024,3.3117568,0.0,0.0,0.13043755,0.6748914,1.090909,0.9539924,0.9999999,0.1627394,0.25836024,0.57890034,set_6
1.3646078e-07,1.2952667,1.0648324,1.0595175,2.7478309,0.0,0.0,0.13043755,0.6748914,1.2727273,0.9274209,0.9999999,0.0900432,0.2554036,0.6545532,set_6
1.9364354e-07,1.6215112,1.0136788,1.1942772,2.0881076,0.0,0.0,0.13043755,0.6748914,1.7979797,0.887582,0.9999999,0.020240953,0.22479965,0.7549594,set_6
0.0,0.0,0.13437338,0.6748914,15.5798,0.0,0.0,0.13437338,0.6748914,0.0,1.2520337,0.9999999,0.40968263,0.18495086,0.40536645,set_6
-4.0500737e-08,0.08288279,0.22885218,0.69626874,14.361688,0.0,0.0,0.13437338,0.6748914,0.06060606,1.2294796,0.9999999,0.40815955,0.18886958,0.40297082,set_6
-1.9706705e-07,0.23624751,0.39926776,0.73787403,12.177711,0.0,0.0,0.13437338,0.6748914,0.18181817,1.1859499,0.9999999,0.40374836,0.19741933,0.3988323,set_6
3.6813975e-07,0.6934632,0.82320225,0.8727758,6.6868854,0.0,0.0,0.13437338,0.6748914,0.60606056,1.0570462,0.9999999,0.35905993,0.2300739,0.4108661,set_6
3.175184e-07,1.1214813,1.0476922,1.0053474,3.4027748,0.0,0.0,0.13437338,0.6748914,1.070707,0.9573727,0.9999999,0.17368382,0.25802046,0.5682957,set_6
2.8518184e-07,1.2256675,1.0625482,1.0379925,2.9770966,0.0,0.0,0.13437338,0.6748914,1.1919192,0.9383982,0.9999999,0.119459055,0.25813755,0.6224034,set_6
8.9466994e-08,1.4734082,1.0484357,1.1275836,2.3287466,0.0,0.0,0.13437338,0.6748914,1.5353535,0.90049773,0.9999999,0.04075377,0.24141532,0.7178309,set_6
1.4718847e-07,1.5216756,1.0390015,1.148202,2.243579,0.0,0.0,0.13437338,0.6748914,1.6161616,0.8950065,0.9999999,0.032615732,0.23641491,0.73096937,set_6
5.5144e-07,1.6555525,1.003452,1.2145894,2.0424929,0.0,0.0,0.13437338,0.6748914,1.8787879,0.8864278,0.9999999,0.016889278,0.22033344,0.76277727,set_6
0.0,0.0,0.12368013,0.6748914,15.5798,0.0,0.0,0.12368013,0.6748914,0.0,1.2520337,0.9999999,0.40971714,0.18485072,0.4054321,set_6
1.1954267e-08,0.08282848,0.2184821,0.69626874,14.361705,0.0,0.0,0.12368013,0.6748914,0.06060606,1.2294796,0.9999999,0.40819508,0.18876652,0.40303838,set_6
-1.3361303e-07,0.44346634,0.60143924,0.7975867,9.466339,0.0,0.0,0.12368013,0.6748914,0.36363634,1.1263376,0.9999999,0.3921194,0.21125622,0.3966244,set_6
-1.1992302e-07,0.61259234,0.75173193,0.8482638,7.519803,0.0,0.0,0.12368013,0.6748914,0.5252525,1.0787592,0.9999999,0.37326375,0.22385949,0.4028767,set_6
-1.0950563e-07,1.0672975,1.0273699,0.98879623,3.6699543,0.0,0.0,0.12368013,0.6748914,1.010101,0.9677899,0.9999999,0.20432712,0.25610062,0.53957224,set_6
-1.8038008e-07,1.156501,1.0479832,1.0163461,3.238103,0.0,0.0,0.12368013,0.6748914,1.111111,0.95056766,0.9999999,0.153734,0.25849187,0.5877741,set_6
-2.4442647e-07,1.3517369,1.0566118,1.0806739,2.5950823,0.0,0.0,0.12368013,0.6748914,1.3535353,0.9176466,0.9999999,0.07060599,0.25199685,0.67739713,set_6
-3.0342628e-07,1.5106593,1.0354292,1.1430998,2.26124,0.0,0.0,0.12368013,0.6748914,1.5959595,0.89637804,0.9999999,0.034420304,0.23758972,0.72799,set_6
-3.3702824e-07,1.5558013,1.0257331,1.1636314,2.1832294,0.0,0.0,0.12368013,0.6748914,1.6767677,0.8919485,0.9999999,0.027651882,0.23242551,0.7399226,set_6
0.0,0.0,0.10829646,0.67479736,15.5798,0.0,0.0,0.10829646,0.67479736,0.0,1.1930486,0.9999999,0.40965813,0.18504295,0.40529892,set_6
-8.339491e-08,0.29826292,0.43876058,0.7550913,11.361784,0.0,0.0,0.10829646,0.67479736,0.24242423,1.137383,0.9999999,0.40114507,0.2013356,0.3975193,set_6
-5.2119123e-08,0.3662001,0.5089128,0.7745693,10.469817,0.0,0.0,0.10829646,0.67479736,0.30303028,1.1237453,0.9999999,0.3975298,0.20587291,0.39659727,set_6
6.1830825e-08,0.59963846,0.7305673,0.8440005,7.648408,0.0,0.0,0.10829646,0.67479736,0.5252525,1.0746689,0.9999999,0.37487632,0.2230916,0.4020321,set_6
-4.9687407e-07,1.0191131,1.0010211,0.9738147,3.9456806,0.0,0.0,0.10829646,0.67479736,0.96969694,0.981012,0.9999999,0.23128101,0.25379306,0.51492596,set_6
-4.2274885e-07,1.1436468,1.035903,1.0126761,3.2854543,0.0,0.0,0.10829646,0.67479736,1.111111,0.9524238,0.9999999,0.15918387,0.25847247,0.58234364,set_6
-9.624578e-07,1.4278513,1.0381609,1.1074462,2.4458551,0.0,0.0,0.10829646,0.67479736,1.4747474,0.8817567,0.9999999,0.05170292,0.24706453,0.7012325,set_6
-9.510586e-07,1.5959032,1.0064106,1.1809783,2.1398394,0.0,0.0,0.10829646,0.67479736,1.7777778,0.82588047,0.9999999,0.022851694,0.22896478,0.7481835,set_6
-8.702464e-07,1.6802236,0.98187923,1.2273732,2.0117493,0.0,0.0,0.10829646,0.67479736,1.979798,0.7901616,0.9999999,0.0142191695,0.21724457,0.76853627,set_6
0.0,0.0,0.103140034,0.67479736,15.5798,0.0,0.0,0.103140034,0.67479736,0.0,1.1930486,0.9999999,0.40967482,0.18499462,0.40533057,set_6
-5.9377914e-08,0.20402142,0.3335202,0.7287523,12.642213,0.0,0.0,0.103140034,0.67479736,0.16161615,1.1557541,0.9999999,0.40488994,0.19548675,0.39962327,set_6
-2.1258154e-07,0.3435927,0.48291394,0.7681055,10.749342,0.0,0.0,0.103140034,0.67479736,0.28282827,1.1282976,0.9999999,0.3988079,0.20432949,0.3968626,set_6
-3.2320284e-07,0.55821764,0.69158053,0.8316132,8.100311,0.0,0.0,0.103140034,0.67479736,0.48484847,1.0835073,0.9999999,0.380373,0.21994649,0.39968047,set_6
2.4501549e-07,0.8150432,0.8882563,0.91037893,5.511156,0.0,0.0,0.103140034,0.67479736,0.74747473,1.0270977,0.9999999,0.32621998,0.2394064,0.43437365,set_6
2.9591976e-07,0.9275675,0.9550607,0.94533277,4.583392,0.0,0.0,0.103140034,0.67479736,0.86868685,1.0017823,0.9999999,0.28054532,0.24772495,0.4717297,set_6
3.607286e-07,1.1264899,1.0284374,1.0071795,3.3697538,0.0,0.0,0.103140034,0.67479736,1.090909,0.9564893,0.9999999,0.16951947,0.25815415,0.57232636,set_6
-1.3258737e-07,1.4384042,1.0340204,1.1124893,2.4127045,0.0,0.0,0.103140034,0.67479736,1.4949495,0.8779383,0.9999999,0.04847424,0.24567597,0.70584977,set_6
-1.5801963e-07,1.4876816,1.0265154,1.1324835,2.3160584,0.0,0.0,0.103140034,0.67479736,1.5757575,0.8628249,0.9999999,0.03853225,0.2408881,0.7205797,set_6
0.0,0.0,0.10812185,0.67479736,15.5798,0.0,0.0,0.10812185,0.67479736,0.0,1.1930486,0.9999999,0.40965867,0.18504134,0.4053,set_6
-1.8238686e-07,0.20408432,0.3381388,0.7287523,12.642195,0.0,0.0,0.10812185,0.67479736,0.16161615,1.1557541,0.9999999,0.40487236,0.19553685,0.3995908,set_6
-2.2207925e-07,0.5789254,0.71228105,0.8378196,7.8793736,0.0,0.0,0.10812185,0.67479736,0.5050505,1.0790758,0.9999999,0.3777866,0.22151434,0.4006991,set_6
-3.506652e-07,0.8722071,0.9286226,0.9279741,5.015654,0.0,0.0,0.10812185,0.67479736,0.8080808,1.0143703,0.9999999,0.30487946,0.24374573,0.45137483,set_6
-2.9395727e-07,0.9833002,0.9861975,0.96249783,4.180375,0.0,0.0,0.10812185,0.67479736,0.9292929,0.9892581,0.9999999,0.25157148,0.25157887,0.4968496,set_6
-5.1085885e-07,1.3564048,1.0457481,1.0818381,2.5935028,0.0,0.0,0.10812185,0.67479736,1.3737373,0.90099496,0.9999999,0.06943712,0.25215083,0.6784121,set_6
-5.5743646e-07,1.4873589,1.0300193,1.132483,2.3117077,0.0,0.0,0.10812185,0.67479736,1.5757575,0.8628249,0.9999999,0.038253866,0.24067806,0.7210681,set_6
-4.7866087e-07,1.6204766,0.99963117,1.1950984,2.0913382,0.0,0.0,0.10812185,0.67479736,1.8383838,0.81501347,0.9999999,0.019576741,0.2250851,0.7553382,set_6
-3.8980068e-07,1.684977,0.97976166,1.2318834,1.9964821,0.0,0.0,0.10812185,0.67479736,2.0,0.7866427,0.9999999,0.013514041,0.21587059,0.77061534,set_6
0.0,0.0,0.10328461,0.67479736,15.5798,0.0,0.0,0.10328461,0.67479736,0.0,1.1930486,0.9999999,0.40967432,0.18499595,0.40532973,set_6
3.154026e-08,0.15516706,0.27991694,0.7154241,13.326614,0.0,0.0,0.10328461,0.67479736,0.12121212,1.1649835,0.9999999,0.4063751,0.19271678,0.40090808,set_6
1.3292905e-07,0.45319986,0.59211206,0.80017996,9.361235,0.0,0.0,0.10328461,0.67479736,0.38383836,1.1057492,0.9999999,0.3912955,0.21204694,0.39665756,set_6
-4.0948495e-07,0.8903455,0.93687683,0.9337776,4.8565083,0.0,0.0,0.10328461,0.67479736,0.8282828,1.010151,0.9999999,0.29675323,0.24510297,0.45814383,set_6
-3.8074023e-07,1.1441348,1.0334613,1.0126598,3.278841,0.0,0.0,0.10328461,0.67479736,1.111111,0.9524238,0.9999999,0.15860632,0.25841388,0.5829798,set_6
-3.4848466e-07,1.2795806,1.0452893,1.0556813,2.7956932,0.0,0.0,0.10328461,0.67479736,1.2727273,0.9205396,0.9999999,0.09539648,0.2563469,0.6482566,set_6
-3.6787597e-07,1.3986158,1.0392826,1.0972563,2.493988,0.0,0.0,0.10328461,0.67479736,1.4343435,0.8893907,0.9999999,0.057709526,0.24895622,0.6933343,set_6
-3.3830807e-07,1.5106428,1.0228547,1.1423433,2.2704628,0.0,0.0,0.10328461,0.67479736,1.6161616,0.8553099,0.9999999,0.034333978,0.23829406,0.72737193,set_6
-2.2083498e-07,1.5739558,1.0092049,1.1714351,2.162819,0.0,0.0,0.10328461,0.67479736,1.7373737,0.83314806,0.9999999,0.025036125,0.23099062,0.74397326,set_6
0.0,0.0,0.10790601,0.67479736,15.5798,0.0,0.0,0.10790601,0.67479736,0.0,1.1930486,0.9999999,0.40965942,0.18503928,0.40530127,set_6
1.6765857e-07,0.4961827,0.6348206,0.8128301,8.858751,0.0,0.0,0.10790601,0.67479736,0.4242424,1.0967878,0.9999999,0.3875,0.21518663,0.39731342,set_6
1.0997243e-07,0.72113967,0.8253898,0.8805841,6.405761,0.0,0.0,0.10790601,0.67479736,0.64646465,1.0485419,0.9999999,0.35280246,0.23221771,0.41497982,set_6
1.5875372e-07,1.1242485,1.0356351,1.0071937,3.3372633,0.0,0.0,0.10790601,0.67479736,1.090909,0.9564893,0.9999999,0.16639212,0.2580524,0.57555544,set_6
1.6800308e-07,1.1740994,1.0456102,1.0235674,3.1030552,0.0,0.0,0.10790601,0.67479736,1.1515151,0.9443856,0.9999999,0.1371715,0.25831035,0.6045181,set_6
1.7738851e-07,1.2372624,1.0531691,1.0450768,2.8463626,0.0,0.0,0.10790601,0.67479736,1.2323232,0.9284182,0.9999999,0.10418963,0.25664246,0.6391679,set_6
1.685441e-07,1.2973607,1.0544157,1.0662234,2.6505437,0.0,0.0,0.10790601,0.67479736,1.3131312,0.9126587,0.9999999,0.0793926,0.25335726,0.66725016,set_6
-1.0426487e-07,1.5230143,1.0126152,1.1521518,2.2947965,0.0,0.0,0.10790601,0.67479736,1.6565657,0.84789056,0.9999999,0.033958025,0.23899086,0.72705114,set_6
-1.4675527e-07,1.5868632,0.9968465,1.1809903,2.2095087,0.0,0.0,0.10790601,0.67479736,1.7777778,0.82588047,0.9999999,0.025609044,0.23280609,0.7415849,set_6
0.0,0.0,0.10572606,0.67479736,15.5798,0.0,0.0,0.10572606,0.67479736,0.0,1.1930486,0.9999999,0.40966642,0.1850189,0.4053147,set_6
-3.4149572e-08,0.1049842,0.22606498,0.7019894,14.042907,0.0,0.0,0.10572606,0.67479736,0.08080807,1.1743225,0.9999999,0.4076427,0.19006401,0.40229326,set_6
-9.3975295e-08,0.38818422,0.5291952,0.7810109,10.184164,0.0,0.0,0.10572606,0.67479736,0.32323232,1.1192132,0.9999999,0.3961455,0.20738658,0.39646795,set_6
-8.071122e-08,0.5379137,0.671824,0.82537603,8.364277,0.0,0.0,0.10572606,0.67479736,0.46464646,1.0879277,0.9999999,0.38305998,0.21830757,0.39863244,set_6
-6.050094e-08,0.67976284,0.7926544,0.86849445,6.807837,0.0,0.0,0.10572606,0.67479736,0.60606056,1.0572008,0.9999999,0.36137807,0.22913857,0.40948337,set_6
-1.1958892e-07,1.1803287,1.0395939,1.0235686,3.1416616,0.0,0.0,0.10572606,0.67479736,1.1515151,0.9443856,0.9999999,0.14078581,0.25869316,0.600521,set_6
1.0314018e-08,1.3454851,1.0439386,1.076672,2.6406536,0.0,0.0,0.10572606,0.67479736,1.3535353,0.90486825,0.9999999,0.0747349,0.25343058,0.6718345,set_6
-1.701401e-07,1.491231,1.0277256,1.1324986,2.31993,0.0,0.0,0.10572606,0.67479736,1.5757575,0.8628249,0.9999999,0.038641013,0.24104132,0.72031766,set_6
3.2452198e-07,1.6333904,0.995262,1.1997907,2.08399,0.0,0.0,0.10572606,0.67479736,1.8585858,0.8114377,0.9999999,0.018803596,0.22421648,0.75697994,set_6
0.0,0.0,0.10636815,0.67479736,15.5798,0.0,0.0,0.10636815,0.67479736,0.0,1.1930486,0.9999999,0.40966433,0.18502489,0.40531072,set_6
-2.3178424e-09,0.17978895,0.30996844,0.7221014,12.980543,0.0,0.0,0.10636815,0.67479736,0.14141414,1.1603595,0.9999999,0.40564948,0.19412182,0.40022874,set_6
3.8861124e-08,0.49578243,0.6353954,0.8128237,8.844087,0.0,0.0,0.10636815,0.67479736,0.4242424,1.0967878,0.9999999,0.38741255,0.21522312,0.39736435,set_6
-1.0098006e-07,0.87210417,0.92775226,0.92797893,5.0123553,0.0,0.0,0.10636815,0.67479736,0.8080808,1.0143703,0.9999999,0.30475926,0.24374202,0.45149878,set_6
-7.706855e-08,0.9463449,0.9683792,0.95108986,4.433597,0.0,0.0,0.10636815,0.67479736,0.8888889,0.99760306,0.9999999,0.27065602,0.24911149,0.48023242,set_6
-6.4830346e-08,1.0012923,0.99316,0.96817094,4.0559363,0.0,0.0,0.10636815,0.67479736,0.94949496,0.98512876,0.9999999,0.24123813,0.2527198,0.50604206,set_6
-2.1822808e-07,1.2468572,1.0466862,1.0450768,2.8934503,0.0,0.0,0.10636815,0.67479736,1.2323232,0.9284182,0.9999999,0.10833836,0.25750446,0.6341572,set_6
-3.4226886e-07,1.4252644,1.03823,1.1074381,2.4351146,0.0,0.0,0.10636815,0.67479736,1.4747474,0.8817567,0.9999999,0.05108205,0.24665488,0.70226306,set_6
-2.9243253e-07,1.669927,0.9838056,1.2228252,2.0177011,0.0,0.0,0.10636815,0.67479736,1.959596,0.79367083,0.9999999,0.014786623,0.21811917,0.76709414,set_6
0.0,0.0,0.110851884,0.67479736,15.5798,0.0,0.0,0.110851884,0.67479736,0.0,1.1930486,0.9999999,0.40964994,0.1850669,0.40528318,set_6
-1.231291e-07,0.27517894,0.41677564,0.74854726,11.671288,0.0,0.0,0.110851884,0.67479736,0.22222221,1.141945,0.9999999,0.40217245,0.19988433,0.3979432,set_6
-1.4909425e-07,0.67973703,0.7991531,0.86849016,6.788222,0.0,0.0,0.110851884,0.67479736,0.60606056,1.0572008,0.9999999,0.3610301,0.22927295,0.409697,set_6
6.673048e-08,0.9274948,0.96122706,0.9453484,4.5780144,0.0,0.0,0.110851884,0.67479736,0.86868685,1.0017823,0.9999999,0.28017166,0.24781725,0.4720111,set_6
1.403299e-07,1.0907099,1.0252435,0.9961624,3.542765,0.0,0.0,0.110851884,0.67479736,1.0505049,0.96460396,0.9999999,0.18973222,0.2571951,0.5530727,set_6
1.4228291e-07,1.1435697,1.0371506,1.0126767,3.2890053,0.0,0.0,0.110851884,0.67479736,1.111111,0.9524238,0.9999999,0.15948845,0.2585051,0.58200645,set_6
2.8147824e-08,1.2789793,1.0495981,1.0557003,2.7994218,0.0,0.0,0.110851884,0.67479736,1.2727273,0.9205396,0.9999999,0.09563443,0.25644344,0.6479221,set_6
-1.0476398e-07,1.5350623,1.0218313,1.1521436,2.2408335,0.0,0.0,0.110851884,0.67479736,1.6565657,0.84789056,0.9999999,0.031137165,0.23626384,0.73259896,set_6
-3.7008232e-07,1.6725025,0.98564994,1.2228308,2.0236518,0.0,0.0,0.110851884,0.67479736,1.959596,0.79367083,0.9999999,0.014889382,0.21841884,0.76669174,set_6
0.0,0.0,0.108434714,0.67479736,15.5798,0.0,0.0,0.108434714,0.67479736,0.0,1.1930486,0.9999999,0.40965772,0.18504423,0.405298,set_6
-1.0045921e-08,0.13028528,0.2570419,0.7087202,13.680631,0.0,0.0,0.108434714,0.67479736,0.1010101,1.169641,0.9999999,0.4070201,0.19141681,0.4015631,set_6
-1.4848052e-07,0.27504578,0.41519752,0.74854696,11.666342,0.0,0.0,0.108434714,0.67479736,0.22222221,1.141945,0.9999999,0.40217045,0.19987364,0.39795586,set_6
-5.647876e-08,0.57916695,0.7110493,0.8378196,7.891206,0.0,0.0,0.108434714,0.67479736,0.5050505,1.0790758,0.9999999,0.3779,0.22147238,0.40062758,set_6
1.8766765e-07,0.7192608,0.82506406,0.88058287,6.4108877,0.0,0.0,0.108434714,0.67479736,0.64646465,1.0485419,0.9999999,0.35292625,0.23217486,0.41489893,set_6
1.5856335e-07,0.8901784,0.9411347,0.9337825,4.8521333,0.0,0.0,0.108434714,0.67479736,0.8282828,1.010151,0.9999999,0.29650488,0.24516743,0.45832777,set_6
1.3352245e-07,1.2966754,1.0481352,1.0609703,2.7537422,0.0,0.0,0.108434714,0.67479736,1.2929292,0.916601,0.9999999,0.08963678,0.2557308,0.6546324,set_6
8.607829e-08,1.4521226,1.0357722,1.1175276,2.3847709,0.0,0.0,0.108434714,0.67479736,1.5151515,0.87411964,0.9999999,0.045510467,0.24439694,0.7100926,set_6
1.8435722e-07,1.5848173,1.0095851,1.1762218,2.1490068,0.0,0.0,0.108434714,0.67479736,1.7575758,0.8295109,0.9999999,0.02381993,0.22985162,0.7463285,set_6
0.0,0.0,0.115955085,0.67479736,15.5798,0.0,0.0,0.115955085,0.67479736,0.0,1.1930486,0.9999999,0.4096334,0.18511486,0.40525174,set_6
-2.1843235e-07,1.0381721,1.0114169,0.97943944,3.8479686,0.0,0.0,0.115955085,0.67479736,0.989899,0.976893,0.9999999,0.22165695,0.25484115,0.52350193,set_6
-4.298414e-09,1.2749659,1.0508956,1.0503907,2.8664079,0.0,0.0,0.115955085,0.67479736,1.2525252,0.9244737,0.9999999,0.10321551,0.25751042,0.63927406,set_6
4.8978404e-09,1.409113,1.0462592,1.0972607,2.5045023,0.0,0.0,0.115955085,0.67479736,1.4343435,0.8893907,0.9999999,0.057996653,0.24932279,0.69268054,set_6
3.0298595e-09,1.4609041,1.0399867,1.1175152,2.3909004,0.0,0.0,0.115955085,0.67479736,1.5151515,0.87411964,0.9999999,0.045589156,0.24461384,0.70979697,set_6
-5.955906e-09,1.5423877,1.0251447,1.1521273,2.241302,0.0,0.0,0.115955085,0.67479736,1.6565657,0.84789056,0.9999999,0.030984238,0.23622112,0.73279464,set_6
-1.5453638e-08,1.584216,1.0153145,1.1714375,2.1762292,0.0,0.0,0.115955085,0.67479736,1.7373737,0.83314806,0.9999999,0.025311759,0.2315666,0.7431217,set_6
-3.8377106e-08,1.6579249,0.99477714,1.2090558,2.071786,0.0,0.0,0.115955085,0.67479736,1.8989899,0.80428916,0.9999999,0.017340865,0.22250508,0.760154,set_6
-4.4568534e-08,1.681993,0.98725516,1.2228223,2.036983,0.0,0.0,0.115955085,0.67479736,1.959596,0.79367083,0.9999999,0.0151092615,0.21907946,0.76581126,set_6
0.0,0.0,0.11149351,0.67572254,29.212,0.0,0.0,0.11149351,0.67572254,0.0,1.2237259,0.9999999,0.44213134,0.15541963,0.402449,set_7
-8.1586843e-10,0.10867891,0.26669556,0.71028,26.575062,0.0,0.0,0.11149351,0.67572254,0.1010101,1.1831591,0.9999999,0.43616977,0.16500579,0.39882445,set_7
-2.5405572e-07,0.406687,0.6327758,0.8076653,20.37246,0.0,0.0,0.11149351,0.67572254,0.4040404,1.082784,0.9999999,0.41705826,0.19661729,0.3863244,set_7
-2.193056e-07,0.46293914,0.6925312,0.82617617,19.363285,0.0,0.0,0.11149351,0.67572254,0.46464646,1.0667342,0.9999999,0.41316456,0.20320025,0.3836352,set_7
2.311992e-07,0.6638886,0.8848945,0.89189667,16.123833,0.0,0.0,0.11149351,0.67572254,0.68686867,1.0182031,0.9999999,0.3992595,0.22700897,0.37373155,set_7
4.0173813e-07,0.9132962,1.0866383,0.9720479,12.761581,0.0,0.0,0.11149351,0.67572254,0.96969694,0.98126906,0.9999999,0.38361466,0.25392774,0.36245754,set_7
2.68466e-07,1.3912762,1.3950262,1.1291254,7.6277995,0.0,0.0,0.11149351,0.67572254,1.5353535,0.9907137,0.9999999,0.36091277,0.2848505,0.3542367,set_7
1.6128132e-07,1.4729077,1.4387472,1.1577824,6.8723063,0.0,0.0,0.11149351,0.67572254,1.6363636,1.0041791,0.9999999,0.35682267,0.28701943,0.3561579,set_7
1.3886705e-08,1.6304398,1.5216731,1.2164929,5.4377728,0.0,0.0,0.11149351,0.67572254,1.8383838,1.0417706,0.9999999,0.34535536,0.28881514,0.36582947,set_7
0.0,0.0,0.10775484,0.67572254,29.212,0.0,0.0,0.10775484,0.67572254,0.0,1.2237259,0.9999999,0.442204,0.15533744,0.4024586,set_7
-8.693165e-08,0.21149729,0.3997534,0.7437209,24.259573,0.0,0.0,0.10775484,0.67572254,0.2020202,1.1461467,0.9999999,0.43003047,0.17506103,0.39490852,set_7
-2.154651e-07,0.7355519,0.94365245,0.9150754,15.092659,0.0,0.0,0.10775484,0.67572254,0.7676768,1.0047966,0.9999999,0.39455888,0.2351596,0.37028155,set_7
-2.471504e-07,0.806888,1.0014994,0.93798685,14.12538,0.0,0.0,0.10775484,0.67572254,0.8484848,0.9935281,0.9999999,0.3900153,0.24299215,0.36699256,set_7
-2.257557e-07,1.001195,1.1453384,1.0001168,11.730609,0.0,0.0,0.10775484,0.67572254,1.070707,0.97483444,0.9999999,0.37891582,0.2617678,0.35931635,set_7
-2.0553735e-07,1.070821,1.1929399,1.0225005,10.940902,0.0,0.0,0.10775484,0.67572254,1.1515151,0.97210526,0.9999999,0.37540597,0.26739863,0.3571954,set_7
-1.9424192e-07,1.1908736,1.2710576,1.0615739,9.64577,0.0,0.0,0.10775484,0.67572254,1.2929292,0.97312444,0.9999999,0.36983743,0.2755779,0.3545846,set_7
-2.1854804e-07,1.2916963,1.3333659,1.0951358,8.611576,0.0,0.0,0.10775484,0.67572254,1.4141414,0.97921836,0.9999999,0.36542034,0.28091976,0.35365993,set_7
-2.2109884e-07,1.7327325,1.5793852,1.2587478,4.4495525,0.0,0.0,0.10775484,0.67572254,1.979798,1.076794,0.9999999,0.33064586,0.28813148,0.38122264,set_7
0.0,0.0,0.110505864,0.67572254,29.212,0.0,0.0,0.110505864,0.67572254,0.0,1.2237259,0.9999999,0.4421505,0.15539792,0.40245152,set_7
-1.9189363e-08,0.21159337,0.40224355,0.7437209,24.259682,0.0,0.0,0.110505864,0.67572254,0.2020202,1.1461467,0.9999999,0.42997476,0.17512503,0.39490014,set_7
-5.1586497e-08,0.36833072,0.58999383,0.79518783,21.081224,0.0,0.0,0.110505864,0.67572254,0.36363634,1.0944856,0.9999999,0.41968656,0.19221425,0.38809916,set_7
-6.011243e-08,0.5183881,0.7482775,0.84445727,18.40977,0.0,0.0,0.110505864,0.67572254,0.5252525,1.0515054,0.9999999,0.40930694,0.2097774,0.3809157,set_7
5.0723138e-08,1.3582777,1.3744447,1.117689,7.9551463,0.0,0.0,0.110505864,0.67572254,1.4949495,0.9865167,0.9999999,0.36245364,0.2836925,0.35385385,set_7
1.7662582e-07,1.4877722,1.4492372,1.1634713,6.7052293,0.0,0.0,0.110505864,0.67572254,1.6565657,1.0074633,0.9999999,0.35590073,0.28733313,0.35676613,set_7
1.389487e-07,1.5509138,1.4845865,1.1867768,6.110456,0.0,0.0,0.110505864,0.67572254,1.7373737,1.021198,0.9999999,0.35178673,0.2882928,0.35992047,set_7
1.1927573e-07,1.6435248,1.5348217,1.222394,5.254879,0.0,0.0,0.110505864,0.67572254,1.8585858,1.0464782,0.9999999,0.34346333,0.2887427,0.367794,set_7
2.3634595e-07,1.7483401,1.5884324,1.2651412,4.3149376,0.0,0.0,0.110505864,0.67572254,2.0,1.0821611,0.9999999,0.32770717,0.2879585,0.38433436,set_7
0.0,0.0,0.109380245,0.67572254,29.212,0.0,0.0,0.109380245,0.67572254,0.0,1.2237259,0.9999999,0.4421725,0.15537319,0.40245435,set_7
-2.389003e-08,0.17095546,0.34860557,0.73046696,25.151573,0.0,0.0,0.109380245,0.67572254,0.16161615,1.1606475,0.9999999,0.4325109,0.17098017,0.3965089,set_7
3.103229e-08,0.48105088,0.7100307,0.83231324,19.038834,0.0,0.0,0.109380245,0.67572254,0.48484847,1.0616484,0.9999999,0.41191882,0.20534429,0.3827369,set_7
-2.4281206e-07,0.6456671,0.86736727,0.8860342,16.39172,0.0,0.0,0.109380245,0.67572254,0.6666667,1.0218896,0.9999999,0.40052223,0.22485718,0.37462068,set_7
-3.1106316e-07,0.87826943,1.0574173,0.96072865,13.211766,0.0,0.0,0.109380245,0.67572254,0.9292929,0.98454535,0.9999999,0.38569647,0.2503781,0.3639255,set_7
-4.862195e-07,1.4560215,1.4308662,1.1521125,7.0036135,0.0,0.0,0.109380245,0.67572254,1.6161616,1.0011533,0.9999999,0.3576882,0.28663826,0.35567358,set_7
-4.8032166e-07,1.5196571,1.4669446,1.175255,6.39909,0.0,0.0,0.109380245,0.67572254,1.6969697,1.0141178,0.9999999,0.3539396,0.2878694,0.35819098,set_7
-7.197929e-07,1.658664,1.542548,1.2285012,5.1129146,0.0,0.0,0.109380245,0.67572254,1.8787879,1.0512546,0.9999999,0.34168622,0.28869477,0.369619,set_7
-8.562202e-07,1.7482373,1.5880394,1.2651986,4.3125653,0.0,0.0,0.109380245,0.67572254,2.0,1.0821611,0.9999999,0.3276793,0.28794438,0.38437638,set_7
0.0,0.0,0.118726455,0.67572254,29.212,0.0,0.0,0.118726455,0.67572254,0.0,1.2237259,0.9999999,0.44199106,0.15557854,0.4024304,set_7
2.0701637e-07,0.40639552,0.6384768,0.8076173,20.377647,0.0,0.0,0.118726455,0.67572254,0.4040404,1.082784,0.9999999,0.4169296,0.19675711,0.3863133,set_7
2.718784e-07,0.5557536,0.7908541,0.8564438,17.804228,0.0,0.0,0.118726455,0.67572254,0.56565654,1.0425354,0.9999999,0.40658242,0.2143476,0.37907004,set_7
3.377076e-07,0.7557805,0.9676372,0.9209632,14.832729,0.0,0.0,0.118726455,0.67572254,0.78787875,1.0018091,0.9999999,0.39314795,0.23748659,0.36936542,set_7
1.9171354e-07,0.8804455,1.064617,0.9608228,13.206112,0.0,0.0,0.118726455,0.67572254,0.9292929,0.98454535,0.9999999,0.38549763,0.2506192,0.36388314,set_7
-4.1027818e-07,1.1414381,1.2438939,1.0446482,10.2045145,0.0,0.0,0.118726455,0.67572254,1.2323232,0.97163844,0.9999999,0.37198496,0.27246508,0.35554996,set_7
-4.398915e-07,1.3925117,1.3975018,1.1289034,7.6457872,0.0,0.0,0.118726455,0.67572254,1.5353535,0.9907137,0.9999999,0.36083853,0.2849205,0.35424095,set_7
-5.3915545e-07,1.5837519,1.5055386,1.1984856,5.8283243,0.0,0.0,0.118726455,0.67572254,1.7777778,1.0292679,0.9999999,0.34930262,0.28865582,0.36204156,set_7
-5.471149e-07,1.6299827,1.5304631,1.216336,5.4020987,0.0,0.0,0.118726455,0.67572254,1.8383838,1.0417706,0.9999999,0.34504434,0.28883335,0.3661223,set_7
0.0,0.0,0.11576983,0.67572254,29.212,0.0,0.0,0.11576983,0.67572254,0.0,1.2237259,0.9999999,0.44204837,0.1555136,0.402438,set_7
-5.172415e-10,0.1087565,0.27075607,0.71028,26.575153,0.0,0.0,0.11576983,0.67572254,0.1010101,1.1831591,0.9999999,0.43608484,0.16510287,0.39881226,set_7
-4.2213568e-08,0.25205413,0.45723674,0.7568259,23.407455,0.0,0.0,0.11576983,0.67572254,0.24242423,1.1323115,0.9999999,0.42731878,0.1794494,0.39323187,set_7
-3.8513424e-08,0.6640959,0.8879528,0.89182955,16.126785,0.0,0.0,0.11576983,0.67572254,0.68686867,1.0182031,0.9999999,0.39918217,0.22709092,0.3737269,set_7
-3.546729e-08,1.0715499,1.1978282,1.0223985,10.946111,0.0,0.0,0.11576983,0.67572254,1.1515151,0.97210526,0.9999999,0.3752858,0.2675143,0.35719988,set_7
-4.775926e-08,1.1404716,1.2430187,1.0447252,10.194347,0.0,0.0,0.11576983,0.67572254,1.2323232,0.97163844,0.9999999,0.3720313,0.2724416,0.3555271,set_7
-1.0403833e-07,1.3590102,1.3774482,1.1177058,7.9565244,0.0,0.0,0.11576983,0.67572254,1.4949495,0.9865167,0.9999999,0.3623866,0.28375563,0.35385767,set_7
-1.4285202e-07,1.5201821,1.4700549,1.1750854,6.4061203,0.0,0.0,0.11576983,0.67572254,1.6969697,1.0141178,0.9999999,0.3538882,0.28793442,0.35817736,set_7
-7.993476e-08,1.6896671,1.5613704,1.2405777,4.8440695,0.0,0.0,0.11576983,0.67572254,1.919192,1.0607102,0.9999999,0.33769816,0.28860852,0.3736933,set_7
0.0,0.0,0.12128849,0.67572254,29.212,0.0,0.0,0.12128849,0.67572254,0.0,1.2237259,0.9999999,0.4419413,0.15563479,0.4024239,set_7
-2.9914474e-07,0.59183997,0.8266305,0.86826634,17.230988,0.0,0.0,0.12128849,0.67572254,0.60606056,1.0336382,0.9999999,0.40402552,0.21869451,0.3772799,set_7
-2.431602e-07,0.7188087,0.9385369,0.90927035,15.345964,0.0,0.0,0.12128849,0.67572254,0.74747473,1.0077755,0.9999999,0.39547354,0.23342955,0.37109694,set_7
-2.272756e-07,0.7905916,0.99708176,0.9322826,14.362575,0.0,0.0,0.12128849,0.67572254,0.8282828,0.9959549,0.9999999,0.39087123,0.24136946,0.36775932,set_7
-2.6869023e-07,0.8618829,1.0522835,0.9550603,13.437189,0.0,0.0,0.12128849,0.67572254,0.9090909,0.9865754,0.9999999,0.38652736,0.24883044,0.36464223,set_7
-3.6449433e-07,0.9326851,1.1045338,0.97765493,12.562928,0.0,0.0,0.12128849,0.67572254,0.989899,0.9796783,0.9999999,0.38246626,0.25572854,0.36180517,set_7
-5.714713e-07,1.2097591,1.2899504,1.0671601,9.4721365,0.0,0.0,0.12128849,0.67572254,1.3131312,0.97358173,0.9999999,0.3688885,0.2767697,0.35434183,set_7
-5.7558236e-07,1.360034,1.381293,1.1177753,7.951697,0.0,0.0,0.12128849,0.67572254,1.4949495,0.9865167,0.9999999,0.3623058,0.2838337,0.35386056,set_7
-2.8843954e-07,1.690561,1.5640699,1.2405176,4.847597,0.0,0.0,0.12128849,0.67572254,1.919192,1.0607102,0.9999999,0.33767015,0.28866178,0.37366813,set_7
0.0,0.0,0.12071872,0.67572254,29.212,0.0,0.0,0.12071872,0.67572254,0.0,1.2237259,0.9999999,0.44195238,0.1556223,0.4024253,set_7
9.044917e-08,0.12986338,0.30402493,0.71705145,26.08877,0.0,0.0,0.12071872,0.67572254,0.12121212,1.175325,0.9999999,0.43475974,0.16720492,0.39803526,set_7
2.376056e-07,0.29134452,0.5091084,0.76969534,22.600906,0.0,0.0,0.12071872,0.67572254,0.28282827,1.1193033,0.9999999,0.42466494,0.18379502,0.39154008,set_7
-3.638973e-07,0.8447164,1.0388609,0.94958603,13.655553,0.0,0.0,0.12071872,0.67572254,0.8888889,0.9889675,0.9999999,0.3875816,0.24704508,0.36537328,set_7
-3.8685795e-07,0.9684833,1.1297336,0.9890921,12.135797,0.0,0.0,0.12071872,0.67572254,1.030303,0.97668946,0.9999999,0.38053316,0.25897986,0.36048692,set_7
-1.834134e-07,1.2435186,1.3103867,1.0783441,9.1248,0.0,0.0,0.12071872,0.67572254,1.3535353,0.97558916,0.9999999,0.3674237,0.278615,0.3539613,set_7
-1.7125144e-07,1.3435006,1.370802,1.1120777,8.11808,0.0,0.0,0.12071872,0.67572254,1.4747474,0.98462325,0.9999999,0.36305803,0.2831971,0.35374486,set_7
-1.6976003e-07,1.4251786,1.4185867,1.1404852,7.319841,0.0,0.0,0.12071872,0.67572254,1.5757575,0.9959522,0.9999999,0.3592301,0.28592867,0.3548413,set_7
-1.2175869e-07,1.7057338,1.5718473,1.2467694,4.7080126,0.0,0.0,0.12071872,0.67572254,1.939394,1.0658963,0.9999999,0.33539772,0.28853092,0.3760713,set_7
0.0,0.0,0.12560977,0.67572254,29.212,0.0,0.0,0.12560977,0.67572254,0.0,1.2237259,0.9999999,0.4418574,0.15572987,0.4024127,set_7
-9.3728644e-08,0.19185571,0.39005947,0.73711425,24.700768,0.0,0.0,0.12560977,0.67572254,0.18181817,1.1534595,0.9999999,0.43093264,0.17340435,0.39566302,set_7
-1.684486e-07,0.701736,0.9268215,0.903607,15.597333,0.0,0.0,0.12560977,0.67572254,0.72727275,1.010918,0.9999999,0.39655882,0.2315116,0.37192962,set_7
-1.9095847e-07,0.7557008,0.97169507,0.92094463,14.841895,0.0,0.0,0.12560977,0.67572254,0.78787875,1.0018091,0.9999999,0.3930485,0.237575,0.36937654,set_7
-1.9588333e-07,0.8094085,1.0145625,0.93812996,14.121479,0.0,0.0,0.12560977,0.67572254,0.8484848,0.9935281,0.9999999,0.38966772,0.24340229,0.36693004,set_7
-1.0954322e-07,0.98653185,1.1455958,0.9946515,11.929202,0.0,0.0,0.12560977,0.67572254,1.0505049,0.97569305,0.9999999,0.3795163,0.2606217,0.35986206,set_7
-2.4586583e-07,1.3279417,1.3640877,1.106476,8.280859,0.0,0.0,0.12560977,0.67572254,1.4545455,0.98266083,0.9999999,0.36371866,0.28260422,0.35367712,set_7
-3.3233246e-07,1.393616,1.4024303,1.1290882,7.6373186,0.0,0.0,0.12560977,0.67572254,1.5353535,0.9907137,0.9999999,0.36073893,0.28501233,0.3542488,set_7
-4.420706e-07,1.5219779,1.4751303,1.1750516,6.4119406,0.0,0.0,0.12560977,0.67572254,1.6969697,1.0141178,0.9999999,0.3537821,0.28803977,0.35817817,set_7
0.0,0.0,0.11672281,0.67572254,29.212,0.0,0.0,0.11672281,0.67572254,0.0,1.2237259,0.9999999,0.4420298,0.15553452,0.40243563,set_7
-5.5725877e-09,0.19157462,0.38194036,0.73711425,24.700438,0.0,0.0,0.11672281,0.67572254,0.18181817,1.1534595,0.9999999,0.43111166,0.17319852,0.39568985,set_7
3.343822e-08,0.40657866,0.6370543,0.8076625,20.37355,0.0,0.0,0.11672281,0.67572254,0.4040404,1.082784,0.9999999,0.4169607,0.19672918,0.3863101,set_7
-4.223793e-09,0.5186412,0.75308466,0.8444303,18.412127,0.0,0.0,0.11672281,0.67572254,0.5252525,1.0515054,0.9999999,0.4091875,0.20991144,0.38090104,set_7
-9.146967e-08,0.6102799,0.8402623,0.8743118,16.942053,0.0,0.0,0.11672281,0.67572254,0.6262626,1.0294349,0.9999999,0.40284446,0.22077791,0.3763777,set_7
-2.5683477e-07,0.79051626,0.9941391,0.9324196,14.356724,0.0,0.0,0.11672281,0.67572254,0.8282828,0.9959549,0.9999999,0.39094356,0.24130346,0.367753,set_7
-2.9920727e-07,0.87947345,1.0627961,0.9608336,13.208276,0.0,0.0,0.11672281,0.67572254,0.9292929,0.98454535,0.9999999,0.38555455,0.25054914,0.36389637,set_7
-1.3714293e-07,1.3763518,1.3880908,1.1236105,7.7890635,0.0,0.0,0.11672281,0.67572254,1.5151515,0.9884089,0.9999999,0.36160538,0.28436908,0.35402554,set_7
-2.478268e-07,1.6905228,1.5621225,1.2408174,4.8395243,0.0,0.0,0.11672281,0.67572254,1.919192,1.0607102,0.9999999,0.33762798,0.28861022,0.37376177,set_7
0.0,0.0,0.114363365,0.6744889,15.5798,0.0,0.0,0.114363365,0.6744889,0.0,1.237127,0.9999999,0.46045434,0.16281837,0.3767273,set_7
-9.669206e-08,0.23418015,0.4267288,0.74393266,11.686997,0.0,0.0,0.114363365,0.6744889,0.2020202,1.1815249,0.9999999,0.44658336,0.19265206,0.3607646,set_7
-4.5784354e-08,0.57251,0.7857629,0.8422793,7.2640758,0.0,0.0,0.114363365,0.6744889,0.5050505,1.1025587,0.9999999,0.4263799,0.23159856,0.34202155,set_7
-4.0336081e-07,0.80401224,0.98730445,0.91019416,4.7927365,0.0,0.0,0.114363365,0.6744889,0.72727275,1.0480244,0.9999999,0.40845203,0.24949539,0.3420526,set_7
-2.2496486e-07,1.112582,1.2148457,1.0086197,1.9412501,0.0,0.0,0.114363365,0.6744889,1.070707,0.9694461,0.9999999,0.31763753,0.26536015,0.41700235,set_7
-3.2248983e-07,1.25147,1.2666,1.0523587,1.1336412,0.0,0.0,0.114363365,0.6744889,1.2323232,0.9347623,0.9999999,0.21942726,0.27160028,0.5089724,set_7
-6.362734e-07,1.4059098,1.2792966,1.099713,0.6417036,0.0,0.0,0.114363365,0.6744889,1.4141414,0.89760315,0.9999999,0.12072097,0.2690476,0.61023146,set_7
-8.0561915e-07,1.4992378,1.2710055,1.1302369,0.47139812,0.0,0.0,0.114363365,0.6744889,1.5353535,0.87390244,0.9999999,0.08170361,0.26195353,0.65634286,set_7
-8.264275e-07,1.6001371,1.2549183,1.1696882,0.30675226,0.0,0.0,0.114363365,0.6744889,1.6969697,0.843646,0.9999999,0.04867877,0.24880089,0.7025203,set_7
0.0,0.0,0.1146311,0.6744889,15.5798,0.0,0.0,0.1146311,0.6744889,0.0,1.237127,0.9999999,0.4604467,0.16282673,0.3767265,set_7
-9.921828e-08,0.11799091,0.27982995,0.70961016,13.51649,0.0,0.0,0.1146311,0.6744889,0.1010101,1.2090302,0.9999999,0.45356694,0.17767414,0.36875895,set_7
-1.5115006e-07,0.43955016,0.655031,0.803753,8.869735,0.0,0.0,0.1146311,0.6744889,0.38383836,1.1335428,0.9999999,0.43431926,0.21772704,0.34795374,set_7
-9.262271e-08,0.50660956,0.7221954,0.8231515,8.044289,0.0,0.0,0.1146311,0.6744889,0.44444442,1.1179293,0.9999999,0.4303586,0.22500844,0.34463295,set_7
-1.2824898e-07,0.763195,0.9547618,0.89810216,5.197317,0.0,0.0,0.1146311,0.6744889,0.68686867,1.0577749,0.9999999,0.41249084,0.2469396,0.34056953,set_7
2.2125981e-08,1.1553133,1.2279276,1.0197239,1.7374325,0.0,0.0,0.1146311,0.6744889,1.111111,0.96059793,0.9999999,0.2981815,0.26709756,0.434721,set_7
2.5305198e-09,1.4333067,1.2853131,1.1099895,0.5130786,0.0,0.0,0.1146311,0.6744889,1.4545455,0.8896381,0.9999999,0.0970608,0.26543215,0.637507,set_7
9.383508e-08,1.5308934,1.273221,1.145203,0.33947933,0.0,0.0,0.1146311,0.6744889,1.5959595,0.8623983,0.9999999,0.060422115,0.2546831,0.68489474,set_7
1.08717906e-07,1.6021228,1.2578738,1.1745313,0.24635367,0.0,0.0,0.1146311,0.6744889,1.7171717,0.8399319,0.9999999,0.04219244,0.24474062,0.713067,set_7
0.0,0.0,0.10758646,0.6744889,15.5798,0.0,0.0,0.10758646,0.6744889,0.0,1.237127,0.9999999,0.46064758,0.16260666,0.37674576,set_7
2.0516177e-08,0.070937835,0.20928475,0.6956585,14.311223,0.0,0.0,0.10758646,0.6744889,0.06060606,1.2202688,0.9999999,0.45654854,0.17145932,0.37199214,set_7
8.0833516e-08,0.27982092,0.47583905,0.7574404,11.006245,0.0,0.0,0.10758646,0.6744889,0.24242423,1.1706843,0.9999999,0.44399288,0.1983526,0.35765448,set_7
5.063422e-08,0.3937239,0.6027287,0.79067296,9.4428005,0.0,0.0,0.10758646,0.6744889,0.34343433,1.1440113,0.9999999,0.4371758,0.21235333,0.35047087,set_7
-3.6304343e-07,0.7423574,0.9312,0.89201665,5.4163723,0.0,0.0,0.10758646,0.6744889,0.6666667,1.0626575,0.9999999,0.41450584,0.24539056,0.3401036,set_7
-3.0582146e-07,0.95862824,1.1028374,0.957481,3.308689,0.0,0.0,0.10758646,0.6744889,0.8888889,1.0102192,0.9999999,0.3832987,0.25750983,0.35919145,set_7
-3.6151334e-07,1.0671479,1.1759778,0.991811,2.378505,0.0,0.0,0.10758646,0.6744889,1.010101,0.9827792,0.9999999,0.34686154,0.262569,0.39056945,set_7
-4.0604172e-07,1.5968118,1.2507416,1.1696653,0.30770266,0.0,0.0,0.10758646,0.6744889,1.6969697,0.843646,0.9999999,0.048969124,0.24894778,0.7020831,set_7
-4.2103488e-07,1.6602721,1.2349943,1.198359,0.23018356,0.0,0.0,0.10758646,0.6744889,1.8181818,0.8218912,0.9999999,0.03482846,0.23896149,0.72621006,set_7
0.0,0.0,0.109038666,0.6744889,15.5798,0.0,0.0,0.109038666,0.6744889,0.0,1.237127,0.9999999,0.46060613,0.16265209,0.37674177,set_7
6.883477e-09,0.416539,0.62701434,0.7972235,9.156244,0.0,0.0,0.109038666,0.6744889,0.36363634,1.1387749,0.9999999,0.43580222,0.21499889,0.34919888,set_7
-1.5848745e-10,0.7213477,0.9152811,0.88588923,5.6272993,0.0,0.0,0.109038666,0.6744889,0.64646465,1.06754,0.9999999,0.4161981,0.24396074,0.3398412,set_7
2.601766e-08,0.82306033,0.99999946,0.916192,4.590187,0.0,0.0,0.109038666,0.6744889,0.74747473,1.0432323,0.9999999,0.4062881,0.25058842,0.34312347,set_7
-8.333725e-10,1.0119241,1.1443851,0.97474414,2.8072004,0.0,0.0,0.109038666,0.6744889,0.94949496,0.9963914,0.9999999,0.36720383,0.26007572,0.37272042,set_7
-5.281373e-08,1.3003542,1.2778014,1.0683479,0.8810196,0.0,0.0,0.109038666,0.6744889,1.2929292,0.9222027,0.9999999,0.17504697,0.27204832,0.5529047,set_7
-4.4339775e-08,1.424664,1.2828768,1.1099797,0.5023532,0.0,0.0,0.109038666,0.6744889,1.4545455,0.8896381,0.9999999,0.09611728,0.26522207,0.6386606,set_7
-3.5563442e-08,1.5831127,1.2560108,1.169701,0.26716208,0.0,0.0,0.109038666,0.6744889,1.6969697,0.843646,0.9999999,0.045653727,0.24700646,0.7073398,set_7
-6.903447e-08,1.6739614,1.2306969,1.2124633,0.16833337,0.0,0.0,0.109038666,0.6744889,1.8787879,0.81140614,0.9999999,0.028009433,0.2323245,0.73966604,set_7
0.0,0.0,0.12526882,0.6744889,15.5798,0.0,0.0,0.12526882,0.6744889,0.0,1.237127,0.9999999,0.46014345,0.1631591,0.37669745,set_7
2.3540633e-07,0.50765437,0.7307945,0.8231526,8.045563,0.0,0.0,0.12526882,0.6744889,0.44444442,1.1179293,0.9999999,0.4300778,0.22528656,0.3446357,set_7
2.431823e-07,0.5738341,0.7939167,0.8422822,7.2690926,0.0,0.0,0.12526882,0.6744889,0.5050505,1.1025587,0.9999999,0.42610222,0.23185334,0.3420444,set_7
2.5486673e-07,0.7646216,0.96233606,0.8981074,5.201126,0.0,0.0,0.12526882,0.6744889,0.68686867,1.0577749,0.9999999,0.4122578,0.24714485,0.3405974,set_7
-2.3966187e-08,1.0335695,1.1652383,0.9804619,2.6737978,0.0,0.0,0.12526882,0.6744889,0.96969694,0.99186194,0.9999999,0.3610812,0.26109913,0.3778197,set_7
-2.4521317e-08,1.4007109,1.2948292,1.0997103,0.5701246,0.0,0.0,0.12526882,0.6744889,1.4141414,0.89760315,0.9999999,0.110183686,0.2676757,0.6221406,set_7
1.0218705e-07,1.4445698,1.2927815,1.1150789,0.4639094,0.0,0.0,0.12526882,0.6744889,1.4747474,0.88569576,0.9999999,0.08786413,0.2635147,0.64862114,set_7
2.9359188e-07,1.5128827,1.283174,1.1402401,0.34578967,0.0,0.0,0.12526882,0.6744889,1.5757575,0.8662364,0.9999999,0.06292513,0.2557762,0.68129873,set_7
3.496141e-07,1.5853834,1.2678263,1.1697005,0.24875596,0.0,0.0,0.12526882,0.6744889,1.6969697,0.843646,0.9999999,0.043747466,0.24584584,0.71040666,set_7
0.0,0.0,0.114575274,0.6744889,15.5798,0.0,0.0,0.114575274,0.6744889,0.0,1.237127,0.9999999,0.4604483,0.162825,0.37672672,set_7
6.617878e-09,0.14135106,0.31054592,0.7165376,13.13323,0.0,0.0,0.114575274,0.6744889,0.12121212,1.2034572,0.9999999,0.45217156,0.1806804,0.36714798,set_7
7.4622335e-08,0.43956327,0.6550612,0.80375576,8.869053,0.0,0.0,0.114575274,0.6744889,0.38383836,1.1335428,0.9999999,0.43431988,0.2177294,0.34795067,set_7
-2.7392107e-07,0.8038141,0.98813325,0.9101952,4.7873054,0.0,0.0,0.114575274,0.6744889,0.72727275,1.0480244,0.9999999,0.408423,0.24950947,0.3420675,set_7
-2.8146093e-07,0.90183437,1.0659442,0.93994856,3.8302042,0.0,0.0,0.114575274,0.6744889,0.8282828,1.024189,0.9999999,0.394835,0.2548948,0.3502702,set_7
-3.9966622e-07,1.3520681,1.2845024,1.084143,0.72507524,0.0,0.0,0.114575274,0.6744889,1.3535353,0.909806,0.9999999,0.14216992,0.2708918,0.5869382,set_7
-3.716325e-07,1.4309868,1.284294,1.1099734,0.52001584,0.0,0.0,0.114575274,0.6744889,1.4545455,0.8896381,0.9999999,0.09813801,0.2656434,0.6362186,set_7
-2.5139406e-07,1.6529621,1.2412647,1.193624,0.24566461,0.0,0.0,0.114575274,0.6744889,1.7979797,0.8254849,0.9999999,0.03696124,0.24077122,0.7222675,set_7
-1.7998696e-07,1.6911694,1.2299548,1.2124243,0.20549557,0.0,0.0,0.114575274,0.6744889,1.8787879,0.81140614,0.9999999,0.029941414,0.23433581,0.7357228,set_7
0.0,0.0,0.12398944,0.6744889,15.5798,0.0,0.0,0.12398944,0.6744889,0.0,1.237127,0.9999999,0.4601799,0.1631191,0.376701,set_7
-3.536201e-07,0.48524764,0.7078874,0.8167185,8.314753,0.0,0.0,0.12398944,0.6744889,0.4242424,1.1230792,0.9999999,0.4314266,0.22290613,0.3456673,set_7
-3.246323e-07,0.5736996,0.79292876,0.8422833,7.2687187,0.0,0.0,0.12398944,0.6744889,0.5050505,1.1025587,0.9999999,0.42613465,0.23182279,0.34204257,set_7
-4.625054e-07,0.94121337,1.1001663,0.95165646,3.484611,0.0,0.0,0.12398944,0.6744889,0.86868685,1.0148691,0.9999999,0.3873321,0.25686505,0.3558028,set_7
-4.569285e-07,1.0152597,1.1525563,0.974756,2.8255992,0.0,0.0,0.12398944,0.6744889,0.94949496,0.9963914,0.9999999,0.36737284,0.260256,0.37237114,set_7
-4.301117e-07,1.1742508,1.2437606,1.0252035,1.6107384,0.0,0.0,0.12398944,0.6744889,1.1313131,0.95623183,0.9999999,0.28479952,0.26815864,0.4470419,set_7
-5.7873444e-07,1.4850804,1.2870272,1.1302454,0.38500786,0.0,0.0,0.12398944,0.6744889,1.5353535,0.87390244,0.9999999,0.071399026,0.2588899,0.6697111,set_7
-6.016141e-07,1.5612453,1.2722397,1.1599702,0.2786489,0.0,0.0,0.12398944,0.6744889,1.6565657,0.85107636,0.9999999,0.04937725,0.24928306,0.7013397,set_7
-5.8890686e-07,1.7080258,1.2285274,1.2309464,0.12613535,0.0,0.0,0.12398944,0.6744889,1.959596,0.79766905,0.9999999,0.022305164,0.2252183,0.7524765,set_7
0.0,0.0,0.1175182,0.6744889,15.5798,0.0,0.0,0.1175182,0.6744889,0.0,1.237127,0.9999999,0.4603644,0.16291694,0.3767186,set_7
-1.6444912e-07,0.21120071,0.40146542,0.7371308,12.036292,0.0,0.0,0.1175182,0.6744889,0.18181817,1.187011,0.9999999,0.4478895,0.18977359,0.3623369,set_7
-1.6257835e-07,0.43983674,0.6575669,0.8037571,8.868782,0.0,0.0,0.1175182,0.6744889,0.38383836,1.1335428,0.9999999,0.43423903,0.21781403,0.34794694,set_7
-1.7121972e-07,0.5729622,0.78785056,0.84227705,7.2677937,0.0,0.0,0.1175182,0.6744889,0.5050505,1.1025587,0.9999999,0.42630035,0.23166357,0.34203607,set_7
-1.962504e-07,0.7015664,0.90350246,0.87974256,5.850082,0.0,0.0,0.1175182,0.6744889,0.6262626,1.0724512,0.9999999,0.41764188,0.24259531,0.33976284,set_7
-2.518714e-07,0.9999386,1.1336176,0.96901965,3.0004082,0.0,0.0,0.1175182,0.6744889,0.9292929,1.0009452,0.9999999,0.37357363,0.25934806,0.36707833,set_7
-2.2931951e-07,1.08901,1.1919901,0.9974341,2.2514248,0.0,0.0,0.1175182,0.6744889,1.030303,0.97829276,0.9999999,0.33882725,0.2635474,0.39762533,set_7
-2.0343457e-07,1.1397839,1.221943,1.0141716,1.8528569,0.0,0.0,0.1175182,0.6744889,1.090909,0.96502846,0.9999999,0.30900884,0.26624638,0.4247448,set_7
3.9071715e-09,1.7059395,1.2218263,1.2263275,0.18409488,0.0,0.0,0.1175182,0.6744889,1.939394,0.8010362,0.9999999,0.02615207,0.23013856,0.7437094,set_7
0.0,0.0,0.10587375,0.6744889,15.5798,0.0,0.0,0.10587375,0.6744889,0.0,1.237127,0.9999999,0.4606965,0.16255313,0.3767504,set_7
-3.4532565e-08,0.117760785,0.27152947,0.70961016,13.516214,0.0,0.0,0.10587375,0.6744889,0.1010101,1.2090302,0.9999999,0.45381933,0.17739956,0.36878112,set_7
-4.4900805e-08,0.18754289,0.3620368,0.7302974,12.392823,0.0,0.0,0.10587375,0.6744889,0.16161615,1.1924764,0.9999999,0.44962317,0.1864215,0.3639554,set_7
-7.1564216e-08,0.30268806,0.50014645,0.7641474,10.684982,0.0,0.0,0.10587375,0.6744889,0.26262626,1.1653299,0.9999999,0.442666,0.20116349,0.35617054,set_7
-3.8379323e-08,0.5278816,0.7366783,0.82955575,7.779213,0.0,0.0,0.10587375,0.6744889,0.46464646,1.112811,0.9999999,0.4292679,0.22705765,0.34367445,set_7
-3.034536e-08,0.5935313,0.79891735,0.8485964,7.01829,0.0,0.0,0.10587375,0.6744889,0.5252525,1.0974694,0.9999999,0.4252397,0.23341073,0.3413495,set_7
-9.565274e-08,0.9572984,1.1014396,0.9574698,3.3098466,0.0,0.0,0.10587375,0.6744889,0.8888889,1.0102192,0.9999999,0.38338855,0.2574674,0.35914406,set_7
-1.00561834e-07,1.3064811,1.2732087,1.0683467,0.9037365,0.0,0.0,0.10587375,0.6744889,1.2929292,0.9222027,0.9999999,0.17817107,0.2720996,0.54972935,set_7
-1.5714045e-07,1.563303,1.2617956,1.1599576,0.2788322,0.0,0.0,0.10587375,0.6744889,1.6565657,0.85107636,0.9999999,0.049609885,0.2493416,0.70104855,set_7
0.0,0.0,0.12307722,0.6744889,15.5798,0.0,0.0,0.12307722,0.6744889,0.0,1.237127,0.9999999,0.46020585,0.16309065,0.37670353,set_7
1.7828081e-07,0.6172003,0.832109,0.8548962,6.777895,0.0,0.0,0.12307722,0.6744889,0.5454545,1.0924389,0.9999999,0.42342794,0.2357663,0.34080577,set_7
1.8531719e-07,0.68140805,0.8897996,0.8735872,6.072119,0.0,0.0,0.12307722,0.6744889,0.60606056,1.0774199,0.9999999,0.41906062,0.2411156,0.33982372,set_7
2.1064717e-07,0.8648906,1.0443712,0.92813253,4.183345,0.0,0.0,0.12307722,0.6744889,0.78787875,1.0337013,0.9999999,0.4006327,0.25309283,0.3462744,set_7
1.7283999e-07,0.9413263,1.1023513,0.9516637,3.462328,0.0,0.0,0.12307722,0.6744889,0.86868685,1.0148691,0.9999999,0.3869756,0.25689593,0.3561285,set_7
3.23206e-08,1.0681072,1.1860498,0.9918254,2.3824205,0.0,0.0,0.12307722,0.6744889,1.010101,0.9827792,0.9999999,0.3467012,0.26273888,0.3905599,set_7
-1.9428e-07,1.5450133,1.2684618,1.1501638,0.37963474,0.0,0.0,0.12307722,0.6744889,1.6161616,0.8585641,0.9999999,0.06278512,0.25570628,0.6815086,set_7
-2.9203923e-07,1.7018684,1.2269531,1.2171353,0.23495485,0.0,0.0,0.12307722,0.6744889,1.8989899,0.807915,0.9999999,0.03076701,0.23515984,0.7340731,set_7
-3.2241797e-07,1.7279135,1.2183738,1.2309659,0.20981354,0.0,0.0,0.12307722,0.6744889,1.959596,0.79766905,0.9999999,0.02650279,0.2304993,0.74299794,set_7
0.0,0.0,0.110083416,0.6744889,15.5798,0.0,0.0,0.110083416,0.6744889,0.0,1.237127,0.9999999,0.46057633,0.1626847,0.37673894,set_7
-5.785092e-09,0.094462454,0.24398462,0.7026505,13.908972,0.0,0.0,0.110083416,0.6744889,0.08080807,1.2146494,0.9999999,0.45509067,0.17452873,0.37038058,set_7
-1.1093702e-08,0.2102881,0.39626172,0.7371304,12.023024,0.0,0.0,0.110083416,0.6744889,0.18181817,1.187011,0.9999999,0.44810092,0.18960242,0.3622966,set_7
-1.0306997e-07,0.59310234,0.80430573,0.8485935,7.00243,0.0,0.0,0.110083416,0.6744889,0.5252525,1.0974694,0.9999999,0.42513105,0.23356795,0.3413009,set_7
-1.5627137e-07,0.6587438,0.8605967,0.8673734,6.3046465,0.0,0.0,0.110083416,0.6744889,0.5858586,1.0824397,0.9999999,0.4208834,0.23911168,0.34000492,set_7
-2.4499175e-07,0.9771999,1.1127408,0.96325976,3.1827776,0.0,0.0,0.110083416,0.6744889,0.9090909,1.005552,0.9999999,0.37941524,0.25832102,0.36226377,set_7
-4.532855e-07,1.397934,1.2784485,1.0945616,0.67174006,0.0,0.0,0.110083416,0.6744889,1.3939394,0.9016767,0.9999999,0.12770541,0.26975217,0.6025424,set_7
-5.1979225e-07,1.6113143,1.2544693,1.1745389,0.2561261,0.0,0.0,0.110083416,0.6744889,1.7171717,0.8399319,0.9999999,0.042831786,0.24513912,0.7120291,set_7
-6.6064314e-07,1.6627806,1.2404488,1.1984013,0.19895756,0.0,0.0,0.110083416,0.6744889,1.8181818,0.8218912,0.9999999,0.03254358,0.23692717,0.73052925,set_7
0.0,0.0,0.11352946,0.6744889,15.5798,0.0,0.0,0.11352946,0.6744889,0.0,1.237127,0.9999999,0.46047813,0.16279231,0.37672952,set_7
-5.506204e-08,0.117961966,0.27878582,0.70961016,13.516456,0.0,0.0,0.11352946,0.6744889,0.1010101,1.2090302,0.9999999,0.4535986,0.17763957,0.36876178,set_7
-1.5677514e-07,0.416929,0.6308189,0.7972274,9.156319,0.0,0.0,0.11352946,0.6744889,0.36363634,1.1387749,0.9999999,0.43567824,0.21512735,0.3491944,set_7
-5.768893e-09,0.5286414,0.7428187,0.8295554,7.780214,0.0,0.0,0.11352946,0.6744889,0.46464646,1.112811,0.9999999,0.42906776,0.22725381,0.34367839,set_7
8.820174e-08,0.8634493,1.0374628,0.92812264,4.182662,0.0,0.0,0.11352946,0.6744889,0.78787875,1.0337013,0.9999999,0.4008424,0.25292456,0.34623304,set_7
2.612202e-08,0.9769341,1.1220832,0.9632595,3.128424,0.0,0.0,0.11352946,0.6744889,0.9090909,1.005552,0.9999999,0.37816352,0.25846815,0.36336836,set_7
-4.776993e-08,1.0490322,1.1692705,0.98615617,2.519771,0.0,0.0,0.11352946,0.6744889,0.989899,0.9873282,0.9999999,0.35424966,0.26178667,0.3839637,set_7
-1.7999646e-07,1.371226,1.2825387,1.0893718,0.6939825,0.0,0.0,0.11352946,0.6744889,1.3737373,0.9057464,0.9999999,0.13440198,0.2703403,0.59525776,set_7
-4.121123e-08,1.5037533,1.2761735,1.1352566,0.38525856,0.0,0.0,0.11352946,0.6744889,1.5555555,0.8700615,0.9999999,0.06941752,0.2581685,0.672414,set_7
0.0,0.0,0.11385198,0.6744889,15.5798,0.0,0.0,0.11385198,0.6744889,0.0,1.237127,0.9999999,0.4604689,0.1628024,0.37672865,set_7
-9.0002935e-08,0.21103334,0.39812744,0.7371308,12.036093,0.0,0.0,0.11385198,0.6744889,0.18181817,1.187011,0.9999999,0.44799486,0.18966043,0.36234477,set_7
-1.6687159e-07,0.5725918,0.7848986,0.84227765,7.2677546,0.0,0.0,0.11385198,0.6744889,0.5050505,1.1025587,0.9999999,0.42639408,0.2315717,0.34203416,set_7
-3.4355375e-07,0.68011105,0.8824279,0.8735813,6.0736938,0.0,0.0,0.11385198,0.6744889,0.60606056,1.0774199,0.9999999,0.41929218,0.24089897,0.33980876,set_7
-4.0569813e-07,0.9019108,1.0655148,0.9399484,3.8295147,0.0,0.0,0.11385198,0.6744889,0.8282828,1.024189,0.9999999,0.39483806,0.25488675,0.35027522,set_7
-3.2779653e-07,1.1025531,1.2008204,1.0030502,2.1058683,0.0,0.0,0.11385198,0.6744889,1.0505049,0.973858,0.9999999,0.32944888,0.26438513,0.406166,set_7
-3.1774402e-07,1.2904161,1.273566,1.0630624,0.98572624,0.0,0.0,0.11385198,0.6744889,1.2727273,0.92638826,0.9999999,0.19287707,0.27216592,0.53495705,set_7
-2.8964502e-07,1.4491975,1.2824166,1.1150804,0.49280167,0.0,0.0,0.11385198,0.6744889,1.4747474,0.88569576,0.9999999,0.091795824,0.26436046,0.64384377,set_7
-2.6022013e-07,1.5323162,1.2722322,1.1451908,0.3443017,0.0,0.0,0.11385198,0.6744889,1.5959595,0.8623983,0.9999999,0.06090684,0.25488514,0.6842081,set_7
0.0,0.0,0.10916561,0.6744889,15.5798,0.0,0.0,0.10916561,0.6744889,0.0,1.237127,0.9999999,0.46060264,0.16265601,0.3767414,set_7
1.7898968e-07,0.23391886,0.42204264,0.74393266,11.686682,0.0,0.0,0.10916561,0.6744889,0.2020202,1.1815249,0.9999999,0.44673237,0.19249246,0.36077523,set_7
1.7942308e-07,0.4390428,0.65086144,0.80375326,8.866051,0.0,0.0,0.10916561,0.6744889,0.38383836,1.1335428,0.9999999,0.43446597,0.21759187,0.3479422,set_7
5.610741e-08,0.67947835,0.87899506,0.873579,6.0721064,0.0,0.0,0.10916561,0.6744889,0.60606056,1.0774199,0.9999999,0.41940397,0.24079847,0.33979753,set_7
3.6533123e-09,0.74218416,0.9328949,0.89201635,5.412454,0.0,0.0,0.10916561,0.6744889,0.6666667,1.0626575,0.9999999,0.41446403,0.24542911,0.3401069,set_7
-1.7240265e-07,1.1799908,1.2431787,1.0306981,1.4836266,0.0,0.0,0.10916561,0.6744889,1.1515151,0.951916,0.9999999,0.27116114,0.2689105,0.45992836,set_7
-1.7904303e-07,1.2673129,1.2670925,1.0577229,1.0566411,0.0,0.0,0.10916561,0.6744889,1.2525252,0.9305653,0.9999999,0.20631687,0.27192396,0.52175915,set_7
-1.5847193e-07,1.469532,1.270241,1.1201472,0.5294614,0.0,0.0,0.10916561,0.6744889,1.4949495,0.8817419,0.9999999,0.094209544,0.2648847,0.64090574,set_7
-9.7567145e-08,1.6545593,1.2378948,1.193644,0.24861799,0.0,0.0,0.10916561,0.6744889,1.7979797,0.8254849,0.9999999,0.037212476,0.24094954,0.721838,set_7
0.0,0.0,0.118544154,0.6744889,15.5798,0.0,0.0,0.118544154,0.6744889,0.0,1.237127,0.9999999,0.4603351,0.16294903,0.37671593,set_7
4.726325e-08,0.14147478,0.31426936,0.7165376,13.133378,0.0,0.0,0.118544154,0.6744889,0.12121212,1.2034572,0.9999999,0.45205718,0.18080449,0.3671383,set_7
-2.8971666e-08,0.25751102,0.45802522,0.7507031,11.345663,0.0,0.0,0.118544154,0.6744889,0.22222221,1.1760731,0.9999999,0.44507056,0.19573468,0.3591948,set_7
-8.28245e-08,0.3492683,0.5623342,0.7774747,10.05405,0.0,0.0,0.118544154,0.6744889,0.30303028,1.1546115,0.9999999,0.4395726,0.2071943,0.35323304,set_7
1.5650951e-07,0.5948895,0.80880636,0.8485908,7.020375,0.0,0.0,0.118544154,0.6744889,0.5252525,1.0974694,0.9999999,0.42492065,0.23371387,0.34136552,set_7
1.580795e-07,1.0502703,1.1719617,0.98614144,2.5261824,0.0,0.0,0.118544154,0.6744889,0.989899,0.9873282,0.9999999,0.35436332,0.2618408,0.38379586,set_7
1.3883759e-07,1.2406889,1.2637541,1.0469772,1.2268839,0.0,0.0,0.118544154,0.6744889,1.2121212,0.9390081,0.9999999,0.23374763,0.27111307,0.4951393,set_7
1.415089e-07,1.3875055,1.287642,1.0945401,0.6365588,0.0,0.0,0.118544154,0.6744889,1.3939394,0.9016767,0.9999999,0.12276463,0.2692531,0.6079823,set_7
1.059591e-07,1.676376,1.238587,1.2077588,0.1845556,0.0,0.0,0.118544154,0.6744889,1.8585858,0.81488013,0.9999999,0.029627059,0.23406935,0.73630357,set_7
0.0,0.0,0.10754986,0.6744889,15.5798,0.0,0.0,0.10754986,0.6744889,0.0,1.237127,0.9999999,0.46064866,0.16260548,0.37674585,set_7
-2.1114536e-07,0.348431,0.5528091,0.7774703,10.053759,0.0,0.0,0.10754986,0.6744889,0.30303028,1.1546115,0.9999999,0.4398823,0.20686813,0.3532496,set_7
-1.1356775e-07,0.48370573,0.6945737,0.8167148,8.312081,0.0,0.0,0.10754986,0.6744889,0.4242424,1.1230792,0.9999999,0.4318643,0.22247218,0.34566355,set_7
-6.421385e-07,1.1491394,1.2283049,1.0196987,1.6953354,0.0,0.0,0.10754986,0.6744889,1.111111,0.96059793,0.9999999,0.29515308,0.2671759,0.437671,set_7
-6.44091e-07,1.1998788,1.2498432,1.0361375,1.374604,0.0,0.0,0.10754986,0.6744889,1.1717172,0.9476215,0.9999999,0.25705203,0.26977387,0.47317404,set_7
-6.148068e-07,1.316129,1.2779572,1.0736358,0.82780623,0.0,0.0,0.10754986,0.6744889,1.3131312,0.9180098,0.9999999,0.16412477,0.27183616,0.5640391,set_7
-5.126453e-07,1.486172,1.2720015,1.1302258,0.42658496,0.0,0.0,0.10754986,0.6744889,1.5353535,0.87390244,0.9999999,0.07675327,0.26052088,0.66272587,set_7
-4.95163e-07,1.5270637,1.2650547,1.1451832,0.36955047,0.0,0.0,0.10754986,0.6744889,1.5959595,0.8623983,0.9999999,0.06398752,0.25613198,0.67988056,set_7
-6.0646215e-07,1.7130781,1.216676,1.2309183,0.15071124,0.0,0.0,0.10754986,0.6744889,1.959596,0.79766905,0.9999999,0.023622356,0.22693418,0.7494435,set_7
0.0,0.0,0.11040577,0.6744889,15.5798,0.0,0.0,0.11040577,0.6744889,0.0,1.237127,0.9999999,0.46056727,0.16269477,0.37673795,set_7
4.509735e-08,0.2800177,0.477692,0.75744057,11.011849,0.0,0.0,0.11040577,0.6744889,0.24242423,1.1706843,0.9999999,0.4439177,0.19840795,0.3576744,set_7
1.4206879e-07,0.86331034,1.0312929,0.9281313,4.2132654,0.0,0.0,0.11040577,0.6744889,0.78787875,1.0337013,0.9999999,0.40117854,0.25280768,0.34601375,set_7
1.7711267e-07,0.9213152,1.0752058,0.9458201,3.6687508,0.0,0.0,0.11040577,0.6744889,0.8484848,1.0195161,0.9999999,0.39161274,0.25574368,0.35264355,set_7
9.3320686e-08,1.1184652,1.2088451,1.0086238,1.9699377,0.0,0.0,0.11040577,0.6744889,1.070707,0.9694461,0.9999999,0.31937903,0.26525956,0.41536146,set_7
7.8251375e-08,1.186968,1.241632,1.0306917,1.5049913,0.0,0.0,0.11040577,0.6744889,1.1515151,0.951916,0.9999999,0.27293268,0.26886544,0.4582019,set_7
1.5222118e-07,1.3377221,1.2790747,1.0789148,0.7912135,0.0,0.0,0.11040577,0.6744889,1.3333333,0.9138843,0.9999999,0.15520981,0.27157462,0.57321554,set_7
1.9911614e-07,1.386107,1.2814995,1.094561,0.6447532,0.0,0.0,0.11040577,0.6744889,1.3939394,0.9016767,0.9999999,0.12427973,0.26938272,0.6063375,set_7
2.7432296e-07,1.5042111,1.2729243,1.1352662,0.39629647,0.0,0.0,0.11040577,0.6744889,1.5555555,0.8700615,0.9999999,0.070763364,0.25862086,0.6706158,set_7
0.0,0.0,0.11095017,0.6744889,15.5798,0.0,0.0,0.11095017,0.6744889,0.0,1.237127,0.9999999,0.46055165,0.16271175,0.37673652,set_7
2.5530895e-08,0.094480745,0.24481489,0.7026505,13.908995,0.0,0.0,0.11095017,0.6744889,0.08080807,1.2146494,0.9999999,0.45506576,0.17455605,0.3703782,set_7
-3.1555416e-09,0.2793227,0.4802867,0.7574362,10.994562,0.0,0.0,0.11095017,0.6744889,0.24242423,1.1706843,0.9999999,0.44389936,0.19850609,0.35759458,set_7
-2.3810633e-08,0.65892243,0.86109334,0.8673809,6.30597,0.0,0.0,0.11095017,0.6744889,0.5858586,1.0824397,0.9999999,0.42086318,0.23912768,0.3400092,set_7
-1.3648178e-08,0.72291106,0.9146911,0.88590753,5.6439257,0.0,0.0,0.11095017,0.6744889,0.64646465,1.06754,0.9999999,0.41616917,0.24397138,0.3398595,set_7
-2.580375e-09,0.8255136,0.9979576,0.9162176,4.6178713,0.0,0.0,0.11095017,0.6744889,0.74747473,1.0432323,0.9999999,0.40636933,0.25059232,0.34303838,set_7
1.5631815e-07,1.0707613,1.1729664,0.9918194,2.4213898,0.0,0.0,0.11095017,0.6744889,1.010101,0.9827792,0.9999999,0.34855154,0.26252243,0.38892597,set_7
-4.038641e-07,1.3089981,1.2762716,1.0683887,0.90547824,0.0,0.0,0.11095017,0.6744889,1.2929292,0.9222027,0.9999999,0.17814249,0.27213317,0.54972434,set_7
-3.8091662e-07,1.7046146,1.2178327,1.2263812,0.18611795,0.0,0.0,0.11095017,0.6744889,1.939394,0.8010362,0.9999999,0.026350962,0.23035462,0.7432944,set_7
0.0,0.0,0.10272463,0.6744889,15.5798,0.0,0.0,0.10272463,0.6744889,0.0,1.237127,0.9999999,0.46078625,0.16245475,0.37675893,set_7
-7.0567663e-09,0.09430647,0.2369367,0.7026505,13.908784,0.0,0.0,0.10272463,0.6744889,0.08080807,1.2146494,0.9999999,0.4553026,0.17429781,0.37039956,set_7
-5.9469958e-08,0.54802656,0.7587942,0.8359287,7.4924116,0.0,0.0,0.10272463,0.6744889,0.48484847,1.1076956,0.9999999,0.42802393,0.22927782,0.34269825,set_7
-1.7255587e-07,0.7643182,0.94134766,0.8981007,5.233081,0.0,0.0,0.10272463,0.6744889,0.68686867,1.0577749,0.9999999,0.41284463,0.24664044,0.34051487,set_7
-1.5825093e-07,1.1715907,1.2221109,1.0252107,1.6698847,0.0,0.0,0.10272463,0.6744889,1.1313131,0.95623183,0.9999999,0.2906465,0.26766196,0.4416915,set_7
-2.414534e-07,1.3127422,1.2642637,1.0683659,0.9607489,0.0,0.0,0.10272463,0.6744889,1.2929292,0.9222027,0.9999999,0.18628806,0.27219722,0.54151475,set_7
-2.8050124e-07,1.3639295,1.2713952,1.0841516,0.77477884,0.0,0.0,0.10272463,0.6744889,1.3535353,0.909806,0.9999999,0.14940865,0.27131194,0.57927936,set_7
-3.2725174e-07,1.4581096,1.2734578,1.115088,0.5137062,0.0,0.0,0.10272463,0.6744889,1.4747474,0.88569576,0.9999999,0.094491355,0.26488212,0.64062655,set_7
-3.5076852e-07,1.5521452,1.2624633,1.1501454,0.3358699,0.0,0.0,0.10272463,0.6744889,1.6161616,0.8585641,0.9999999,0.05818409,0.2536347,0.68818116,set_7
0.0,0.0,0.10871723,0.6744889,15.5798,0.0,0.0,0.10871723,0.6744889,0.0,1.237127,0.9999999,0.4606154,0.16264197,0.3767427,set_7
3.344161e-08,0.141168,0.30505037,0.7165376,13.133011,0.0,0.0,0.10871723,0.6744889,0.12121212,1.2034572,0.9999999,0.45234045,0.18049714,0.36716238,set_7
-2.0828139e-10,0.2569803,0.44926357,0.75070393,11.344897,0.0,0.0,0.10871723,0.6744889,0.22222221,1.1760731,0.9999999,0.44535106,0.19543618,0.3592128,set_7
1.8107178e-07,1.2049263,1.2463075,1.0361329,1.4104779,0.0,0.0,0.10871723,0.6744889,1.1717172,0.9476215,0.9999999,0.26067746,0.26964387,0.46967867,set_7
2.0436319e-07,1.4618144,1.2778376,1.1201328,0.4646399,0.0,0.0,0.10871723,0.6744889,1.4949495,0.8817419,0.9999999,0.08587856,0.26298007,0.6511414,set_7
2.481156e-07,1.5341799,1.2661874,1.1451646,0.3690102,0.0,0.0,0.10871723,0.6744889,1.5959595,0.8623983,0.9999999,0.063645266,0.25599065,0.68036413,set_7
2.4499968e-07,1.6192654,1.2476493,1.1793019,0.26871532,0.0,0.0,0.10871723,0.6744889,1.7373737,0.8362865,0.9999999,0.042666413,0.2450127,0.71232086,set_7
2.3830098e-07,1.660312,1.2367474,1.1983482,0.22149989,0.0,0.0,0.10871723,0.6744889,1.8181818,0.8218912,0.9999999,0.034190886,0.23841225,0.72739685,set_7
2.742424e-07,1.697367,1.225218,1.217068,0.18472058,0.0,0.0,0.10871723,0.6744889,1.8989899,0.807915,0.9999999,0.027837053,0.2320683,0.7400946,set_7
0.0,0.0,0.10125162,0.6744889,15.5798,0.0,0.0,0.10125162,0.6744889,0.0,1.237127,0.9999999,0.46082842,0.16240871,0.37676287,set_7
3.682321e-08,0.09427518,0.23552595,0.7026505,13.908748,0.0,0.0,0.10125162,0.6744889,0.08080807,1.2146494,0.9999999,0.45534506,0.17425154,0.3704034,set_7
1.3837223e-07,0.41588825,0.6207992,0.7972261,9.152966,0.0,0.0,0.10125162,0.6744889,0.36363634,1.1387749,0.9999999,0.4360134,0.21479404,0.34919253,set_7
-3.9754488e-07,0.91930366,1.0710343,0.94582474,3.6493633,0.0,0.0,0.10125162,0.6744889,0.8484848,1.0195161,0.9999999,0.39156055,0.25562257,0.35281688,set_7
-4.604171e-07,1.1529236,1.2194374,1.0197322,1.7335949,0.0,0.0,0.10125162,0.6744889,1.111111,0.96059793,0.9999999,0.29827797,0.2669689,0.4347531,set_7
-4.6656285e-07,1.2042042,1.2416456,1.0361708,1.4082593,0.0,0.0,0.10125162,0.6744889,1.1717172,0.9476215,0.9999999,0.26066387,0.26958653,0.46974957,set_7
-4.4536372e-07,1.3010113,1.2711949,1.0683796,0.8941342,0.0,0.0,0.10125162,0.6744889,1.2929292,0.9222027,0.9999999,0.17718747,0.2720452,0.5507673,set_7
-4.5069655e-07,1.6721598,1.2250752,1.2031196,0.24841663,0.0,0.0,0.10125162,0.6744889,1.8383838,0.8183656,0.9999999,0.035073794,0.23912065,0.7258056,set_7
-4.5067472e-07,1.7001053,1.2167672,1.2171295,0.2192664,0.0,0.0,0.10125162,0.6744889,1.8989899,0.807915,0.9999999,0.030008264,0.23433214,0.7356596,set_7
0.0,0.0,0.11274147,0.6744889,15.5798,0.0,0.0,0.11274147,0.6744889,0.0,1.237127,0.9999999,0.4605006,0.16276771,0.37673166,set_7
7.744639e-09,0.07102033,0.21427456,0.6956585,14.311321,0.0,0.0,0.11274147,0.6744889,0.06060606,1.2202688,0.9999999,0.4564003,0.17162113,0.3719786,set_7
-1.5174342e-07,0.30311018,0.506583,0.7641437,10.682028,0.0,0.0,0.11274147,0.6744889,0.26262626,1.1653299,0.9999999,0.44246787,0.20138851,0.35614368,set_7
-1.0820768e-07,0.43933427,0.6538241,0.803751,8.866698,0.0,0.0,0.11274147,0.6744889,0.38383836,1.1335428,0.9999999,0.43436867,0.21768948,0.34794185,set_7
2.5080735e-07,0.8827261,1.0495908,0.934061,4.014846,0.0,0.0,0.11274147,0.6744889,0.8080808,1.0289164,0.9999999,0.39810064,0.2538903,0.34800908,set_7
1.0552021e-07,1.3184797,1.2810495,1.07366,0.82965076,0.0,0.0,0.11274147,0.6744889,1.3131312,0.9180098,0.9999999,0.16412412,0.2718685,0.56400734,set_7
8.6952205e-08,1.4269096,1.2847866,1.109992,0.5055759,0.0,0.0,0.11274147,0.6744889,1.4545455,0.8896381,0.9999999,0.09636943,0.26528853,0.638342,set_7
-2.998306e-07,1.5988371,1.2493571,1.1697142,0.34235156,0.0,0.0,0.11274147,0.6744889,1.6969697,0.843646,0.9999999,0.05212969,0.25069514,0.6971752,set_7
-3.3716924e-07,1.7357379,1.2110726,1.2355288,0.19248056,0.0,0.0,0.11274147,0.6744889,1.979798,0.794312,0.9999999,0.024807757,0.22839354,0.74679863,set_7
0.0,0.0,0.11601095,0.6744889,15.5798,0.0,0.0,0.11601095,0.6744889,0.0,1.237127,0.9999999,0.46040738,0.16286986,0.37672275,set_7
-1.12371964e-07,0.18794447,0.3713469,0.7302976,12.393433,0.0,0.0,0.11601095,0.6744889,0.16161615,1.1924764,0.9999999,0.44933167,0.18673542,0.36393294,set_7
-3.3964383e-07,0.4171499,0.6329217,0.7972262,9.156338,0.0,0.0,0.11601095,0.6744889,0.36363634,1.1387749,0.9999999,0.43560976,0.21519844,0.34919178,set_7
1.9474302e-07,1.1203176,1.2115026,1.008638,1.979214,0.0,0.0,0.11601095,0.6744889,1.070707,0.9694461,0.9999999,0.31978947,0.26529658,0.41491404,set_7
1.218516e-07,1.4288391,1.2858862,1.1099899,0.51334906,0.0,0.0,0.11601095,0.6744889,1.4545455,0.8896381,0.9999999,0.09727819,0.26548323,0.6372386,set_7
1.6465819e-07,1.5050211,1.2746764,1.1352535,0.40913236,0.0,0.0,0.11601095,0.6744889,1.5555555,0.8700615,0.9999999,0.07215016,0.2591102,0.6687396,set_7
2.0028122e-07,1.5482428,1.265108,1.1501447,0.3748523,0.0,0.0,0.11601095,0.6744889,1.6161616,0.8585641,0.9999999,0.062271103,0.255462,0.68226695,set_7
2.3221745e-07,1.6002257,1.2525384,1.1696959,0.33287442,0.0,0.0,0.11601095,0.6744889,1.6969697,0.843646,0.9999999,0.05111899,0.2501661,0.6987149,set_7
2.2232129e-07,1.7277342,1.2170355,1.2309395,0.18999943,0.0,0.0,0.11601095,0.6744889,1.959596,0.79766905,0.9999999,0.02544035,0.22921485,0.7453448,set_7
0.0,0.0,0.107575715,0.6744889,15.5798,0.0,0.0,0.107575715,0.6744889,0.0,1.237127,0.9999999,0.4606479,0.16260631,0.37674576,set_7
-2.1309224e-07,0.7436767,0.92905366,0.892014,5.433711,0.0,0.0,0.107575715,0.6744889,0.6666667,1.0626575,0.9999999,0.4145329,0.24536029,0.34010676,set_7
-9.292434e-08,0.9031157,1.0584435,0.939953,3.8500752,0.0,0.0,0.107575715,0.6744889,0.8282828,1.024189,0.9999999,0.39517248,0.2547723,0.35005522,set_7
-9.0761986e-08,0.97835666,1.1141977,0.9632669,3.1580212,0.0,0.0,0.107575715,0.6744889,0.9090909,1.005552,0.9999999,0.37889028,0.25835168,0.36275804,set_7
-4.7763825e-07,1.1717545,1.2299669,1.0252054,1.6334274,0.0,0.0,0.107575715,0.6744889,1.1313131,0.95623183,0.9999999,0.28733385,0.26788116,0.44478503,set_7
-4.6218136e-07,1.39632,1.2826822,1.0996968,0.5785308,0.0,0.0,0.107575715,0.6744889,1.4141414,0.89760315,0.9999999,0.11208365,0.2678694,0.6200469,set_7
-5.1236526e-07,1.4863122,1.2738566,1.1302222,0.41209942,0.0,0.0,0.107575715,0.6744889,1.5353535,0.87390244,0.9999999,0.0749607,0.25997204,0.66506726,set_7
-6.3054597e-07,1.5713184,1.2543204,1.1599503,0.34860665,0.0,0.0,0.107575715,0.6744889,1.6565657,0.85107636,0.9999999,0.056200426,0.25273404,0.69106555,set_7
-6.7055953e-07,1.6201985,1.2420197,1.1793342,0.3079399,0.0,0.0,0.107575715,0.6744889,1.7373737,0.8362865,0.9999999,0.0460633,0.24719869,0.706738,set_7
0.0,0.0,0.10988916,0.6744889,15.5798,0.0,0.0,0.10988916,0.6744889,0.0,1.237127,0.9999999,0.46058196,0.16267861,0.3767394,set_7
1.1597861e-08,0.18769391,0.36571848,0.7302976,12.39313,0.0,0.0,0.10988916,0.6744889,0.16161615,1.1924764,0.9999999,0.4495079,0.18654536,0.36394674,set_7
-1.6859453e-07,0.4615668,0.674011,0.81024384,8.588009,0.0,0.0,0.10988916,0.6744889,0.4040404,1.1282892,0.9999999,0.43312308,0.22010115,0.34677574,set_7
2.1650649e-07,0.9016466,1.0630329,0.93995386,3.8264961,0.0,0.0,0.10988916,0.6744889,0.8282828,1.024189,0.9999999,0.39488152,0.25483105,0.35028747,set_7
1.8351534e-07,1.0312811,1.1555758,0.98047173,2.6656213,0.0,0.0,0.10988916,0.6744889,0.96969694,0.99186194,0.9999999,0.36116353,0.26091185,0.37792468,set_7
1.2836081e-07,1.2050045,1.2469994,1.0361477,1.4109435,0.0,0.0,0.10988916,0.6744889,1.1717172,0.9476215,0.9999999,0.26069424,0.2696518,0.46965393,set_7
1.0041664e-07,1.4245343,1.2842108,1.1099731,0.49570763,0.0,0.0,0.10988916,0.6744889,1.4545455,0.8896381,0.9999999,0.09518559,0.26503673,0.63977766,set_7
1.9312347e-07,1.6072688,1.2441711,1.1745311,0.33469617,0.0,0.0,0.10988916,0.6744889,1.7171717,0.8399319,0.9999999,0.04999662,0.24952579,0.70047766,set_7
1.7739053e-07,1.6609695,1.2310349,1.1983912,0.2715157,0.0,0.0,0.10988916,0.6744889,1.8181818,0.8218912,0.9999999,0.037871607,0.24145804,0.72067034,set_7
0.0,0.0,0.11264096,0.6744889,15.5798,0.0,0.0,0.11264096,0.6744889,0.0,1.237127,0.9999999,0.46050334,0.16276462,0.376732,set_7
-3.8208746e-08,0.28014943,0.4796692,0.75744057,11.012009,0.0,0.0,0.11264096,0.6744889,0.24242423,1.1706843,0.9999999,0.4438541,0.19847548,0.35767043,set_7
-1.1323031e-08,0.43907714,0.6542778,0.8037493,8.862154,0.0,0.0,0.11264096,0.6744889,0.38383836,1.1335428,0.9999999,0.43437338,0.21770489,0.34792176,set_7
-3.3968835e-08,0.6367598,0.8450476,0.861138,6.525609,0.0,0.0,0.11264096,0.6744889,0.56565654,1.0874386,0.9999999,0.42227438,0.23742063,0.340305,set_7
-1.5420585e-07,0.8037573,0.98611933,0.9101983,4.7919636,0.0,0.0,0.11264096,0.6744889,0.72727275,1.0480244,0.9999999,0.4084875,0.24946402,0.34204853,set_7
-2.3280202e-07,1.1357579,1.219707,1.0141828,1.8431,0.0,0.0,0.11264096,0.6744889,1.090909,0.96502846,0.9999999,0.3085704,0.26620513,0.42522442,set_7
-2.5965684e-07,1.402016,1.2827779,1.0997334,0.6042352,0.0,0.0,0.11264096,0.6744889,1.4141414,0.89760315,0.9999999,0.115430005,0.26836187,0.61620814,set_7
-2.2496184e-07,1.6331702,1.2476141,1.1889244,0.21603532,0.0,0.0,0.11264096,0.6744889,1.7777778,0.8290916,0.9999999,0.036139335,0.24014057,0.7237201,set_7
-1.6655247e-07,1.6718098,1.235997,1.2078054,0.17683853,0.0,0.0,0.11264096,0.6744889,1.8585858,0.81488013,0.9999999,0.02928705,0.2337097,0.73700327,set_7
0.0,0.0,0.10282396,0.6744889,15.5798,0.0,0.0,0.10282396,0.6744889,0.0,1.237127,0.9999999,0.4607835,0.16245781,0.3767587,set_7
5.679015e-08,0.14098375,0.2995215,0.7165376,13.1327915,0.0,0.0,0.10282396,0.6744889,0.12121212,1.2034572,0.9999999,0.45251045,0.18031281,0.36717674,set_7
5.165158e-08,0.27958906,0.47099972,0.7574377,11.0112,0.0,0.0,0.10282396,0.6744889,0.24242423,1.1706843,0.9999999,0.44413304,0.19817993,0.35768703,set_7
2.3946686e-08,0.43852818,0.64522725,0.8037534,8.868486,0.0,0.0,0.10282396,0.6744889,0.38383836,1.1335428,0.9999999,0.43464065,0.2174009,0.3479585,set_7
-4.061276e-08,0.6148293,0.8165173,0.8548904,6.773989,0.0,0.0,0.10282396,0.6744889,0.5454545,1.0924389,0.9999999,0.4239336,0.23529232,0.34077412,set_7
-8.496082e-08,0.7616817,0.9471518,0.89811015,5.1867166,0.0,0.0,0.10282396,0.6744889,0.68686867,1.0577749,0.9999999,0.41272268,0.24673149,0.3405458,set_7
-7.38939e-08,1.1008215,1.1922941,1.0030391,2.1140184,0.0,0.0,0.10282396,0.6744889,1.0505049,0.973858,0.9999999,0.33020598,0.26422456,0.40556946,set_7
2.1869752e-08,1.572308,1.2547183,1.1599343,0.3243004,0.0,0.0,0.10282396,0.6744889,1.6565657,0.85107636,0.9999999,0.053789333,0.25153276,0.6946779,set_7
8.426715e-09,1.6285354,1.2420765,1.1841072,0.25172678,0.0,0.0,0.10282396,0.6744889,1.7575758,0.8326826,0.9999999,0.04008984,0.2431692,0.71674097,set_7
0.0,0.0,0.10497072,0.6744889,15.5798,0.0,0.0,0.10497072,0.6744889,0.0,1.237127,0.9999999,0.46072227,0.16252492,0.3767528,set_7
-2.5221436e-10,0.1410508,0.3015356,0.7165376,13.13287,0.0,0.0,0.10497072,0.6744889,0.12121212,1.2034572,0.9999999,0.45244855,0.18038,0.36717147,set_7
3.3330057e-08,0.46112785,0.6699343,0.810249,8.587664,0.0,0.0,0.10497072,0.6744889,0.4040404,1.1282892,0.9999999,0.4332559,0.2199666,0.34677753,set_7
-5.091548e-07,0.6150422,0.81812656,0.85487926,6.774916,0.0,0.0,0.10497072,0.6744889,0.5454545,1.0924389,0.9999999,0.4238811,0.23534003,0.3407788,set_7
-5.060598e-07,0.7823279,0.9645082,0.9041563,4.989259,0.0,0.0,0.10497072,0.6744889,0.7070707,1.0528723,0.9999999,0.41074586,0.2480711,0.341183,set_7
-5.4937e-07,1.1707972,1.2297374,1.0252084,1.6213329,0.0,0.0,0.10497072,0.6744889,1.1313131,0.95623183,0.9999999,0.2863591,0.26790804,0.44573286,set_7
-4.851127e-07,1.3856897,1.2796303,1.0945419,0.6330501,0.0,0.0,0.10497072,0.6744889,1.3939394,0.9016767,0.9999999,0.12269616,0.26917604,0.60812783,set_7
-5.064334e-07,1.4318635,1.2790622,1.1099708,0.51565814,0.0,0.0,0.10497072,0.6744889,1.4545455,0.8896381,0.9999999,0.09771964,0.26551694,0.6367634,set_7
-6.1406024e-07,1.7166102,1.2166674,1.2309132,0.14107761,0.0,0.0,0.10497072,0.6744889,1.959596,0.79766905,0.9999999,0.023083279,0.22620128,0.75071543,set_7
0.0,0.0,0.104925804,0.6744889,15.5798,0.0,0.0,0.104925804,0.6744889,0.0,1.237127,0.9999999,0.46072358,0.16252352,0.3767529,set_7
3.985784e-08,0.23370636,0.41822052,0.74393266,11.686424,0.0,0.0,0.104925804,0.6744889,0.2020202,1.1815249,0.9999999,0.44685397,0.19236234,0.36078367,set_7
-2.9957923e-07,0.46104985,0.6703677,0.8102505,8.583715,0.0,0.0,0.104925804,0.6744889,0.4040404,1.1282892,0.9999999,0.43325546,0.21998432,0.34676027,set_7
-1.00309364e-07,0.6363841,0.83800375,0.86114454,6.533311,0.0,0.0,0.104925804,0.6744889,0.56565654,1.0874386,0.9999999,0.4224669,0.23721747,0.3403156,set_7
1.905388e-07,0.7209072,0.91212887,0.8858952,5.627289,0.0,0.0,0.104925804,0.6744889,0.64646465,1.06754,0.9999999,0.41629398,0.24387422,0.33983186,set_7
4.5677103e-07,0.91836894,1.0739136,0.94581383,3.6470454,0.0,0.0,0.104925804,0.6744889,0.8484848,1.0195161,0.9999999,0.39148426,0.2556658,0.35284993,set_7
2.6973183e-07,1.6315348,1.2420689,1.1841288,0.26222944,0.0,0.0,0.104925804,0.6744889,1.7575758,0.8326826,0.9999999,0.040838063,0.2437093,0.7154526,set_7
2.4472388e-07,1.6620331,1.2338753,1.1983836,0.22773422,0.0,0.0,0.104925804,0.6744889,1.8181818,0.8218912,0.9999999,0.034642037,0.2387878,0.7265702,set_7
1.8843573e-07,1.7164344,1.2165759,1.2263467,0.1750123,0.0,0.0,0.104925804,0.6744889,1.939394,0.8010362,0.9999999,0.025562707,0.2293686,0.74506867,set_7
0.0,0.0,0.118470065,0.6744889,15.5798,0.0,0.0,0.118470065,0.6744889,0.0,1.237127,0.9999999,0.46033722,0.16294667,0.37671605,set_7
-2.6643994e-07,0.57310855,0.7884309,0.84226847,7.269351,0.0,0.0,0.118470065,0.6744889,0.5050505,1.1025587,0.9999999,0.42627668,0.23168138,0.34204194,set_7
-2.5696602e-07,0.70148873,0.90484387,0.879738,5.8452196,0.0,0.0,0.118470065,0.6744889,0.6262626,1.0724512,0.9999999,0.41761157,0.2426294,0.33975905,set_7
-2.6265096e-07,0.9020884,1.0689209,0.93993676,3.8290625,0.0,0.0,0.118470065,0.6744889,0.8282828,1.024189,0.9999999,0.39474183,0.25495785,0.35030028,set_7
-2.757813e-07,1.0860192,1.1927825,0.9974408,2.248999,0.0,0.0,0.118470065,0.6744889,1.030303,0.97829276,0.9999999,0.33879262,0.26353478,0.39767256,set_7
-3.6083674e-07,1.2416236,1.2631398,1.0469805,1.2316558,0.0,0.0,0.118470065,0.6744889,1.2121212,0.9390081,0.9999999,0.23429216,0.271099,0.49460882,set_7
-2.5335535e-07,1.4634905,1.2849219,1.120154,0.45561087,0.0,0.0,0.118470065,0.6744889,1.4949495,0.8817419,0.9999999,0.08440551,0.26265082,0.6529437,set_7
-1.5138102e-07,1.531909,1.2750528,1.1452005,0.3432721,0.0,0.0,0.118470065,0.6744889,1.5959595,0.8623983,0.9999999,0.060727406,0.2548278,0.6844448,set_7
-1.218778e-07,1.6030256,1.2599143,1.1745299,0.24801323,0.0,0.0,0.118470065,0.6744889,1.7171717,0.8399319,0.9999999,0.042255845,0.24479596,0.7129482,set_7
0.0,0.0,0.113122925,0.67488027,29.212,0.0,0.0,0.113122925,0.67488027,0.0,1.2585858,0.9999999,0.4424276,0.15507539,0.40249696,set_7
-1.5531816e-08,0.11185788,0.2731586,0.71053725,26.491774,0.0,0.0,0.113122925,0.67488027,0.1010101,1.2248846,0.9999999,0.43644622,0.16478395,0.3987698,set_7
-1.5454424e-07,0.63247275,0.8611023,0.88143134,16.549532,0.0,0.0,0.113122925,0.67488027,0.6262626,1.0695461,0.9999999,0.40252674,0.22219004,0.37528324,set_7
-1.2369749e-07,0.6882,0.9106447,0.89973426,15.715321,0.0,0.0,0.113122925,0.67488027,0.68686867,1.0538857,0.9999999,0.39875484,0.22873218,0.372513,set_7
6.6152452e-09,0.97588056,1.1360403,0.99299073,11.942263,0.0,0.0,0.113122925,0.67488027,1.010101,0.97721523,0.9999999,0.3809484,0.25916255,0.35988906,set_7
-1.7958071e-09,1.0617745,1.1963158,1.020736,10.947793,0.0,0.0,0.113122925,0.67488027,1.111111,0.9558787,0.9999999,0.3763043,0.26659888,0.3570968,set_7
-3.9921296e-08,1.3643663,1.3869798,1.121074,7.7940907,0.0,0.0,0.113122925,0.67488027,1.4949495,0.8861555,0.9999999,0.36118454,0.28495637,0.35385913,set_7
-4.5770868e-08,1.6255536,1.5249802,1.2148414,5.4190216,0.0,0.0,0.113122925,0.67488027,1.8787879,0.83424133,0.9999999,0.34196785,0.291069,0.36696315,set_7
-4.9626742e-08,1.6747663,1.5496745,1.2339094,4.986723,0.0,0.0,0.113122925,0.67488027,1.959596,0.8255495,0.9999999,0.33562458,0.29127458,0.37310085,set_7
0.0,0.0,0.10605665,0.67488027,29.212,0.0,0.0,0.10605665,0.67488027,0.0,1.2585858,0.9999999,0.44256485,0.15492012,0.402515,set_7
-1.4322885e-07,0.13336073,0.29614067,0.7175525,25.988626,0.0,0.0,0.10605665,0.67488027,0.12121212,1.2182416,0.9999999,0.43535224,0.16664638,0.39800137,set_7
-1.9228065e-07,0.49798268,0.7276164,0.8376665,18.699936,0.0,0.0,0.10605665,0.67488027,0.48484847,1.1081766,0.9999999,0.41183046,0.20622395,0.3819456,set_7
-7.039895e-08,0.79658663,0.9974664,0.9355048,14.173961,0.0,0.0,0.10605665,0.67488027,0.8080808,1.023598,0.9999999,0.3917098,0.24102707,0.36726314,set_7
-6.239065e-08,0.93986464,1.1070958,0.98166704,12.35237,0.0,0.0,0.10605665,0.67488027,0.96969694,0.98618925,0.9999999,0.38304025,0.25578642,0.36117336,set_7
-1.6494243e-07,1.2563224,1.3210515,1.0849642,8.835693,0.0,0.0,0.10605665,0.67488027,1.3535353,0.9097776,0.9999999,0.36664155,0.27984244,0.353516,set_7
-1.6147538e-07,1.3182032,1.357759,1.105695,8.222768,0.0,0.0,0.10605665,0.67488027,1.4343435,0.8959203,0.9999999,0.36358625,0.28294185,0.3534719,set_7
-9.2707296e-08,1.4789978,1.4457378,1.1611482,6.7224946,0.0,0.0,0.10605665,0.67488027,1.6565657,0.8621012,0.9999999,0.35454947,0.288636,0.35681447,set_7
-1.6492542e-08,1.6496872,1.5325365,1.2242055,5.210781,0.0,0.0,0.10605665,0.67488027,1.919192,0.8296955,0.9999999,0.33912164,0.29116938,0.369709,set_7
0.0,0.0,0.11070916,0.67488027,29.212,0.0,0.0,0.11070916,0.67488027,0.0,1.2585858,0.9999999,0.44247448,0.1550224,0.40250313,set_7
-1.0621094e-07,0.38027802,0.6061398,0.79887086,20.81194,0.0,0.0,0.11070916,0.67488027,0.36363634,1.1431063,0.9999999,0.41973782,0.19267601,0.38758612,set_7
-6.032871e-08,0.68740106,0.9095113,0.8997117,15.707579,0.0,0.0,0.11070916,0.67488027,0.68686867,1.0538857,0.9999999,0.39880225,0.2287001,0.37249768,set_7
-1.9998231e-07,0.9589969,1.1224396,0.9873049,12.147755,0.0,0.0,0.11070916,0.67488027,0.989899,0.9817182,0.9999999,0.38194707,0.2575308,0.36052212,set_7
-2.6571809e-07,1.0284675,1.1708388,1.009654,11.341006,0.0,0.0,0.11070916,0.67488027,1.070707,0.9643624,0.9999999,0.37813407,0.2637183,0.35814768,set_7
-3.225844e-07,1.096458,1.2163932,1.0316132,10.582847,0.0,0.0,0.11070916,0.67488027,1.1515151,0.9477423,0.9999999,0.3745889,0.269196,0.35621506,set_7
-3.4857635e-07,1.1463716,1.2488583,1.0478379,10.043486,0.0,0.0,0.11070916,0.67488027,1.2121212,0.93577844,0.9999999,0.3720815,0.27283853,0.35507995,set_7
-2.8509615e-07,1.2899837,1.3382336,1.0953374,8.560439,0.0,0.0,0.11070916,0.67488027,1.3939394,0.9027964,0.9999999,0.36505988,0.28147516,0.35346496,set_7
-5.5091897e-07,1.4238061,1.4167451,1.1412227,7.2535963,0.0,0.0,0.11070916,0.67488027,1.5757575,0.87376726,0.9999999,0.3579954,0.28704947,0.35495517,set_7
0.0,0.0,0.10047221,0.67488027,29.212,0.0,0.0,0.10047221,0.67488027,0.0,1.2585858,0.9999999,0.44267336,0.1547974,0.40252927,set_7
1.3695768e-07,0.17586921,0.34820884,0.73147106,25.019413,0.0,0.0,0.10047221,0.67488027,0.16161615,1.2053001,0.9999999,0.432963,0.17063633,0.3964007,set_7
8.538273e-08,0.27969003,0.48014578,0.7656165,22.79128,0.0,0.0,0.10047221,0.67488027,0.26262626,1.1735852,0.9999999,0.42653337,0.18133125,0.39213544,set_7
1.1091274e-08,0.38029635,0.59786415,0.79886365,20.80727,0.0,0.0,0.10047221,0.67488027,0.36363634,1.1431063,0.9999999,0.41993144,0.19245991,0.38760862,set_7
3.7147885e-09,0.5928861,0.8165654,0.8690623,17.132717,0.0,0.0,0.10047221,0.67488027,0.5858586,1.0804132,0.9999999,0.40537366,0.21741828,0.37720802,set_7
2.3140859e-07,0.7782228,0.9788271,0.929635,14.418394,0.0,0.0,0.10047221,0.67488027,0.78787875,1.028594,0.9999999,0.3929691,0.2389111,0.36811978,set_7
3.5134357e-07,1.1930325,1.2751144,1.0639476,9.511792,0.0,0.0,0.10047221,0.67488027,1.2727273,0.9244165,0.9999999,0.36983192,0.27596593,0.35420206,set_7
2.850977e-07,1.4072733,1.4036212,1.13627,7.379941,0.0,0.0,0.10047221,0.67488027,1.5555555,0.87675726,0.9999999,0.358945,0.28644812,0.3546069,set_7
1.6489278e-07,1.6353381,1.5266775,1.2195066,5.2905884,0.0,0.0,0.10047221,0.67488027,1.8989899,0.8319495,0.9999999,0.34051126,0.2910124,0.36847636,set_7
0.0,0.0,0.10937963,0.67488027,29.212,0.0,0.0,0.10937963,0.67488027,0.0,1.2585858,0.9999999,0.44250038,0.15499312,0.40250647,set_7
-1.1288121e-07,0.5926321,0.8232114,0.8690589,17.135056,0.0,0.0,0.10937963,0.67488027,0.5858586,1.0804132,0.9999999,0.4052183,0.21759424,0.37718743,set_7
-1.6268382e-07,0.79719347,1.0000426,0.9355046,14.172343,0.0,0.0,0.10937963,0.67488027,0.8080808,1.023598,0.9999999,0.39163947,0.24111246,0.36724803,set_7
-1.4935821e-07,0.958266,1.1215749,0.9872978,12.146566,0.0,0.0,0.10937963,0.67488027,0.989899,0.9817182,0.9999999,0.38198072,0.257498,0.36052135,set_7
-9.8849696e-08,1.2105525,1.289596,1.0691313,9.357415,0.0,0.0,0.10937963,0.67488027,1.2929292,0.92067313,0.9999999,0.3689217,0.27706894,0.35400936,set_7
-1.0233586e-07,1.273708,1.3284904,1.0901214,8.71241,0.0,0.0,0.10937963,0.67488027,1.3737373,0.90629745,0.9999999,0.36584556,0.2806585,0.3534959,set_7
-1.048597e-07,1.3198124,1.3562216,1.1056495,8.25212,0.0,0.0,0.10937963,0.67488027,1.4343435,0.8959203,0.9999999,0.3635573,0.28294325,0.3534994,set_7
-1.0836578e-07,1.4654161,1.4404036,1.1561708,6.8487864,0.0,0.0,0.10937963,0.67488027,1.6363636,0.86487633,0.9999999,0.35541457,0.28830552,0.35627994,set_7
-1.12001985e-07,1.6362534,1.532599,1.2194124,5.284383,0.0,0.0,0.10937963,0.67488027,1.8989899,0.8319495,0.9999999,0.34036347,0.2910808,0.36855572,set_7
0.0,0.0,0.10855152,0.67488027,29.212,0.0,0.0,0.10855152,0.67488027,0.0,1.2585858,0.9999999,0.44251642,0.15497495,0.40250862,set_7
-7.580075e-08,0.41952348,0.64776456,0.8119295,20.078602,0.0,0.0,0.10855152,0.67488027,0.4040404,1.1312001,0.9999999,0.41712117,0.19714862,0.38573027,set_7
-1.3027856e-07,0.6493399,0.87446254,0.887555,16.264385,0.0,0.0,0.10855152,0.67488027,0.64646465,1.064286,0.9999999,0.4013756,0.2242588,0.3743656,set_7
-1.8473108e-07,0.8694906,1.0556663,0.9587729,13.234533,0.0,0.0,0.10855152,0.67488027,0.8888889,1.0045382,0.9999999,0.3871788,0.24876684,0.36405438,set_7
-2.1807759e-07,1.0448468,1.1814135,1.0151516,11.143727,0.0,0.0,0.10855152,0.67488027,1.090909,0.9601341,0.9999999,0.37726426,0.2651211,0.35761458,set_7
-2.578334e-07,1.3348958,1.3649833,1.1107765,8.10084,0.0,0.0,0.10855152,0.67488027,1.4545455,0.89264935,0.9999999,0.3627979,0.28362444,0.35357767,set_7
-3.997694e-08,1.506875,1.4628366,1.1710411,6.4630833,0.0,0.0,0.10855152,0.67488027,1.6969697,0.8565809,0.9999999,0.35259286,0.2893127,0.35809445,set_7
2.1924677e-08,1.5602248,1.4917973,1.190605,5.972721,0.0,0.0,0.10855152,0.67488027,1.7777778,0.84618074,0.9999999,0.34832522,0.29029658,0.36137822,set_7
3.9523087e-08,1.5989444,1.5124187,1.2051215,5.621322,0.0,0.0,0.10855152,0.67488027,1.8383838,0.83877724,0.9999999,0.3446219,0.29078367,0.3645944,set_7
0.0,0.0,0.099834986,0.67488027,29.212,0.0,0.0,0.099834986,0.67488027,0.0,1.2585858,0.9999999,0.44268578,0.15478335,0.40253088,set_7
-1.209056e-07,0.089778475,0.23005936,0.7034833,27.007524,0.0,0.0,0.099834986,0.67488027,0.08080807,1.2316247,0.9999999,0.4379331,0.16248538,0.39958158,set_7
-1.6960236e-07,0.47758707,0.7026052,0.8312768,19.035042,0.0,0.0,0.099834986,0.67488027,0.46464646,1.1138635,0.9999999,0.41330102,0.20377424,0.38292474,set_7
-7.593027e-08,1.0944998,1.2100201,1.0316881,10.574627,0.0,0.0,0.099834986,0.67488027,1.1515151,0.9477423,0.9999999,0.3747643,0.26903167,0.35620406,set_7
-7.7521776e-08,1.1769907,1.2635098,1.0585978,9.689828,0.0,0.0,0.099834986,0.67488027,1.2525252,0.9281419,0.9999999,0.37063733,0.2748922,0.35447043,set_7
-8.2835484e-08,1.2409754,1.3035432,1.0797255,9.027542,0.0,0.0,0.099834986,0.67488027,1.3333333,0.91329664,0.9999999,0.36751017,0.27881306,0.35367674,set_7
-1.0020515e-07,1.3780334,1.3856837,1.1260977,7.6665163,0.0,0.0,0.099834986,0.67488027,1.5151515,0.88289607,0.9999999,0.36057627,0.28536537,0.35405838,set_7
-1.1054467e-07,1.5843605,1.5010597,1.200286,5.733934,0.0,0.0,0.099834986,0.67488027,1.8181818,0.84114105,0.9999999,0.3460043,0.29055738,0.36343837,set_7
-5.3152856e-08,1.6593422,1.5401936,1.2290441,5.0626698,0.0,0.0,0.099834986,0.67488027,1.939394,0.82758206,0.9999999,0.33721912,0.29108787,0.37169304,set_7
0.0,0.0,0.112943746,0.67488027,29.212,0.0,0.0,0.112943746,0.67488027,0.0,1.2585858,0.9999999,0.44243106,0.15507147,0.40249744,set_7
5.2166463e-08,0.17623422,0.3596795,0.73147106,25.019842,0.0,0.0,0.112943746,0.67488027,0.16161615,1.2053001,0.9999999,0.432712,0.17092437,0.39636365,set_7
2.5497375e-08,0.6318472,0.86092365,0.8814158,16.549383,0.0,0.0,0.112943746,0.67488027,0.6262626,1.0695461,0.9999999,0.40254313,0.2221718,0.37528515,set_7
-1.5632581e-07,0.92348474,1.098274,0.9760195,12.572107,0.0,0.0,0.112943746,0.67488027,0.94949496,0.9906513,0.9999999,0.38393822,0.25420073,0.36186105,set_7
-1.4095257e-07,0.99369127,1.1484258,0.9985708,11.7370825,0.0,0.0,0.112943746,0.67488027,1.030303,0.97284305,0.9999999,0.37997767,0.26074636,0.35927603,set_7
-1.4478715e-07,1.2897778,1.339874,1.0953709,8.55775,0.0,0.0,0.112943746,0.67488027,1.3939394,0.9027964,0.9999999,0.36503533,0.28150365,0.35346103,set_7
-2.785865e-07,1.3802001,1.3932451,1.1261474,7.6690755,0.0,0.0,0.112943746,0.67488027,1.5151515,0.88289607,0.9999999,0.3604062,0.2855232,0.3540706,set_7
-4.5908251e-07,1.4938068,1.457605,1.1661813,6.590946,0.0,0.0,0.112943746,0.67488027,1.6767677,0.85935605,0.9999999,0.353519,0.28904545,0.35743552,set_7
-4.8189384e-07,1.5343401,1.4798737,1.180919,6.215268,0.0,0.0,0.112943746,0.67488027,1.7373737,0.8512087,0.9999999,0.35049394,0.2898973,0.35960868,set_7
0.0,0.0,0.104164906,0.67488027,29.212,0.0,0.0,0.104164906,0.67488027,0.0,1.2585858,0.9999999,0.44260156,0.1548786,0.40251985,set_7
6.0146357e-07,0.53531253,0.7644265,0.85034513,18.054348,0.0,0.0,0.104164906,0.67488027,0.5252525,1.0968126,0.9999999,0.4092418,0.21070778,0.3800504,set_7
5.2346394e-07,0.72352976,0.93636304,0.91179574,15.175024,0.0,0.0,0.104164906,0.67488027,0.72727275,1.0435159,0.9999999,0.39647397,0.23281628,0.37070975,set_7
4.9933743e-07,0.7787495,0.9821238,0.92964906,14.411586,0.0,0.0,0.104164906,0.67488027,0.78787875,1.028594,0.9999999,0.39288682,0.23902646,0.36808673,set_7
4.5400446e-07,0.90505826,1.0800083,0.9703191,12.7818,0.0,0.0,0.104164906,0.67488027,0.9292929,0.99516433,0.9999999,0.38511172,0.25232702,0.36256135,set_7
4.249472e-07,1.1120224,1.2236167,1.0370557,10.396067,0.0,0.0,0.104164906,0.67488027,1.1717172,0.9437715,0.9999999,0.37384322,0.27035633,0.35580042,set_7
4.2506244e-07,1.1615849,1.2555592,1.0532017,9.865921,0.0,0.0,0.104164906,0.67488027,1.2323232,0.9319092,0.9999999,0.3713705,0.2738685,0.354761,set_7
3.1760896e-07,1.5197606,1.467593,1.1759324,6.339037,0.0,0.0,0.104164906,0.67488027,1.7171717,0.85382307,0.9999999,0.3516405,0.28955334,0.35880613,set_7
6.434416e-07,1.6725518,1.5483652,1.2337742,4.9593153,0.0,0.0,0.104164906,0.67488027,1.959596,0.8255495,0.9999999,0.33545348,0.2911524,0.37339413,set_7
0.0,0.0,0.111649215,0.67488027,29.212,0.0,0.0,0.111649215,0.67488027,0.0,1.2585858,0.9999999,0.44245628,0.15504302,0.40250066,set_7
1.655176e-07,0.5359429,0.7703082,0.85034513,18.05506,0.0,0.0,0.111649215,0.67488027,0.5252525,1.0968126,0.9999999,0.4090894,0.21088414,0.38002646,set_7
1.5585948e-07,0.5930964,0.82514143,0.8691016,17.132626,0.0,0.0,0.111649215,0.67488027,0.5858586,1.0804132,0.9999999,0.4051642,0.21766365,0.3771721,set_7
1.2917354e-07,0.7796093,0.9874808,0.92964953,14.412523,0.0,0.0,0.111649215,0.67488027,0.78787875,1.028594,0.9999999,0.39274415,0.23918761,0.36806822,set_7
1.500141e-07,1.0625908,1.1950616,1.0207032,10.951858,0.0,0.0,0.111649215,0.67488027,1.111111,0.9558787,0.9999999,0.37631226,0.26657766,0.3571101,set_7
1.5901335e-07,1.1131015,1.228385,1.0370554,10.397311,0.0,0.0,0.111649215,0.67488027,1.1717172,0.9437715,0.9999999,0.3737254,0.27047762,0.35579696,set_7
1.7003572e-07,1.211292,1.2907566,1.0691493,9.35981,0.0,0.0,0.111649215,0.67488027,1.2929292,0.92067313,0.9999999,0.36888373,0.2771019,0.35401434,set_7
1.6190694e-07,1.3356956,1.3661476,1.1107838,8.106694,0.0,0.0,0.111649215,0.67488027,1.4545455,0.89264935,0.9999999,0.36275822,0.28365776,0.35358405,set_7
4.2752276e-08,1.6494756,1.5399978,1.2242646,5.1755557,0.0,0.0,0.111649215,0.67488027,1.919192,0.8296955,0.9999999,0.3387681,0.29116136,0.37007052,set_7
0.0,0.0,0.112757735,0.67488027,29.212,0.0,0.0,0.112757735,0.67488027,0.0,1.2585858,0.9999999,0.44243473,0.15506735,0.40249795,set_7
-4.5446e-08,0.08997281,0.24243692,0.7034833,27.007757,0.0,0.0,0.112757735,0.67488027,0.08080807,1.2316247,0.9999999,0.43767715,0.1627772,0.3995456,set_7
2.451472e-08,0.3614498,0.58574325,0.7922909,21.18718,0.0,0.0,0.112757735,0.67488027,0.34343433,1.149046,0.9999999,0.42100155,0.19050828,0.3884902,set_7
-1.0031029e-07,0.61238676,0.84330994,0.87527055,16.84114,0.0,0.0,0.112757735,0.67488027,0.60606056,1.0749261,0.9999999,0.40384656,0.21991971,0.37623376,set_7
-2.9101076e-07,0.8334694,1.0308957,0.94722456,13.695663,0.0,0.0,0.112757735,0.67488027,0.8484848,1.0139601,0.9999999,0.3893136,0.24508004,0.36560637,set_7
-4.955123e-07,1.1275859,1.2457588,1.0425032,10.168718,0.0,0.0,0.112757735,0.67488027,1.1919192,0.9397857,0.9999999,0.37285796,0.27184758,0.35529444,set_7
-3.2915608e-08,1.5358876,1.4752479,1.1808554,6.252597,0.0,0.0,0.112757735,0.67488027,1.7373737,0.8512087,0.9999999,0.35061172,0.2899182,0.35947,set_7
6.456082e-08,1.6018416,1.5077366,1.2051076,5.6779804,0.0,0.0,0.112757735,0.67488027,1.8383838,0.83877724,0.9999999,0.34487784,0.29088843,0.36423367,set_7
8.136229e-08,1.6396551,1.5269657,1.2194979,5.3434715,0.0,0.0,0.112757735,0.67488027,1.8989899,0.8319495,0.9999999,0.3407462,0.29120225,0.3680515,set_7
0.0,0.0,0.11225248,0.67488027,29.212,0.0,0.0,0.11225248,0.67488027,0.0,1.2585858,0.9999999,0.44244456,0.15505624,0.4024992,set_7
-3.444483e-08,0.06785645,0.2107853,0.6963906,27.537252,0.0,0.0,0.11225248,0.67488027,0.06060606,1.2383649,0.9999999,0.43889752,0.16079506,0.40030742,set_7
-2.437849e-07,0.5359909,0.77072835,0.85033906,18.056019,0.0,0.0,0.11225248,0.67488027,0.5252525,1.0968126,0.9999999,0.40907806,0.21089493,0.38002703,set_7
-3.7207505e-07,1.0111065,1.1603447,1.0041314,11.534413,0.0,0.0,0.11225248,0.67488027,1.0505049,0.96857876,0.9999999,0.37903768,0.2622738,0.3586885,set_7
-3.2281702e-07,1.2113662,1.2915318,1.0692362,9.355047,0.0,0.0,0.11225248,0.67488027,1.2929292,0.92067313,0.9999999,0.3688733,0.27712175,0.35400495,set_7
-3.1524513e-07,1.258921,1.3208535,1.0850067,8.868186,0.0,0.0,0.11225248,0.67488027,1.3535353,0.9097776,0.9999999,0.3665614,0.27987,0.35356858,set_7
-2.8272038e-07,1.4238657,1.4181638,1.1413076,7.2483273,0.0,0.0,0.11225248,0.67488027,1.5757575,0.87376726,0.9999999,0.35797074,0.28706837,0.35496092,set_7
-3.1461812e-07,1.4938893,1.4575622,1.166192,6.5879474,0.0,0.0,0.11225248,0.67488027,1.6767677,0.85935605,0.9999999,0.35351607,0.28904018,0.3574437,set_7
-3.5848043e-07,1.586751,1.5080026,1.2003715,5.733999,0.0,0.0,0.11225248,0.67488027,1.8181818,0.84114105,0.9999999,0.345853,0.29067582,0.3634712,set_7
0.0,0.0,0.11147027,0.67488027,29.212,0.0,0.0,0.11147027,0.67488027,0.0,1.2585858,0.9999999,0.44245973,0.15503909,0.40250123,set_7
-7.966221e-08,0.08995347,0.24120386,0.7034833,27.007734,0.0,0.0,0.11147027,0.67488027,0.08080807,1.2316247,0.9999999,0.4377026,0.16274817,0.39954922,set_7
-1.4681927e-07,0.2183829,0.41283616,0.745239,24.095507,0.0,0.0,0.11147027,0.67488027,0.2020202,1.1924199,0.9999999,0.43019167,0.17511357,0.39469472,set_7
-6.933677e-08,0.6307312,0.8596148,0.8814359,16.550335,0.0,0.0,0.11147027,0.67488027,0.6262626,1.0695461,0.9999999,0.40259477,0.22210959,0.37529564,set_7
-2.256142e-08,0.6867351,0.9094861,0.89973325,15.713098,0.0,0.0,0.11147027,0.67488027,0.68686867,1.0538857,0.9999999,0.3988116,0.22867367,0.37251475,set_7
-2.0759883e-08,0.9232035,1.0978733,0.97599727,12.566908,0.0,0.0,0.11147027,0.67488027,0.94949496,0.9906513,0.9999999,0.38395777,0.25419486,0.36184737,set_7
-9.455996e-09,1.3801773,1.3923798,1.126165,7.668782,0.0,0.0,0.11147027,0.67488027,1.5151515,0.88289607,0.9999999,0.36042202,0.2855077,0.35407022,set_7
-1.3514465e-09,1.423768,1.4172714,1.141307,7.2518477,0.0,0.0,0.11147027,0.67488027,1.5757575,0.87376726,0.9999999,0.3579867,0.28705657,0.3549568,set_7
-1.0356766e-07,1.62468,1.5270185,1.2147974,5.395885,0.0,0.0,0.11147027,0.67488027,1.8787879,0.83424133,0.9999999,0.34182733,0.29102427,0.3671484,set_7
0.0,0.0,0.1120401,0.67488027,29.212,0.0,0.0,0.1120401,0.67488027,0.0,1.2585858,0.9999999,0.44244868,0.15505159,0.40249977,set_7
2.9778474e-07,0.38035956,0.60725564,0.79887086,20.812037,0.0,0.0,0.1120401,0.67488027,0.36363634,1.1431063,0.9999999,0.4197106,0.1927076,0.38758174,set_7
1.5135043e-07,0.88833475,1.0717561,0.96454823,13.008823,0.0,0.0,0.1120401,0.67488027,0.9090909,0.9997883,0.9999999,0.38602802,0.25068048,0.36329147,set_7
-3.2365193e-08,0.97660923,1.1356831,0.9929184,11.941818,0.0,0.0,0.1120401,0.67488027,1.010101,0.97721523,0.9999999,0.38094458,0.2591667,0.35988867,set_7
-1.4273036e-07,1.028564,1.171688,1.0096352,11.341659,0.0,0.0,0.1120401,0.67488027,1.070707,0.9643624,0.9999999,0.37811354,0.2637388,0.35814762,set_7
-2.350051e-07,1.0796889,1.2060957,1.0261339,10.768791,0.0,0.0,0.1120401,0.67488027,1.1313131,0.951758,0.9999999,0.3754317,0.2679135,0.35665482,set_7
-3.9297333e-07,1.4381796,1.4259005,1.1462357,7.115907,0.0,0.0,0.1120401,0.67488027,1.5959595,0.8707503,0.9999999,0.35713094,0.28751987,0.35534924,set_7
-5.2102166e-08,1.6371784,1.5336957,1.2194301,5.2875023,0.0,0.0,0.1120401,0.67488027,1.8989899,0.8319495,0.9999999,0.34034947,0.29111135,0.36853915,set_7
6.403411e-09,1.6976562,1.5641409,1.2431538,4.755308,0.0,0.0,0.1120401,0.67488027,2.0,0.82148737,0.9999999,0.33164895,0.29121533,0.37713575,set_7
0.0,0.0,0.1174633,0.67488027,29.212,0.0,0.0,0.1174633,0.67488027,0.0,1.2585858,0.9999999,0.44234344,0.15517072,0.40248588,set_7
-8.02812e-08,0.090043575,0.24694401,0.7034833,27.007843,0.0,0.0,0.1174633,0.67488027,0.08080807,1.2316247,0.9999999,0.43758392,0.16288349,0.3995326,set_7
-9.403683e-08,0.15521857,0.335762,0.72452927,25.497406,0.0,0.0,0.1174633,0.67488027,0.14141414,1.2117333,0.9999999,0.433875,0.1689608,0.39716423,set_7
-1.0952732e-07,0.2809645,0.49519593,0.7656095,22.790264,0.0,0.0,0.1174633,0.67488027,0.26262626,1.1735852,0.9999999,0.4261757,0.1817472,0.3920771,set_7
-1.4651104e-07,0.46038038,0.6968646,0.82484895,19.374805,0.0,0.0,0.1174633,0.67488027,0.44444442,1.1195564,0.9999999,0.41424945,0.20194253,0.38380805,set_7
-2.1065667e-07,0.6130552,0.8469149,0.87527275,16.841572,0.0,0.0,0.1174633,0.67488027,0.60606056,1.0749261,0.9999999,0.40374753,0.2200341,0.37621844,set_7
-2.8412967e-07,0.8340294,1.0341386,0.94725525,13.696131,0.0,0.0,0.1174633,0.67488027,0.8484848,1.0139601,0.9999999,0.38922757,0.24517678,0.36559567,set_7
-2.817984e-07,1.3806475,1.3961055,1.1261678,7.667952,0.0,0.0,0.1174633,0.67488027,1.5151515,0.88289607,0.9999999,0.36034897,0.28557703,0.35407394,set_7
-1.5115941e-07,1.5614848,1.4960786,1.1906867,5.9781647,0.0,0.0,0.1174633,0.67488027,1.7777778,0.84618074,0.9999999,0.34824854,0.2903832,0.3613683,set_7
0.0,0.0,0.116948165,0.67488027,29.212,0.0,0.0,0.116948165,0.67488027,0.0,1.2585858,0.9999999,0.44235334,0.15515943,0.40248725,set_7
-2.3610902e-08,0.30053964,0.5188928,0.77234066,22.37954,0.0,0.0,0.116948165,0.67488027,0.28282827,1.1674109,0.9999999,0.4248949,0.1839034,0.3912017,set_7
-1.1321379e-09,0.42014807,0.65474033,0.8119357,20.07843,0.0,0.0,0.116948165,0.67488027,0.4040404,1.1312001,0.9999999,0.41694698,0.19735236,0.3857007,set_7
-2.4116443e-07,0.85265565,1.0479287,0.9530364,13.462284,0.0,0.0,0.116948165,0.67488027,0.86868685,1.0092522,0.9999999,0.3881128,0.24708563,0.3648015,set_7
-2.5104896e-07,0.9770915,1.139299,0.99296933,11.937784,0.0,0.0,0.116948165,0.67488027,1.010101,0.97721523,0.9999999,0.3808607,0.2592718,0.3598675,set_7
-2.4142068e-07,1.2595695,1.3237263,1.0849619,8.869726,0.0,0.0,0.116948165,0.67488027,1.3535353,0.9097776,0.9999999,0.366495,0.27993375,0.35357127,set_7
-2.32949e-07,1.3513875,1.378483,1.1159333,7.957233,0.0,0.0,0.116948165,0.67488027,1.4747474,0.88941437,0.9999999,0.36191532,0.2843781,0.35370654,set_7
-2.2778651e-07,1.58741,1.5103812,1.2002821,5.737541,0.0,0.0,0.116948165,0.67488027,1.8181818,0.84114105,0.9999999,0.34581706,0.2907233,0.36345965,set_7
-1.9261637e-07,1.6983192,1.5671988,1.2432234,4.751586,0.0,0.0,0.116948165,0.67488027,2.0,0.82148737,0.9999999,0.33154756,0.29124647,0.377206,set_7
0.0,0.0,0.12291525,0.67488027,29.212,0.0,0.0,0.12291525,0.67488027,0.0,1.2585858,0.9999999,0.4422376,0.15529051,0.4024719,set_7
-7.4601715e-08,0.090125576,0.25216612,0.7034833,27.00794,0.0,0.0,0.12291525,0.67488027,0.08080807,1.2316247,0.9999999,0.43747592,0.16300662,0.39951745,set_7
-1.4970445e-07,0.19790356,0.3964163,0.7383818,24.551195,0.0,0.0,0.12291525,0.67488027,0.18181817,1.1988817,0.9999999,0.43123716,0.17326197,0.39550084,set_7
-3.035365e-07,0.3619795,0.59435296,0.79231685,21.187344,0.0,0.0,0.12291525,0.67488027,0.34343433,1.149046,0.9999999,0.420794,0.19074957,0.38845643,set_7
-9.769741e-08,0.6131756,0.85102034,0.87525725,16.84267,0.0,0.0,0.12291525,0.67488027,0.60606056,1.0749261,0.9999999,0.40364665,0.2201489,0.37620437,set_7
1.07034694e-07,0.7248352,0.9493948,0.91172856,15.185061,0.0,0.0,0.12291525,0.67488027,0.72727275,1.0435159,0.9999999,0.39613444,0.23318015,0.37068546,set_7
8.9805404e-08,1.351753,1.3818543,1.1158652,7.96047,0.0,0.0,0.12291525,0.67488027,1.4747474,0.88941437,0.9999999,0.3618461,0.28444386,0.35371006,set_7
6.2398186e-08,1.625954,1.5328869,1.214613,5.4026694,0.0,0.0,0.12291525,0.67488027,1.8787879,0.83424133,0.9999999,0.34174886,0.29113287,0.36711827,set_7
5.800178e-08,1.6629329,1.5518109,1.2289277,5.073884,0.0,0.0,0.12291525,0.67488027,1.939394,0.82758206,0.9999999,0.3370567,0.2913019,0.37164143,set_7
0.0,0.0,0.114401765,0.67488027,29.212,0.0,0.0,0.114401765,0.67488027,0.0,1.2585858,0.9999999,0.44240278,0.15510349,0.40249372,set_7
-8.0275475e-09,0.21828598,0.41537654,0.7452434,24.097242,0.0,0.0,0.114401765,0.67488027,0.2020202,1.1924199,0.9999999,0.43013698,0.17517394,0.39468902,set_7
-7.3480715e-09,0.28023678,0.49239653,0.7656278,22.791864,0.0,0.0,0.114401765,0.67488027,0.26262626,1.1735852,0.9999999,0.4262498,0.18165869,0.3920915,set_7
3.8000746e-08,0.4405933,0.67475814,0.8184492,19.711777,0.0,0.0,0.114401765,0.67488027,0.4242424,1.1253153,0.9999999,0.4156273,0.1996355,0.38473716,set_7
5.469817e-08,0.518468,0.7548622,0.8440451,18.36224,0.0,0.0,0.114401765,0.67488027,0.5050505,1.1024449,0.9999999,0.41030037,0.2087685,0.38093114,set_7
-6.893987e-08,1.32115,1.357909,1.1056374,8.263571,0.0,0.0,0.114401765,0.67488027,1.4343435,0.8959203,0.9999999,0.36349303,0.28299427,0.3535127,set_7
-1.08473984e-07,1.3661443,1.3844247,1.1209856,7.8222194,0.0,0.0,0.114401765,0.67488027,1.4949495,0.8861555,0.9999999,0.36118016,0.28495032,0.35386953,set_7
-5.1949837e-07,1.5080149,1.4647794,1.1709647,6.475762,0.0,0.0,0.114401765,0.67488027,1.6969697,0.8565809,0.9999999,0.35255706,0.28937605,0.3580669,set_7
-8.8518215e-07,1.6376398,1.5338811,1.2193904,5.2969284,0.0,0.0,0.114401765,0.67488027,1.8989899,0.8319495,0.9999999,0.34039566,0.2911451,0.3684593,set_7
0.0,0.0,0.11464101,0.67488027,29.212,0.0,0.0,0.11464101,0.67488027,0.0,1.2585858,0.9999999,0.44239813,0.15510878,0.40249306,set_7
1.922192e-08,0.17628355,0.36124066,0.73147106,25.0199,0.0,0.0,0.11464101,0.67488027,0.16161615,1.2053001,0.9999999,0.4326778,0.17096353,0.39635867,set_7
-1.8331691e-07,0.5754261,0.8096893,0.8628456,17.433933,0.0,0.0,0.11464101,0.67488027,0.56565654,1.0858567,0.9999999,0.4063824,0.21550974,0.37810782,set_7
-1.17185735e-07,0.65077007,0.8790805,0.88754606,16.265816,0.0,0.0,0.11464101,0.67488027,0.64646465,1.064286,0.9999999,0.40123743,0.22441508,0.3743475,set_7
5.0621523e-08,0.7616912,0.974038,0.9236988,14.67054,0.0,0.0,0.11464101,0.67488027,0.7676768,1.0335511,0.9999999,0.3938743,0.23718032,0.3689454,set_7
2.5194856e-07,0.9764863,1.1372774,0.9929663,11.941458,0.0,0.0,0.11464101,0.67488027,1.010101,0.97721523,0.9999999,0.38091156,0.25920492,0.35988346,set_7
2.0682513e-07,1.096477,1.2190524,1.0316466,10.581244,0.0,0.0,0.11464101,0.67488027,1.1515151,0.9477423,0.9999999,0.3745351,0.26925826,0.35620666,set_7
1.9047184e-07,1.1628101,1.262029,1.0532358,9.867275,0.0,0.0,0.11464101,0.67488027,1.2323232,0.9319092,0.9999999,0.37121856,0.27402347,0.3547579,set_7
2.1471152e-07,1.4096231,1.4110007,1.1362684,7.3888264,0.0,0.0,0.11464101,0.67488027,1.5555555,0.87675726,0.9999999,0.35877556,0.28660718,0.3546173,set_7
0.0,0.0,0.11553588,0.67488027,29.212,0.0,0.0,0.11553588,0.67488027,0.0,1.2585858,0.9999999,0.44238073,0.15512837,0.40249085,set_7
-5.924561e-07,0.57432514,0.81012774,0.86286247,17.43573,0.0,0.0,0.11553588,0.67488027,0.56565654,1.0858567,0.9999999,0.40639174,0.21549498,0.3781133,set_7
-4.9803543e-07,1.0798638,1.2087476,1.0261736,10.765245,0.0,0.0,0.11553588,0.67488027,1.1313131,0.951758,0.9999999,0.3753773,0.26798153,0.35664114,set_7
-3.9719563e-07,1.2748451,1.3322301,1.0901629,8.712772,0.0,0.0,0.11553588,0.67488027,1.3737373,0.90629745,0.9999999,0.36575645,0.28074536,0.35349822,set_7
-3.7794598e-07,1.3360857,1.3688513,1.1108276,8.103455,0.0,0.0,0.11553588,0.67488027,1.4545455,0.89264935,0.9999999,0.36270592,0.2837103,0.35358384,set_7
-3.7754336e-07,1.3953493,1.40343,1.1311861,7.526907,0.0,0.0,0.11553588,0.67488027,1.5353535,0.87978023,0.9999999,0.35957038,0.28610578,0.35432377,set_7
-4.599647e-07,1.521379,1.4742621,1.1759641,6.3381376,0.0,0.0,0.11553588,0.67488027,1.7171717,0.85382307,0.9999999,0.35150298,0.2896676,0.35882938,set_7
-4.9926575e-07,1.561163,1.4958364,1.1906033,5.9724803,0.0,0.0,0.11553588,0.67488027,1.7777778,0.84618074,0.9999999,0.34824362,0.29036292,0.36139345,set_7
-5.3930677e-07,1.6250848,1.5296134,1.2147216,5.3944144,0.0,0.0,0.11553588,0.67488027,1.8787879,0.83424133,0.9999999,0.34177133,0.29105833,0.36717033,set_7
0.0,0.0,0.13449273,0.6748914,15.5798,0.0,0.0,0.13449273,0.6748914,0.0,1.2520337,0.9999999,0.4600708,0.16322389,0.3767053,set_7
-1.5453013e-07,0.39578733,0.6245887,0.7911074,9.453018,0.0,0.0,0.13449273,0.6748914,0.34343433,1.1325369,0.9999999,0.4362761,0.21326266,0.35046127,set_7
-1.7437318e-07,0.59354734,0.81946504,0.84822196,7.0490866,0.0,0.0,0.13449273,0.6748914,0.5252525,1.0787592,0.9999999,0.42433274,0.23422493,0.34144238,set_7
-1.7503316e-07,0.8589401,1.0430576,0.9262333,4.288532,0.0,0.0,0.13449273,0.6748914,0.78787875,1.0129898,0.9999999,0.4011147,0.2532805,0.34560478,set_7
-2.0310502e-07,1.043384,1.1747421,0.98319083,2.628063,0.0,0.0,0.13449273,0.6748914,0.989899,0.9716224,0.9999999,0.3577396,0.26194513,0.3803152,set_7
-3.039913e-07,1.1471128,1.2351387,1.0163205,1.8240093,0.0,0.0,0.13449273,0.6748914,1.111111,0.95056766,0.9999999,0.3045638,0.26700574,0.4284304,set_7
-1.2809775e-07,1.3781061,1.2965873,1.0911043,0.6781719,0.0,0.0,0.13449273,0.6748914,1.3939394,0.9133167,0.9999999,0.12926514,0.26993066,0.60080415,set_7
1.13165015e-07,1.4840697,1.2906392,1.1274956,0.43549395,0.0,0.0,0.13449273,0.6748914,1.5353535,0.90049773,0.9999999,0.077753335,0.26068506,0.6615616,set_7
1.2739947e-07,1.634044,1.260289,1.189052,0.21880434,0.0,0.0,0.13449273,0.6748914,1.7777778,0.88817024,0.9999999,0.036514603,0.23999162,0.7234938,set_7
0.0,0.0,0.13275822,0.6748914,15.5798,0.0,0.0,0.13275822,0.6748914,0.0,1.2520337,0.9999999,0.46012014,0.16316965,0.37671018,set_7
-1.4200887e-07,0.4180745,0.6464573,0.79758096,9.163853,0.0,0.0,0.13275822,0.6748914,0.36363634,1.1263376,0.9999999,0.43498492,0.2158307,0.34918436,set_7
-3.9313534e-07,0.6988503,0.9110904,0.87881243,5.9021754,0.0,0.0,0.13275822,0.6748914,0.6262626,1.0517689,0.9999999,0.41717634,0.24299681,0.33982685,set_7
1.6852866e-08,0.8392388,1.0265975,0.92036766,4.4768696,0.0,0.0,0.13275822,0.6748914,0.7676768,1.0175703,0.9999999,0.4036997,0.25218648,0.3441138,set_7
2.9206723e-07,0.98908705,1.1381878,0.96629053,3.0830083,0.0,0.0,0.13275822,0.6748914,0.9292929,0.98301697,0.9999999,0.37526792,0.25952628,0.36520576,set_7
2.6047235e-07,1.0423635,1.1746664,0.9831292,2.6195552,0.0,0.0,0.13275822,0.6748914,0.989899,0.9716224,0.9999999,0.35749805,0.26193485,0.3805671,set_7
2.989703e-07,1.4229414,1.2955425,1.1067345,0.5508988,0.0,0.0,0.13275822,0.6748914,1.4545455,0.9073568,0.9999999,0.10270275,0.26641285,0.6308844,set_7
3.6567894e-07,1.4966426,1.2877389,1.1326605,0.40984654,0.0,0.0,0.13275822,0.6748914,1.5555555,0.8991031,0.9999999,0.072618715,0.2590701,0.6683112,set_7
4.0113702e-07,1.6435977,1.256013,1.1941586,0.20817515,0.0,0.0,0.13275822,0.6748914,1.7979797,0.887582,0.9999999,0.03465605,0.23838572,0.7269582,set_7
0.0,0.0,0.11934849,0.6748914,15.5798,0.0,0.0,0.11934849,0.6748914,0.0,1.2520337,0.9999999,0.4605024,0.16275097,0.37674665,set_7
-1.3050763e-07,0.2811735,0.4865333,0.75812453,11.000931,0.0,0.0,0.11934849,0.6748914,0.24242423,1.1652253,0.9999999,0.44356486,0.1988413,0.35759383,set_7
5.6114004e-08,0.79846084,0.98528516,0.90864444,4.8634706,0.0,0.0,0.11934849,0.6748914,0.72727275,1.026815,0.9999999,0.4085074,0.2496416,0.34185094,set_7
1.4638923e-07,0.94724977,1.105939,0.9550036,3.3818135,0.0,0.0,0.11934849,0.6748914,0.8888889,0.9912881,0.9999999,0.38439375,0.25767523,0.35793105,set_7
2.3250298e-07,1.1345725,1.2294393,1.0163196,1.7847493,0.0,0.0,0.11934849,0.6748914,1.111111,0.95056766,0.9999999,0.3024247,0.26692575,0.43064955,set_7
9.6600324e-08,1.2742313,1.2724934,1.0594056,1.0575733,0.0,0.0,0.11934849,0.6748914,1.2727273,0.9274209,0.9999999,0.20374016,0.27214685,0.524113,set_7
-3.474189e-07,1.5666513,1.2617589,1.1531882,0.4040888,0.0,0.0,0.11934849,0.6748914,1.6363636,0.89387196,0.9999999,0.06386802,0.2557471,0.6803849,set_7
-2.632264e-07,1.6162264,1.252632,1.1736816,0.32698154,0.0,0.0,0.11934849,0.6748914,1.7171717,0.89000416,0.9999999,0.049355846,0.24872215,0.701922,set_7
-6.107867e-07,1.7586842,1.2104241,1.2449898,0.17192137,0.0,0.0,0.11934849,0.6748914,2.0,0.88692844,0.9999999,0.023129608,0.22537771,0.7514927,set_7
0.0,0.0,0.12532763,0.6748914,15.5798,0.0,0.0,0.12532763,0.6748914,0.0,1.2520337,0.9999999,0.46033192,0.16293767,0.37673047,set_7
-1.13693844e-07,0.5497934,0.7710291,0.83575106,7.5508537,0.0,0.0,0.12532763,0.6748914,0.48484847,1.0903087,0.9999999,0.42724714,0.22985713,0.34289572,set_7
-8.5998266e-08,0.87642205,1.0522087,0.93201417,4.096516,0.0,0.0,0.12532763,0.6748914,0.8080808,1.0083447,0.9999999,0.39848253,0.2541432,0.34737426,set_7
-1.5975762e-07,1.0945135,1.2002683,0.999842,2.2098515,0.0,0.0,0.12532763,0.6748914,1.0505049,0.96073323,0.9999999,0.33491045,0.2642871,0.40080237,set_7
-2.3700434e-07,1.3310361,1.2866718,1.0753181,0.842782,0.0,0.0,0.12532763,0.6748914,1.3333333,0.91985846,0.9999999,0.1630527,0.2719556,0.5649917,set_7
-2.2313452e-07,1.3788414,1.2912251,1.0911171,0.6758665,0.0,0.0,0.12532763,0.6748914,1.3939394,0.9133167,0.9999999,0.1291249,0.26986945,0.6010056,set_7
-1.7324689e-07,1.4548963,1.2897657,1.1172242,0.47866356,0.0,0.0,0.12532763,0.6748914,1.4949495,0.9038296,0.9999999,0.08799314,0.26336643,0.6486404,set_7
-1.0621122e-07,1.5513078,1.275238,1.1533762,0.31798387,0.0,0.0,0.12532763,0.6748914,1.6363636,0.89387196,0.9999999,0.055134453,0.25194123,0.6929243,set_7
6.351023e-08,1.7127814,1.2296755,1.2299254,0.13768566,0.0,0.0,0.12532763,0.6748914,1.939394,0.88621306,0.9999999,0.02385041,0.22658771,0.74956185,set_7
0.0,0.0,0.12062701,0.6748914,15.5798,0.0,0.0,0.12062701,0.6748914,0.0,1.2520337,0.9999999,0.46046594,0.1627908,0.37674326,set_7
-4.7985882e-08,0.071702726,0.22282119,0.69626874,14.300041,0.0,0.0,0.12062701,0.6748914,0.06060606,1.2294796,0.9999999,0.45627642,0.1717886,0.371935,set_7
-4.4896385e-08,0.14237994,0.3176297,0.71725535,13.11629,0.0,0.0,0.12062701,0.6748914,0.12121212,1.2070858,0.9999999,0.45201698,0.18091293,0.36707014,set_7
-1.0305767e-07,0.5057675,0.7257334,0.8231958,8.062229,0.0,0.0,0.12062701,0.6748914,0.44444442,1.1018846,0.9999999,0.43000668,0.2253143,0.34467906,set_7
-1.9816626e-07,0.6140786,0.827093,0.8544517,6.815567,0.0,0.0,0.12062701,0.6748914,0.5454545,1.0732687,0.9999999,0.42330852,0.2358048,0.34088668,set_7
-2.57612e-07,0.7185934,0.9189603,0.8848989,5.6881185,0.0,0.0,0.12062701,0.6748914,0.64646465,1.046689,0.9999999,0.4158565,0.24426538,0.3398781,set_7
-2.6595856e-07,0.8954583,1.0630896,0.93785125,3.9176521,0.0,0.0,0.12062701,0.6748914,0.8282828,1.0038979,0.9999999,0.3955516,0.25503716,0.3494112,set_7
-3.2433286e-07,1.1964055,1.248032,1.0326751,1.4968154,0.0,0.0,0.12062701,0.6748914,1.1717172,0.94137883,0.9999999,0.26957682,0.269391,0.46103224,set_7
-2.0254072e-07,1.6097909,1.2556331,1.173891,0.3049332,0.0,0.0,0.12062701,0.6748914,1.7171717,0.89000416,0.9999999,0.04748697,0.2476578,0.7048552,set_7
0.0,0.0,0.12501493,0.6748914,15.5798,0.0,0.0,0.12501493,0.6748914,0.0,1.2520337,0.9999999,0.4603408,0.16292791,0.37673128,set_7
-2.508164e-07,0.63570315,0.8494408,0.86056596,6.5831194,0.0,0.0,0.12501493,0.6748914,0.56565654,1.0678818,0.9999999,0.4218083,0.23774989,0.34044185,set_7
-2.5683704e-07,0.6983048,0.90486854,0.87882435,5.9039145,0.0,0.0,0.12501493,0.6748914,0.6262626,1.0517689,0.9999999,0.41735724,0.24282803,0.33981475,set_7
-2.9476283e-07,0.91443664,1.0813373,0.94357073,3.734767,0.0,0.0,0.12501493,0.6748914,0.8484848,0.99963874,0.9999999,0.39206028,0.25604108,0.3518986,set_7
-2.5560314e-07,0.9698252,1.1213133,0.96068954,3.2326336,0.0,0.0,0.12501493,0.6748914,0.9090909,0.9870488,0.9999999,0.3800377,0.25861704,0.36134526,set_7
-2.4526918e-07,1.3776493,1.289337,1.0911463,0.688439,0.0,0.0,0.12501493,0.6748914,1.3939394,0.9133167,0.9999999,0.13109255,0.2700596,0.59884787,set_7
-1.6682881e-07,1.4407896,1.2884578,1.1120212,0.52855206,0.0,0.0,0.12501493,0.6748914,1.4747474,0.90561295,0.9999999,0.0971338,0.26534554,0.6375206,set_7
1.1673343e-07,1.5703397,1.26914,1.1584271,0.32984936,0.0,0.0,0.12501493,0.6748914,1.6565657,0.89288557,0.9999999,0.05449517,0.25158364,0.6939212,set_7
1.628062e-07,1.6409576,1.2525301,1.1891006,0.2398807,0.0,0.0,0.12501493,0.6748914,1.7777778,0.88817024,0.9999999,0.03807528,0.24117939,0.7207453,set_7
0.0,0.0,0.12921152,0.6748914,15.5798,0.0,0.0,0.12921152,0.6748914,0.0,1.2520337,0.9999999,0.46022123,0.163059,0.3767198,set_7
1.817386e-07,0.48462155,0.71096396,0.8168615,8.329981,0.0,0.0,0.12921152,0.6748914,0.4242424,1.107786,0.9999999,0.43109795,0.22319828,0.34570378,set_7
1.8754923e-07,0.5933368,0.8146651,0.84824437,7.0534353,0.0,0.0,0.12921152,0.6748914,0.5252525,1.0787592,0.9999999,0.4244644,0.2340826,0.34145305,set_7
1.4749183e-07,0.8387857,1.0244983,0.920425,4.4719877,0.0,0.0,0.12921152,0.6748914,0.7676768,1.0175703,0.9999999,0.40374526,0.25213212,0.34412265,set_7
-1.3117969e-08,1.2649969,1.2771155,1.0541098,1.1197062,0.0,0.0,0.12921152,0.6748914,1.2525252,0.92997265,0.9999999,0.21439543,0.271973,0.5136315,set_7
9.3833876e-08,1.453161,1.2927326,1.117295,0.472512,0.0,0.0,0.12921152,0.6748914,1.4949495,0.9038296,0.9999999,0.087167114,0.2631865,0.64964634,set_7
1.2858781e-07,1.6094567,1.2641027,1.1790512,0.2353161,0.0,0.0,0.12921152,0.6748914,1.7373737,0.88928264,0.9999999,0.04033795,0.2429978,0.71666425,set_7
1.2730072e-07,1.6423329,1.2549411,1.1943568,0.19879764,0.0,0.0,0.12921152,0.6748914,1.7979797,0.887582,0.9999999,0.034051422,0.23785073,0.72809786,set_7
1.9694616e-07,1.7196711,1.2285415,1.2350821,0.12811948,0.0,0.0,0.12921152,0.6748914,1.959596,0.8864499,0.9999999,0.022605797,0.22488439,0.7525098,set_7
0.0,0.0,0.13043755,0.6748914,15.5798,0.0,0.0,0.13043755,0.6748914,0.0,1.2520337,0.9999999,0.4601863,0.16309729,0.37671646,set_7
1.5683152e-07,0.6151515,0.8347897,0.8544599,6.8161087,0.0,0.0,0.13043755,0.6748914,0.5454545,1.0732687,0.9999999,0.4230644,0.23603784,0.34089774,set_7
9.628506e-08,0.69895786,0.9094739,0.87886816,5.900083,0.0,0.0,0.13043755,0.6748914,0.6262626,1.0517689,0.9999999,0.4172193,0.24295923,0.3398214,set_7
-1.9245618e-09,0.79983914,0.99523836,0.9087114,4.8495646,0.0,0.0,0.13043755,0.6748914,0.72727275,1.026815,0.9999999,0.40818584,0.24988852,0.34192562,set_7
1.0725742e-08,0.9337636,1.0992327,0.94934416,3.5604854,0.0,0.0,0.13043755,0.6748914,0.86868685,0.9954684,0.9999999,0.3882612,0.25701556,0.35472322,set_7
2.3218186e-07,1.0775471,1.193301,0.99432945,2.3468857,0.0,0.0,0.13043755,0.6748914,1.030303,0.9641727,0.9999999,0.3432522,0.2635078,0.39323992,set_7
2.8711798e-07,1.1295133,1.2216882,1.010849,1.9610357,0.0,0.0,0.13043755,0.6748914,1.090909,0.9539924,0.9999999,0.31637594,0.2660253,0.41759875,set_7
3.0984953e-07,1.2812198,1.2792553,1.0594473,1.0621916,0.0,0.0,0.13043755,0.6748914,1.2727273,0.9274209,0.9999999,0.20368527,0.2722337,0.524081,set_7
1.7837216e-08,1.6512053,1.2531782,1.1942208,0.22269179,0.0,0.0,0.13043755,0.6748914,1.7979797,0.887582,0.9999999,0.035567865,0.23913448,0.7252977,set_7
0.0,0.0,0.13437338,0.6748914,15.5798,0.0,0.0,0.13437338,0.6748914,0.0,1.2520337,0.9999999,0.46007416,0.16322011,0.37670577,set_7
-4.8969973e-08,0.07192516,0.23612274,0.69626874,14.300309,0.0,0.0,0.13437338,0.6748914,0.06060606,1.2294796,0.9999999,0.4558815,0.1722198,0.37189862,set_7
-1.6440511e-07,0.2127904,0.4186198,0.73787403,12.016664,0.0,0.0,0.13437338,0.6748914,0.18181817,1.1859499,0.9999999,0.4473579,0.19043465,0.36220747,set_7
9.625992e-08,0.67902154,0.89328593,0.8727758,6.1319695,0.0,0.0,0.13437338,0.6748914,0.60606056,1.0570462,0.9999999,0.41867244,0.24140944,0.3399181,set_7
6.157801e-08,1.1162038,1.2162877,1.0053515,2.0793214,0.0,0.0,0.13437338,0.6748914,1.070707,0.9573727,0.9999999,0.32547122,0.2652702,0.4092586,set_7
1.8884244e-08,1.2110586,1.2678697,1.0379692,1.3621345,0.0,0.0,0.13437338,0.6748914,1.1919192,0.9383982,0.9999999,0.25248718,0.27042022,0.4770926,set_7
5.0699413e-08,1.4737307,1.2958363,1.1275486,0.38949674,0.0,0.0,0.13437338,0.6748914,1.5353535,0.90049773,0.9999999,0.07253032,0.2590708,0.6683989,set_7
-6.628766e-08,1.5301893,1.2846979,1.1481589,0.3210072,0.0,0.0,0.13437338,0.6748914,1.6161616,0.8950065,0.9999999,0.057243742,0.25302038,0.6897359,set_7
-3.8695308e-07,1.6855229,1.2402751,1.2145379,0.19810794,0.0,0.0,0.13437338,0.6748914,1.8787879,0.8864278,0.9999999,0.029854424,0.2336767,0.7364689,set_7
0.0,0.0,0.12368013,0.6748914,15.5798,0.0,0.0,0.12368013,0.6748914,0.0,1.2520337,0.9999999,0.46037892,0.1628862,0.37673488,set_7
-2.9874872e-08,0.07175223,0.22577551,0.69626874,14.300101,0.0,0.0,0.12368013,0.6748914,0.06060606,1.2294796,0.9999999,0.45618874,0.17188434,0.37192696,set_7
-4.0370946e-08,0.41724125,0.63958967,0.79758877,9.15686,0.0,0.0,0.12368013,0.6748914,0.36363634,1.1263376,0.9999999,0.43522912,0.21560816,0.34916273,set_7
-1.1304438e-07,0.59301126,0.80999637,0.84825855,7.055534,0.0,0.0,0.12368013,0.6748914,0.5252525,1.0787592,0.9999999,0.42460027,0.23394333,0.34145635,set_7
-1.8773282e-07,1.0594321,1.1790094,0.9887863,2.4786313,0.0,0.0,0.12368013,0.6748914,1.010101,0.9677899,0.9999999,0.3507488,0.26262817,0.38662308,set_7
-1.7228737e-07,1.1458186,1.2269588,1.0163301,1.8312984,0.0,0.0,0.12368013,0.6748914,1.111111,0.95056766,0.9999999,0.30540374,0.26685962,0.42773667,set_7
-9.827063e-08,1.3451853,1.2866765,1.0806466,0.7891865,0.0,0.0,0.12368013,0.6748914,1.3535353,0.9176466,0.9999999,0.15217148,0.27150956,0.576319,set_7
-3.0364964e-07,1.5304722,1.2761006,1.1430589,0.38264906,0.0,0.0,0.12368013,0.6748914,1.5959595,0.89637804,0.9999999,0.06545161,0.25644305,0.67810535,set_7
-3.5506025e-07,1.5834477,1.2657138,1.1635914,0.31314182,0.0,0.0,0.12368013,0.6748914,1.6767677,0.8919485,0.9999999,0.051264785,0.24987702,0.6988582,set_7
0.0,0.0,0.10829646,0.67479736,15.5798,0.0,0.0,0.10829646,0.67479736,0.0,1.1930486,0.9999999,0.46005276,0.16330066,0.37664655,set_7
-1.00433354e-07,0.27213708,0.46496147,0.7550913,11.145987,0.0,0.0,0.10829646,0.67479736,0.24242423,1.137383,0.9999999,0.44373238,0.19804913,0.35821852,set_7
-1.0173955e-07,0.33899665,0.5413286,0.7745707,10.204863,0.0,0.0,0.10829646,0.67479736,0.30303028,1.1237453,0.9999999,0.43968222,0.2064367,0.35388112,set_7
-9.55588e-08,0.57853603,0.7874105,0.84400904,7.194398,0.0,0.0,0.10829646,0.67479736,0.5252525,1.0746689,0.9999999,0.42527422,0.23286106,0.34186468,set_7
-3.009084e-07,1.0145078,1.1354747,0.9737982,2.8905025,0.0,0.0,0.10829646,0.67479736,0.96969694,0.981012,0.9999999,0.36836696,0.26044998,0.37118307,set_7
-2.395069e-07,1.135775,1.2108123,1.0126604,1.9116583,0.0,0.0,0.10829646,0.67479736,1.111111,0.9524238,0.9999999,0.31193328,0.26630676,0.42176002,set_7
-3.637603e-07,1.4288849,1.2775902,1.1074255,0.5694003,0.0,0.0,0.10829646,0.67479736,1.4747474,0.8817567,0.9999999,0.103405714,0.26670086,0.6298934,set_7
-3.74062e-07,1.6187161,1.248324,1.1809572,0.25240967,0.0,0.0,0.10829646,0.67479736,1.7777778,0.82588047,0.9999999,0.039319206,0.2426894,0.7179914,set_7
-5.136869e-07,1.7111562,1.2193518,1.2273529,0.16233534,0.0,0.0,0.10829646,0.67479736,1.979798,0.7901616,0.9999999,0.023616925,0.22696266,0.7494204,set_7
0.0,0.0,0.103140034,0.67479736,15.5798,0.0,0.0,0.103140034,0.67479736,0.0,1.1930486,0.9999999,0.46019995,0.16313945,0.3766606,set_7
-5.9139015e-08,0.18201472,0.35140818,0.7287523,12.4932,0.0,0.0,0.103140034,0.67479736,0.16161615,1.1557541,0.9999999,0.4493551,0.18633182,0.3643131,set_7
-6.6786534e-08,0.31654364,0.5117651,0.7681032,10.512544,0.0,0.0,0.103140034,0.67479736,0.28282827,1.1282976,0.9999999,0.4411689,0.2035239,0.35530716,set_7
-9.9842524e-08,0.53620625,0.73998916,0.8316096,7.7123656,0.0,0.0,0.103140034,0.67479736,0.48484847,1.0835073,0.9999999,0.42803478,0.2284963,0.34346887,set_7
-1.6358517e-07,0.80532825,0.9784901,0.9103858,4.8001127,0.0,0.0,0.103140034,0.67479736,0.74747473,1.0270977,0.9999999,0.40768564,0.2500376,0.34227672,set_7
-1.573188e-07,0.912334,1.0732183,0.9453391,3.651186,0.0,0.0,0.103140034,0.67479736,0.86868685,1.0017823,0.9999999,0.3906767,0.2561604,0.35316285,set_7
-1.5349693e-07,1.1010783,1.2031509,1.0071852,1.9901743,0.0,0.0,0.103140034,0.67479736,1.090909,0.9564893,0.9999999,0.3199576,0.26539096,0.41465148,set_7
-1.952044e-07,1.4753606,1.255713,1.1124988,0.6896634,0.0,0.0,0.103140034,0.67479736,1.4949495,0.8779383,0.9999999,0.11665129,0.26874894,0.6145998,set_7
-1.9022833e-07,1.5364268,1.2513785,1.132494,0.5727415,0.0,0.0,0.103140034,0.67479736,1.5757575,0.8628249,0.9999999,0.090130664,0.26411685,0.64575243,set_7
0.0,0.0,0.10812185,0.67479736,15.5798,0.0,0.0,0.10812185,0.67479736,0.0,1.1930486,0.9999999,0.46005777,0.1632952,0.37664706,set_7
-6.072149e-08,0.18221283,0.35600117,0.7287523,12.493437,0.0,0.0,0.10812185,0.67479736,0.16161615,1.1557541,0.9999999,0.44921145,0.18648663,0.3643019,set_7
-9.2559084e-08,0.5580678,0.76492625,0.8378206,7.4585285,0.0,0.0,0.10812185,0.67479736,0.5050505,1.0790758,0.9999999,0.42659783,0.23075525,0.3426469,set_7
-1.9361954e-07,0.86492,1.0282948,0.92797,4.231845,0.0,0.0,0.10812185,0.67479736,0.8080808,1.0143703,0.9999999,0.40033102,0.2534285,0.34624052,set_7
-1.4498042e-07,0.972812,1.1153846,0.96249235,3.1638794,0.0,0.0,0.10812185,0.67479736,0.9292929,0.9892581,0.9999999,0.37803635,0.25883853,0.36312512,set_7
-2.8282702e-07,1.3537493,1.2717291,1.0818388,0.8211236,0.0,0.0,0.10812185,0.67479736,1.3737373,0.90099496,0.9999999,0.15462418,0.27178448,0.57359135,set_7
-4.52731e-07,1.5125778,1.2640332,1.1324744,0.4873042,0.0,0.0,0.10812185,0.67479736,1.5757575,0.8628249,0.9999999,0.079991035,0.26156124,0.6584477,set_7
-4.629626e-07,1.6630691,1.2353858,1.1950951,0.26004076,0.0,0.0,0.10812185,0.67479736,1.8383838,0.81501347,0.9999999,0.036032666,0.24001265,0.72395474,set_7
-4.0490463e-07,1.7341956,1.212552,1.2318829,0.19102839,0.0,0.0,0.10812185,0.67479736,2.0,0.7866427,0.9999999,0.024131758,0.22755706,0.74831116,set_7
0.0,0.0,0.10328461,0.67479736,15.5798,0.0,0.0,0.10328461,0.67479736,0.0,1.1930486,0.9999999,0.46019575,0.16314402,0.37666017,set_7
-5.3131863e-08,0.13685197,0.2935204,0.7154241,13.212656,0.0,0.0,0.10328461,0.67479736,0.12121212,1.1649835,0.9999999,0.4520948,0.18048611,0.36741906,set_7
-8.02783e-08,0.42728934,0.63134843,0.80017984,9.04353,0.0,0.0,0.10328461,0.67479736,0.38383836,1.1057492,0.9999999,0.43453115,0.21678819,0.34868068,set_7
3.5606114e-08,0.88317645,1.0406911,0.9337845,4.0402174,0.0,0.0,0.10328461,0.67479736,0.8282828,1.010151,0.9999999,0.39750302,0.2543549,0.34814206,set_7
1.1082577e-07,1.1350712,1.2080448,1.0126612,1.9069556,0.0,0.0,0.10328461,0.67479736,1.111111,0.9524238,0.9999999,0.31174064,0.26627067,0.42198864,set_7
5.1203337e-08,1.2692189,1.2601097,1.055683,1.1075572,0.0,0.0,0.10328461,0.67479736,1.2727273,0.9205396,0.9999999,0.2111273,0.2720479,0.51682484,set_7
2.8881722e-08,1.3970982,1.2768852,1.0972587,0.6306169,0.0,0.0,0.10328461,0.67479736,1.4343435,0.8893907,0.9999999,0.11774849,0.26875472,0.6134968,set_7
9.9077305e-08,1.5279704,1.2645875,1.142349,0.38213825,0.0,0.0,0.10328461,0.67479736,1.6161616,0.8553099,0.9999999,0.06398315,0.25618953,0.67982733,set_7
1.3065818e-07,1.6013876,1.2491252,1.1714405,0.29271162,0.0,0.0,0.10328461,0.67479736,1.7373737,0.83314806,0.9999999,0.04527276,0.24677454,0.70795274,set_7
0.0,0.0,0.10790601,0.67479736,15.5798,0.0,0.0,0.10790601,0.67479736,0.0,1.1930486,0.9999999,0.460064,0.16328841,0.37664756,set_7
-8.848723e-09,0.47156218,0.67977667,0.8128301,8.496628,0.0,0.0,0.10790601,0.67479736,0.4242424,1.0967878,0.9999999,0.43180254,0.22180547,0.34639198,set_7
2.9879903e-09,0.7055522,0.89731836,0.88058937,5.836,0.0,0.0,0.10790601,0.67479736,0.64646465,1.0485419,0.9999999,0.41672125,0.24336359,0.33991516,set_7
-2.1645538e-07,1.1196793,1.2034723,1.0071925,2.0200262,0.0,0.0,0.10790601,0.67479736,1.090909,0.9564893,0.9999999,0.32103565,0.2654967,0.41346762,set_7
-2.2566434e-07,1.171069,1.2293024,1.023569,1.6620903,0.0,0.0,0.10790601,0.67479736,1.1515151,0.9443856,0.9999999,0.2880866,0.26814237,0.44377097,set_7
-2.2762694e-07,1.2377264,1.2558445,1.0450805,1.2579417,0.0,0.0,0.10790601,0.67479736,1.2323232,0.9284182,0.9999999,0.23589799,0.27120712,0.4928949,set_7
-2.1528484e-07,1.3020684,1.273237,1.0662256,0.9372134,0.0,0.0,0.10790601,0.67479736,1.3131312,0.9126587,0.9999999,0.18103418,0.2723414,0.5466245,set_7
-9.0573366e-08,1.5419917,1.2660125,1.1521213,0.31581163,0.0,0.0,0.10790601,0.67479736,1.6565657,0.84789056,0.9999999,0.05379185,0.2516571,0.694551,set_7
-1.08315405e-07,1.6094328,1.2502319,1.180957,0.23199978,0.0,0.0,0.10790601,0.67479736,1.7777778,0.82588047,0.9999999,0.037953723,0.24166918,0.7203771,set_7
0.0,0.0,0.10572606,0.67479736,15.5798,0.0,0.0,0.10572606,0.67479736,0.0,1.1930486,0.9999999,0.4601262,0.16322032,0.37665358,set_7
-9.04782e-08,0.09153747,0.23526959,0.7019894,13.965372,0.0,0.0,0.10572606,0.67479736,0.08080807,1.1743225,0.9999999,0.45475626,0.1747209,0.37052283,set_7
-3.1280752e-07,0.35941327,0.567467,0.7810151,9.872228,0.0,0.0,0.10572606,0.67479736,0.32323232,1.1192132,0.9999999,0.43842244,0.2092151,0.35236245,set_7
-3.0816358e-07,0.5131371,0.7250128,0.8253766,7.937476,0.0,0.0,0.10572606,0.67479736,0.46464646,1.0879277,0.9999999,0.4292743,0.22648461,0.34424114,set_7
-1.3246554e-07,0.6642189,0.8589874,0.8684868,6.28235,0.0,0.0,0.10572606,0.67479736,0.60606056,1.0572008,0.9999999,0.4198056,0.24009116,0.34010318,set_7
-4.441972e-08,1.1694363,1.2208309,1.0235549,1.7169349,0.0,0.0,0.10572606,0.67479736,1.1515151,0.9443856,0.9999999,0.2929086,0.26785818,0.43923324,set_7
2.602289e-07,1.3432345,1.2680768,1.076641,0.883054,0.0,0.0,0.10572606,0.67479736,1.3535353,0.90486825,0.9999999,0.16664892,0.27219927,0.56115186,set_7
4.136546e-07,1.5106865,1.2683712,1.1324621,0.4412844,0.0,0.0,0.10572606,0.67479736,1.5757575,0.8628249,0.9999999,0.074417986,0.2598835,0.6656985,set_7
3.9964974e-07,1.6691322,1.2348762,1.1997519,0.2198227,0.0,0.0,0.10572606,0.67479736,1.8585858,0.8114377,0.9999999,0.032208897,0.23662068,0.7311705,set_7
0.0,0.0,0.10636815,0.67479736,15.5798,0.0,0.0,0.10636815,0.67479736,0.0,1.1930486,0.9999999,0.46010783,0.16324036,0.37665182,set_7
-1.459541e-07,0.15956661,0.3257117,0.7221014,12.849053,0.0,0.0,0.10636815,0.67479736,0.14141414,1.1603595,0.9999999,0.4506347,0.1835088,0.3658566,set_7
-7.4909565e-08,0.47128123,0.6790514,0.81282353,8.492215,0.0,0.0,0.10636815,0.67479736,0.4242424,1.0967878,0.9999999,0.43184254,0.22178355,0.34637395,set_7
-3.2993898e-07,0.86312985,1.0282906,0.9279797,4.2209935,0.0,0.0,0.10636815,0.67479736,0.8080808,1.0143703,0.9999999,0.4003134,0.25339618,0.34629044,set_7
-3.855641e-07,0.93390644,1.0888158,0.9510915,3.4848013,0.0,0.0,0.10636815,0.67479736,0.8888889,0.99760306,0.9999999,0.38677663,0.25711867,0.35610467,set_7
-4.3323712e-07,0.98518854,1.129972,0.9681736,2.9772413,0.0,0.0,0.10636815,0.67479736,0.94949496,0.98512876,0.9999999,0.3724507,0.25961822,0.36793098,set_7
-3.938282e-07,1.2289959,1.2515941,1.0450833,1.2802019,0.0,0.0,0.10636815,0.67479736,1.2323232,0.9284182,0.9999999,0.23910071,0.27106246,0.48983684,set_7
1.4707979e-08,1.4444443,1.263839,1.1074322,0.6744323,0.0,0.0,0.10636815,0.67479736,1.4747474,0.8817567,0.9999999,0.11783296,0.26887712,0.61328995,set_7
4.3770576e-08,1.7305057,1.2137353,1.2228086,0.23941296,0.0,0.0,0.10636815,0.67479736,1.959596,0.79367083,0.9999999,0.028351929,0.23255466,0.73909336,set_7
0.0,0.0,0.110851884,0.67479736,15.5798,0.0,0.0,0.110851884,0.67479736,0.0,1.1930486,0.9999999,0.45997986,0.1633805,0.37663952,set_7
-1.5654214e-07,0.24985915,0.44089285,0.74854726,11.472137,0.0,0.0,0.110851884,0.67479736,0.22222221,1.141945,0.9999999,0.445022,0.19526972,0.35970825,set_7
-2.0025298e-07,0.66446614,0.86328286,0.8684917,6.2796574,0.0,0.0,0.110851884,0.67479736,0.60606056,1.0572008,0.9999999,0.4196847,0.24021049,0.34010482,set_7
-2.1782859e-07,0.91979545,1.07664,0.94533986,3.6705523,0.0,0.0,0.110851884,0.67479736,0.86868685,1.0017823,0.9999999,0.39061415,0.2563388,0.35304707,set_7
-3.640444e-07,1.0753617,1.1917942,0.9961507,2.2312224,0.0,0.0,0.110851884,0.67479736,1.0505049,0.96460396,0.9999999,0.3369968,0.2638737,0.3991295,set_7
-3.8254984e-07,1.1261104,1.2201734,1.0126648,1.8474824,0.0,0.0,0.110851884,0.67479736,1.111111,0.9524238,0.9999999,0.30767462,0.2665147,0.42581072,set_7
-2.946527e-07,1.2617761,1.2673913,1.0556911,1.0854554,0.0,0.0,0.110851884,0.67479736,1.2727273,0.9205396,0.9999999,0.20831719,0.2721138,0.519569,set_7
2.5204895e-07,1.5589516,1.2550731,1.1521511,0.42182493,0.0,0.0,0.110851884,0.67479736,1.6565657,0.84789056,0.9999999,0.064354755,0.2563609,0.6792844,set_7
1.582674e-07,1.7143514,1.2175211,1.2228374,0.22247209,0.0,0.0,0.110851884,0.67479736,1.959596,0.79367083,0.9999999,0.027589235,0.23177363,0.7406371,set_7
0.0,0.0,0.108434714,0.67479736,15.5798,0.0,0.0,0.108434714,0.67479736,0.0,1.1930486,0.9999999,0.46004888,0.16330501,0.37664607,set_7
-3.06414e-08,0.11432735,0.26844716,0.7087202,13.584846,0.0,0.0,0.108434714,0.67479736,0.1010101,1.169641,0.9999999,0.45331466,0.17772311,0.3689622,set_7
-1.2630005e-07,0.2497674,0.4387627,0.7485467,11.471645,0.0,0.0,0.108434714,0.67479736,0.22222221,1.141945,0.9999999,0.44508994,0.19519871,0.3597114,set_7
1.5478125e-07,0.5583302,0.7644924,0.83781815,7.4640503,0.0,0.0,0.108434714,0.67479736,0.5050505,1.0790758,0.9999999,0.42659074,0.23074201,0.34266725,set_7
2.491594e-07,0.7056188,0.8977052,0.8805833,5.8362446,0.0,0.0,0.108434714,0.67479736,0.64646465,1.0485419,0.9999999,0.4167091,0.24337444,0.33991644,set_7
2.6663187e-07,0.8838488,1.0443088,0.93378377,4.041321,0.0,0.0,0.108434714,0.67479736,0.8282828,1.010151,0.9999999,0.3974013,0.2544401,0.34815863,set_7
-5.321045e-08,1.2876146,1.2669886,1.060965,1.0345556,0.0,0.0,0.108434714,0.67479736,1.2929292,0.916601,0.9999999,0.1978884,0.27232897,0.52978265,set_7
-8.2112436e-08,1.4582126,1.2782744,1.1175203,0.48606503,0.0,0.0,0.108434714,0.67479736,1.5151515,0.87411964,0.9999999,0.087093875,0.26338446,0.6495217,set_7
-1.1077368e-07,1.6097075,1.251281,1.1762128,0.26403978,0.0,0.0,0.108434714,0.67479736,1.7575758,0.8295109,0.9999999,0.041480668,0.24426632,0.71425295,set_7
0.0,0.0,0.115955085,0.67479736,15.5798,0.0,0.0,0.115955085,0.67479736,0.0,1.1930486,0.9999999,0.4598343,0.16354004,0.37662563,set_7
-1.3385036e-07,1.0325017,1.154227,0.9794333,2.7266316,0.0,0.0,0.115955085,0.67479736,0.989899,0.976893,0.9999999,0.36181113,0.26137128,0.37681755,set_7
-4.4291063e-08,1.2565569,1.2635337,1.0504006,1.192118,0.0,0.0,0.115955085,0.67479736,1.2525252,0.9244737,0.9999999,0.22455774,0.27174017,0.5037021,set_7
-1.5541802e-07,1.3996216,1.285666,1.0972717,0.6237762,0.0,0.0,0.115955085,0.67479736,1.4343435,0.8893907,0.9999999,0.116281696,0.268626,0.6150923,set_7
-2.8100868e-07,1.4580722,1.2835605,1.1175249,0.4801296,0.0,0.0,0.115955085,0.67479736,1.5151515,0.87411964,0.9999999,0.08614967,0.2631868,0.65066355,set_7
-4.7528238e-07,1.5503337,1.2694064,1.152133,0.32937264,0.0,0.0,0.115955085,0.67479736,1.6565657,0.84789056,0.9999999,0.05474852,0.2521512,0.6931003,set_7
-4.824165e-07,1.5964315,1.2593215,1.1714416,0.26796645,0.0,0.0,0.115955085,0.67479736,1.7373737,0.83314806,0.9999999,0.04308853,0.24541497,0.71149653,set_7
-5.1722395e-07,1.6756939,1.236569,1.2090544,0.1831069,0.0,0.0,0.115955085,0.67479736,1.8989899,0.80428916,0.9999999,0.028060779,0.23243193,0.73950726,set_7
-5.369939e-07,1.7014614,1.227578,1.2228197,0.1605041,0.0,0.0,0.115955085,0.67479736,1.959596,0.79367083,0.9999999,0.024250254,0.22784323,0.74790657,set_7
0.0,0.0,0.11149351,0.67572254,29.212,0.0,0.0,0.11149351,0.67572254,0.0,1.2237259,0.9999999,0.5260153,0.09311685,0.3808679,set_8
4.7618606e-08,0.066029266,0.27826515,0.71028,26.467232,0.0,0.0,0.11149351,0.67572254,0.1010101,1.1831591,0.9999999,0.50185025,0.11624599,0.38190377,set_8
-7.116409e-09,0.30935377,0.65777016,0.80760694,20.138062,0.0,0.0,0.11149351,0.67572254,0.4040404,1.082784,0.9999999,0.42903367,0.18583935,0.385127,set_8
-1.722082e-08,0.36479884,0.717296,0.8261273,19.130205,0.0,0.0,0.11149351,0.67572254,0.46464646,1.0667342,0.9999999,0.41562515,0.1985448,0.38583001,set_8
-4.4724096e-08,0.5803959,0.9032437,0.8919743,15.944914,0.0,0.0,0.11149351,0.67572254,0.68686867,1.0182031,0.9999999,0.37386975,0.23765443,0.38847587,set_8
-7.359775e-08,0.8627205,1.087044,0.9722197,12.7349615,0.0,0.0,0.11149351,0.67572254,0.96969694,0.98126906,0.9999999,0.3411645,0.26756066,0.3912748,set_8
-1.2133205e-07,1.3799536,1.3558636,1.1293112,7.9272814,0.0,0.0,0.11149351,0.67572254,1.5353535,0.9907137,0.9999999,0.32144552,0.28575128,0.39280322,set_8
-1.0927924e-07,1.4635589,1.394422,1.1579735,7.2131157,0.0,0.0,0.11149351,0.67572254,1.6363636,1.0041791,0.9999999,0.32133284,0.28564954,0.3930176,set_8
-1.0541142e-07,1.6200494,1.4690495,1.2166908,5.8434286,0.0,0.0,0.11149351,0.67572254,1.8383838,1.0417706,0.9999999,0.32256296,0.2824452,0.39499187,set_8
0.0,0.0,0.10775484,0.67572254,29.212,0.0,0.0,0.10775484,0.67572254,0.0,1.2237259,0.9999999,0.5262759,0.0928913,0.3808328,set_8
4.0146187e-08,0.13956562,0.4191327,0.7437209,24.07875,0.0,0.0,0.10775484,0.67572254,0.2020202,1.1461467,0.9999999,0.4774305,0.13967,0.38289946,set_8
-6.589393e-08,0.6594901,0.95786077,0.9150692,14.950839,0.0,0.0,0.10775484,0.67572254,0.7676768,1.0047966,0.9999999,0.36241958,0.24823731,0.3893431,set_8
-8.667672e-08,0.7404824,1.0108168,0.9379734,14.025928,0.0,0.0,0.10775484,0.67572254,0.8484848,0.9935281,0.9999999,0.3526745,0.25713965,0.3901858,set_8
-6.927186e-08,0.9592458,1.139011,1.0000492,11.764437,0.0,0.0,0.10775484,0.67572254,1.070707,0.97483444,0.9999999,0.33438924,0.27369967,0.39191112,set_8
-5.951665e-08,1.0362357,1.1805606,1.0224079,11.02549,0.0,0.0,0.10775484,0.67572254,1.1515151,0.97210526,0.9999999,0.3301746,0.2775355,0.39228985,set_8
-6.563202e-08,1.1668305,1.248252,1.0614814,9.816257,0.0,0.0,0.10775484,0.67572254,1.2929292,0.97312444,0.9999999,0.32509333,0.28225318,0.39265352,set_8
-9.717323e-08,1.2741715,1.3021562,1.0950985,8.849651,0.0,0.0,0.10775484,0.67572254,1.4141414,0.97921836,0.9999999,0.322605,0.2846516,0.3927434,set_8
-1.4074038e-07,1.7150763,1.5223801,1.2588999,4.8872147,0.0,0.0,0.10775484,0.67572254,1.979798,1.076794,0.9999999,0.3227236,0.27718613,0.40009028,set_8
0.0,0.0,0.110505864,0.67572254,29.212,0.0,0.0,0.110505864,0.67572254,0.0,1.2237259,0.9999999,0.5260841,0.09305723,0.3808586,set_8
-2.7596066e-08,0.1397932,0.42158717,0.7437209,24.079197,0.0,0.0,0.110505864,0.67572254,0.2020202,1.1461467,0.9999999,0.4772418,0.13983232,0.38292587,set_8
-4.8573636e-08,0.27316093,0.61504686,0.7951895,20.846542,0.0,0.0,0.110505864,0.67572254,0.36363634,1.0944856,0.9999999,0.43837154,0.17697254,0.384656,set_8
-4.8890485e-08,0.4215033,0.7724092,0.84446,18.181587,0.0,0.0,0.110505864,0.67572254,0.5252525,1.0515054,0.9999999,0.40299296,0.21047361,0.3865335,set_8
-1.3434573e-07,1.3440764,1.3379929,1.1177307,8.234385,0.0,0.0,0.110505864,0.67572254,1.4949495,0.9865167,0.9999999,0.32169318,0.28552818,0.39277866,set_8
-1.0097997e-07,1.4765066,1.4033743,1.1635435,7.0589843,0.0,0.0,0.110505864,0.67572254,1.6565657,1.0074633,0.9999999,0.32151067,0.28546974,0.39301956,set_8
-6.527108e-08,1.5397182,1.4346927,1.1868495,6.4958706,0.0,0.0,0.110505864,0.67572254,1.7373737,1.021198,0.9999999,0.32198864,0.2845027,0.3935087,set_8
-1.0314698e-07,1.6304753,1.4801933,1.2224586,5.6768107,0.0,0.0,0.110505864,0.67572254,1.8585858,1.0464782,0.9999999,0.32290864,0.28171572,0.39537564,set_8
-2.4222118e-07,1.7296946,1.530948,1.2651985,4.7571406,0.0,0.0,0.110505864,0.67572254,2.0,1.0821611,0.9999999,0.32232788,0.27627438,0.40139768,set_8
0.0,0.0,0.109380245,0.67572254,29.212,0.0,0.0,0.109380245,0.67572254,0.0,1.2237259,0.9999999,0.5261626,0.092989355,0.38084805,set_8
-1.6996141e-07,0.1092757,0.3652745,0.73046696,24.996124,0.0,0.0,0.109380245,0.67572254,0.16161615,1.1606475,0.9999999,0.48721665,0.13028316,0.38250023,set_8
-3.3171028e-07,0.38299724,0.7350238,0.8323237,18.803219,0.0,0.0,0.109380245,0.67572254,0.48484847,1.0616484,0.9999999,0.41142118,0.20253885,0.38603994,set_8
-7.6937894e-08,0.55896664,0.88673186,0.88602865,16.205217,0.0,0.0,0.109380245,0.67572254,0.6666667,1.0218896,0.9999999,0.3772325,0.23455916,0.38820833,set_8
8.843347e-08,0.8214298,1.0616318,0.9607681,13.155028,0.0,0.0,0.109380245,0.67572254,0.9292929,0.98454535,0.9999999,0.34464103,0.26442474,0.3909342,set_8
-1.9542794e-07,1.4436207,1.3858044,1.1518269,7.356038,0.0,0.0,0.109380245,0.67572254,1.6161616,1.0011533,0.9999999,0.32136872,0.2857176,0.39291373,set_8
-2.1915208e-07,1.5077099,1.4174086,1.1749511,6.7867775,0.0,0.0,0.109380245,0.67572254,1.6969697,1.0141178,0.9999999,0.3216864,0.2850874,0.3932262,set_8
-1.9569977e-07,1.6445376,1.4859593,1.2282786,5.553569,0.0,0.0,0.109380245,0.67572254,1.8787879,1.0512546,0.9999999,0.3229882,0.28112802,0.39588374,set_8
-2.906365e-07,1.729209,1.5293784,1.2650075,4.7669125,0.0,0.0,0.109380245,0.67572254,2.0,1.0821611,0.9999999,0.32234097,0.2763347,0.4013243,set_8
0.0,0.0,0.118726455,0.67572254,29.212,0.0,0.0,0.118726455,0.67572254,0.0,1.2237259,0.9999999,0.52551186,0.093552805,0.3809354,set_8
5.7471306e-07,0.30975986,0.6637411,0.8076173,20.14077,0.0,0.0,0.118726455,0.67572254,0.4040404,1.082784,0.9999999,0.42861718,0.18618803,0.38519478,set_8
5.314456e-07,0.45963478,0.8171166,0.8563849,17.560032,0.0,0.0,0.118726455,0.67572254,0.56565654,1.0425354,0.9999999,0.39450175,0.218434,0.38706425,set_8
4.6250443e-07,0.67762053,0.98906934,0.9208302,14.633858,0.0,0.0,0.118726455,0.67572254,0.78787875,1.0018091,0.9999999,0.3591472,0.2513007,0.38955212,set_8
4.408871e-07,0.8205944,1.0756752,0.9607396,13.095396,0.0,0.0,0.118726455,0.67572254,0.9292929,0.98454535,0.9999999,0.3442426,0.26483384,0.39092353,set_8
4.594799e-07,1.1238452,1.2167978,1.0448606,10.407029,0.0,0.0,0.118726455,0.67572254,1.2323232,0.97163844,0.9999999,0.32644495,0.28064618,0.39290884,set_8
3.88608e-07,1.3948745,1.3410345,1.1291997,8.085034,0.0,0.0,0.118726455,0.67572254,1.5353535,0.9907137,0.9999999,0.32059303,0.28600314,0.39340383,set_8
4.860347e-07,1.5871534,1.4368471,1.1987249,6.365036,0.0,0.0,0.118726455,0.67572254,1.7777778,1.0292679,0.9999999,0.3213036,0.2843213,0.3943751,set_8
5.1824253e-07,1.6323245,1.4596506,1.2165719,5.9551506,0.0,0.0,0.118726455,0.67572254,1.8383838,1.0417706,0.9999999,0.3218068,0.28296027,0.39523304,set_8
0.0,0.0,0.11576983,0.67572254,29.212,0.0,0.0,0.11576983,0.67572254,0.0,1.2237259,0.9999999,0.5257176,0.09337459,0.3809077,set_8
6.194932e-08,0.066213034,0.2822973,0.71028,26.46759,0.0,0.0,0.11576983,0.67572254,0.1010101,1.1831591,0.9999999,0.5015522,0.11650389,0.3819439,set_8
1.7035754e-07,0.17211702,0.47846878,0.7567791,23.20972,0.0,0.0,0.11576983,0.67572254,0.24242423,1.1323115,0.9999999,0.467007,0.14959505,0.3833979,set_8
-2.241045e-07,0.5811795,0.90637696,0.89196885,15.94602,0.0,0.0,0.11576983,0.67572254,0.68686867,1.0182031,0.9999999,0.37367374,0.23780718,0.38851908,set_8
-5.0547015e-07,1.0369065,1.189631,1.0226011,10.991828,0.0,0.0,0.11576983,0.67572254,1.1515151,0.97210526,0.9999999,0.33000684,0.27770925,0.39228398,set_8
-5.081555e-07,1.1120986,1.2293679,1.0449246,10.285489,0.0,0.0,0.11576983,0.67572254,1.2323232,0.97163844,0.9999999,0.32682794,0.28065497,0.39251703,set_8
-4.225964e-07,1.3466189,1.3422546,1.117902,8.22444,0.0,0.0,0.11576983,0.67572254,1.4949495,0.9865167,0.9999999,0.32161176,0.28557995,0.39280832,set_8
-3.0524902e-07,1.5141532,1.417637,1.1753117,6.8116174,0.0,0.0,0.11576983,0.67572254,1.6969697,1.0141178,0.9999999,0.3214117,0.28520578,0.39338252,set_8
-2.9347208e-07,1.6806585,1.4988035,1.240771,5.328417,0.0,0.0,0.11576983,0.67572254,1.919192,1.0607102,0.9999999,0.32278052,0.27996993,0.39724952,set_8
0.0,0.0,0.12128849,0.67572254,29.212,0.0,0.0,0.12128849,0.67572254,0.0,1.2237259,0.9999999,0.52533364,0.09370708,0.3809593,set_8
-3.355722e-07,0.50103074,0.8481924,0.86826634,17.025463,0.0,0.0,0.12128849,0.67572254,0.60606056,1.0336382,0.9999999,0.38704866,0.22534013,0.38761118,set_8
-3.3574833e-07,0.64213586,0.95373243,0.90930504,15.194853,0.0,0.0,0.12128849,0.67572254,0.74747473,1.0077755,0.9999999,0.364564,0.24617754,0.38925847,set_8
-3.3587744e-07,0.7235476,1.0076761,0.9323412,14.250626,0.0,0.0,0.12128849,0.67572254,0.8282828,0.9959549,0.9999999,0.35439512,0.2554852,0.3901197,set_8
-3.360111e-07,0.8046104,1.0576715,0.9551276,13.369739,0.0,0.0,0.12128849,0.67572254,0.9090909,0.9865754,0.9999999,0.34605637,0.26305816,0.39088547,set_8
-3.362506e-07,0.8847401,1.1042196,0.97770983,12.544377,0.0,0.0,0.12128849,0.67572254,0.989899,0.9796783,0.9999999,0.3393375,0.26912946,0.39153305,set_8
-3.436563e-07,1.1885982,1.2646451,1.0670226,9.664776,0.0,0.0,0.12128849,0.67572254,1.3131312,0.97358173,0.9999999,0.3242658,0.28290376,0.39283043,set_8
-3.603034e-07,1.3459482,1.3428599,1.1175374,8.251012,0.0,0.0,0.12128849,0.67572254,1.4949495,0.9865167,0.9999999,0.32146862,0.28562817,0.3929032,set_8
-4.6499207e-07,1.675992,1.506557,1.2403936,5.29396,0.0,0.0,0.12128849,0.67572254,1.919192,1.0607102,0.9999999,0.32290447,0.279809,0.3972865,set_8
0.0,0.0,0.12071872,0.67572254,29.212,0.0,0.0,0.12071872,0.67572254,0.0,1.2237259,0.9999999,0.5253732,0.09367281,0.38095397,set_8
-4.399195e-08,0.08065343,0.31735966,0.71705145,25.964468,0.0,0.0,0.12071872,0.67572254,0.12121212,1.175325,0.9999999,0.49629048,0.1215129,0.3821966,set_8
-8.596873e-08,0.20533673,0.53205514,0.7696895,22.386566,0.0,0.0,0.12071872,0.67572254,0.28282827,1.1193033,0.9999999,0.45691288,0.15921398,0.38387316,set_8
-2.4503817e-07,0.78266835,1.0475224,0.9495468,13.562618,0.0,0.0,0.12071872,0.67572254,0.8888889,0.9889675,0.9999999,0.34799352,0.26135248,0.39065406,set_8
-3.1888666e-07,0.9197899,1.1321445,0.98901135,12.097157,0.0,0.0,0.12071872,0.67572254,1.030303,0.97668946,0.9999999,0.33656716,0.27175587,0.3916769,set_8
-2.9298099e-07,1.2234693,1.287576,1.0784746,9.293063,0.0,0.0,0.12071872,0.67572254,1.3535353,0.97558916,0.9999999,0.32347983,0.28378212,0.39273798,set_8
-1.916733e-07,1.3325176,1.3345301,1.1122825,8.395088,0.0,0.0,0.12071872,0.67572254,1.4747474,0.98462325,0.9999999,0.32160157,0.2854873,0.39291108,set_8
-9.175967e-08,1.4202319,1.3709972,1.1407554,7.687267,0.0,0.0,0.12071872,0.67572254,1.5757575,0.9959522,0.9999999,0.320928,0.2859681,0.3931038,set_8
-2.622479e-08,1.7006813,1.5033393,1.2469838,5.240238,0.0,0.0,0.12071872,0.67572254,1.939394,1.0658963,0.9999999,0.32250282,0.27946773,0.39802945,set_8
0.0,0.0,0.12560977,0.67572254,29.212,0.0,0.0,0.12560977,0.67572254,0.0,1.2237259,0.9999999,0.52503324,0.093967326,0.38099954,set_8
1.3065387e-07,0.1255532,0.407952,0.73711425,24.533867,0.0,0.0,0.12560977,0.67572254,0.18181817,1.1534595,0.9999999,0.48115534,0.13598338,0.3828613,set_8
8.151831e-08,0.6234253,0.9426834,0.9036381,15.440808,0.0,0.0,0.12560977,0.67572254,0.72727275,1.010918,0.9999999,0.36718,0.2437385,0.3890815,set_8
1.0844318e-07,0.68443644,0.9841656,0.9209881,14.714501,0.0,0.0,0.12560977,0.67572254,0.78787875,1.0018091,0.9999999,0.35904673,0.25120607,0.38974723,set_8
1.1797169e-07,0.7453412,1.0232706,0.9381761,14.026419,0.0,0.0,0.12560977,0.67572254,0.8484848,0.9935281,0.9999999,0.35197815,0.25765303,0.39036882,set_8
2.9227428e-07,0.9448859,1.1400962,0.9946957,11.954682,0.0,0.0,0.12560977,0.67572254,1.0505049,0.97569305,0.9999999,0.33509964,0.27293405,0.39196628,set_8
-7.760619e-10,1.3140962,1.3294538,1.106519,8.54598,0.0,0.0,0.12560977,0.67572254,1.4545455,0.98266083,0.9999999,0.32175705,0.28532442,0.3929185,set_8
-1.8029618e-07,1.3819995,1.3626895,1.1291304,7.943393,0.0,0.0,0.12560977,0.67572254,1.5353535,0.9907137,0.9999999,0.32117933,0.28587502,0.39294562,set_8
-4.127784e-07,1.5120001,1.4264061,1.1750929,6.789134,0.0,0.0,0.12560977,0.67572254,1.6969697,1.0141178,0.9999999,0.3214311,0.28520384,0.39336511,set_8
0.0,0.0,0.11672281,0.67572254,29.212,0.0,0.0,0.11672281,0.67572254,0.0,1.2237259,0.9999999,0.5256513,0.09343207,0.38091663,set_8
2.9450234e-08,0.12488761,0.3999359,0.73711425,24.532574,0.0,0.0,0.11672281,0.67572254,0.18181817,1.1534595,0.9999999,0.4817662,0.13545708,0.38277668,set_8
-7.0983106e-08,0.3097438,0.66228414,0.80764896,20.137152,0.0,0.0,0.11672281,0.67572254,0.4040404,1.082784,0.9999999,0.42871034,0.18611461,0.38517508,set_8
-4.7835503e-08,0.4224121,0.77706736,0.8444201,18.185673,0.0,0.0,0.11672281,0.67572254,0.5252525,1.0515054,0.9999999,0.40266454,0.21073793,0.38659754,set_8
3.7219294e-08,0.52069205,0.8610951,0.8743146,16.742662,0.0,0.0,0.11672281,0.67572254,0.6262626,1.0294349,0.9999999,0.38365012,0.22854176,0.38780805,set_8
1.8200656e-07,0.7229147,1.0044554,0.9324487,14.248,0.0,0.0,0.11672281,0.67572254,0.8282828,0.9959549,0.9999999,0.3545544,0.25537097,0.3900746,set_8
1.6284798e-07,0.82376117,1.0664449,0.96089894,13.156101,0.0,0.0,0.11672281,0.67572254,0.9292929,0.98454535,0.9999999,0.344383,0.26460552,0.39101145,set_8
3.860592e-08,1.3625469,1.349783,1.123432,8.086382,0.0,0.0,0.11672281,0.67572254,1.5151515,0.9884089,0.9999999,0.3214501,0.28570715,0.39284274,set_8
-5.658986e-09,1.6753185,1.5052502,1.240591,5.281974,0.0,0.0,0.11672281,0.67572254,1.919192,1.0607102,0.9999999,0.32300052,0.27972248,0.397277,set_8
0.0,0.0,0.114363365,0.6744889,15.5798,0.0,0.0,0.114363365,0.6744889,0.0,1.237127,0.9999999,0.5625511,0.09278965,0.3446593,set_8
-9.640372e-08,0.15567213,0.45155743,0.74393266,11.460869,0.0,0.0,0.114363365,0.6744889,0.2020202,1.1815249,0.9999999,0.5016187,0.15979865,0.33858272,set_8
-1.5152756e-07,0.4739702,0.8233638,0.84227556,6.9299226,0.0,0.0,0.114363365,0.6744889,0.5050505,1.1025587,0.9999999,0.43975544,0.2325632,0.3276814,set_8
-2.8735036e-07,0.72055334,1.0302068,0.9101912,4.423006,0.0,0.0,0.114363365,0.6744889,0.72727275,1.0480244,0.9999999,0.4164035,0.25882882,0.32476762,set_8
1.1632309e-07,1.0813069,1.2438904,1.0086137,1.7014699,0.0,0.0,0.114363365,0.6744889,1.070707,0.9694461,0.9999999,0.24967562,0.29344282,0.45688155,set_8
9.253852e-08,1.2429241,1.2757782,1.0523496,1.0585406,0.0,0.0,0.114363365,0.6744889,1.2323232,0.9347623,0.9999999,0.12829897,0.28908077,0.58262026,set_8
8.95253e-08,1.4112229,1.262028,1.099702,0.779685,0.0,0.0,0.114363365,0.6744889,1.4141414,0.89760315,0.9999999,0.07071208,0.26895973,0.6603281,set_8
9.6879525e-08,1.5047184,1.2441177,1.1302246,0.6851003,0.0,0.0,0.114363365,0.6744889,1.5353535,0.87390244,0.9999999,0.05196,0.25579926,0.6922408,set_8
1.9787927e-07,1.5989096,1.2224398,1.1696762,0.56165266,0.0,0.0,0.114363365,0.6744889,1.6969697,0.843646,0.9999999,0.033621974,0.23695412,0.72942394,set_8
0.0,0.0,0.1146311,0.6744889,15.5798,0.0,0.0,0.1146311,0.6744889,0.0,1.237127,0.9999999,0.56252277,0.09281116,0.3446661,set_8
-7.197138e-08,0.07009354,0.29444587,0.70961016,13.3827,0.0,0.0,0.1146311,0.6744889,0.1010101,1.2090302,0.9999999,0.53158927,0.12660591,0.3418048,set_8
-1.3321268e-07,0.33986273,0.6899065,0.803754,8.556333,0.0,0.0,0.1146311,0.6744889,0.38383836,1.1335428,0.9999999,0.4582463,0.2095159,0.33223778,set_8
-1.4304224e-07,0.40647683,0.7588774,0.8231498,7.7165766,0.0,0.0,0.1146311,0.6744889,0.44444442,1.1179293,0.9999999,0.4479887,0.22204684,0.32996446,set_8
-1.9437942e-07,0.6753653,0.99663496,0.89810497,4.8339453,0.0,0.0,0.1146311,0.6744889,0.68686867,1.0577749,0.9999999,0.42130932,0.25498912,0.32370153,set_8
-1.07588846e-07,1.1288146,1.2549955,1.0196989,1.515048,0.0,0.0,0.1146311,0.6744889,1.111111,0.96059793,0.9999999,0.2169636,0.29479066,0.48824582,set_8
-2.8260843e-07,1.4393945,1.2631949,1.1099839,0.6895226,0.0,0.0,0.1146311,0.6744889,1.4545455,0.8896381,0.9999999,0.057588626,0.2613482,0.6810632,set_8
-3.0099704e-07,1.5313779,1.2445656,1.145196,0.56500524,0.0,0.0,0.1146311,0.6744889,1.5959595,0.8623983,0.9999999,0.03829769,0.24388988,0.7178124,set_8
-2.0698535e-07,1.595776,1.2261965,1.1745273,0.4928371,0.0,0.0,0.1146311,0.6744889,1.7171717,0.8399319,0.9999999,0.028440744,0.23067744,0.74088186,set_8
0.0,0.0,0.10758646,0.6744889,15.5798,0.0,0.0,0.10758646,0.6744889,0.0,1.237127,0.9999999,0.5632706,0.09224451,0.34448478,set_8
-3.4084497e-08,0.039862722,0.21867707,0.6956585,14.225128,0.0,0.0,0.10758646,0.6744889,0.06060606,1.2202688,0.9999999,0.5447756,0.1124041,0.34282026,set_8
-1.8825884e-07,0.19263992,0.5037588,0.75744545,10.752485,0.0,0.0,0.10758646,0.6744889,0.24242423,1.1706843,0.9999999,0.49118647,0.17181118,0.33700234,set_8
-1.9666781e-07,0.29471117,0.63612485,0.790677,9.141373,0.0,0.0,0.10758646,0.6744889,0.34343433,1.1440113,0.9999999,0.46694854,0.19960752,0.33344397,set_8
6.146207e-08,0.6530973,0.97267354,0.8920024,5.055703,0.0,0.0,0.10758646,0.6744889,0.6666667,1.0626575,0.9999999,0.42370594,0.25280026,0.3234938,set_8
3.1034983e-08,0.89169955,1.1463771,0.9574636,2.9408884,0.0,0.0,0.10758646,0.6744889,0.8888889,1.0102192,0.9999999,0.3749597,0.27470315,0.3503372,set_8
1.1710186e-07,1.0166484,1.2152481,0.9917921,2.050768,0.0,0.0,0.10758646,0.6744889,1.010101,0.9827792,0.9999999,0.2998351,0.2885003,0.41166463,set_8
1.9942104e-07,1.5958693,1.2172886,1.1696684,0.5702548,0.0,0.0,0.10758646,0.6744889,1.6969697,0.843646,0.9999999,0.034332946,0.23778272,0.7278843,set_8
5.652838e-08,1.6531771,1.1994619,1.198366,0.50655025,0.0,0.0,0.10758646,0.6744889,1.8181818,0.8218912,0.9999999,0.025940528,0.22535288,0.7487066,set_8
0.0,0.0,0.109038666,0.6744889,15.5798,0.0,0.0,0.109038666,0.6744889,0.0,1.237127,0.9999999,0.5631165,0.09236129,0.34452224,set_8
-9.3574535e-08,0.31704786,0.66138667,0.7972235,8.84691,0.0,0.0,0.109038666,0.6744889,0.36363634,1.1387749,0.9999999,0.4626324,0.20456737,0.33280015,set_8
-1.0936826e-07,0.62997663,0.95652246,0.8858892,5.267436,0.0,0.0,0.109038666,0.6744889,0.64646465,1.06754,0.9999999,0.42568612,0.25074577,0.3235681,set_8
-4.2852278e-08,0.7399881,1.0427551,0.9161926,4.221802,0.0,0.0,0.109038666,0.6744889,0.74747473,1.0432323,0.9999999,0.41377652,0.26061115,0.3256124,set_8
-4.0668105e-08,0.9569791,1.1864128,0.9747451,2.4559374,0.0,0.0,0.109038666,0.6744889,0.94949496,0.9963914,0.9999999,0.34189278,0.2818715,0.37623572,set_8
-8.1391676e-08,1.3049647,1.272006,1.0683556,0.9286556,0.0,0.0,0.109038666,0.6744889,1.2929292,0.9222027,0.9999999,0.10166912,0.2824657,0.61586523,set_8
-1.01007025e-07,1.4365788,1.2569991,1.1099776,0.7104542,0.0,0.0,0.109038666,0.6744889,1.4545455,0.8896381,0.9999999,0.05998026,0.26277325,0.6772465,set_8
-1.3392757e-07,1.5844084,1.2242067,1.1696856,0.5177688,0.0,0.0,0.109038666,0.6744889,1.6969697,0.843646,0.9999999,0.030816976,0.23402888,0.73515415,set_8
-1.4822932e-07,1.6648753,1.1958077,1.2124437,0.43899828,0.0,0.0,0.109038666,0.6744889,1.8787879,0.81140614,0.9999999,0.020827461,0.21653269,0.7626399,set_8
0.0,0.0,0.12526882,0.6744889,15.5798,0.0,0.0,0.12526882,0.6744889,0.0,1.237127,0.9999999,0.56139374,0.09366759,0.34493873,set_8
-1.0128652e-07,0.4087062,0.76696503,0.8231526,7.7223573,0.0,0.0,0.12526882,0.6744889,0.44444442,1.1179293,0.9999999,0.44715676,0.22251147,0.33033174,set_8
-1.5281843e-07,0.47641647,0.83144647,0.84228134,6.935875,0.0,0.0,0.12526882,0.6744889,0.5050505,1.1025587,0.9999999,0.43897364,0.23296335,0.32806298,set_8
-1.7478857e-07,0.67823327,1.003196,0.89810497,4.8462925,0.0,0.0,0.12526882,0.6744889,0.68686867,1.0577749,0.9999999,0.42076495,0.25514302,0.32409197,set_8
1.281243e-07,0.9811793,1.205672,0.9804671,2.3358893,0.0,0.0,0.12526882,0.6744889,0.96969694,0.99186194,0.9999999,0.330254,0.28378758,0.38595846,set_8
2.2999416e-09,1.4099386,1.2732992,1.099727,0.7429476,0.0,0.0,0.12526882,0.6744889,1.4141414,0.89760315,0.9999999,0.066248626,0.266867,0.66688436,set_8
-3.7298187e-10,1.4544683,1.2663693,1.1150899,0.67536217,0.0,0.0,0.12526882,0.6744889,1.4747474,0.88569576,0.9999999,0.05472389,0.2590701,0.68620604,set_8
-2.9470288e-09,1.5202447,1.2529995,1.1402414,0.5858882,0.0,0.0,0.12526882,0.6744889,1.5757575,0.8662364,0.9999999,0.040858194,0.24657185,0.7125699,set_8
-4.261857e-08,1.5867928,1.2348208,1.1696974,0.5087492,0.0,0.0,0.12526882,0.6744889,1.6969697,0.843646,0.9999999,0.030100327,0.23306163,0.7368381,set_8
0.0,0.0,0.114575274,0.6744889,15.5798,0.0,0.0,0.114575274,0.6744889,0.0,1.237127,0.9999999,0.5625286,0.09280663,0.34466472,set_8
6.5567754e-08,0.08602525,0.32753098,0.7165376,12.97789,0.0,0.0,0.114575274,0.6744889,0.12121212,1.2034572,0.9999999,0.5254256,0.13339284,0.34118155,set_8
1.3951773e-08,0.33979672,0.6898841,0.8037532,8.556145,0.0,0.0,0.114575274,0.6744889,0.38383836,1.1335428,0.9999999,0.45825487,0.20951189,0.33223322,set_8
1.905344e-07,0.7195027,1.0306205,0.9102012,4.42046,0.0,0.0,0.114575274,0.6744889,0.72727275,1.0480244,0.9999999,0.4164362,0.25883338,0.3247304,set_8
1.857529e-07,0.8271082,1.1093057,0.9399511,3.4604406,0.0,0.0,0.114575274,0.6744889,0.8282828,1.024189,0.9999999,0.39642122,0.26837412,0.3352047,set_8
1.7453672e-07,1.364531,1.2703198,1.0841389,0.84183145,0.0,0.0,0.114575274,0.6744889,1.3535353,0.909806,0.9999999,0.08351549,0.27547395,0.64101064,set_8
2.6888802e-07,1.4484044,1.2591681,1.1099682,0.7246368,0.0,0.0,0.114575274,0.6744889,1.4545455,0.8896381,0.9999999,0.061203714,0.26322764,0.67556864,set_8
2.7515816e-07,1.6439168,1.2109652,1.1936338,0.48011178,0.0,0.0,0.114575274,0.6744889,1.7979797,0.8254849,0.9999999,0.02499626,0.22434987,0.7506539,set_8
3.255744e-07,1.6767981,1.1983469,1.2124329,0.44808018,0.0,0.0,0.114575274,0.6744889,1.8787879,0.81140614,0.9999999,0.021123147,0.21686529,0.7620116,set_8
0.0,0.0,0.12398944,0.6744889,15.5798,0.0,0.0,0.12398944,0.6744889,0.0,1.237127,0.9999999,0.5615295,0.09356449,0.34490603,set_8
-2.2690873e-08,0.38602573,0.74360096,0.8167185,7.9950247,0.0,0.0,0.12398944,0.6744889,0.4242424,1.1230792,0.9999999,0.45041832,0.21853538,0.33104628,set_8
-1.0845739e-07,0.4760616,0.83061963,0.84228265,6.9341526,0.0,0.0,0.12398944,0.6744889,0.5050505,1.1025587,0.9999999,0.43907067,0.2329213,0.328008,set_8
2.6321112e-07,0.8720101,1.1430339,0.95165914,3.1209133,0.0,0.0,0.12398944,0.6744889,0.86868685,1.0148691,0.9999999,0.38318086,0.27244645,0.34437266,set_8
3.3146492e-07,0.9586118,1.1936071,0.97475815,2.481215,0.0,0.0,0.12398944,0.6744889,0.94949496,0.9963914,0.9999999,0.34336203,0.28147373,0.37516424,set_8
4.5285572e-07,1.1533364,1.2665638,1.025211,1.4238635,0.0,0.0,0.12398944,0.6744889,1.1313131,0.95623183,0.9999999,0.1997584,0.29483294,0.50540864,set_8
-2.8012698e-07,1.494745,1.2582682,1.1302481,0.6148527,0.0,0.0,0.12398944,0.6744889,1.5353535,0.87390244,0.9999999,0.04541564,0.2512259,0.70335853,set_8
-2.8190018e-07,1.5652227,1.2406691,1.1599643,0.52841365,0.0,0.0,0.12398944,0.6744889,1.6565657,0.85107636,0.9999999,0.03296176,0.23717125,0.729867,set_8
-3.3817335e-07,1.6947861,1.1922457,1.2309439,0.40592158,0.0,0.0,0.12398944,0.6744889,1.959596,0.79766905,0.9999999,0.017464668,0.20884025,0.77369505,set_8
0.0,0.0,0.1175182,0.6744889,15.5798,0.0,0.0,0.1175182,0.6744889,0.0,1.237127,0.9999999,0.5622162,0.09304342,0.34474036,set_8
-1.01700785e-07,0.13773133,0.42450047,0.7371308,11.826249,0.0,0.0,0.1175182,0.6744889,0.18181817,1.187011,0.9999999,0.50707865,0.15358673,0.33933464,set_8
-1.781971e-07,0.33969736,0.6931288,0.8037519,8.549883,0.0,0.0,0.1175182,0.6744889,0.38383836,1.1335428,0.9999999,0.4580376,0.20970179,0.33226055,set_8
-1.6065904e-07,0.47389883,0.8264684,0.84227836,6.9253454,0.0,0.0,0.1175182,0.6744889,0.5050505,1.1025587,0.9999999,0.43958482,0.23269676,0.32771838,set_8
-7.761351e-08,0.61022925,0.94337785,0.87975633,5.50079,0.0,0.0,0.1175182,0.6744889,0.6262626,1.0724512,0.9999999,0.42707667,0.24872226,0.32420102,set_8
1.7763453e-07,0.9332887,1.1799723,0.9690277,2.6102948,0.0,0.0,0.1175182,0.6744889,0.9292929,1.0009452,0.9999999,0.35407406,0.27947775,0.36644822,set_8
1.6774683e-07,1.0387456,1.2307584,0.9974437,1.9274004,0.0,0.0,0.1175182,0.6744889,1.030303,0.97829276,0.9999999,0.28352377,0.2904101,0.42606613,set_8
7.4688984e-08,1.1020498,1.2516996,1.0141845,1.6045504,0.0,0.0,0.1175182,0.6744889,1.090909,0.96502846,0.9999999,0.23324135,0.29433864,0.47241998,set_8
-5.2936974e-07,1.6881825,1.1893508,1.2263598,0.43197194,0.0,0.0,0.1175182,0.6744889,1.939394,0.8010362,0.9999999,0.019044215,0.21227384,0.76868194,set_8
0.0,0.0,0.10587375,0.6744889,15.5798,0.0,0.0,0.10587375,0.6744889,0.0,1.237127,0.9999999,0.56345266,0.09210683,0.34444055,set_8
-4.2626095e-08,0.06957971,0.2862472,0.70961016,13.381513,0.0,0.0,0.10587375,0.6744889,0.1010101,1.2090302,0.9999999,0.5325271,0.12590475,0.3415681,set_8
-5.6069837e-08,0.11894947,0.38340878,0.730298,12.197776,0.0,0.0,0.10587375,0.6744889,0.16161615,1.1924764,0.9999999,0.5142065,0.14613482,0.3396586,set_8
-6.326397e-08,0.21231747,0.52956486,0.76414835,10.418142,0.0,0.0,0.10587375,0.6744889,0.26262626,1.1653299,0.9999999,0.48607248,0.17763932,0.3362882,set_8
-1.3658519e-07,0.42709208,0.7742544,0.8295501,7.4443283,0.0,0.0,0.10587375,0.6744889,0.46464646,1.112811,0.9999999,0.4456974,0.22540401,0.3288986,set_8
-1.7731988e-07,0.49469787,0.8378917,0.84859157,6.6732364,0.0,0.0,0.10587375,0.6744889,0.5252525,1.0974694,0.9999999,0.43797198,0.23537962,0.32664838,set_8
3.015598e-08,0.8888206,1.145374,0.9574615,2.9381967,0.0,0.0,0.10587375,0.6744889,0.8888889,1.0102192,0.9999999,0.37499553,0.27472696,0.35027748,set_8
-2.3767313e-08,1.3062664,1.2714989,1.0683541,0.9174442,0.0,0.0,0.10587375,0.6744889,1.2929292,0.9222027,0.9999999,0.1000048,0.2820652,0.61793,set_8
4.8744585e-08,1.5625991,1.2308537,1.1599497,0.52185214,0.0,0.0,0.10587375,0.6744889,1.6565657,0.85107636,0.9999999,0.032633282,0.23693626,0.7304305,set_8
0.0,0.0,0.12307722,0.6744889,15.5798,0.0,0.0,0.12307722,0.6744889,0.0,1.237127,0.9999999,0.5616262,0.09349104,0.34488273,set_8
-3.959453e-07,0.5218407,0.8701487,0.8548962,6.441496,0.0,0.0,0.12307722,0.6744889,0.5454545,1.0924389,0.9999999,0.4345332,0.23885642,0.3266104,set_8
-3.8258838e-07,0.5895885,0.92876303,0.8735877,5.7299275,0.0,0.0,0.12307722,0.6744889,0.60606056,1.0774199,0.9999999,0.42860046,0.24658303,0.32481658,set_8
-3.7054977e-07,0.78751314,1.0850677,0.92813766,3.833426,0.0,0.0,0.12307722,0.6744889,0.78787875,1.0337013,0.9999999,0.40591708,0.2645628,0.32952014,set_8
-4.1395026e-07,0.87232876,1.1431375,0.9516699,3.115039,0.0,0.0,0.12307722,0.6744889,0.86868685,1.0148691,0.9999999,0.38298947,0.27251115,0.34449944,set_8
-4.9129693e-07,1.0199096,1.2233405,0.991826,2.0708675,0.0,0.0,0.12307722,0.6744889,1.010101,0.9827792,0.9999999,0.30157992,0.28810808,0.41031197,set_8
-3.261662e-07,1.5602953,1.237335,1.1501509,0.6305259,0.0,0.0,0.12307722,0.6744889,1.6161616,0.8585641,0.9999999,0.042426247,0.24681349,0.7107603,set_8
-4.3767156e-07,1.6944082,1.1955734,1.2171158,0.47870442,0.0,0.0,0.12307722,0.6744889,1.8989899,0.807915,0.9999999,0.022008218,0.21783844,0.76015335,set_8
-4.621438e-07,1.7164237,1.1862955,1.2309469,0.4574144,0.0,0.0,0.12307722,0.6744889,1.959596,0.79766905,0.9999999,0.019518407,0.21254167,0.7679399,set_8
0.0,0.0,0.110083416,0.6744889,15.5798,0.0,0.0,0.110083416,0.6744889,0.0,1.237127,0.9999999,0.56300545,0.09244528,0.3445492,set_8
5.0424095e-08,0.05456971,0.2560978,0.7026505,13.798012,0.0,0.0,0.110083416,0.6744889,0.08080807,1.2146494,0.9999999,0.5382859,0.11942233,0.34229177,set_8
4.1022183e-08,0.13706265,0.41790733,0.7371323,11.82424,0.0,0.0,0.110083416,0.6744889,0.18181817,1.187011,0.9999999,0.5078388,0.15303819,0.33912304,set_8
-7.929398e-08,0.49568424,0.84087914,0.8485889,6.676494,0.0,0.0,0.110083416,0.6744889,0.5252525,1.0974694,0.9999999,0.43767473,0.23551992,0.32680535,set_8
-1.03700415e-07,0.5632987,0.90075105,0.8673664,5.9513736,0.0,0.0,0.110083416,0.6744889,0.5858586,1.0824397,0.9999999,0.43136352,0.24379987,0.32483667,set_8
-5.733073e-08,0.91104317,1.1609718,0.96325886,2.7783937,0.0,0.0,0.110083416,0.6744889,0.9090909,1.005552,0.9999999,0.36557266,0.27697635,0.357451,set_8
-4.6382013e-08,1.3934506,1.2671876,1.0945404,0.7589452,0.0,0.0,0.110083416,0.6744889,1.3939394,0.9016767,0.9999999,0.06980663,0.26913896,0.6610544,set_8
-5.6839276e-08,1.5958292,1.2235711,1.1745151,0.49307323,0.0,0.0,0.110083416,0.6744889,1.7171717,0.8399319,0.9999999,0.028475998,0.23074405,0.74077994,set_8
-3.1667923e-08,1.6411473,1.2076973,1.1983776,0.44796664,0.0,0.0,0.110083416,0.6744889,1.8181818,0.8218912,0.9999999,0.022827642,0.220872,0.7563004,set_8
0.0,0.0,0.11352946,0.6744889,15.5798,0.0,0.0,0.11352946,0.6744889,0.0,1.237127,0.9999999,0.5626396,0.09272253,0.34463793,set_8
-7.748114e-08,0.07002894,0.2934145,0.70961016,13.382551,0.0,0.0,0.11352946,0.6744889,0.1010101,1.2090302,0.9999999,0.53170717,0.12651777,0.34177512,set_8
-7.9335095e-08,0.31783813,0.66499424,0.79722774,8.848677,0.0,0.0,0.11352946,0.6744889,0.36363634,1.1387749,0.9999999,0.4622429,0.20481165,0.33294538,set_8
3.5995566e-08,0.42869464,0.78008413,0.8295543,7.4479957,0.0,0.0,0.11352946,0.6744889,0.46464646,1.112811,0.9999999,0.4451159,0.22572383,0.32916024,set_8
-7.690701e-08,0.7839339,1.0781122,0.9281276,3.8323123,0.0,0.0,0.11352946,0.6744889,0.78787875,1.0337013,0.9999999,0.40633777,0.26444784,0.3292144,set_8
-3.0507903e-07,0.91195947,1.1626018,0.9632581,2.7849016,0.0,0.0,0.11352946,0.6744889,0.9090909,1.005552,0.9999999,0.3657974,0.27689487,0.3573077,set_8
-3.672057e-07,0.99828076,1.2081014,0.9861461,2.195205,0.0,0.0,0.11352946,0.6744889,0.989899,0.9873282,0.9999999,0.3162316,0.286106,0.3976624,set_8
-7.3835906e-08,1.3773755,1.2707819,1.089363,0.7891457,0.0,0.0,0.11352946,0.6744889,1.3737373,0.9057464,0.9999999,0.075087525,0.2718859,0.6530265,set_8
4.5554547e-08,1.5073419,1.2495594,1.1352503,0.5959894,0.0,0.0,0.11352946,0.6744889,1.5555555,0.8700615,0.9999999,0.042783476,0.24872376,0.70849276,set_8
0.0,0.0,0.11385198,0.6744889,15.5798,0.0,0.0,0.11385198,0.6744889,0.0,1.237127,0.9999999,0.56260544,0.09274848,0.34464613,set_8
-2.8253564e-07,0.13735552,0.42123836,0.7371308,11.825373,0.0,0.0,0.11385198,0.6744889,0.18181817,1.187011,0.9999999,0.5074583,0.15331204,0.3392296,set_8
-3.0597047e-07,0.47260305,0.82430935,0.8422768,6.9187436,0.0,0.0,0.11385198,0.6744889,0.5050505,1.1025587,0.9999999,0.4398829,0.23257834,0.32753885,set_8
-3.354087e-07,0.58658147,0.9224316,0.87358344,5.722728,0.0,0.0,0.11385198,0.6744889,0.60606056,1.0774199,0.9999999,0.4292077,0.24633712,0.3244552,set_8
-3.2407613e-07,0.82808256,1.1079437,0.9399596,3.4672797,0.0,0.0,0.11385198,0.6744889,0.8282828,1.024189,0.9999999,0.39654946,0.26830846,0.3351421,set_8
-2.9273377e-07,1.0605778,1.2357801,1.0030547,1.8150723,0.0,0.0,0.11385198,0.6744889,1.0505049,0.973858,0.9999999,0.2673327,0.2920238,0.44064352,set_8
-5.498773e-07,1.2861814,1.2727878,1.0630734,0.99046206,0.0,0.0,0.11385198,0.6744889,1.2727273,0.92638826,0.9999999,0.11301722,0.28540888,0.60157394,set_8
-6.142475e-07,1.4529213,1.258775,1.1150982,0.68009,0.0,0.0,0.11385198,0.6744889,1.4747474,0.88569576,0.9999999,0.055339955,0.25953624,0.6851238,set_8
-4.9000283e-07,1.5309849,1.2428237,1.1452128,0.57481,0.0,0.0,0.11385198,0.6744889,1.5959595,0.8623983,0.9999999,0.039098974,0.24464211,0.7162589,set_8
0.0,0.0,0.10916561,0.6744889,15.5798,0.0,0.0,0.10916561,0.6744889,0.0,1.237127,0.9999999,0.5631029,0.092371516,0.34452555,set_8
9.051707e-09,0.1550871,0.4469897,0.74393266,11.459499,0.0,0.0,0.10916561,0.6744889,0.2020202,1.1815249,0.9999999,0.5021505,0.15941828,0.33843127,set_8
-8.1101476e-08,0.33885866,0.6856378,0.80375147,8.553435,0.0,0.0,0.10916561,0.6744889,0.38383836,1.1335428,0.9999999,0.45870718,0.20923837,0.33205444,set_8
1.13695734e-07,0.58568746,0.91911876,0.87358195,5.7198734,0.0,0.0,0.10916561,0.6744889,0.60606056,1.0774199,0.9999999,0.42948052,0.24622251,0.32429695,set_8
1.0955583e-07,0.6528535,0.9742469,0.89201677,5.052449,0.0,0.0,0.10916561,0.6744889,0.6666667,1.0626575,0.9999999,0.42365646,0.25284353,0.3235,set_8
-5.6923323e-08,1.1647061,1.2637323,1.0307082,1.3165638,0.0,0.0,0.10916561,0.6744889,1.1515151,0.951916,0.9999999,0.18038125,0.29471543,0.52490336,set_8
-6.236895e-08,1.2619296,1.2756981,1.0577377,0.9870298,0.0,0.0,0.10916561,0.6744889,1.2525252,0.9305653,0.9999999,0.11486724,0.28644782,0.59868497,set_8
-7.597229e-08,1.4637035,1.2491843,1.1201617,0.6925583,0.0,0.0,0.10916561,0.6744889,1.4949495,0.8817419,0.9999999,0.05550612,0.2592262,0.6852677,set_8
-1.2275945e-07,1.63782,1.2031252,1.1936555,0.5150986,0.0,0.0,0.10916561,0.6744889,1.7979797,0.8254849,0.9999999,0.027152807,0.22745064,0.74539655,set_8
0.0,0.0,0.118544154,0.6744889,15.5798,0.0,0.0,0.118544154,0.6744889,0.0,1.237127,0.9999999,0.5621074,0.09312602,0.34476662,set_8
-6.935585e-08,0.08630309,0.33119905,0.7165376,12.978533,0.0,0.0,0.118544154,0.6744889,0.12121212,1.2034572,0.9999999,0.5250032,0.13370667,0.3412901,set_8
4.5687038e-08,0.1750421,0.48429623,0.7506998,11.106733,0.0,0.0,0.118544154,0.6744889,0.22222221,1.1760731,0.9999999,0.49555647,0.1664049,0.33803865,set_8
6.6787806e-08,0.25493535,0.59362376,0.7774701,9.771058,0.0,0.0,0.118544154,0.6744889,0.30303028,1.1546115,0.9999999,0.47493133,0.18979,0.33527863,set_8
-4.5277667e-07,0.4975977,0.8471031,0.8485997,6.681025,0.0,0.0,0.118544154,0.6744889,0.5252525,1.0974694,0.9999999,0.43708712,0.23581183,0.32710105,set_8
-3.93438e-07,0.99849516,1.2116164,0.98615825,2.1945114,0.0,0.0,0.118544154,0.6744889,0.989899,0.9873282,0.9999999,0.31607482,0.28611264,0.39781258,set_8
-3.4120802e-07,1.2322779,1.274353,1.0469899,1.140612,0.0,0.0,0.118544154,0.6744889,1.2121212,0.9390081,0.9999999,0.14352778,0.29116356,0.56530863,set_8
-5.0924075e-07,1.3972741,1.2711372,1.0945457,0.7703446,0.0,0.0,0.118544154,0.6744889,1.3939394,0.9016767,0.9999999,0.0710116,0.2695628,0.6594256,set_8
-6.172637e-07,1.6622325,1.2053424,1.2077743,0.4400422,0.0,0.0,0.118544154,0.6744889,1.8585858,0.81488013,0.9999999,0.021288095,0.21755382,0.7611581,set_8
0.0,0.0,0.10754986,0.6744889,15.5798,0.0,0.0,0.10754986,0.6744889,0.0,1.237127,0.9999999,0.56327456,0.09224155,0.34448385,set_8
-1.0656481e-07,0.25316784,0.58451474,0.7774703,9.767009,0.0,0.0,0.10754986,0.6744889,0.30303028,1.1546115,0.9999999,0.47596115,0.18910624,0.3349326,set_8
-1.601227e-07,0.38270783,0.73094016,0.81671226,7.9865994,0.0,0.0,0.10754986,0.6744889,0.4242424,1.1230792,0.9999999,0.45173955,0.21777424,0.33048627,set_8
-6.405031e-08,1.1203235,1.253459,1.0196941,1.4871111,0.0,0.0,0.10754986,0.6744889,1.111111,0.96059793,0.9999999,0.21308734,0.2951619,0.49175075,set_8
-6.85297e-08,1.1792066,1.265908,1.0361366,1.240932,0.0,0.0,0.10754986,0.6744889,1.1717172,0.9476215,0.9999999,0.16565113,0.29394206,0.5404069,set_8
-7.8981586e-08,1.3080215,1.2723031,1.073647,0.86930084,0.0,0.0,0.10754986,0.6744889,1.3131312,0.9180098,0.9999999,0.09169347,0.27952877,0.6287778,set_8
-8.114961e-08,1.4761715,1.248963,1.1302432,0.60361004,0.0,0.0,0.10754986,0.6744889,1.5353535,0.87390244,0.9999999,0.044891734,0.25117555,0.70393264,set_8
-7.018191e-08,1.5133039,1.2405128,1.1451998,0.5569306,0.0,0.0,0.10754986,0.6744889,1.5959595,0.8623983,0.9999999,0.03802192,0.2439223,0.7180557,set_8
-2.3091036e-07,1.6775141,1.1836408,1.2309381,0.39599106,0.0,0.0,0.10754986,0.6744889,1.959596,0.79766905,0.9999999,0.017259544,0.20869851,0.77404195,set_8
0.0,0.0,0.11040577,0.6744889,15.5798,0.0,0.0,0.11040577,0.6744889,0.0,1.237127,0.9999999,0.56297123,0.092471264,0.34455746,set_8
-2.736499e-07,0.19321878,0.5056633,0.75744057,10.757767,0.0,0.0,0.11040577,0.6744889,0.24242423,1.1706843,0.9999999,0.49091396,0.17197059,0.3371155,set_8
-1.3484951e-07,0.78416276,1.0750053,0.9281231,3.8389864,0.0,0.0,0.11040577,0.6744889,0.78787875,1.0337013,0.9999999,0.4065038,0.26436585,0.3291304,set_8
-1.7088273e-07,0.8488369,1.120893,0.9458123,3.2817016,0.0,0.0,0.11040577,0.6744889,0.8484848,1.0195161,0.9999999,0.3903136,0.27039984,0.33928663,set_8
-2.387544e-07,1.0837002,1.2421402,1.008626,1.6952295,0.0,0.0,0.11040577,0.6744889,1.070707,0.9694461,0.9999999,0.24875468,0.293522,0.45772338,set_8
-1.7095383e-07,1.1661426,1.2628245,1.0306906,1.3308666,0.0,0.0,0.11040577,0.6744889,1.1515151,0.951916,0.9999999,0.18265724,0.29469022,0.5226525,set_8
5.5884357e-08,1.3375406,1.2698731,1.0788901,0.8639412,0.0,0.0,0.11040577,0.6744889,1.3333333,0.9138843,0.9999999,0.0886729,0.2778662,0.6334609,set_8
7.5707995e-08,1.3880306,1.2653013,1.094529,0.7732827,0.0,0.0,0.11040577,0.6744889,1.3939394,0.9016767,0.9999999,0.0717135,0.27005535,0.6582312,set_8
1.0799226e-08,1.502403,1.2467878,1.135223,0.60148674,0.0,0.0,0.11040577,0.6744889,1.5555555,0.8700615,0.9999999,0.043381717,0.24930339,0.70731497,set_8
0.0,0.0,0.11095017,0.6744889,15.5798,0.0,0.0,0.11095017,0.6744889,0.0,1.237127,0.9999999,0.5629134,0.09251504,0.34457156,set_8
1.0389183e-07,0.054610513,0.25691992,0.7026505,13.798106,0.0,0.0,0.11095017,0.6744889,0.08080807,1.2146494,0.9999999,0.5381928,0.11949228,0.34231493,set_8
9.452051e-08,0.1933541,0.5063213,0.75744444,10.7562475,0.0,0.0,0.11095017,0.6744889,0.24242423,1.1706843,0.9999999,0.49084443,0.17203063,0.3371249,set_8
7.0233504e-08,0.5638005,0.9009891,0.86736536,5.955021,0.0,0.0,0.11095017,0.6744889,0.5858586,1.0824397,0.9999999,0.43128583,0.24381253,0.32490164,set_8
6.983701e-08,0.6310275,0.95750433,0.88588536,5.2715774,0.0,0.0,0.11095017,0.6744889,0.64646465,1.06754,0.9999999,0.42554477,0.25078171,0.3236735,set_8
5.7080833e-08,0.74115133,1.0447228,0.91618747,4.2178802,0.0,0.0,0.11095017,0.6744889,0.74747473,1.0432323,0.9999999,0.41363564,0.2606766,0.32568774,set_8
-5.615309e-08,1.0172338,1.2167802,0.9918037,2.0568135,0.0,0.0,0.11095017,0.6744889,1.010101,0.9827792,0.9999999,0.3004007,0.28838623,0.41121307,set_8
-7.581114e-08,1.3037947,1.2718198,1.0683591,0.9390231,0.0,0.0,0.11095017,0.6744889,1.2929292,0.9222027,0.9999999,0.1032288,0.2828345,0.61393666,set_8
-1.6833854e-07,1.7034186,1.1850559,1.2263358,0.44361755,0.0,0.0,0.11095017,0.6744889,1.939394,0.8010362,0.9999999,0.019442834,0.2128541,0.76770306,set_8
0.0,0.0,0.10272463,0.6744889,15.5798,0.0,0.0,0.10272463,0.6744889,0.0,1.237127,0.9999999,0.56378704,0.09185375,0.34435925,set_8
4.2867796e-08,0.05422262,0.24911876,0.7026505,13.797209,0.0,0.0,0.10272463,0.6744889,0.08080807,1.2146494,0.9999999,0.5390767,0.11882825,0.34209514,set_8
-8.074684e-08,0.44879305,0.7934612,0.8359256,7.1809,0.0,0.0,0.10272463,0.6744889,0.48484847,1.1076956,0.9999999,0.44317293,0.2288001,0.32802692,set_8
-2.0394805e-07,0.6737402,0.9877913,0.8980912,4.832678,0.0,0.0,0.10272463,0.6744889,0.68686867,1.0577749,0.9999999,0.42184842,0.254769,0.32338253,set_8
-3.8412338e-08,1.1419803,1.253789,1.0252019,1.4099449,0.0,0.0,0.10272463,0.6744889,1.1313131,0.95623183,0.9999999,0.19832371,0.29516444,0.5065118,set_8
-3.5974317e-08,1.3001183,1.2678713,1.0683489,0.9278842,0.0,0.0,0.10272463,0.6744889,1.2929292,0.9222027,0.9999999,0.101799265,0.28261057,0.6155902,set_8
-7.984427e-08,1.3575339,1.262822,1.084128,0.8401277,0.0,0.0,0.10272463,0.6744889,1.3535353,0.909806,0.9999999,0.08362822,0.27569106,0.6406808,set_8
-1.7959867e-07,1.46193,1.2458826,1.1150544,0.73249197,0.0,0.0,0.10272463,0.6744889,1.4747474,0.88569576,0.9999999,0.060850434,0.26262146,0.6765281,set_8
-2.0913154e-07,1.5538208,1.22839,1.1501111,0.604789,0.0,0.0,0.10272463,0.6744889,1.6161616,0.8585641,0.9999999,0.040495425,0.24536239,0.7141422,set_8
0.0,0.0,0.10871723,0.6744889,15.5798,0.0,0.0,0.10871723,0.6744889,0.0,1.237127,0.9999999,0.56315064,0.09233543,0.34451392,set_8
4.726325e-08,0.08561506,0.3221165,0.7165376,12.976943,0.0,0.0,0.10871723,0.6744889,0.12121212,1.2034572,0.9999999,0.5260497,0.1329292,0.34102112,set_8
6.657018e-09,0.17381057,0.4757671,0.7507018,11.103878,0.0,0.0,0.10871723,0.6744889,0.22222221,1.1760731,0.9999999,0.4965491,0.16570386,0.337747,set_8
-2.0884652e-07,1.1910439,1.2647864,1.0361351,1.2602549,0.0,0.0,0.10871723,0.6744889,1.1717172,0.9476215,0.9999999,0.1683276,0.29383487,0.5378375,set_8
-3.141242e-07,1.4658916,1.2552774,1.1201497,0.6435623,0.0,0.0,0.10871723,0.6744889,1.4949495,0.8817419,0.9999999,0.050496347,0.25597036,0.69353324,set_8
-3.1204743e-07,1.5293816,1.2415233,1.1451924,0.5607914,0.0,0.0,0.10871723,0.6744889,1.5959595,0.8623983,0.9999999,0.038032614,0.24369982,0.7182676,set_8
-3.2822098e-07,1.6033652,1.2199265,1.1793312,0.48005086,0.0,0.0,0.10871723,0.6744889,1.7373737,0.8362865,0.9999999,0.027044404,0.22852121,0.74443436,set_8
-3.4339885e-07,1.6391139,1.2071264,1.1983726,0.44564697,0.0,0.0,0.10871723,0.6744889,1.8181818,0.8218912,0.9999999,0.022734785,0.22075674,0.75650847,set_8
-3.4856518e-07,1.6707429,1.1943113,1.2170898,0.41679823,0.0,0.0,0.10871723,0.6744889,1.8989899,0.807915,0.9999999,0.019323424,0.21352535,0.76715124,set_8
0.0,0.0,0.10125162,0.6744889,15.5798,0.0,0.0,0.10125162,0.6744889,0.0,1.237127,0.9999999,0.5639436,0.09173531,0.3443211,set_8
2.0350942e-08,0.054153096,0.2477216,0.7026505,13.797049,0.0,0.0,0.10125162,0.6744889,0.08080807,1.2146494,0.9999999,0.539235,0.11870935,0.34205562,set_8
-4.3862094e-08,0.31556228,0.6551929,0.7972271,8.8432045,0.0,0.0,0.10125162,0.6744889,0.36363634,1.1387749,0.9999999,0.46331757,0.20414244,0.33254004,set_8
-3.4001317e-07,0.8451814,1.1149253,0.94580764,3.2759607,0.0,0.0,0.10125162,0.6744889,0.8484848,1.0195161,0.9999999,0.3905258,0.27039155,0.33908272,set_8
-2.9808953e-07,1.126095,1.2469931,1.0197011,1.5072974,0.0,0.0,0.10125162,0.6744889,1.111111,0.96059793,0.9999999,0.216073,0.29495353,0.48897347,set_8
-3.0208105e-07,1.1890277,1.2599947,1.0361395,1.2588682,0.0,0.0,0.10125162,0.6744889,1.1717172,0.9476215,0.9999999,0.16828677,0.293909,0.5378043,set_8
-4.0382108e-07,1.3058044,1.2684271,1.0683526,0.918471,0.0,0.0,0.10125162,0.6744889,1.2929292,0.9222027,0.9999999,0.100223385,0.2821539,0.61762273,set_8
-5.493797e-07,1.6473765,1.1997392,1.2030746,0.437967,0.0,0.0,0.10125162,0.6744889,1.8383838,0.8183656,0.9999999,0.021836456,0.21898182,0.75918174,set_8
-5.474424e-07,1.670738,1.1901884,1.2170826,0.41672927,0.0,0.0,0.10125162,0.6744889,1.8989899,0.807915,0.9999999,0.019345462,0.21359894,0.7670556,set_8
0.0,0.0,0.11274147,0.6744889,15.5798,0.0,0.0,0.11274147,0.6744889,0.0,1.237127,0.9999999,0.56272334,0.09265909,0.34461755,set_8
-8.958759e-09,0.04004614,0.22363046,0.6956585,14.2255535,0.0,0.0,0.11274147,0.6744889,0.06060606,1.2202688,0.9999999,0.5442216,0.11282212,0.34295627,set_8
-4.468722e-08,0.21224283,0.53666514,0.76414376,10.4097595,0.0,0.0,0.11274147,0.6744889,0.26262626,1.1653299,0.9999999,0.485436,0.17815164,0.3364124,set_8
-1.0374472e-07,0.33810648,0.68956804,0.80375093,8.545912,0.0,0.0,0.11274147,0.6744889,0.38383836,1.1335428,0.9999999,0.45849228,0.20943822,0.3320695,set_8
-1.2802872e-07,0.80876744,1.0901972,0.9340614,3.6669955,0.0,0.0,0.11274147,0.6744889,0.8080808,1.0289164,0.9999999,0.402042,0.26619756,0.33176047,set_8
-3.3577913e-07,1.320268,1.2770009,1.0736626,0.8624776,0.0,0.0,0.11274147,0.6744889,1.3131312,0.9180098,0.9999999,0.09026647,0.27888957,0.630844,set_8
-4.4983787e-07,1.4351121,1.2609599,1.1099958,0.69621617,0.0,0.0,0.11274147,0.6744889,1.4545455,0.8896381,0.9999999,0.058432117,0.2619079,0.67966,set_8
-6.8280355e-07,1.5909454,1.220384,1.1697053,0.56699,0.0,0.0,0.11274147,0.6744889,1.6969697,0.843646,0.9999999,0.034147732,0.23763053,0.7282217,set_8
-6.8380064e-07,1.7100977,1.177873,1.2355163,0.44316486,0.0,0.0,0.11274147,0.6744889,1.979798,0.794312,0.9999999,0.018594915,0.21069771,0.77070737,set_8
0.0,0.0,0.11601095,0.6744889,15.5798,0.0,0.0,0.11601095,0.6744889,0.0,1.237127,0.9999999,0.5623762,0.092922166,0.34470165,set_8
-1.0948596e-08,0.119845524,0.3925379,0.7302976,12.199997,0.0,0.0,0.11601095,0.6744889,0.16161615,1.1924764,0.9999999,0.5131475,0.14690834,0.33994424,set_8
2.0262338e-08,0.31819153,0.6672095,0.79722494,8.84786,0.0,0.0,0.11601095,0.6744889,0.36363634,1.1387749,0.9999999,0.46202883,0.20495953,0.33301166,set_8
-2.1587698e-07,1.0728173,1.2452222,1.0086339,1.696135,0.0,0.0,0.11601095,0.6744889,1.070707,0.9694461,0.9999999,0.2492792,0.29359296,0.45712778,set_8
-3.973665e-07,1.4487686,1.2559291,1.1099514,0.7572494,0.0,0.0,0.11601095,0.6744889,1.4545455,0.8896381,0.9999999,0.06489061,0.26510742,0.670002,set_8
-4.278986e-07,1.5170796,1.2450148,1.1352143,0.64749646,0.0,0.0,0.11601095,0.6744889,1.5555555,0.8700615,0.9999999,0.047206227,0.2520276,0.70076615,set_8
-4.3511642e-07,1.5533563,1.2369777,1.1501057,0.5983806,0.0,0.0,0.11601095,0.6744889,1.6161616,0.8585641,0.9999999,0.03989324,0.24476656,0.71534026,set_8
-4.161002e-07,1.5971545,1.2250012,1.169658,0.5484397,0.0,0.0,0.11601095,0.6744889,1.6969697,0.843646,0.9999999,0.032699037,0.23596616,0.7313348,set_8
-2.4866813e-07,1.7098078,1.1828363,1.230909,0.45180193,0.0,0.0,0.11601095,0.6744889,1.959596,0.79766905,0.9999999,0.019351548,0.21234676,0.7683017,set_8
0.0,0.0,0.107575715,0.6744889,15.5798,0.0,0.0,0.107575715,0.6744889,0.0,1.237127,0.9999999,0.5632718,0.092243664,0.34448454,set_8
8.3719283e-07,0.6530014,0.9740672,0.8920228,5.0443716,0.0,0.0,0.107575715,0.6744889,0.6666667,1.0626575,0.9999999,0.42371526,0.2528657,0.32341903,set_8
7.80916e-07,0.82637197,1.105469,0.9399591,3.4507399,0.0,0.0,0.107575715,0.6744889,0.8282828,1.024189,0.9999999,0.396422,0.26841477,0.3351633,set_8
7.433078e-07,0.9105377,1.1595204,0.96327686,2.7756107,0.0,0.0,0.107575715,0.6744889,0.9090909,1.005552,0.9999999,0.36550185,0.27700862,0.3574896,set_8
7.1470225e-07,1.1411153,1.2566031,1.0252346,1.4122031,0.0,0.0,0.107575715,0.6744889,1.1313131,0.95623183,0.9999999,0.19865884,0.2951407,0.50620043,set_8
5.6363353e-07,1.413976,1.255545,1.0997323,0.7987503,0.0,0.0,0.107575715,0.6744889,1.4141414,0.89760315,0.9999999,0.07304605,0.26995444,0.6569995,set_8
4.708747e-07,1.5072781,1.2387118,1.1302506,0.69656295,0.0,0.0,0.107575715,0.6744889,1.5353535,0.87390244,0.9999999,0.05310331,0.2565393,0.6903574,set_8
4.4542622e-07,1.5803747,1.2231973,1.159969,0.59676296,0.0,0.0,0.107575715,0.6744889,1.6565657,0.85107636,0.9999999,0.037928138,0.24209563,0.7199762,set_8
5.909276e-07,1.6220809,1.2116654,1.1793498,0.5471972,0.0,0.0,0.107575715,0.6744889,1.7373737,0.8362865,0.9999999,0.031086512,0.2333251,0.7355884,set_8
0.0,0.0,0.10988916,0.6744889,15.5798,0.0,0.0,0.10988916,0.6744889,0.0,1.237127,0.9999999,0.5630262,0.09242966,0.3445442,set_8
-8.7243976e-08,0.119283274,0.3870219,0.7302976,12.198689,0.0,0.0,0.10988916,0.6744889,0.16161615,1.1924764,0.9999999,0.51378894,0.1464396,0.33977142,set_8
-1.2079057e-07,0.36080867,0.70989,0.81024384,8.266354,0.0,0.0,0.10988916,0.6744889,0.4040404,1.1282892,0.9999999,0.4549894,0.21369892,0.3313117,set_8
-2.0621982e-07,0.81794745,1.1124908,0.9399615,3.405103,0.0,0.0,0.10988916,0.6744889,0.8282828,1.024189,0.9999999,0.39566484,0.26883715,0.335498,set_8
-1.9714989e-07,0.9624735,1.2021621,0.98048604,2.2727103,0.0,0.0,0.10988916,0.6744889,0.96969694,0.99186194,0.9999999,0.325954,0.28492722,0.38911876,set_8
-3.7099022e-07,1.180703,1.2607901,1.0361505,1.2935581,0.0,0.0,0.10988916,0.6744889,1.1717172,0.9476215,0.9999999,0.17428422,0.29411608,0.5315997,set_8
-5.832832e-07,1.4499815,1.2506949,1.1099535,0.76961267,0.0,0.0,0.10988916,0.6744889,1.4545455,0.8896381,0.9999999,0.06635134,0.26583326,0.66781545,set_8
-5.9983995e-07,1.6106625,1.2172147,1.1744968,0.54825103,0.0,0.0,0.10988916,0.6744889,1.7171717,0.8399319,0.9999999,0.03190726,0.23466797,0.7334248,set_8
-6.890361e-07,1.6574539,1.2019886,1.1983588,0.49866638,0.0,0.0,0.10988916,0.6744889,1.8181818,0.8218912,0.9999999,0.025418617,0.2245519,0.75002944,set_8
0.0,0.0,0.11264096,0.6744889,15.5798,0.0,0.0,0.11264096,0.6744889,0.0,1.237127,0.9999999,0.56273395,0.09265103,0.344615,set_8
-1.561085e-07,0.19351429,0.50757945,0.75744057,10.758467,0.0,0.0,0.11264096,0.6744889,0.24242423,1.1706843,0.9999999,0.49069232,0.172125,0.33718273,set_8
-1.9257068e-07,0.33900535,0.6890549,0.8037532,8.549462,0.0,0.0,0.11264096,0.6744889,0.38383836,1.1335428,0.9999999,0.45843786,0.2094445,0.33211762,set_8
-2.4708038e-07,0.5406688,0.88376105,0.86114013,6.183682,0.0,0.0,0.11264096,0.6744889,0.56565654,1.0874386,0.9999999,0.43324357,0.2412984,0.325458,set_8
-2.74097e-07,0.7197644,1.0277997,0.91018784,4.431658,0.0,0.0,0.11264096,0.6744889,0.72727275,1.0480244,0.9999999,0.41653356,0.25873747,0.32472894,set_8
-2.7367477e-07,1.1051357,1.2497717,1.0141779,1.5954854,0.0,0.0,0.11264096,0.6744889,1.090909,0.96502846,0.9999999,0.23182768,0.29443088,0.47374144,set_8
-2.5005517e-07,1.4046398,1.2648315,1.0996951,0.74681735,0.0,0.0,0.11264096,0.6744889,1.4141414,0.89760315,0.9999999,0.06696026,0.26736072,0.665679,set_8
-3.117311e-07,1.62069,1.2142551,1.1888772,0.47362226,0.0,0.0,0.11264096,0.6744889,1.7777778,0.8290916,0.9999999,0.02541434,0.22551318,0.7490725,set_8
-3.5210462e-07,1.6547902,1.2014173,1.2077594,0.44215453,0.0,0.0,0.11264096,0.6744889,1.8585858,0.81488013,0.9999999,0.021496704,0.21802638,0.76047695,set_8
0.0,0.0,0.10282396,0.6744889,15.5798,0.0,0.0,0.10282396,0.6744889,0.0,1.237127,0.9999999,0.5637764,0.09186169,0.3443619,set_8
-1.9805528e-09,0.08520323,0.3166697,0.7165376,12.975987,0.0,0.0,0.10282396,0.6744889,0.12121212,1.2034572,0.9999999,0.52667826,0.13246244,0.3408593,set_8
7.295708e-09,0.19226536,0.49916726,0.75744104,10.75535,0.0,0.0,0.10282396,0.6744889,0.24242423,1.1706843,0.9999999,0.4916625,0.17144959,0.3368879,set_8
-1.8169281e-08,0.3376203,0.68057656,0.8037508,8.550961,0.0,0.0,0.10282396,0.6744889,0.38383836,1.1335428,0.9999999,0.45925125,0.20890392,0.3318449,set_8
-2.3042013e-08,0.5165782,0.8560459,0.8548799,6.4249086,0.0,0.0,0.10282396,0.6744889,0.5454545,1.0924389,0.9999999,0.43594348,0.23822,0.32583648,set_8
-2.4433021e-08,0.67276305,0.98812634,0.8980967,4.8301983,0.0,0.0,0.10282396,0.6744889,0.68686867,1.0577749,0.9999999,0.42189202,0.25476834,0.32333964,set_8
-3.1987435e-07,1.0624709,1.2283888,1.0030311,1.8158439,0.0,0.0,0.10282396,0.6744889,1.0505049,0.973858,0.9999999,0.26751703,0.29202846,0.4404545,set_8
-5.574434e-07,1.5622939,1.2291749,1.1599475,0.5210043,0.0,0.0,0.10282396,0.6744889,1.6565657,0.85107636,0.9999999,0.032594252,0.23691255,0.7304932,set_8
-5.0474284e-07,1.6119287,1.213585,1.1841197,0.46892974,0.0,0.0,0.10282396,0.6744889,1.7575758,0.8326826,0.9999999,0.025790079,0.22645795,0.74775195,set_8
0.0,0.0,0.10497072,0.6744889,15.5798,0.0,0.0,0.10497072,0.6744889,0.0,1.237127,0.9999999,0.56354845,0.09203426,0.3444173,set_8
1.0135838e-07,0.08535316,0.3186538,0.7165376,12.976336,0.0,0.0,0.10497072,0.6744889,0.12121212,1.2034572,0.9999999,0.5264492,0.1326325,0.34091824,set_8
4.3374754e-08,0.3600043,0.70584893,0.8102451,8.265629,0.0,0.0,0.10497072,0.6744889,0.4040404,1.1282892,0.9999999,0.45538837,0.21344985,0.33116177,set_8
1.5513752e-08,0.5170248,0.857683,0.8548811,6.425512,0.0,0.0,0.10497072,0.6744889,0.5454545,1.0924389,0.9999999,0.435802,0.23829195,0.32590604,set_8
-1.32622695e-08,0.6951623,1.0070508,0.90415823,4.6209126,0.0,0.0,0.10497072,0.6744889,0.7070707,1.0528723,0.9999999,0.4194622,0.25677627,0.32376146,set_8
-1.0203025e-07,1.1484576,1.2544416,1.0251997,1.4189827,0.0,0.0,0.10497072,0.6744889,1.1313131,0.95623183,0.9999999,0.19945863,0.29502225,0.50551903,set_8
-5.8048244e-08,1.391443,1.2644182,1.0945444,0.7551136,0.0,0.0,0.10497072,0.6744889,1.3939394,0.9016767,0.9999999,0.06944527,0.26903757,0.66151714,set_8
-5.202191e-08,1.4372866,1.2578458,1.109977,0.6846627,0.0,0.0,0.10497072,0.6744889,1.4545455,0.8896381,0.9999999,0.05719695,0.2612066,0.6815964,set_8
-3.6623572e-07,1.6919022,1.1825247,1.2309273,0.39938962,0.0,0.0,0.10497072,0.6744889,1.959596,0.79766905,0.9999999,0.017277345,0.20857134,0.7741513,set_8
0.0,0.0,0.104925804,0.6744889,15.5798,0.0,0.0,0.104925804,0.6744889,0.0,1.237127,0.9999999,0.5635533,0.092030585,0.34441614,set_8
-8.663303e-08,0.15460959,0.44326368,0.74393266,11.458382,0.0,0.0,0.104925804,0.6744889,0.2020202,1.1815249,0.9999999,0.5025851,0.1591075,0.3383074,set_8
-8.368867e-08,0.36000556,0.705878,0.8102465,8.265051,0.0,0.0,0.104925804,0.6744889,0.4040404,1.1282892,0.9999999,0.45539042,0.21345294,0.3311567,set_8
-1.8589833e-07,0.53968656,0.87743807,0.86114824,6.1853333,0.0,0.0,0.104925804,0.6744889,0.56565654,1.0874386,0.9999999,0.4336895,0.24105117,0.3252593,set_8
-2.1522762e-07,0.62944216,0.9533343,0.88590074,5.2674775,0.0,0.0,0.104925804,0.6744889,0.64646465,1.06754,0.9999999,0.42588997,0.2506517,0.32345837,set_8
-3.2347018e-07,0.8500175,1.1159953,0.9458168,3.2898924,0.0,0.0,0.104925804,0.6744889,0.8484848,1.0195161,0.9999999,0.39062777,0.27028528,0.33908698,set_8
4.8327234e-08,1.6183802,1.207719,1.1841338,0.5269013,0.0,0.0,0.104925804,0.6744889,1.7575758,0.8326826,0.9999999,0.029248245,0.23092778,0.739824,set_8
7.3636095e-08,1.6456913,1.1986458,1.198388,0.49803084,0.0,0.0,0.104925804,0.6744889,1.8181818,0.8218912,0.9999999,0.02555353,0.22492,0.74952644,set_8
1.4291626e-07,1.6933702,1.1802584,1.2263504,0.4511438,0.0,0.0,0.104925804,0.6744889,1.939394,0.8010362,0.9999999,0.019914407,0.21386172,0.7662239,set_8
0.0,0.0,0.118470065,0.6744889,15.5798,0.0,0.0,0.118470065,0.6744889,0.0,1.237127,0.9999999,0.56211513,0.093120165,0.34476465,set_8
-1.1810106e-07,0.47509778,0.8261718,0.84226847,6.9342203,0.0,0.0,0.118470065,0.6744889,0.5050505,1.1025587,0.9999999,0.4394448,0.23270705,0.32784808,set_8
-2.0268067e-07,0.6101794,0.94476616,0.87973994,5.495715,0.0,0.0,0.118470065,0.6744889,0.6262626,1.0724512,0.9999999,0.42704436,0.24877197,0.32418364,set_8
-1.3133022e-07,0.82807577,1.1115162,0.93993646,3.465596,0.0,0.0,0.118470065,0.6744889,0.8282828,1.024189,0.9999999,0.39639086,0.2683577,0.33525142,set_8
1.0848738e-08,1.0415245,1.2294354,0.99742997,1.9440922,0.0,0.0,0.118470065,0.6744889,1.030303,0.97829276,0.9999999,0.28535542,0.29010627,0.4245383,set_8
2.0808255e-08,1.2318122,1.2738783,1.0469725,1.1439407,0.0,0.0,0.118470065,0.6744889,1.2121212,0.9390081,0.9999999,0.14409502,0.29121986,0.5646851,set_8
-1.24844e-07,1.4735864,1.2590122,1.1201329,0.6635509,0.0,0.0,0.118470065,0.6744889,1.4949495,0.8817419,0.9999999,0.052231774,0.25696394,0.69080424,set_8
-1.2175241e-07,1.5374429,1.2454559,1.1451727,0.57838595,0.0,0.0,0.118470065,0.6744889,1.5959595,0.8623983,0.9999999,0.039243147,0.24465802,0.7160989,set_8
-2.06359e-07,1.602058,1.2272642,1.1745038,0.50446165,0.0,0.0,0.118470065,0.6744889,1.7171717,0.8399319,0.9999999,0.029073596,0.23137419,0.73955226,set_8
0.0,0.0,0.113122925,0.67488027,29.212,0.0,0.0,0.113122925,0.67488027,0.0,1.2585858,0.9999999,0.5269854,0.09225741,0.38075724,set_8
-4.3917062e-08,0.067577496,0.28516722,0.71053725,26.379845,0.0,0.0,0.113122925,0.67488027,0.1010101,1.2248846,0.9999999,0.5025902,0.11566653,0.38174328,set_8
-6.4411374e-08,0.54002374,0.88137704,0.88143134,16.353426,0.0,0.0,0.113122925,0.67488027,0.6262626,1.0695461,0.9999999,0.38221994,0.23040526,0.38737482,set_8
-1.5940653e-07,0.6021626,0.9283332,0.8997343,15.542062,0.0,0.0,0.113122925,0.67488027,0.68686867,1.0538857,0.9999999,0.37217912,0.2397518,0.38806906,set_8
-4.81679e-07,0.9288892,1.1337953,0.9929928,11.940911,0.0,0.0,0.113122925,0.67488027,1.010101,0.97721523,0.9999999,0.33729613,0.27163228,0.39107153,set_8
-4.4889708e-07,1.0239395,1.1866223,1.0207461,11.008424,0.0,0.0,0.113122925,0.67488027,1.111111,0.9558787,0.9999999,0.33146134,0.27690426,0.39163435,set_8
-4.1862006e-07,1.3472816,1.3510541,1.121089,8.068596,0.0,0.0,0.113122925,0.67488027,1.4949495,0.8861555,0.9999999,0.32112685,0.2860198,0.39285332,set_8
-6.336142e-07,1.6098104,1.4728574,1.2147886,5.8217425,0.0,0.0,0.113122925,0.67488027,1.8787879,0.83424133,0.9999999,0.31972128,0.2833784,0.39690033,set_8
-6.404945e-07,1.6567693,1.4958296,1.2338501,5.402146,0.0,0.0,0.113122925,0.67488027,1.959596,0.8255495,0.9999999,0.31941557,0.28141207,0.39917246,set_8
0.0,0.0,0.10605665,0.67488027,29.212,0.0,0.0,0.10605665,0.67488027,0.0,1.2585858,0.9999999,0.5274787,0.09183056,0.38069075,set_8
-3.4285875e-08,0.08176055,0.3101172,0.7175525,25.858334,0.0,0.0,0.10605665,0.67488027,0.12121212,1.2182416,0.9999999,0.49809554,0.12003337,0.38187104,set_8
-2.0440261e-07,0.39611542,0.75303185,0.83764946,18.46049,0.0,0.0,0.10605665,0.67488027,0.48484847,1.1081766,0.9999999,0.41042435,0.20392905,0.38564655,set_8
3.409927e-08,0.7250239,1.0092049,0.93554735,14.051964,0.0,0.0,0.10605665,0.67488027,0.8080808,1.023598,0.9999999,0.35588267,0.25483125,0.38928613,set_8
-6.4422295e-08,0.8861102,1.1087793,0.9817026,12.316534,0.0,0.0,0.10605665,0.67488027,0.96969694,0.98618925,0.9999999,0.3404162,0.2689098,0.39067405,set_8
-2.9404453e-07,1.2307085,1.2960724,1.0849783,9.020896,0.0,0.0,0.10605665,0.67488027,1.3535353,0.9097776,0.9999999,0.3235611,0.28416914,0.39226973,set_8
-2.1982869e-07,1.2968822,1.3268051,1.1057229,8.456381,0.0,0.0,0.10605665,0.67488027,1.4343435,0.8959203,0.9999999,0.32209826,0.28537568,0.39252606,set_8
1.6584549e-07,1.4661396,1.3996164,1.1612442,7.0773687,0.0,0.0,0.10605665,0.67488027,1.6565657,0.8621012,0.9999999,0.3200505,0.2862012,0.39374822,set_8
4.361622e-07,1.6363505,1.4759673,1.2243651,5.6466093,0.0,0.0,0.10605665,0.67488027,1.919192,0.8296955,0.9999999,0.31949842,0.28260323,0.39789838,set_8
0.0,0.0,0.11070916,0.67488027,29.212,0.0,0.0,0.11070916,0.67488027,0.0,1.2585858,0.9999999,0.52715373,0.09211168,0.38073456,set_8
3.742237e-08,0.2817113,0.6321169,0.79887086,20.568691,0.0,0.0,0.11070916,0.67488027,0.36363634,1.1431063,0.9999999,0.43785435,0.17779997,0.38434568,set_8
1.3556997e-08,0.6007546,0.9273815,0.8997092,15.534066,0.0,0.0,0.11070916,0.67488027,0.68686867,1.0538857,0.9999999,0.37229395,0.23967953,0.38802648,set_8
1.8190352e-07,0.9076062,1.1213623,0.98728377,12.135061,0.0,0.0,0.11070916,0.67488027,0.989899,0.9817182,0.9999999,0.33879647,0.27030593,0.39089757,set_8
2.4981676e-07,0.9850865,1.1641588,1.0096338,11.375466,0.0,0.0,0.11070916,0.67488027,1.070707,0.9643624,0.9999999,0.3336663,0.27492726,0.39140645,set_8
2.8404503e-07,1.0599942,1.2040325,1.0315931,10.665001,0.0,0.0,0.11070916,0.67488027,1.1515151,0.9477423,0.9999999,0.3296558,0.27853817,0.39180598,set_8
2.6957184e-07,1.1143669,1.2322279,1.0478172,10.161179,0.0,0.0,0.11070916,0.67488027,1.2121212,0.93577844,0.9999999,0.32726085,0.280695,0.3920442,set_8
1.3981484e-08,1.2676697,1.3093431,1.0953113,8.778329,0.0,0.0,0.11070916,0.67488027,1.3939394,0.9027964,0.9999999,0.3225338,0.2848968,0.39256945,set_8
-2.5310226e-07,1.4061577,1.377274,1.1412034,7.556045,0.0,0.0,0.11070916,0.67488027,1.5757575,0.87376726,0.9999999,0.32047504,0.28632993,0.3931951,set_8
0.0,0.0,0.10047221,0.67488027,29.212,0.0,0.0,0.10047221,0.67488027,0.0,1.2585858,0.9999999,0.527869,0.0914929,0.38063812,set_8
-2.0003109e-08,0.11139134,0.36562645,0.73147106,24.856972,0.0,0.0,0.10047221,0.67488027,0.16161615,1.2053001,0.9999999,0.4884446,0.12934859,0.38220686,set_8
-8.435207e-08,0.1922715,0.5034512,0.7656167,22.573439,0.0,0.0,0.10047221,0.67488027,0.26262626,1.1735852,0.9999999,0.4632038,0.15359654,0.3831997,set_8
-1.8358426e-07,0.28092307,0.62376136,0.7988641,20.564268,0.0,0.0,0.10047221,0.67488027,0.36363634,1.1431063,0.9999999,0.43846792,0.1772853,0.3842468,set_8
-2.223036e-07,0.495753,0.8393527,0.8690622,16.915,0.0,0.0,0.10047221,0.67488027,0.5858586,1.0804132,0.9999999,0.3902337,0.22300792,0.3867584,set_8
3.1983355e-08,0.7026339,0.9917377,0.92963326,14.28686,0.0,0.0,0.10047221,0.67488027,0.78787875,1.028594,0.9999999,0.35857505,0.25240582,0.38901913,set_8
1.9312198e-07,1.1644647,1.2543647,1.0639477,9.662892,0.0,0.0,0.10047221,0.67488027,1.2727273,0.9244165,0.9999999,0.32555678,0.2823337,0.39210945,set_8
1.1900157e-07,1.3895338,1.3652306,1.1362708,7.6736026,0.0,0.0,0.10047221,0.67488027,1.5555555,0.87675726,0.9999999,0.32080328,0.28620258,0.3929941,set_8
-6.581877e-08,1.6166341,1.4741013,1.2195065,5.6950374,0.0,0.0,0.10047221,0.67488027,1.8989899,0.8319495,0.9999999,0.3199543,0.28277493,0.39727074,set_8
0.0,0.0,0.10937963,0.67488027,29.212,0.0,0.0,0.10937963,0.67488027,0.0,1.2585858,0.9999999,0.5272466,0.09203138,0.38072205,set_8
2.9720357e-07,0.496844,0.8462106,0.8690589,16.916258,0.0,0.0,0.10937963,0.67488027,0.5858586,1.0804132,0.9999999,0.3897866,0.2233686,0.3868448,set_8
2.8726816e-07,0.7249527,1.0121734,0.93549937,14.047353,0.0,0.0,0.10937963,0.67488027,0.8080808,1.023598,0.9999999,0.35576454,0.25493002,0.3893054,set_8
2.6360425e-07,0.90757585,1.1214925,0.987313,12.125687,0.0,0.0,0.10937963,0.67488027,0.989899,0.9817182,0.9999999,0.3388128,0.27031383,0.3908734,set_8
1.4356795e-07,1.1850674,1.2663641,1.0691468,9.529547,0.0,0.0,0.10937963,0.67488027,1.2929292,0.92067313,0.9999999,0.32474995,0.2829375,0.39231253,set_8
1.09541844e-07,1.2519573,1.2993633,1.0901189,8.932411,0.0,0.0,0.10937963,0.67488027,1.3737373,0.90629745,0.9999999,0.32289395,0.28456834,0.39253768,set_8
9.075305e-08,1.300151,1.3229761,1.1056368,8.505174,0.0,0.0,0.10937963,0.67488027,1.4343435,0.8959203,0.9999999,0.3218653,0.28543025,0.3927044,set_8
1.1923366e-07,1.449528,1.3959254,1.1561751,7.190821,0.0,0.0,0.10937963,0.67488027,1.6363636,0.86487633,0.9999999,0.32015464,0.2862731,0.3935723,set_8
-3.1295954e-08,1.6180933,1.4783852,1.2194558,5.701307,0.0,0.0,0.10937963,0.67488027,1.8989899,0.8319495,0.9999999,0.31982076,0.28284803,0.3973312,set_8
0.0,0.0,0.10855152,0.67488027,29.212,0.0,0.0,0.10855152,0.67488027,0.0,1.2585858,0.9999999,0.5273044,0.09198126,0.38071427,set_8
-2.9161149e-07,0.31870157,0.67409617,0.8119295,19.831675,0.0,0.0,0.10855152,0.67488027,0.4040404,1.1312001,0.9999999,0.4284591,0.18677941,0.38476148,set_8
-2.6975783e-07,0.5592054,0.8949051,0.88755804,16.06751,0.0,0.0,0.10855152,0.67488027,0.64646465,1.064286,0.9999999,0.37894467,0.23350926,0.3875461,set_8
-3.533972e-07,0.8070976,1.061716,0.95878124,13.162014,0.0,0.0,0.10855152,0.67488027,0.8888889,1.0045382,0.9999999,0.3472289,0.26269606,0.39007506,set_8
-4.485247e-07,1.0035508,1.1729376,1.0151359,11.193991,0.0,0.0,0.10855152,0.67488027,1.090909,0.9601341,0.9999999,0.33262157,0.2758807,0.39149773,set_8
-4.3805804e-07,1.3147653,1.3317349,1.1107459,8.353717,0.0,0.0,0.10855152,0.67488027,1.4545455,0.89264935,0.9999999,0.32164943,0.28563568,0.39271492,set_8
-5.104054e-07,1.4901282,1.4172359,1.1710141,6.813987,0.0,0.0,0.10855152,0.67488027,1.6969697,0.8565809,0.9999999,0.32008436,0.2859022,0.39401346,set_8
-5.3121175e-07,1.5430088,1.4430209,1.1905814,6.3483024,0.0,0.0,0.10855152,0.67488027,1.7777778,0.84618074,0.9999999,0.3200217,0.2850254,0.39495298,set_8
-5.344605e-07,1.5808899,1.4615713,1.205099,6.012788,0.0,0.0,0.10855152,0.67488027,1.8383838,0.83877724,0.9999999,0.31999263,0.2840453,0.39596206,set_8
0.0,0.0,0.099834986,0.67488027,29.212,0.0,0.0,0.099834986,0.67488027,0.0,1.2585858,0.9999999,0.52791363,0.09145432,0.38063204,set_8
-4.78699e-08,0.052890137,0.24007359,0.7034833,26.914204,0.0,0.0,0.099834986,0.67488027,0.08080807,1.2316247,0.9999999,0.5084838,0.110094145,0.38142204,set_8
-2.2141532e-07,0.37536973,0.7287357,0.83128226,18.789042,0.0,0.0,0.099834986,0.67488027,0.46464646,1.1138635,0.9999999,0.41520625,0.19944222,0.38535154,set_8
-2.8863298e-07,1.0565046,1.2000476,1.0316879,10.636845,0.0,0.0,0.099834986,0.67488027,1.1515151,0.9477423,0.9999999,0.32994303,0.2784157,0.39164132,set_8
-2.2475496e-07,1.1467795,1.2460316,1.058612,9.814087,0.0,0.0,0.099834986,0.67488027,1.2525252,0.9281419,0.9999999,0.32618216,0.28179094,0.39202693,set_8
-1.3211879e-07,1.2159123,1.2798581,1.079751,9.202679,0.0,0.0,0.099834986,0.67488027,1.3333333,0.91329664,0.9999999,0.32399085,0.283728,0.39228117,set_8
1.5347464e-07,1.3607745,1.3482386,1.1261195,7.953085,0.0,0.0,0.099834986,0.67488027,1.5151515,0.88289607,0.9999999,0.3210642,0.28605422,0.3928816,set_8
3.2713314e-07,1.5687208,1.4478488,1.2002739,6.144734,0.0,0.0,0.099834986,0.67488027,1.8181818,0.84114105,0.9999999,0.3199955,0.2844351,0.39556938,set_8
3.150738e-07,1.6410192,1.4836218,1.229021,5.498871,0.0,0.0,0.099834986,0.67488027,1.939394,0.82758206,0.9999999,0.3197376,0.28185317,0.39840922,set_8
0.0,0.0,0.112943746,0.67488027,29.212,0.0,0.0,0.112943746,0.67488027,0.0,1.2585858,0.9999999,0.5269978,0.09224662,0.38075557,set_8
1.6348017e-07,0.11225656,0.37696245,0.73147106,24.858656,0.0,0.0,0.112943746,0.67488027,0.16161615,1.2053001,0.9999999,0.4875768,0.1300965,0.3823267,set_8
-3.7739525e-08,0.53938097,0.8816656,0.8814144,16.3497,0.0,0.0,0.112943746,0.67488027,0.6262626,1.0695461,0.9999999,0.38223627,0.23040052,0.38736323,set_8
3.108845e-07,0.8692925,1.1001161,0.9760315,12.535577,0.0,0.0,0.112943746,0.67488027,0.94949496,0.9906513,0.9999999,0.3417637,0.2676067,0.39062965,set_8
3.0099915e-07,0.94796956,1.1444726,0.99858147,11.749415,0.0,0.0,0.112943746,0.67488027,1.030303,0.97284305,0.9999999,0.33599386,0.27280933,0.39119685,set_8
2.41309e-07,1.2688658,1.3106116,1.0953829,8.778436,0.0,0.0,0.112943746,0.67488027,1.3939394,0.9027964,0.9999999,0.3224818,0.28492376,0.3925944,set_8
9.686079e-08,1.3629279,1.3566965,1.1261594,7.9483337,0.0,0.0,0.112943746,0.67488027,1.5151515,0.88289607,0.9999999,0.3208807,0.28615534,0.39296395,set_8
-9.7350096e-08,1.4782677,1.4128015,1.1661928,6.9356,0.0,0.0,0.112943746,0.67488027,1.6767677,0.85935605,0.9999999,0.32003868,0.28608158,0.3938797,set_8
-1.248977e-07,1.5186536,1.4324613,1.1809304,6.5803103,0.0,0.0,0.112943746,0.67488027,1.7373737,0.8512087,0.9999999,0.31996068,0.2855597,0.3944795,set_8
0.0,0.0,0.104164906,0.67488027,29.212,0.0,0.0,0.104164906,0.67488027,0.0,1.2585858,0.9999999,0.52761084,0.09171621,0.38067296,set_8
4.738536e-08,0.4351094,0.7894512,0.85034513,17.817902,0.0,0.0,0.104164906,0.67488027,0.5252525,1.0968126,0.9999999,0.40200734,0.21190816,0.38608447,set_8
2.2486347e-08,0.6393801,0.9552834,0.9117803,14.992479,0.0,0.0,0.104164906,0.67488027,0.72727275,1.0435159,0.9999999,0.36647055,0.24516375,0.38836575,set_8
1.0292119e-08,0.701169,0.9983995,0.9296289,14.252267,0.0,0.0,0.104164906,0.67488027,0.78787875,1.028594,0.9999999,0.35836664,0.2526387,0.3889947,set_8
-1.6080595e-08,0.84404397,1.0879925,0.9702992,12.693967,0.0,0.0,0.104164906,0.67488027,0.9292929,0.99516433,0.9999999,0.34370053,0.26601458,0.39028493,set_8
-3.5064932e-08,1.0780183,1.210742,1.0370774,10.482929,0.0,0.0,0.104164906,0.67488027,1.1717172,0.9437715,0.9999999,0.3289256,0.27925032,0.3918241,set_8
-3.3631434e-08,1.1332086,1.2366159,1.0532379,10.002712,0.0,0.0,0.104164906,0.67488027,1.2323232,0.9319092,0.9999999,0.32664105,0.28126293,0.39209598,set_8
-3.6153615e-08,1.5095716,1.4133809,1.1759963,6.7588563,0.0,0.0,0.104164906,0.67488027,1.7171717,0.85382307,0.9999999,0.31974226,0.28588027,0.3943775,set_8
-5.911086e-08,1.6581056,1.4867461,1.2338233,5.4357424,0.0,0.0,0.104164906,0.67488027,1.959596,0.8255495,0.9999999,0.31936577,0.2815499,0.39908433,set_8
0.0,0.0,0.111649215,0.67488027,29.212,0.0,0.0,0.111649215,0.67488027,0.0,1.2585858,0.9999999,0.52708805,0.0921685,0.3807434,set_8
5.7328194e-08,0.43653545,0.7951024,0.85034513,17.820744,0.0,0.0,0.111649215,0.67488027,0.5252525,1.0968126,0.9999999,0.4015871,0.2122486,0.3861643,set_8
6.603594e-08,0.4972941,0.8483626,0.86909926,16.912031,0.0,0.0,0.111649215,0.67488027,0.5858586,1.0804132,0.9999999,0.38963717,0.22349773,0.38686508,set_8
1.4500955e-07,0.702988,1.0034292,0.929629,14.256156,0.0,0.0,0.111649215,0.67488027,0.78787875,1.028594,0.9999999,0.35807025,0.25285292,0.3890769,set_8
9.463971e-08,1.0233176,1.1876671,1.020711,10.993518,0.0,0.0,0.111649215,0.67488027,1.111111,0.9558787,0.9999999,0.3314932,0.27691394,0.39159283,set_8
4.5822535e-08,1.0799913,1.2151539,1.0370775,10.48732,0.0,0.0,0.111649215,0.67488027,1.1717172,0.9437715,0.9999999,0.32874575,0.27935252,0.39190173,set_8
-7.383841e-08,1.1887068,1.2653537,1.0691993,9.54959,0.0,0.0,0.111649215,0.67488027,1.2929292,0.92067313,0.9999999,0.32461098,0.2829776,0.3924114,set_8
-2.2075747e-07,1.32253,1.3257875,1.1108483,8.416942,0.0,0.0,0.111649215,0.67488027,1.4545455,0.89264935,0.9999999,0.32129747,0.2857279,0.39297464,set_8
-3.8857198e-07,1.6368692,1.4789371,1.2243295,5.6481543,0.0,0.0,0.111649215,0.67488027,1.919192,0.8296955,0.9999999,0.319431,0.2826374,0.39793155,set_8
0.0,0.0,0.112757735,0.67488027,29.212,0.0,0.0,0.112757735,0.67488027,0.0,1.2585858,0.9999999,0.5270108,0.09223537,0.38075387,set_8
-9.639658e-08,0.05335191,0.2523798,0.7034833,26.915104,0.0,0.0,0.112757735,0.67488027,0.08080807,1.2316247,0.9999999,0.5075772,0.110878445,0.38154438,set_8
-7.275027e-08,0.26436874,0.61109424,0.7923156,20.949272,0.0,0.0,0.112757735,0.67488027,0.34343433,1.149046,0.9999999,0.4425264,0.17331669,0.38415694,set_8
-2.6474947e-07,0.51872927,0.86519533,0.875253,16.632217,0.0,0.0,0.112757735,0.67488027,0.60606056,1.0749261,0.9999999,0.38585258,0.22701971,0.3871277,set_8
-4.2622705e-07,0.76749104,1.0396246,0.94716537,13.601842,0.0,0.0,0.112757735,0.67488027,0.8484848,1.0139601,0.9999999,0.35112983,0.2591174,0.3897528,set_8
-3.1954954e-07,1.0962305,1.2262177,1.0424016,10.31134,0.0,0.0,0.112757735,0.67488027,1.1919192,0.9397857,0.9999999,0.32798254,0.28006816,0.3919493,set_8
-6.95813e-07,1.5205648,1.4295628,1.1808507,6.6040974,0.0,0.0,0.112757735,0.67488027,1.7373737,0.8512087,0.9999999,0.3198277,0.28562948,0.3945428,set_8
-6.834506e-07,1.5845504,1.4607677,1.2051141,6.0388384,0.0,0.0,0.112757735,0.67488027,1.8383838,0.83877724,0.9999999,0.31978285,0.28417352,0.3960437,set_8
-7.2054155e-07,1.6209321,1.4786675,1.219507,5.7142196,0.0,0.0,0.112757735,0.67488027,1.8989899,0.8319495,0.9999999,0.3196955,0.28292665,0.39737788,set_8
0.0,0.0,0.11225248,0.67488027,29.212,0.0,0.0,0.11225248,0.67488027,0.0,1.2585858,0.9999999,0.527046,0.09220486,0.38074908,set_8
3.035112e-09,0.039475325,0.21849915,0.6963906,27.46538,0.0,0.0,0.11225248,0.67488027,0.06060606,1.2383649,0.9999999,0.5125381,0.1061183,0.38134363,set_8
-2.3725838e-07,0.4366974,0.7954296,0.8503193,17.822933,0.0,0.0,0.11225248,0.67488027,0.5252525,1.0968126,0.9999999,0.40156022,0.21226661,0.3861732,set_8
-7.049945e-08,0.96563506,1.1575325,1.0041343,11.537327,0.0,0.0,0.11225248,0.67488027,1.0505049,0.96857876,0.9999999,0.33478788,0.2739543,0.39125776,set_8
-3.6088693e-07,1.1862869,1.2684566,1.0691507,9.527813,0.0,0.0,0.11225248,0.67488027,1.2929292,0.92067313,0.9999999,0.32468188,0.28297886,0.39233926,set_8
-4.816247e-07,1.237404,1.2925594,1.0849016,9.083672,0.0,0.0,0.11225248,0.67488027,1.3535353,0.9097776,0.9999999,0.32321233,0.2842543,0.3925333,set_8
-8.315186e-07,1.4098313,1.3734663,1.1411561,7.595232,0.0,0.0,0.11225248,0.67488027,1.5757575,0.87376726,0.9999999,0.32025352,0.2864057,0.39334074,set_8
-8.4262666e-07,1.4806181,1.4079124,1.1660331,6.973932,0.0,0.0,0.11225248,0.67488027,1.6767677,0.85935605,0.9999999,0.31984705,0.28616717,0.39398575,set_8
-8.026462e-07,1.5725513,1.4528412,1.2002126,6.162677,0.0,0.0,0.11225248,0.67488027,1.8181818,0.84114105,0.9999999,0.31973183,0.28457242,0.3956958,set_8
0.0,0.0,0.11147027,0.67488027,29.212,0.0,0.0,0.11147027,0.67488027,0.0,1.2585858,0.9999999,0.5271006,0.09215767,0.38074175,set_8
-3.0241292e-08,0.053305928,0.25115374,0.7034833,26.915012,0.0,0.0,0.11147027,0.67488027,0.08080807,1.2316247,0.9999999,0.5076674,0.11080042,0.38153216,set_8
2.7337457e-08,0.14386153,0.43284336,0.74523574,23.908434,0.0,0.0,0.11147027,0.67488027,0.2020202,1.1924199,0.9999999,0.47756967,0.1397232,0.38270712,set_8
-2.70888e-07,0.5393582,0.88056666,0.8814347,16.349796,0.0,0.0,0.11147027,0.67488027,0.6262626,1.0695461,0.9999999,0.3822961,0.230352,0.38735193,set_8
-4.2564858e-07,0.60167754,0.9276292,0.8997377,15.537213,0.0,0.0,0.11147027,0.67488027,0.68686867,1.0538857,0.9999999,0.37223694,0.23971653,0.3880465,set_8
-6.499267e-07,0.8687939,1.0997218,0.97602683,12.530248,0.0,0.0,0.11147027,0.67488027,0.94949496,0.9906513,0.9999999,0.34180328,0.2675905,0.39060625,set_8
-6.107888e-07,1.3633041,1.3561702,1.1261477,7.94609,0.0,0.0,0.11147027,0.67488027,1.5151515,0.88289607,0.9999999,0.3208978,0.28614703,0.39295518,set_8
-6.1450913e-07,1.4083614,1.3770689,1.1412725,7.5614557,0.0,0.0,0.11147027,0.67488027,1.5757575,0.87376726,0.9999999,0.32040927,0.2863538,0.39323694,set_8
-6.417771e-07,1.60902,1.4720883,1.2147329,5.8208895,0.0,0.0,0.11147027,0.67488027,1.8787879,0.83424133,0.9999999,0.3197519,0.2833656,0.3968826,set_8
0.0,0.0,0.1120401,0.67488027,29.212,0.0,0.0,0.1120401,0.67488027,0.0,1.2585858,0.9999999,0.5270609,0.09219205,0.38074708,set_8
-1.10828054e-07,0.28190172,0.6332035,0.79887086,20.569061,0.0,0.0,0.1120401,0.67488027,0.36363634,1.1431063,0.9999999,0.43776888,0.1778718,0.38435927,set_8
2.9675718e-08,0.82814664,1.0761193,0.9645252,12.950363,0.0,0.0,0.1120401,0.67488027,0.9090909,0.9997883,0.9999999,0.34524435,0.26446956,0.39028603,set_8
1.3672295e-08,0.9275062,1.1332613,0.9929131,11.940189,0.0,0.0,0.1120401,0.67488027,1.010101,0.97721523,0.9999999,0.33735713,0.2715945,0.39104843,set_8
3.889774e-09,0.98536885,1.1651102,1.0096416,11.374798,0.0,0.0,0.1120401,0.67488027,1.070707,0.9643624,0.9999999,0.33363214,0.2749509,0.39141697,set_8
-5.644168e-09,1.0417972,1.1953095,1.0261503,10.83711,0.0,0.0,0.1120401,0.67488027,1.1313131,0.951758,0.9999999,0.33053344,0.27774173,0.3917248,set_8
-5.6191297e-08,1.4211731,1.3849024,1.1462127,7.4308085,0.0,0.0,0.1120401,0.67488027,1.5959595,0.8707503,0.9999999,0.3203311,0.28635046,0.3933185,set_8
-7.793713e-08,1.6181251,1.4810143,1.2194636,5.6921477,0.0,0.0,0.1120401,0.67488027,1.8989899,0.8319495,0.9999999,0.31983146,0.2828191,0.39734945,set_8
-1.05158854e-07,1.675496,1.5093964,1.2431978,5.1747813,0.0,0.0,0.1120401,0.67488027,2.0,0.82148737,0.9999999,0.31920364,0.2800992,0.40069708,set_8
0.0,0.0,0.1174633,0.67488027,29.212,0.0,0.0,0.1174633,0.67488027,0.0,1.2585858,0.9999999,0.52668244,0.09251953,0.38079804,set_8
2.6202681e-08,0.053520028,0.25686094,0.7034833,26.915432,0.0,0.0,0.1174633,0.67488027,0.08080807,1.2316247,0.9999999,0.5072477,0.111163594,0.38158876,set_8
2.233993e-08,0.097378254,0.35136402,0.72453415,25.35185,0.0,0.0,0.1174633,0.67488027,0.14141414,1.2117333,0.9999999,0.49228078,0.12554428,0.3821749,set_8
5.532802e-08,0.19429085,0.5181143,0.76563615,22.5757,0.0,0.0,0.1174633,0.67488027,0.26262626,1.1735852,0.9999999,0.46203935,0.1545927,0.38336802,set_8
5.832986e-08,0.3591808,0.72247124,0.8248792,19.133327,0.0,0.0,0.1174633,0.67488027,0.44444442,1.1195564,0.9999999,0.41863507,0.19605458,0.38531038,set_8
-4.6875883e-08,0.51970804,0.8686245,0.8752531,16.634169,0.0,0.0,0.1174633,0.67488027,0.60606056,1.0749261,0.9999999,0.3856126,0.22720893,0.38717845,set_8
-1.727405e-07,0.7686418,1.0427351,0.94716626,13.60418,0.0,0.0,0.1174633,0.67488027,0.8484848,1.0139601,0.9999999,0.35096037,0.25923613,0.3898035,set_8
-7.6336796e-08,1.3649055,1.3585892,1.126076,7.957095,0.0,0.0,0.1174633,0.67488027,1.5151515,0.88289607,0.9999999,0.3207586,0.28620708,0.3930343,set_8
1.7271871e-07,1.5479152,1.4445516,1.1906008,6.3775935,0.0,0.0,0.1174633,0.67488027,1.7777778,0.84618074,0.9999999,0.31972557,0.28517818,0.39509624,set_8
0.0,0.0,0.116948165,0.67488027,29.212,0.0,0.0,0.116948165,0.67488027,0.0,1.2585858,0.9999999,0.5267185,0.09248839,0.38079315,set_8
-2.2198657e-07,0.21096826,0.5428083,0.77234066,22.156075,0.0,0.0,0.116948165,0.67488027,0.28282827,1.1674109,0.9999999,0.45711052,0.15932463,0.38356483,set_8
-2.6289385e-07,0.32013804,0.6808747,0.81194586,19.833181,0.0,0.0,0.116948165,0.67488027,0.4040404,1.1312001,0.9999999,0.427922,0.18722959,0.38484848,set_8
-4.8567177e-08,0.78868973,1.0549519,0.9529942,13.382379,0.0,0.0,0.116948165,0.67488027,0.86868685,1.0092522,0.9999999,0.34891382,0.261105,0.38998115,set_8
-1.2712734e-07,0.9287909,1.1362547,0.9929076,11.9435005,0.0,0.0,0.116948165,0.67488027,1.010101,0.97721523,0.9999999,0.337216,0.27168232,0.3911017,set_8
9.2306934e-08,1.2366089,1.2965949,1.0849268,9.073605,0.0,0.0,0.116948165,0.67488027,1.3535353,0.9097776,0.9999999,0.32318398,0.2842901,0.3925259,set_8
1.5155034e-07,1.3327136,1.3439786,1.1159271,8.22005,0.0,0.0,0.116948165,0.67488027,1.4747474,0.88941437,0.9999999,0.32123867,0.28590366,0.39285767,set_8
1.4073944e-07,1.570589,1.4597324,1.2002878,6.1275797,0.0,0.0,0.116948165,0.67488027,1.8181818,0.84114105,0.9999999,0.31986952,0.28446668,0.39566386,set_8
1.5011683e-07,1.6767387,1.5119481,1.2432164,5.17593,0.0,0.0,0.116948165,0.67488027,2.0,0.82148737,0.9999999,0.319139,0.28012678,0.4007342,set_8
0.0,0.0,0.12291525,0.67488027,29.212,0.0,0.0,0.12291525,0.67488027,0.0,1.2585858,0.9999999,0.52630246,0.0928484,0.3808491,set_8
-2.592045e-09,0.053714693,0.26205277,0.7034833,26.91581,0.0,0.0,0.12291525,0.67488027,0.08080807,1.2316247,0.9999999,0.50686616,0.11149371,0.38164008,set_8
-2.2372582e-08,0.1288999,0.4149419,0.7383797,24.377975,0.0,0.0,0.12291525,0.67488027,0.18181817,1.1988817,0.9999999,0.48182425,0.1355556,0.3826201,set_8
-6.074195e-08,0.26617196,0.6193164,0.792312,20.952257,0.0,0.0,0.12291525,0.67488027,0.34343433,1.149046,0.9999999,0.44185212,0.17388518,0.3842627,set_8
-9.8370386e-08,0.52132773,0.8722288,0.8752688,16.639292,0.0,0.0,0.12291525,0.67488027,0.60606056,1.0749261,0.9999999,0.38533118,0.22742456,0.3872442,set_8
-1.0212756e-07,0.6460346,0.96487206,0.91174924,15.032337,0.0,0.0,0.12291525,0.67488027,0.72727275,1.0435159,0.9999999,0.36571026,0.24566321,0.38862658,set_8
-1.827569e-07,1.3350401,1.3480369,1.1158955,8.218094,0.0,0.0,0.12291525,0.67488027,1.4747474,0.88941437,0.9999999,0.32112366,0.2859642,0.3929122,set_8
1.5741132e-07,1.611802,1.478221,1.2147572,5.823445,0.0,0.0,0.12291525,0.67488027,1.8787879,0.83424133,0.9999999,0.31958905,0.28343666,0.39697427,set_8
1.1054222e-07,1.6471828,1.4956212,1.2290722,5.5059996,0.0,0.0,0.12291525,0.67488027,1.939394,0.82758206,0.9999999,0.31940603,0.2820001,0.39859375,set_8
0.0,0.0,0.114401765,0.67488027,29.212,0.0,0.0,0.114401765,0.67488027,0.0,1.2585858,0.9999999,0.5268961,0.092334665,0.38076922,set_8
-4.8919883e-08,0.1438543,0.43542013,0.7452434,23.910213,0.0,0.0,0.114401765,0.67488027,0.2020202,1.1924199,0.9999999,0.47738695,0.13987896,0.38273406,set_8
-8.625166e-08,0.1937621,0.5154525,0.76562583,22.576435,0.0,0.0,0.114401765,0.67488027,0.26262626,1.1735852,0.9999999,0.46226144,0.15440121,0.38333732,set_8
-2.64903e-07,0.3404156,0.6999246,0.8184336,19.474663,0.0,0.0,0.114401765,0.67488027,0.4242424,1.1253153,0.9999999,0.42331156,0.19162723,0.38506117,set_8
-3.3337545e-07,0.41910616,0.77864444,0.84402466,18.136425,0.0,0.0,0.114401765,0.67488027,0.5050505,1.1024449,0.9999999,0.4055161,0.20850188,0.385982,set_8
1.3955585e-07,1.3006436,1.3266631,1.105691,8.499345,0.0,0.0,0.114401765,0.67488027,1.4343435,0.8959203,0.9999999,0.32180715,0.28547078,0.3927221,set_8
1.4142209e-07,1.3473961,1.3495451,1.1210382,8.087222,0.0,0.0,0.114401765,0.67488027,1.4949495,0.8861555,0.9999999,0.32105228,0.2860388,0.39290887,set_8
1.1694645e-07,1.4916637,1.4194977,1.1710156,6.823338,0.0,0.0,0.114401765,0.67488027,1.6969697,0.8565809,0.9999999,0.31995678,0.28596306,0.3940802,set_8
7.740457e-08,1.6187271,1.4814088,1.2194418,5.6998563,0.0,0.0,0.114401765,0.67488027,1.8989899,0.8319495,0.9999999,0.31976846,0.28286627,0.39736527,set_8
0.0,0.0,0.11464101,0.67488027,29.212,0.0,0.0,0.11464101,0.67488027,0.0,1.2585858,0.9999999,0.52687925,0.09234913,0.3807716,set_8
5.1675904e-09,0.11237477,0.37850544,0.73147106,24.858883,0.0,0.0,0.11464101,0.67488027,0.16161615,1.2053001,0.9999999,0.4874589,0.13019812,0.3823429,set_8
-1.044579e-07,0.47833794,0.8325889,0.86284286,17.215496,0.0,0.0,0.11464101,0.67488027,0.56565654,1.0858567,0.9999999,0.39334065,0.2199829,0.3866765,set_8
-7.983371e-08,0.56045955,0.8988576,0.8875453,16.07451,0.0,0.0,0.11464101,0.67488027,0.64646465,1.064286,0.9999999,0.37867576,0.23370884,0.3876154,set_8
-1.3699026e-08,0.6851942,0.987576,0.9237024,14.533546,0.0,0.0,0.11464101,0.67488027,0.7676768,1.0335511,0.9999999,0.3605794,0.250458,0.3889627,set_8
6.687486e-08,0.92894644,1.1346958,0.99297434,11.942376,0.0,0.0,0.11464101,0.67488027,1.010101,0.97721523,0.9999999,0.3372627,0.27165225,0.39108506,set_8
8.8723105e-08,1.0616798,1.2062526,1.031654,10.667388,0.0,0.0,0.11464101,0.67488027,1.1515151,0.9477423,0.9999999,0.32954556,0.2786011,0.39185333,set_8
9.715259e-08,1.1337754,1.2435043,1.0532432,10.000608,0.0,0.0,0.11464101,0.67488027,1.2323232,0.9319092,0.9999999,0.32646447,0.28137589,0.39215967,set_8
4.779897e-08,1.3931737,1.372177,1.1362767,7.6862926,0.0,0.0,0.11464101,0.67488027,1.5555555,0.87675726,0.9999999,0.32052734,0.28633043,0.39314225,set_8
0.0,0.0,0.11553588,0.67488027,29.212,0.0,0.0,0.11553588,0.67488027,0.0,1.2585858,0.9999999,0.526817,0.092403114,0.38077986,set_8
9.6928325e-08,0.47772935,0.8336218,0.86286247,17.21273,0.0,0.0,0.11553588,0.67488027,0.56565654,1.0858567,0.9999999,0.39331222,0.2200125,0.38667524,set_8
7.893163e-08,1.0438572,1.1979151,1.0261856,10.835397,0.0,0.0,0.11553588,0.67488027,1.1313131,0.951758,0.9999999,0.3304141,0.27781832,0.3917676,set_8
-2.516888e-07,1.2543532,1.3021016,1.0901542,8.941276,0.0,0.0,0.11553588,0.67488027,1.3737373,0.90629745,0.9999999,0.32274336,0.2846365,0.39262018,set_8
-3.366005e-07,1.3183918,1.3330537,1.1108098,8.377334,0.0,0.0,0.11553588,0.67488027,1.4545455,0.89264935,0.9999999,0.32142916,0.28571868,0.3928522,set_8
-3.6339625e-07,1.3795426,1.3627704,1.1311644,7.8395157,0.0,0.0,0.11553588,0.67488027,1.5353535,0.87978023,0.9999999,0.32056966,0.2862979,0.39313248,set_8
-3.8354636e-07,1.506968,1.4247944,1.1759528,6.7201157,0.0,0.0,0.11553588,0.67488027,1.7171717,0.85382307,0.9999999,0.3198253,0.28584114,0.39433366,set_8
-3.294915e-07,1.5463471,1.4439918,1.1905935,6.3728995,0.0,0.0,0.11553588,0.67488027,1.7777778,0.84618074,0.9999999,0.31979018,0.2851484,0.39506137,set_8
-2.487285e-07,1.6086359,1.4745022,1.2147113,5.8197846,0.0,0.0,0.11553588,0.67488027,1.8787879,0.83424133,0.9999999,0.31972215,0.28337976,0.39689812,set_8
0.0,0.0,0.12259873,0.67479736,15.5798,0.0,0.0,0.12259873,0.67479736,0.0,1.1930486,0.9999999,0.5596746,0.09502289,0.3453025,set_8
-1.0414293e-07,0.15280831,0.4482231,0.74197507,11.590836,0.0,0.0,0.12259873,0.67479736,0.2020202,1.1465398,0.9999999,0.50011563,0.16012391,0.33976042,set_8
-1.06684006e-07,0.41991413,0.7698667,0.82537425,7.656677,0.0,0.0,0.12259873,0.67479736,0.46464646,1.0879277,0.9999999,0.44394794,0.22489327,0.33115882,set_8
-9.9687135e-08,0.50868917,0.85212225,0.85016173,6.6532474,0.0,0.0,0.12259873,0.67479736,0.5454545,1.0702925,0.9999999,0.433953,0.23767465,0.3283724,set_8
-1.4000912e-07,0.6421584,0.9642734,0.8865912,5.288226,0.0,0.0,0.12259873,0.67479736,0.6666667,1.0442421,0.9999999,0.42258093,0.2519365,0.32548258,set_8
-2.3416115e-07,0.8374671,1.1096449,0.9395716,3.5172272,0.0,0.0,0.12259873,0.67479736,0.8484848,1.00596,0.9999999,0.39549205,0.26826736,0.3362406,set_8
1.7734877e-07,1.1817542,1.2707101,1.0343665,1.3042946,0.0,0.0,0.12259873,0.67479736,1.1919192,0.936392,0.9999999,0.17407757,0.29369244,0.53222996,set_8
1.6412996e-07,1.3879364,1.2710445,1.0921532,0.8139177,0.0,0.0,0.12259873,0.67479736,1.4141414,0.8932359,0.9999999,0.07552535,0.27123478,0.6532399,set_8
1.9786393e-07,1.4832228,1.2551221,1.1225401,0.7006984,0.0,0.0,0.12259873,0.67479736,1.5353535,0.87033665,0.9999999,0.053945642,0.2573079,0.6887465,set_8
0.0,0.0,0.11212045,0.67479736,15.5798,0.0,0.0,0.11212045,0.67479736,0.0,1.1930486,0.9999999,0.56078625,0.09417771,0.34503603,set_8
-8.6259135e-08,0.05351401,0.25294408,0.7019894,13.859751,0.0,0.0,0.11212045,0.67479736,0.08080807,1.1743225,0.9999999,0.5366318,0.120401576,0.3429666,set_8
-2.4869405e-07,0.22745788,0.5488777,0.76810604,10.247705,0.0,0.0,0.11212045,0.67479736,0.28282827,1.1282976,0.9999999,0.48001477,0.18304117,0.33694404,set_8
-2.2329931e-07,0.3093237,0.6488223,0.793817,9.0289,0.0,0.0,0.11212045,0.67479736,0.36363634,1.11023,0.9999999,0.46207318,0.20363481,0.33429205,set_8
7.630624e-08,0.8942096,1.1446496,0.95679563,2.993889,0.0,0.0,0.11212045,0.67479736,0.9090909,0.993415,0.9999999,0.3754776,0.2742457,0.35027662,set_8
-1.7125575e-07,1.0381293,1.2211993,0.9961475,1.9930849,0.0,0.0,0.11212045,0.67479736,1.0505049,0.96460396,0.9999999,0.2895621,0.2892685,0.42116943,set_8
-2.3266412e-07,1.1418546,1.254886,1.0235546,1.4721252,0.0,0.0,0.11212045,0.67479736,1.1515151,0.9443856,0.9999999,0.20634276,0.2945171,0.49914014,set_8
-2.9429154e-07,1.2204828,1.2688068,1.0450644,1.1712775,0.0,0.0,0.11212045,0.67479736,1.2323232,0.9284182,0.9999999,0.14746565,0.29137278,0.5611615,set_8
1.1188515e-09,1.6847264,1.1923741,1.2136656,0.48232013,0.0,0.0,0.11212045,0.67479736,1.919192,0.8007198,0.9999999,0.021907572,0.21757281,0.7605196,set_8
0.0,0.0,0.11574114,0.67479736,15.5798,0.0,0.0,0.11574114,0.67479736,0.0,1.1930486,0.9999999,0.56040204,0.09446964,0.3451283,set_8
-4.2313587e-07,0.62147063,0.93803984,0.8805921,5.530142,0.0,0.0,0.11574114,0.67479736,0.64646465,1.0485419,0.9999999,0.42456853,0.249624,0.32580745,set_8
-4.2502472e-07,0.81697726,1.0856533,0.9337929,3.7317424,0.0,0.0,0.11574114,0.67479736,0.8282828,1.010151,0.9999999,0.40110078,0.26610014,0.33279905,set_8
-3.2502908e-07,1.0837239,1.2387248,1.007192,1.7707162,0.0,0.0,0.11574114,0.67479736,1.090909,0.9564893,0.9999999,0.25729367,0.29229322,0.4504131,set_8
-3.3780515e-07,1.2809489,1.2762376,1.0609704,0.99603534,0.0,0.0,0.11574114,0.67479736,1.2929292,0.916601,0.9999999,0.11254181,0.2850582,0.6024,set_8
-3.4036182e-07,1.3666891,1.2730863,1.0870098,0.8041741,0.0,0.0,0.11574114,0.67479736,1.3939394,0.8971165,0.9999999,0.076108865,0.27211812,0.65177304,set_8
-2.8257588e-07,1.446026,1.258488,1.1124964,0.716331,0.0,0.0,0.11574114,0.67479736,1.4949495,0.8779383,0.9999999,0.05838008,0.26110256,0.6805174,set_8
-2.2600068e-07,1.6179159,1.2131833,1.1809797,0.56147516,0.0,0.0,0.11574114,0.67479736,1.7777778,0.82588047,0.9999999,0.030912898,0.23259199,0.7364951,set_8
-8.0647695e-08,1.7007632,1.1831294,1.2273765,0.47476187,0.0,0.0,0.11574114,0.67479736,1.979798,0.7901616,0.9999999,0.02011634,0.21357708,0.76630664,set_8
0.0,0.0,0.1372058,0.67479736,15.5798,0.0,0.0,0.1372058,0.67479736,0.0,1.1930486,0.9999999,0.5581264,0.096202135,0.34567147,set_8
-9.270515e-08,0.11893783,0.4027102,0.7287523,12.31301,0.0,0.0,0.1372058,0.67479736,0.16161615,1.1557541,0.9999999,0.51005113,0.14858721,0.34136167,set_8
-1.9864306e-07,0.6232212,0.95605505,0.8805889,5.518697,0.0,0.0,0.1372058,0.67479736,0.64646465,1.0485419,0.9999999,0.42356157,0.25018126,0.32625723,set_8
-1.8957934e-07,0.8155414,1.1048492,0.93379235,3.7022765,0.0,0.0,0.1372058,0.67479736,0.8282828,1.010151,0.9999999,0.40012318,0.26651096,0.33336586,set_8
-1.5864146e-07,0.8770798,1.1485608,0.9510897,3.165421,0.0,0.0,0.1372058,0.67479736,0.8888889,0.99760306,0.9999999,0.3826897,0.27224708,0.34506324,set_8
-4.7259522e-07,1.3230065,1.283059,1.0714489,0.96313,0.0,0.0,0.1372058,0.67479736,1.3333333,0.9087512,0.9999999,0.103059284,0.28171277,0.61522794,set_8
-5.1045015e-07,1.452721,1.271096,1.1124884,0.7223587,0.0,0.0,0.1372058,0.67479736,1.4949495,0.8779383,0.9999999,0.058696363,0.26106015,0.68024343,set_8
-4.3317482e-07,1.6508245,1.2174133,1.1997757,0.48876852,0.0,0.0,0.1372058,0.67479736,1.8585858,0.8114377,0.9999999,0.023880087,0.22173198,0.754388,set_8
-4.0348175e-07,1.6898608,1.2011169,1.2228214,0.4559225,0.0,0.0,0.1372058,0.67479736,1.959596,0.79367083,0.9999999,0.019667827,0.21305548,0.7672767,set_8
0.0,0.0,0.11653744,0.67479736,15.5798,0.0,0.0,0.11653744,0.67479736,0.0,1.1930486,0.9999999,0.56031764,0.094533876,0.34514847,set_8
2.1321668e-07,0.39674467,0.74354225,0.81911576,7.917895,0.0,0.0,0.11653744,0.67479736,0.44444442,1.0923495,0.9999999,0.44740775,0.22092329,0.33166894,set_8
1.6142606e-07,0.78975797,1.0756621,0.92797446,3.8784285,0.0,0.0,0.11653744,0.67479736,0.8080808,1.0143703,0.9999999,0.4050107,0.26456845,0.33042085,set_8
1.10978675e-07,0.98123324,1.1964039,0.97943467,2.3786001,0.0,0.0,0.11653744,0.67479736,0.989899,0.976893,0.9999999,0.33228904,0.28313485,0.38457602,set_8
9.048262e-08,1.171182,1.2650578,1.0289811,1.369571,0.0,0.0,0.11653744,0.67479736,1.1717172,0.94039065,0.9999999,0.18691173,0.29423347,0.51885474,set_8
1.8620669e-07,1.4505116,1.2573555,1.1124878,0.7309415,0.0,0.0,0.11653744,0.67479736,1.4949495,0.8779383,0.9999999,0.059853494,0.2618542,0.67829233,set_8
2.6786478e-07,1.5524297,1.2368885,1.1521297,0.58851594,0.0,0.0,0.11653744,0.67479736,1.6565657,0.84789056,0.9999999,0.037708517,0.24220008,0.7200914,set_8
1.0668758e-07,1.6323246,1.2126819,1.1904124,0.50014746,0.0,0.0,0.11653744,0.67479736,1.8181818,0.81861,0.9999999,0.025792934,0.22534846,0.7488586,set_8
-1.3345527e-08,1.6732386,1.1970785,1.2136635,0.46005288,0.0,0.0,0.11653744,0.67479736,1.919192,0.8007198,0.9999999,0.020909755,0.21602514,0.7630651,set_8
0.0,0.0,0.12439487,0.67479736,15.5798,0.0,0.0,0.12439487,0.67479736,0.0,1.1930486,0.9999999,0.55948406,0.09516781,0.3453481,set_8
-2.2335459e-07,0.3117209,0.6584755,0.7938122,9.03606,0.0,0.0,0.12439487,0.67479736,0.36363634,1.11023,0.9999999,0.46099114,0.20430358,0.33470523,set_8
-3.7500536e-07,0.442315,0.79254216,0.8316062,7.397952,0.0,0.0,0.12439487,0.67479736,0.48484847,1.0835073,0.9999999,0.44104213,0.22845903,0.33049887,set_8
9.095189e-08,0.81279445,1.0956649,0.9337848,3.700755,0.0,0.0,0.12439487,0.67479736,0.8282828,1.010151,0.9999999,0.40056825,0.26639563,0.33303618,set_8
9.859505e-08,1.0051721,1.2137289,0.9850278,2.23001,0.0,0.0,0.12439487,0.67479736,1.010101,0.97276616,0.9999999,0.3174037,0.28549078,0.39710554,set_8
1.043604e-08,1.285944,1.2798116,1.0609647,1.0133748,0.0,0.0,0.12439487,0.67479736,1.2929292,0.916601,0.9999999,0.11492931,0.28536433,0.59970635,set_8
-6.721886e-08,1.4779599,1.2563789,1.1225283,0.69729286,0.0,0.0,0.12439487,0.67479736,1.5353535,0.87033665,0.9999999,0.053707767,0.25722593,0.6890663,set_8
-9.383211e-08,1.5635031,1.2375977,1.1569898,0.58283114,0.0,0.0,0.12439487,0.67479736,1.6767677,0.8441995,0.9999999,0.036360513,0.24043679,0.72320265,set_8
-1.4716069e-07,1.6142656,1.2225974,1.1809664,0.52505267,0.0,0.0,0.12439487,0.67479736,1.7777778,0.82588047,0.9999999,0.028545985,0.22972395,0.74173003,set_8
0.0,0.0,0.12304133,0.67479736,15.5798,0.0,0.0,0.12304133,0.67479736,0.0,1.1930486,0.9999999,0.55962765,0.0950586,0.3453137,set_8
-2.9123825e-07,0.3114813,0.65738773,0.7938122,9.035475,0.0,0.0,0.12304133,0.67479736,0.36363634,1.11023,0.9999999,0.46110883,0.20422937,0.33466184,set_8
-3.18374e-07,0.4863521,0.8327356,0.8440001,6.894823,0.0,0.0,0.12304133,0.67479736,0.5252525,1.0746689,0.9999999,0.43616995,0.2347874,0.3290426,set_8
-2.4261996e-07,0.8548193,1.1242142,0.94534016,3.340012,0.0,0.0,0.12304133,0.67479736,0.86868685,1.0017823,0.9999999,0.38984877,0.27016315,0.33998808,set_8
-3.5360713e-07,1.0472797,1.2318865,0.99615484,1.9707165,0.0,0.0,0.12304133,0.67479736,1.0505049,0.96460396,0.9999999,0.2864597,0.28955933,0.42398092,set_8
-8.400404e-08,1.3389591,1.2755564,1.0766556,0.9080589,0.0,0.0,0.12304133,0.67479736,1.3535353,0.90486825,0.9999999,0.09335206,0.2788042,0.62784374,set_8
4.1208413e-08,1.4498492,1.260264,1.1124885,0.73881704,0.0,0.0,0.12304133,0.67479736,1.4949495,0.8779383,0.9999999,0.06068774,0.26228136,0.67703086,set_8
8.695632e-08,1.4912082,1.2533474,1.1275167,0.6760457,0.0,0.0,0.12304133,0.67479736,1.5555555,0.8665767,0.9999999,0.050422825,0.2546097,0.69496745,set_8
-9.011204e-08,1.5633274,1.2369924,1.1569902,0.58131003,0.0,0.0,0.12304133,0.67479736,1.6767677,0.8441995,0.9999999,0.03625455,0.2403415,0.723404,set_8
0.0,0.0,0.13122346,0.67479736,15.5798,0.0,0.0,0.13122346,0.67479736,0.0,1.1930486,0.9999999,0.5587603,0.095719,0.34552068,set_8
-6.168815e-07,0.4662168,0.818102,0.83781517,7.1507845,0.0,0.0,0.13122346,0.67479736,0.5050505,1.0790758,0.9999999,0.4379553,0.23199123,0.3300535,set_8
-6.4163197e-07,0.55511945,0.89709437,0.86240155,6.1859007,0.0,0.0,0.13122346,0.67479736,0.5858586,1.0615716,0.9999999,0.4293454,0.24323615,0.32741842,set_8
-6.5167507e-07,0.6865798,1.005005,0.89853287,4.8702583,0.0,0.0,0.13122346,0.67479736,0.7070707,1.0356324,0.9999999,0.41837966,0.25591293,0.32570744,set_8
-4.794339e-07,0.96044827,1.1924165,0.9738071,2.547038,0.0,0.0,0.13122346,0.67479736,0.96969694,0.981012,0.9999999,0.34615213,0.28053793,0.37330994,set_8
-2.952874e-07,1.4077523,1.2771415,1.0972611,0.76806164,0.0,0.0,0.13122346,0.67479736,1.4343435,0.8893907,0.9999999,0.068139255,0.26743558,0.66442513,set_8
-2.5476223e-07,1.4796497,1.2652532,1.1225249,0.6605063,0.0,0.0,0.13122346,0.67479736,1.5353535,0.87033665,0.9999999,0.04995316,0.25468627,0.69536054,set_8
-1.3505272e-07,1.6639946,1.2105136,1.2090486,0.45016155,0.0,0.0,0.13122346,0.67479736,1.8989899,0.80428916,0.9999999,0.020885844,0.2162768,0.76283735,set_8
-1.06140064e-07,1.6860434,1.2009271,1.2228143,0.42997587,0.0,0.0,0.13122346,0.67479736,1.959596,0.79367083,0.9999999,0.018553145,0.21104458,0.7704023,set_8
0.0,0.0,0.13606718,0.67479736,15.5798,0.0,0.0,0.13606718,0.67479736,0.0,1.1930486,0.9999999,0.5582469,0.09611021,0.3456429,set_8
-1.3972686e-07,0.054613285,0.27569762,0.7019894,13.862274,0.0,0.0,0.13606718,0.67479736,0.08080807,1.1743225,0.9999999,0.534073,0.12233186,0.34359518,set_8
-2.1152073e-07,0.10199199,0.3713944,0.7221022,12.685332,0.0,0.0,0.13606718,0.67479736,0.14141414,1.1603595,0.9999999,0.5160346,0.14205332,0.3419121,set_8
-3.5570267e-07,0.17290527,0.48835963,0.7485478,11.247233,0.0,0.0,0.13606718,0.67479736,0.22222221,1.141945,0.9999999,0.49322206,0.16723715,0.33954084,set_8
-2.4586558e-07,0.35664266,0.7142634,0.8065154,8.471739,0.0,0.0,0.13606718,0.67479736,0.4040404,1.1012572,0.9999999,0.45248258,0.21380977,0.3337077,set_8
3.894722e-08,0.91955364,1.1718988,0.9624896,2.853419,0.0,0.0,0.13606718,0.67479736,0.9292929,0.9892581,0.9999999,0.36692303,0.27618718,0.3568898,set_8
-1.4152663e-07,1.6423459,1.2217982,1.1857067,0.55694914,0.0,0.0,0.13606718,0.67479736,1.7979797,0.8222419,0.9999999,0.029590862,0.2303361,0.74007297,set_8
-1.4612587e-07,1.6688778,1.2127007,1.1997813,0.52794605,0.0,0.0,0.13606718,0.67479736,1.8585858,0.8114377,0.9999999,0.025869848,0.2243879,0.74974227,set_8
-1.5195305e-07,1.7006596,1.2004409,1.2182589,0.49502367,0.0,0.0,0.13606718,0.67479736,1.939394,0.7971853,0.9999999,0.0218585,0.21694365,0.76119787,set_8
0.0,0.0,0.12603322,0.67479736,15.5798,0.0,0.0,0.12603322,0.67479736,0.0,1.1930486,0.9999999,0.55931044,0.095300026,0.34538957,set_8
-2.346672e-07,0.19044134,0.50710976,0.7550913,10.90707,0.0,0.0,0.12603322,0.67479736,0.24242423,1.137383,0.9999999,0.48888117,0.17248452,0.33863434,set_8
-2.404514e-07,0.5971939,0.9316685,0.8745496,5.7199774,0.0,0.0,0.12603322,0.67479736,0.6262626,1.0528564,0.9999999,0.4260743,0.24780841,0.32611725,set_8
-2.789497e-07,0.68574107,1.0006827,0.8985384,4.8732615,0.0,0.0,0.12603322,0.67479736,0.7070707,1.0356324,0.9999999,0.41861877,0.25579587,0.32558537,set_8
-2.7603738e-07,0.87758166,1.1383239,0.9510803,3.183898,0.0,0.0,0.12603322,0.67479736,0.8888889,0.99760306,0.9999999,0.38351643,0.27199203,0.3444915,set_8
-2.3807138e-07,1.1685255,1.2676138,1.0289731,1.3974555,0.0,0.0,0.12603322,0.67479736,1.1717172,0.94039065,0.9999999,0.19143608,0.29416665,0.5143972,set_8
-5.7230784e-07,1.3553863,1.2759749,1.0818439,0.8762846,0.0,0.0,0.12603322,0.67479736,1.3737373,0.90099496,0.9999999,0.08709364,0.27638754,0.63651884,set_8
-4.9401956e-07,1.5264733,1.2501736,1.1423525,0.6004567,0.0,0.0,0.12603322,0.67479736,1.6161616,0.8553099,0.9999999,0.040490996,0.24558945,0.7139195,set_8
-7.9554945e-07,1.6854473,1.1960274,1.2228236,0.44568866,0.0,0.0,0.12603322,0.67479736,1.959596,0.79367083,0.9999999,0.01927971,0.21244563,0.7682746,set_8
0.0,0.0,0.10829646,0.67479736,15.5798,0.0,0.0,0.10829646,0.67479736,0.0,1.1930486,0.9999999,0.56119204,0.09386949,0.34493846,set_8
1.5955479e-08,0.18816046,0.4918263,0.7550913,10.901709,0.0,0.0,0.10829646,0.67479736,0.24242423,1.137383,0.9999999,0.49063572,0.1712545,0.33810976,set_8
6.3458145e-09,0.24670945,0.5716305,0.77457005,9.93035,0.0,0.0,0.10829646,0.67479736,0.30303028,1.1237453,0.9999999,0.47556427,0.18826568,0.33617,set_8
-2.662448e-08,0.4818109,0.8234707,0.8440041,6.8731613,0.0,0.0,0.10829646,0.67479736,0.5252525,1.0746689,0.9999999,0.4373015,0.23431182,0.32838675,set_8
-1.8380543e-07,0.95788294,1.1787741,0.97380394,2.5283713,0.0,0.0,0.10829646,0.67479736,0.96969694,0.981012,0.9999999,0.3454222,0.2808068,0.37377098,set_8
-2.0344257e-07,1.1040475,1.2418257,1.0126653,1.6559753,0.0,0.0,0.10829646,0.67479736,1.111111,0.9524238,0.9999999,0.23903961,0.29356393,0.4673964,set_8
-2.980893e-07,1.4312183,1.2572696,1.1074369,0.73006,0.0,0.0,0.10829646,0.67479736,1.4747474,0.8817567,0.9999999,0.061285224,0.2632468,0.67546797,set_8
-3.0722953e-07,1.6075438,1.2156022,1.1809683,0.50504756,0.0,0.0,0.10829646,0.67479736,1.7777778,0.82588047,0.9999999,0.027466573,0.22849455,0.7440389,set_8
-2.5590262e-07,1.6892867,1.1831878,1.2273632,0.4376907,0.0,0.0,0.10829646,0.67479736,1.979798,0.7901616,0.9999999,0.018565362,0.21088897,0.7705457,set_8
0.0,0.0,0.103140034,0.67479736,15.5798,0.0,0.0,0.103140034,0.67479736,0.0,1.1930486,0.9999999,0.5617396,0.093453944,0.34480643,set_8
-1.14915316e-07,0.11589499,0.37190902,0.7287523,12.305967,0.0,0.0,0.103140034,0.67479736,0.16161615,1.1557541,0.9999999,0.5136054,0.14597946,0.34041512,set_8
-6.34313e-08,0.22624984,0.54113114,0.76810455,10.246193,0.0,0.0,0.103140034,0.67479736,0.28282827,1.1282976,0.9999999,0.48087278,0.18244606,0.33668113,set_8
-1.8184937e-07,0.43788034,0.7763974,0.8316085,7.3875685,0.0,0.0,0.103140034,0.67479736,0.48484847,1.0835073,0.9999999,0.44262007,0.22760019,0.32977977,set_8
-2.815071e-07,0.72489744,1.0198512,0.9103832,4.443707,0.0,0.0,0.103140034,0.67479736,0.74747473,1.0270977,0.9999999,0.41500401,0.259158,0.325838,set_8
-2.830948e-07,0.85196096,1.1120707,0.94533837,3.3227134,0.0,0.0,0.103140034,0.67479736,0.86868685,1.0017823,0.9999999,0.39000267,0.27020642,0.3397909,set_8
-4.1902166e-07,1.0762782,1.2324338,1.0071825,1.7510242,0.0,0.0,0.103140034,0.67479736,1.090909,0.9564893,0.9999999,0.25514266,0.29269195,0.4521654,set_8
-4.3587187e-07,1.4492743,1.2454457,1.1124858,0.7602108,0.0,0.0,0.103140034,0.67479736,1.4949495,0.8779383,0.9999999,0.063269734,0.26375613,0.67297417,set_8
-4.5721671e-07,1.5081278,1.2328511,1.1324791,0.70733804,0.0,0.0,0.103140034,0.67479736,1.5757575,0.8628249,0.9999999,0.052422743,0.25552073,0.69205654,set_8
0.0,0.0,0.10812185,0.67479736,15.5798,0.0,0.0,0.10812185,0.67479736,0.0,1.1930486,0.9999999,0.5612107,0.093855344,0.34493393,set_8
-1.2637989e-07,0.11633902,0.3764131,0.7287523,12.306999,0.0,0.0,0.10812185,0.67479736,0.16161615,1.1557541,0.9999999,0.51308376,0.14636195,0.34055433,set_8
-2.0819645e-07,0.4610894,0.8010094,0.8378179,7.136839,0.0,0.0,0.10812185,0.67479736,0.5050505,1.0790758,0.9999999,0.43963298,0.23112287,0.32924414,set_8
-1.8256398e-07,0.7880756,1.0713688,0.92796814,3.8634827,0.0,0.0,0.10812185,0.67479736,0.8080808,1.0143703,0.9999999,0.40515518,0.26458716,0.33025768,set_8
-3.390675e-07,0.9129567,1.1548332,0.96248966,2.830968,0.0,0.0,0.10812185,0.67479736,0.9292929,0.9892581,0.9999999,0.36667898,0.27640253,0.35691848,set_8
-4.5084323e-07,1.351203,1.2650287,1.0818421,0.87283635,0.0,0.0,0.10812185,0.67479736,1.3737373,0.90099496,0.9999999,0.0869382,0.27651036,0.6365514,set_8
-3.6314833e-07,1.5150154,1.2343097,1.1324846,0.7218953,0.0,0.0,0.10812185,0.67479736,1.5757575,0.8628249,0.9999999,0.053699225,0.2562062,0.6900946,set_8
-3.6263768e-07,1.6551841,1.1991874,1.1951054,0.54131186,0.0,0.0,0.10812185,0.67479736,1.8383838,0.81501347,0.9999999,0.027477508,0.22711822,0.74540424,set_8
-3.9429762e-07,1.7176276,1.1752427,1.2318928,0.4775241,0.0,0.0,0.10812185,0.67479736,2.0,0.7866427,0.9999999,0.019705174,0.21242432,0.76787055,set_8
0.0,0.0,0.10328461,0.67479736,15.5798,0.0,0.0,0.10328461,0.67479736,0.0,1.1930486,0.9999999,0.56172425,0.09346556,0.34481016,set_8
-4.435426e-08,0.0833363,0.30990046,0.7154241,13.062781,0.0,0.0,0.10328461,0.67479736,0.12121212,1.1649835,0.9999999,0.5254765,0.13292545,0.34159806,set_8
4.5742603e-08,0.3290979,0.66531676,0.8001801,8.737873,0.0,0.0,0.10328461,0.67479736,0.38383836,1.1057492,0.9999999,0.45889685,0.20777605,0.33332714,set_8
3.4625785e-08,0.809223,1.0832069,0.93378425,3.6773653,0.0,0.0,0.10328461,0.67479736,0.8282828,1.010151,0.9999999,0.4009379,0.2663874,0.33267465,set_8
-4.937988e-07,1.098786,1.2384485,1.0126615,1.6542574,0.0,0.0,0.10328461,0.67479736,1.111111,0.9524238,0.9999999,0.239096,0.29365984,0.46724415,set_8
-4.917781e-07,1.256825,1.2664583,1.0556829,1.0531695,0.0,0.0,0.10328461,0.67479736,1.2727273,0.9205396,0.9999999,0.12397306,0.28770489,0.58832204,set_8
-4.6697647e-07,1.405926,1.2548481,1.0972618,0.8075007,0.0,0.0,0.10328461,0.67479736,1.4343435,0.8893907,0.9999999,0.07325607,0.26986504,0.6568789,set_8
-4.4804327e-07,1.5371805,1.2311922,1.1423502,0.6483378,0.0,0.0,0.10328461,0.67479736,1.6161616,0.8553099,0.9999999,0.04455687,0.24893582,0.70650727,set_8
-4.724232e-07,1.6035384,1.2145702,1.1714401,0.5651995,0.0,0.0,0.10328461,0.67479736,1.7373737,0.83314806,0.9999999,0.032628283,0.23531157,0.7320602,set_8
0.0,0.0,0.10790601,0.67479736,15.5798,0.0,0.0,0.10790601,0.67479736,0.0,1.1930486,0.9999999,0.5612335,0.09383803,0.3449285,set_8
1.6350458e-07,0.3731801,0.7147172,0.8128301,8.183293,0.0,0.0,0.10790601,0.67479736,0.4242424,1.0967878,0.9999999,0.45132804,0.21658471,0.33208728,set_8
1.634924e-07,0.61567366,0.93647385,0.8805868,5.493121,0.0,0.0,0.10790601,0.67479736,0.64646465,1.0485419,0.9999999,0.4252846,0.24953748,0.32517794,set_8
4.215528e-08,1.0865328,1.238231,1.0071962,1.7344153,0.0,0.0,0.10790601,0.67479736,1.090909,0.9564893,0.9999999,0.25235444,0.29282072,0.45482486,set_8
2.2932873e-08,1.1488727,1.256281,1.0235709,1.4419482,0.0,0.0,0.10790601,0.67479736,1.1515151,0.9443856,0.9999999,0.20128818,0.29461896,0.5040929,set_8
-6.179529e-08,1.2285563,1.2689474,1.0450801,1.1519105,0.0,0.0,0.10790601,0.67479736,1.2323232,0.9284182,0.9999999,0.14399838,0.2909932,0.5650084,set_8
-1.9829008e-07,1.3032595,1.2701681,1.0662237,0.96219873,0.0,0.0,0.10790601,0.67479736,1.3131312,0.9126587,0.9999999,0.10529623,0.28299212,0.6117117,set_8
-3.935253e-07,1.5517595,1.231283,1.1521341,0.59253436,0.0,0.0,0.10790601,0.67479736,1.6565657,0.84789056,0.9999999,0.038088366,0.24261248,0.71929914,set_8
-6.06256e-07,1.6136113,1.2135819,1.1809694,0.52156824,0.0,0.0,0.10790601,0.67479736,1.7777778,0.82588047,0.9999999,0.028410964,0.22964011,0.74194896,set_8
0.0,0.0,0.10572606,0.67479736,15.5798,0.0,0.0,0.10572606,0.67479736,0.0,1.1930486,0.9999999,0.561465,0.093662284,0.34487268,set_8
-5.6185982e-08,0.05322124,0.24686833,0.7019894,13.8590765,0.0,0.0,0.10572606,0.67479736,0.08080807,1.1743225,0.9999999,0.53731704,0.11988551,0.34279746,set_8
-1.1929589e-07,0.26675364,0.59462106,0.78101206,9.622734,0.0,0.0,0.10572606,0.67479736,0.32323232,1.1192132,0.9999999,0.4711846,0.19337246,0.33544296,set_8
-4.395953e-08,0.4163218,0.75698537,0.8253725,7.6481624,0.0,0.0,0.10572606,0.67479736,0.46464646,1.0879277,0.9999999,0.4452467,0.22416908,0.3305842,set_8
9.847865e-10,0.5714479,0.8977497,0.86848754,5.9409747,0.0,0.0,0.10572606,0.67479736,0.60606056,1.0572008,0.9999999,0.42905954,0.2449588,0.32598165,set_8
-6.1506164e-08,1.1393833,1.2514179,1.0235615,1.4651614,0.0,0.0,0.10572606,0.67479736,1.1515151,0.9443856,0.9999999,0.2054394,0.29462522,0.49993533,set_8
-6.43701e-08,1.3357179,1.264846,1.076659,0.9055556,0.0,0.0,0.10572606,0.67479736,1.3535353,0.90486825,0.9999999,0.09328885,0.2789411,0.62777007,set_8
9.5760264e-08,1.5163472,1.2357976,1.132492,0.6994565,0.0,0.0,0.10572606,0.67479736,1.5757575,0.8628249,0.9999999,0.05143056,0.2547364,0.6938331,set_8
8.49491e-08,1.663612,1.196838,1.1997823,0.51640236,0.0,0.0,0.10572606,0.67479736,1.8585858,0.8114377,0.9999999,0.025396382,0.22392938,0.75067425,set_8
0.0,0.0,0.10636815,0.67479736,15.5798,0.0,0.0,0.10636815,0.67479736,0.0,1.1930486,0.9999999,0.5613969,0.09371404,0.3448891,set_8
-1.6848499e-07,0.09957858,0.34417993,0.7221014,12.680216,0.0,0.0,0.10636815,0.67479736,0.14141414,1.1603595,0.9999999,0.51916975,0.13973173,0.34109852,set_8
-3.3624917e-07,0.37233227,0.7140714,0.81282794,8.178032,0.0,0.0,0.10636815,0.67479736,0.4242424,1.0967878,0.9999999,0.45148578,0.21652585,0.3319884,set_8
1.7307873e-07,0.78463876,1.0715742,0.9279658,3.8504567,0.0,0.0,0.10636815,0.67479736,0.8080808,1.0143703,0.9999999,0.40519688,0.2646411,0.33016202,set_8
1.1941384e-07,0.8654014,1.1315467,0.95107615,3.1227174,0.0,0.0,0.10636815,0.67479736,0.8888889,0.99760306,0.9999999,0.38244295,0.2725459,0.34501114,set_8
9.2037894e-08,0.9263796,1.1700692,0.96815675,2.6398017,0.0,0.0,0.10636815,0.67479736,0.94949496,0.98512876,0.9999999,0.3548513,0.27913827,0.36601037,set_8
2.4211366e-07,1.2209246,1.2604221,1.0450637,1.2082951,0.0,0.0,0.10636815,0.67479736,1.2323232,0.9284182,0.9999999,0.15362416,0.29182065,0.5545551,set_8
3.8573728e-07,1.4391702,1.2523743,1.107425,0.7625634,0.0,0.0,0.10636815,0.67479736,1.4747474,0.8817567,0.9999999,0.064785585,0.26493472,0.6702797,set_8
1.6144743e-07,1.6926663,1.1833376,1.2228103,0.4631314,0.0,0.0,0.10636815,0.67479736,1.959596,0.79367083,0.9999999,0.020080306,0.21389407,0.76602566,set_8
0.0,0.0,0.110851884,0.67479736,15.5798,0.0,0.0,0.110851884,0.67479736,0.0,1.1930486,0.9999999,0.56092083,0.09407547,0.3450037,set_8
-6.206656e-08,0.16976598,0.4662839,0.74854726,11.240967,0.0,0.0,0.110851884,0.67479736,0.22222221,1.141945,0.9999999,0.49576887,0.16542293,0.3388082,set_8
-1.4164286e-07,0.5724789,0.901509,0.8684943,5.9430966,0.0,0.0,0.110851884,0.67479736,0.60606056,1.0572008,0.9999999,0.428753,0.24509902,0.32614797,set_8
-2.1429656e-07,0.8515607,1.1187757,0.9453411,3.3129892,0.0,0.0,0.110851884,0.67479736,0.86868685,1.0017823,0.9999999,0.38957116,0.2703503,0.34007856,set_8
-2.8795276e-07,1.0375948,1.2226698,0.99615437,1.9744341,0.0,0.0,0.110851884,0.67479736,1.0505049,0.96460396,0.9999999,0.2874814,0.2895896,0.422929,set_8
-2.5333907e-07,1.0985007,1.2442898,1.01267,1.64779,0.0,0.0,0.110851884,0.67479736,1.111111,0.9524238,0.9999999,0.23806173,0.29371366,0.46822464,set_8
-3.4733304e-08,1.2550781,1.2703016,1.0557005,1.0602767,0.0,0.0,0.110851884,0.67479736,1.2727273,0.9205396,0.9999999,0.12508002,0.28784502,0.587075,set_8
2.0117562e-07,1.5406576,1.2357227,1.1521494,0.56669855,0.0,0.0,0.110851884,0.67479736,1.6565657,0.84789056,0.9999999,0.03625204,0.240981,0.72276694,set_8
5.780407e-10,1.6761336,1.1887438,1.222837,0.4333232,0.0,0.0,0.110851884,0.67479736,1.959596,0.79367083,0.9999999,0.01886433,0.21184736,0.7692883,set_8
0.0,0.0,0.108434714,0.67479736,15.5798,0.0,0.0,0.108434714,0.67479736,0.0,1.1930486,0.9999999,0.5611774,0.09388061,0.344942,set_8
5.2061157e-08,0.06821621,0.28247303,0.7087202,13.456396,0.0,0.0,0.108434714,0.67479736,0.1010101,1.169641,0.9999999,0.530961,0.12672924,0.34230983,set_8
1.3283183e-07,0.16950727,0.4641719,0.7485457,11.240347,0.0,0.0,0.108434714,0.67479736,0.22222221,1.141945,0.9999999,0.49600983,0.16525139,0.33873883,set_8
-1.5353966e-07,0.4611513,0.80133915,0.83781874,7.136207,0.0,0.0,0.108434714,0.67479736,0.5050505,1.0790758,0.9999999,0.43961126,0.23114021,0.3292485,set_8
-1.7280571e-07,0.6155916,0.93723005,0.8805841,5.4903555,0.0,0.0,0.108434714,0.67479736,0.64646465,1.0485419,0.9999999,0.4252701,0.24956287,0.32516703,set_8
-7.08757e-08,0.80873096,1.0855647,0.9337844,3.687913,0.0,0.0,0.108434714,0.67479736,0.8282828,1.010151,0.9999999,0.4009817,0.26633784,0.3326805,set_8
-6.436497e-08,1.2847456,1.2704636,1.0609657,1.0065328,0.0,0.0,0.108434714,0.67479736,1.2929292,0.916601,0.9999999,0.11410186,0.2853311,0.60056704,set_8
-1.0334942e-08,1.4616427,1.2545247,1.1175164,0.67421997,0.0,0.0,0.108434714,0.67479736,1.5151515,0.87411964,0.9999999,0.05274621,0.25721872,0.69003505,set_8
-1.08587514e-07,1.5998582,1.2202464,1.1762109,0.50404036,0.0,0.0,0.108434714,0.67479736,1.7575758,0.8295109,0.9999999,0.028035995,0.22959374,0.7423703,set_8
0.0,0.0,0.115955085,0.67479736,15.5798,0.0,0.0,0.115955085,0.67479736,0.0,1.1930486,0.9999999,0.56037945,0.09448691,0.34513363,set_8
8.079513e-08,0.9786484,1.1939622,0.9794279,2.3937106,0.0,0.0,0.115955085,0.67479736,0.989899,0.976893,0.9999999,0.33358422,0.28289774,0.38351807,set_8
6.1925164e-08,1.2488419,1.2727892,1.0503927,1.1168694,0.0,0.0,0.115955085,0.67479736,1.2525252,0.9244737,0.9999999,0.13583793,0.28954598,0.574616,set_8
-8.9666315e-08,1.4046495,1.2681773,1.0972581,0.76352,0.0,0.0,0.115955085,0.67479736,1.4343435,0.8893907,0.9999999,0.06781719,0.26742253,0.66476023,set_8
-1.2040434e-07,1.4630146,1.2590115,1.1175127,0.6752211,0.0,0.0,0.115955085,0.67479736,1.5151515,0.87411964,0.9999999,0.05275981,0.25716507,0.69007516,set_8
-2.2142882e-07,1.5495574,1.239839,1.1521245,0.561543,0.0,0.0,0.115955085,0.67479736,1.6565657,0.84789056,0.9999999,0.03567882,0.24025701,0.7240642,set_8
-2.0924753e-07,1.5912864,1.2276164,1.1714329,0.51516545,0.0,0.0,0.115955085,0.67479736,1.7373737,0.83314806,0.9999999,0.02937135,0.23161438,0.7390142,set_8
1.1142788e-08,1.6610751,1.2022737,1.2090456,0.44681823,0.0,0.0,0.115955085,0.67479736,1.8989899,0.80428916,0.9999999,0.020808697,0.216248,0.7629433,set_8
5.472964e-08,1.6831577,1.1927692,1.2228115,0.42675418,0.0,0.0,0.115955085,0.67479736,1.959596,0.79367083,0.9999999,0.018488351,0.21102017,0.7704915,set_8
0.0,0.0,0.11149351,0.67572254,29.212,0.0,0.0,0.11149351,0.67572254,0.0,1.2237259,0.9999999,0.44189638,0.16813056,0.3899731,set_9
-5.83246e-10,0.11744488,0.26923728,0.71028,26.558685,0.0,0.0,0.11149351,0.67572254,0.1010101,1.1831591,0.9999999,0.4392758,0.17460029,0.38612396,set_9
-2.6533547e-08,0.42363593,0.6438012,0.80768025,20.292616,0.0,0.0,0.11149351,0.67572254,0.4040404,1.082784,0.9999999,0.43031266,0.19697039,0.372717,set_9
-3.9446807e-08,0.47897974,0.705338,0.82618785,19.269192,0.0,0.0,0.11149351,0.67572254,0.46464646,1.0667342,0.9999999,0.42833933,0.20189127,0.36976936,set_9
-9.632068e-08,0.6718135,0.9043712,0.8918738,15.974959,0.0,0.0,0.11149351,0.67572254,0.68686867,1.0182031,0.9999999,0.4206809,0.22071236,0.35860673,set_9
-1.693572e-07,0.90575397,1.1139708,0.9719958,12.545677,0.0,0.0,0.11149351,0.67572254,0.96969694,0.98126906,0.9999999,0.41030875,0.24450202,0.34518924,set_9
-1.06745055e-07,1.3515117,1.4400587,1.1291863,7.257842,0.0,0.0,0.11149351,0.67572254,1.5353535,0.9907137,0.9999999,0.38728806,0.27417672,0.3385352,set_9
-6.804579e-08,1.4265075,1.4885092,1.1578611,6.4621615,0.0,0.0,0.11149351,0.67572254,1.6363636,1.0041791,0.9999999,0.38119647,0.27506393,0.34373963,set_9
-8.245895e-08,1.5691367,1.5769839,1.2165463,4.978912,0.0,0.0,0.11149351,0.67572254,1.8383838,1.0417706,0.9999999,0.36145383,0.27219233,0.3663539,set_9
0.0,0.0,0.10775484,0.67572254,29.212,0.0,0.0,0.10775484,0.67572254,0.0,1.2237259,0.9999999,0.4419238,0.16808444,0.38999176,set_9
6.640917e-08,0.22571418,0.4049496,0.7437209,24.224594,0.0,0.0,0.10775484,0.67572254,0.2020202,1.1461467,0.9999999,0.43649948,0.18152983,0.38197067,set_9
-2.5679196e-07,0.73973835,0.96575665,0.91508466,14.920954,0.0,0.0,0.10775484,0.67572254,0.7676768,1.0047966,0.9999999,0.41779232,0.22762527,0.35458246,set_9
-3.5098955e-07,0.8065634,1.0262225,0.9380044,13.931173,0.0,0.0,0.10775484,0.67572254,0.8484848,0.9935281,0.9999999,0.41483194,0.23450422,0.35066378,set_9
-5.758231e-07,0.9876964,1.1772665,1.0001266,11.474916,0.0,0.0,0.10775484,0.67572254,1.070707,0.97483444,0.9999999,0.40657663,0.2521189,0.3413045,set_9
-6.4887126e-07,1.0525402,1.2274293,1.0224954,10.663522,0.0,0.0,0.10775484,0.67572254,1.1515151,0.97210526,0.9999999,0.4035494,0.25769654,0.33875403,set_9
-5.355095e-07,1.1644608,1.3099325,1.0615379,9.331263,0.0,0.0,0.10775484,0.67572254,1.2929292,0.97312444,0.9999999,0.3981376,0.2658955,0.33596686,set_9
-2.0553315e-07,1.2585468,1.3758305,1.0950834,8.266406,0.0,0.0,0.10775484,0.67572254,1.4141414,0.97921836,0.9999999,0.39314458,0.27102715,0.33582824,set_9
2.3805761e-07,1.661465,1.6280003,1.2587632,4.0398016,0.0,0.0,0.10775484,0.67572254,1.979798,1.076794,0.9999999,0.33530217,0.26761806,0.39707974,set_9
0.0,0.0,0.110505864,0.67572254,29.212,0.0,0.0,0.110505864,0.67572254,0.0,1.2237259,0.9999999,0.4419036,0.16811837,0.38997802,set_9
6.8387266e-08,0.22576937,0.40744966,0.7437209,24.224613,0.0,0.0,0.110505864,0.67572254,0.2020202,1.1461467,0.9999999,0.43647763,0.1815674,0.38195494,set_9
-4.772871e-08,0.38541654,0.59970576,0.79517597,21.012337,0.0,0.0,0.110505864,0.67572254,0.36363634,1.0944856,0.9999999,0.43161085,0.19373491,0.3746543,set_9
-8.626877e-08,0.53292066,0.76278067,0.84443897,18.302471,0.0,0.0,0.110505864,0.67572254,0.5252525,1.0515054,0.9999999,0.42631805,0.2069185,0.36676347,set_9
7.865174e-08,1.3205193,1.4192373,1.1176308,7.5898843,0.0,0.0,0.110505864,0.67572254,1.4949495,0.9865167,0.9999999,0.3893834,0.2733677,0.3372489,set_9
3.400528e-08,1.4405954,1.4976426,1.1633873,6.308261,0.0,0.0,0.110505864,0.67572254,1.6565657,1.0074633,0.9999999,0.37978634,0.27503952,0.34517413,set_9
4.9892684e-08,1.4985272,1.5341364,1.1866908,5.7024074,0.0,0.0,0.110505864,0.67572254,1.7373737,1.021198,0.9999999,0.37306938,0.27435312,0.35257757,set_9
4.010121e-08,1.5821769,1.5848501,1.2222831,4.839723,0.0,0.0,0.110505864,0.67572254,1.8585858,1.0464782,0.9999999,0.35857117,0.27160653,0.3698223,set_9
1.8583908e-09,1.6748219,1.6363009,1.2650139,3.9119015,0.0,0.0,0.110505864,0.67572254,2.0,1.0821611,0.9999999,0.33013073,0.26697087,0.40289846,set_9
0.0,0.0,0.109380245,0.67572254,29.212,0.0,0.0,0.109380245,0.67572254,0.0,1.2237259,0.9999999,0.44191182,0.16810451,0.38998362,set_9
3.2990947e-08,0.18335095,0.35272712,0.73046696,25.124283,0.0,0.0,0.109380245,0.67572254,0.16161615,1.1606475,0.9999999,0.43763134,0.17869891,0.38366967,set_9
1.2036834e-07,0.496643,0.7232938,0.8323018,18.94152,0.0,0.0,0.109380245,0.67572254,0.48484847,1.0616484,0.9999999,0.42769152,0.20351899,0.3687895,set_9
-1.2324674e-07,0.6549035,0.8862758,0.8860444,16.24705,0.0,0.0,0.109380245,0.67572254,0.6666667,1.0218896,0.9999999,0.42141488,0.21895064,0.35963452,set_9
-2.2690095e-07,0.8724797,1.0869242,0.96075785,12.977094,0.0,0.0,0.109380245,0.67572254,0.9292929,0.98454535,0.9999999,0.41179913,0.24131419,0.34688663,set_9
-3.0922536e-07,1.4154098,1.4743615,1.1520983,6.647152,0.0,0.0,0.109380245,0.67572254,1.6161616,1.0011533,0.9999999,0.3826699,0.2750734,0.34225667,set_9
-3.1426077e-07,1.4754155,1.5095595,1.1752775,6.047344,0.0,0.0,0.109380245,0.67572254,1.6969697,1.0141178,0.9999999,0.37693596,0.27498797,0.34807613,set_9
-3.2217474e-07,1.6018888,1.5858227,1.2286164,4.7496586,0.0,0.0,0.109380245,0.67572254,1.8787879,1.0512546,0.9999999,0.3562334,0.27130812,0.3724585,set_9
-3.4514528e-07,1.6809531,1.629869,1.2653537,3.9559698,0.0,0.0,0.109380245,0.67572254,2.0,1.0821611,0.9999999,0.3315325,0.26728195,0.40118554,set_9
0.0,0.0,0.118726455,0.67572254,29.212,0.0,0.0,0.118726455,0.67572254,0.0,1.2237259,0.9999999,0.44184333,0.16821964,0.38993707,set_9
3.7116237e-07,0.42308676,0.64942104,0.8076173,20.298653,0.0,0.0,0.118726455,0.67572254,0.4040404,1.082784,0.9999999,0.4302628,0.19704852,0.3726887,set_9
4.2209288e-07,0.56889176,0.8064724,0.8564323,17.687761,0.0,0.0,0.118726455,0.67572254,0.56565654,1.0425354,0.9999999,0.42486468,0.21045926,0.3646761,set_9
4.3656655e-07,0.75867605,0.9900098,0.9209338,14.659852,0.0,0.0,0.118726455,0.67572254,0.78787875,1.0018091,0.9999999,0.41693205,0.22958961,0.35347834,set_9
2.9947037e-07,0.8748974,1.0917201,0.96080256,12.992193,0.0,0.0,0.118726455,0.67572254,0.9292929,0.98454535,0.9999999,0.41172394,0.24141131,0.34686476,set_9
-5.0034583e-08,1.1174228,1.281909,1.0447353,9.895253,0.0,0.0,0.118726455,0.67572254,1.2323232,0.97163844,0.9999999,0.40040654,0.26277915,0.33681434,set_9
-1.6721357e-07,1.3517956,1.4444035,1.1289983,7.260524,0.0,0.0,0.118726455,0.67572254,1.5353535,0.9907137,0.9999999,0.38724372,0.27425793,0.33849835,set_9
1.103089e-07,1.5280286,1.5562629,1.1985948,5.4070396,0.0,0.0,0.118726455,0.67572254,1.7777778,1.0292679,0.9999999,0.36886168,0.27371722,0.35742104,set_9
1.3546176e-07,1.5697787,1.5813322,1.216445,4.977913,0.0,0.0,0.118726455,0.67572254,1.8383838,1.0417706,0.9999999,0.36137754,0.2722535,0.36636895,set_9
0.0,0.0,0.11576983,0.67572254,29.212,0.0,0.0,0.11576983,0.67572254,0.0,1.2237259,0.9999999,0.4418649,0.16818321,0.38995185,set_9
1.9713601e-08,0.11748908,0.2733059,0.71028,26.5587,0.0,0.0,0.11576983,0.67572254,0.1010101,1.1831591,0.9999999,0.43924314,0.17465584,0.3861011,set_9
3.3232833e-08,0.26777714,0.46365163,0.7567855,23.363926,0.0,0.0,0.11576983,0.67572254,0.24242423,1.1323115,0.9999999,0.43525538,0.18458499,0.3801596,set_9
-1.4836117e-07,0.67239755,0.9077962,0.8919568,15.972158,0.0,0.0,0.11576983,0.67572254,0.68686867,1.0182031,0.9999999,0.42063648,0.2207963,0.35856718,set_9
-2.5459468e-07,1.0523534,1.2327712,1.0225644,10.6614895,0.0,0.0,0.11576983,0.67572254,1.1515151,0.97210526,0.9999999,0.40348673,0.257805,0.3387083,set_9
-2.5235795e-07,1.1166402,1.2806058,1.0448885,9.887281,0.0,0.0,0.11576983,0.67572254,1.2323232,0.97163844,0.9999999,0.40042347,0.26275554,0.336821,set_9
-2.950572e-07,1.320791,1.4226893,1.1179388,7.5832224,0.0,0.0,0.11576983,0.67572254,1.4949495,0.9865167,0.9999999,0.38932464,0.27342486,0.3372505,set_9
-3.437837e-07,1.4701341,1.5193084,1.1753514,5.996412,0.0,0.0,0.11576983,0.67572254,1.6969697,1.0141178,0.9999999,0.37656778,0.27484992,0.34858233,set_9
-2.5678057e-07,1.6229727,1.6110567,1.2408241,4.4249005,0.0,0.0,0.11576983,0.67572254,1.919192,1.0607102,0.9999999,0.34812775,0.26968548,0.38218677,set_9
0.0,0.0,0.12128849,0.67572254,29.212,0.0,0.0,0.12128849,0.67572254,0.0,1.2237259,0.9999999,0.4418244,0.16825123,0.38992432,set_9
2.1774102e-07,0.6032455,0.8437076,0.86826634,17.101803,0.0,0.0,0.12128849,0.67572254,0.60606056,1.0336382,0.9999999,0.42345363,0.21390866,0.36263773,set_9
1.6635909e-07,0.7235504,0.9600718,0.90924597,15.179571,0.0,0.0,0.12128849,0.67572254,0.74747473,1.0077755,0.9999999,0.41840783,0.22609441,0.35549775,set_9
1.4054726e-07,0.7908701,1.0212169,0.9322415,14.1743145,0.0,0.0,0.12128849,0.67572254,0.8282828,0.9959549,0.9999999,0.41545352,0.23300876,0.35153773,set_9
1.3043986e-07,0.8574461,1.0790621,0.95501375,13.2264595,0.0,0.0,0.12128849,0.67572254,0.9090909,0.9865754,0.9999999,0.41246948,0.23975906,0.34777144,set_9
1.3819445e-07,0.9234259,1.1339941,0.97761846,12.32913,0.0,0.0,0.12128849,0.67572254,0.989899,0.9796783,0.9999999,0.40946952,0.24623288,0.3442976,set_9
1.5622967e-07,1.1818212,1.3298715,1.0671955,9.147553,0.0,0.0,0.12128849,0.67572254,1.3131312,0.97358173,0.9999999,0.39721817,0.26706946,0.3357123,set_9
8.127291e-08,1.3220917,1.4264181,1.1178174,7.582206,0.0,0.0,0.12128849,0.67572254,1.4949495,0.9865167,0.9999999,0.38926652,0.27350205,0.3372314,set_9
2.06541e-07,1.6244273,1.6140425,1.2406207,4.428087,0.0,0.0,0.12128849,0.67572254,1.919192,1.0607102,0.9999999,0.34813333,0.269762,0.3821046,set_9
0.0,0.0,0.12071872,0.67572254,29.212,0.0,0.0,0.12071872,0.67572254,0.0,1.2237259,0.9999999,0.44182858,0.16824423,0.38992718,set_9
-3.6228194e-08,0.13987392,0.3071118,0.71705145,26.068626,0.0,0.0,0.12071872,0.67572254,0.12121212,1.175325,0.9999999,0.43865806,0.17607756,0.3852644,set_9
3.6778136e-08,0.30760074,0.5166467,0.7697172,22.547924,0.0,0.0,0.12071872,0.67572254,0.28282827,1.1193033,0.9999999,0.4340196,0.18764551,0.37833488,set_9
-2.2067162e-07,0.8415159,1.0650773,0.94953257,13.449923,0.0,0.0,0.12071872,0.67572254,0.8888889,0.9889675,0.9999999,0.41320592,0.23812997,0.34866408,set_9
-2.1835915e-07,0.9570025,1.1608061,0.9890563,11.888329,0.0,0.0,0.12071872,0.67572254,1.030303,0.97668946,0.9999999,0.40794688,0.24937698,0.34267613,set_9
-7.295688e-08,1.213368,1.3515291,1.0783277,8.790691,0.0,0.0,0.12071872,0.67572254,1.3535353,0.97558916,0.9999999,0.39559484,0.26887214,0.335533,set_9
-3.2415485e-08,1.3065085,1.4150915,1.112011,7.757282,0.0,0.0,0.12071872,0.67572254,1.4747474,0.98462325,0.9999999,0.3902798,0.27300328,0.33671692,set_9
-3.3129144e-08,1.3825526,1.4653176,1.1404194,6.937586,0.0,0.0,0.12071872,0.67572254,1.5757575,0.9959522,0.9999999,0.3849699,0.27482602,0.34020406,set_9
-1.1154687e-07,1.6373485,1.6210135,1.2466398,4.296899,0.0,0.0,0.12071872,0.67572254,1.939394,1.0658963,0.9999999,0.34415853,0.2690826,0.38675886,set_9
0.0,0.0,0.12560977,0.67572254,29.212,0.0,0.0,0.12560977,0.67572254,0.0,1.2237259,0.9999999,0.44179267,0.16830453,0.38990277,set_9
6.829312e-08,0.20499116,0.3947733,0.73711425,24.669136,0.0,0.0,0.12560977,0.67572254,0.18181817,1.1534595,0.9999999,0.4369355,0.18033402,0.3827305,set_9
2.607544e-07,0.7072818,0.9477602,0.90358984,15.435922,0.0,0.0,0.12560977,0.67572254,0.72727275,1.010918,0.9999999,0.41909063,0.22444905,0.35646036,set_9
3.199186e-07,0.7579894,0.99457365,0.9209219,14.6641,0.0,0.0,0.12560977,0.67572254,0.78787875,1.0018091,0.9999999,0.41688788,0.22965963,0.35345253,set_9
3.214606e-07,0.80826473,1.0394361,0.9381068,13.926668,0.0,0.0,0.12560977,0.67572254,0.8484848,0.9935281,0.9999999,0.41466084,0.23481292,0.35052627,set_9
2.9668522e-07,0.9733869,1.1776026,0.9946295,11.673582,0.0,0.0,0.12560977,0.67572254,1.0505049,0.97569305,0.9999999,0.4071483,0.25096658,0.3418851,set_9
2.2026995e-07,1.2921335,1.4083383,1.106455,7.920093,0.0,0.0,0.12560977,0.67572254,1.4545455,0.98266083,0.9999999,0.39116368,0.27252942,0.3363069,set_9
2.0115199e-07,1.3534086,1.448418,1.1290675,7.261148,0.0,0.0,0.12560977,0.67572254,1.5353535,0.9907137,0.9999999,0.38718113,0.274347,0.3384718,set_9
1.68962e-07,1.4722397,1.523867,1.1750313,6.010355,0.0,0.0,0.12560977,0.67572254,1.6969697,1.0141178,0.9999999,0.37658024,0.27500588,0.34841397,set_9
0.0,0.0,0.11672281,0.67572254,29.212,0.0,0.0,0.11672281,0.67572254,0.0,1.2237259,0.9999999,0.44185802,0.16819496,0.38994703,set_9
1.049774e-07,0.20482902,0.38662422,0.73711425,24.66909,0.0,0.0,0.11672281,0.67572254,0.18181817,1.1534595,0.9999999,0.43700543,0.18021397,0.38278058,set_9
1.1935806e-07,0.423379,0.64806294,0.807685,20.293585,0.0,0.0,0.11672281,0.67572254,0.4040404,1.082784,0.9999999,0.43027323,0.1970382,0.37268862,set_9
9.185353e-08,0.5330313,0.767704,0.84444606,18.303059,0.0,0.0,0.11672281,0.67572254,0.5252525,1.0515054,0.9999999,0.42626625,0.207009,0.3667248,set_9
3.395413e-08,0.6209587,0.8579382,0.87430423,16.808065,0.0,0.0,0.11672281,0.67572254,0.6262626,1.0294349,0.9999999,0.422775,0.21559848,0.36162654,set_9
-8.055029e-08,0.7908557,1.0181636,0.93237025,14.169762,0.0,0.0,0.11672281,0.67572254,0.8282828,0.9959549,0.9999999,0.41548648,0.23296037,0.35155317,set_9
-7.6932025e-08,0.873932,1.0901101,0.96078575,12.993165,0.0,0.0,0.11672281,0.67572254,0.9292929,0.98454535,0.9999999,0.41175282,0.24136068,0.3468865,set_9
-1.8639132e-07,1.3371708,1.4335775,1.12354,7.417846,0.0,0.0,0.11672281,0.67572254,1.5151515,0.9884089,0.9999999,0.38828576,0.27387655,0.33783764,set_9
-2.558051e-07,1.6239775,1.611848,1.2407322,4.4241986,0.0,0.0,0.11672281,0.67572254,1.919192,1.0607102,0.9999999,0.34808436,0.2696975,0.38221815,set_9
0.0,0.0,0.114363365,0.6744889,15.5798,0.0,0.0,0.114363365,0.6744889,0.0,1.237127,0.9999999,0.44760716,0.17974412,0.37264875,set_9
-6.98421e-08,0.25482792,0.42595083,0.74393266,11.701414,0.0,0.0,0.114363365,0.6744889,0.2020202,1.1815249,0.9999999,0.44034728,0.20129265,0.35836008,set_9
-2.374615e-07,0.5954826,0.78617066,0.84227425,7.2701283,0.0,0.0,0.114363365,0.6744889,0.5050505,1.1025587,0.9999999,0.4270405,0.22838365,0.34457588,set_9
1.4725067e-07,0.81543756,0.9837624,0.91019976,4.8251076,0.0,0.0,0.114363365,0.6744889,0.72727275,1.0480244,0.9999999,0.4100561,0.23514718,0.3547967,set_9
9.1665626e-08,1.0852032,1.195249,1.0086387,2.0836906,0.0,0.0,0.114363365,0.6744889,1.070707,0.9694461,0.9999999,0.30864114,0.2347903,0.45656848,set_9
1.219078e-07,1.2005588,1.2434983,1.052371,1.2939813,0.0,0.0,0.114363365,0.6744889,1.2323232,0.9347623,0.9999999,0.21149169,0.24580044,0.54270786,set_9
2.9273176e-07,1.3329986,1.2592132,1.0997024,0.769593,0.0,0.0,0.114363365,0.6744889,1.4141414,0.89760315,0.9999999,0.11940194,0.25873727,0.6218608,set_9
3.0281683e-07,1.4200689,1.2553065,1.1302191,0.5625086,0.0,0.0,0.114363365,0.6744889,1.5353535,0.87390244,0.9999999,0.08152313,0.26360032,0.65487653,set_9
3.135613e-07,1.5305653,1.2412871,1.1696702,0.38552117,0.0,0.0,0.114363365,0.6744889,1.6969697,0.843646,0.9999999,0.051332545,0.2665714,0.682096,set_9
0.0,0.0,0.1146311,0.6744889,15.5798,0.0,0.0,0.1146311,0.6744889,0.0,1.237127,0.9999999,0.44760403,0.17974932,0.37264663,set_9
-1.41388e-07,0.13054636,0.27931172,0.70961016,13.525613,0.0,0.0,0.1146311,0.6744889,0.1010101,1.2090302,0.9999999,0.44412398,0.19041543,0.36546066,set_9
-2.2387479e-07,0.465662,0.654165,0.8037541,8.887028,0.0,0.0,0.1146311,0.6744889,0.38383836,1.1335428,0.9999999,0.43284616,0.21932812,0.34782574,set_9
-1.1485223e-07,0.5322729,0.7212158,0.8231471,8.062404,0.0,0.0,0.1146311,0.6744889,0.44444442,1.1179293,0.9999999,0.43007693,0.22425716,0.3456659,set_9
4.274495e-08,0.77414536,0.95442855,0.89809394,5.2042627,0.0,0.0,0.1146311,0.6744889,0.68686867,1.0577749,0.9999999,0.41423148,0.23479868,0.3509698,set_9
-4.8608513e-08,1.1190982,1.2014613,1.0197036,1.930769,0.0,0.0,0.1146311,0.6744889,1.111111,0.96059793,0.9999999,0.29238915,0.23644772,0.47116312,set_9
8.853469e-08,1.3863528,1.2321582,1.109993,0.91084385,0.0,0.0,0.1146311,0.6744889,1.4545455,0.8896381,0.9999999,0.13157013,0.25773203,0.61069787,set_9
1.0486238e-07,1.4829774,1.2306997,1.145206,0.65340114,0.0,0.0,0.1146311,0.6744889,1.5959595,0.8623983,0.9999999,0.08461048,0.2636201,0.65176946,set_9
-2.0231496e-08,1.5627437,1.2223064,1.1745371,0.50912505,0.0,0.0,0.1146311,0.6744889,1.7171717,0.8399319,0.9999999,0.059663992,0.26607937,0.6742567,set_9
0.0,0.0,0.10758646,0.6744889,15.5798,0.0,0.0,0.10758646,0.6744889,0.0,1.237127,0.9999999,0.44768327,0.17961374,0.37270296,set_9
8.251563e-09,0.07908935,0.20892447,0.6956585,14.317332,0.0,0.0,0.10758646,0.6744889,0.06060606,1.2202688,0.9999999,0.445636,0.18595356,0.36841044,set_9
-9.462504e-08,0.3029743,0.47470355,0.7574422,11.024575,0.0,0.0,0.10758646,0.6744889,0.24242423,1.1706843,0.9999999,0.43883792,0.20544645,0.35571566,set_9
-9.218623e-08,0.4199775,0.601419,0.79067457,9.463736,0.0,0.0,0.10758646,0.6744889,0.34343433,1.1440113,0.9999999,0.43468148,0.21553628,0.34978223,set_9
1.5032957e-07,0.75818497,0.92895883,0.89200956,5.440382,0.0,0.0,0.10758646,0.6744889,0.6666667,1.0626575,0.9999999,0.41629133,0.2345079,0.34920073,set_9
8.670872e-08,0.9520315,1.0923715,0.95746696,3.388169,0.0,0.0,0.10758646,0.6744889,0.8888889,1.0102192,0.9999999,0.38158444,0.2333662,0.38504934,set_9
6.121347e-08,1.042246,1.162149,0.9918016,2.4769287,0.0,0.0,0.10758646,0.6744889,1.010101,0.9827792,0.9999999,0.33911893,0.23300265,0.42787844,set_9
-5.595991e-08,1.5258784,1.238126,1.169679,0.37772083,0.0,0.0,0.10758646,0.6744889,1.6969697,0.843646,0.9999999,0.050932724,0.26657796,0.68248934,set_9
-1.3024516e-07,1.6050719,1.2218026,1.1983737,0.31107086,0.0,0.0,0.10758646,0.6744889,1.8181818,0.8218912,0.9999999,0.038614556,0.2672533,0.6941322,set_9
0.0,0.0,0.109038666,0.6744889,15.5798,0.0,0.0,0.109038666,0.6744889,0.0,1.237127,0.9999999,0.44766694,0.17964166,0.37269136,set_9
5.5893135e-09,0.44263574,0.626049,0.7972235,9.1743355,0.0,0.0,0.109038666,0.6744889,0.36363634,1.1387749,0.9999999,0.43380174,0.2174125,0.3487858,set_9
-4.7417923e-09,0.73624325,0.9160185,0.8858957,5.627314,0.0,0.0,0.109038666,0.6744889,0.64646465,1.06754,0.9999999,0.41790015,0.23407929,0.34802055,set_9
-2.5438636e-08,0.8298546,0.99849826,0.9161967,4.604659,0.0,0.0,0.109038666,0.6744889,0.74747473,1.0432323,0.9999999,0.40748084,0.23491722,0.35760194,set_9
-8.4400114e-08,0.99784505,1.1307061,0.97474176,2.908989,0.0,0.0,0.109038666,0.6744889,0.94949496,0.9963914,0.9999999,0.3630964,0.23272546,0.40417814,set_9
-1.5907997e-07,1.2434471,1.2492079,1.0683508,1.0821251,0.0,0.0,0.109038666,0.6744889,1.2929292,0.9222027,0.9999999,0.17639123,0.25066495,0.57294375,set_9
-7.06904e-08,1.3604738,1.2564225,1.1099579,0.6838306,0.0,0.0,0.109038666,0.6744889,1.4545455,0.8896381,0.9999999,0.10418816,0.26073486,0.63507694,set_9
-2.8424793e-08,1.5297086,1.2380389,1.1696563,0.3866948,0.0,0.0,0.109038666,0.6744889,1.6969697,0.843646,0.9999999,0.0515217,0.26654434,0.681934,set_9
2.5891314e-08,1.6443708,1.2165995,1.2124183,0.26703936,0.0,0.0,0.109038666,0.6744889,1.8787879,0.81140614,0.9999999,0.03281574,0.2673561,0.6998282,set_9
0.0,0.0,0.12526882,0.6744889,15.5798,0.0,0.0,0.12526882,0.6744889,0.0,1.237127,0.9999999,0.44748452,0.17995402,0.37256148,set_9
-1.8718828e-07,0.5329435,0.7299183,0.8231526,8.062622,0.0,0.0,0.12526882,0.6744889,0.44444442,1.1179293,0.9999999,0.42994508,0.22446752,0.34558743,set_9
-1.931662e-07,0.5976543,0.79299283,0.84228104,7.2859383,0.0,0.0,0.12526882,0.6744889,0.5050505,1.1025587,0.9999999,0.42691758,0.22858511,0.3444973,set_9
-2.0026513e-07,0.777781,0.96049595,0.8981029,5.2208734,0.0,0.0,0.12526882,0.6744889,0.68686867,1.0577749,0.9999999,0.41416,0.23504905,0.35079095,set_9
-2.1857909e-07,1.0129933,1.1548485,0.98046464,2.7469156,0.0,0.0,0.12526882,0.6744889,0.96969694,0.99186194,0.9999999,0.35495308,0.23283695,0.41221,set_9
-2.1966673e-07,1.3314906,1.2677302,1.0997137,0.7545415,0.0,0.0,0.12526882,0.6744889,1.4141414,0.89760315,0.9999999,0.11731498,0.2590287,0.62365633,set_9
-2.718283e-07,1.3756534,1.2662973,1.1150795,0.64363694,0.0,0.0,0.12526882,0.6744889,1.4747474,0.88569576,0.9999999,0.096782446,0.26174697,0.64147055,set_9
-3.529513e-07,1.4482589,1.2591543,1.1402364,0.5079551,0.0,0.0,0.12526882,0.6744889,1.5757575,0.8662364,0.9999999,0.07186583,0.26471493,0.66341925,set_9
-3.6186947e-07,1.530804,1.2473506,1.1696943,0.3871931,0.0,0.0,0.12526882,0.6744889,1.6969697,0.843646,0.9999999,0.051312402,0.2666051,0.6820824,set_9
0.0,0.0,0.114575274,0.6744889,15.5798,0.0,0.0,0.114575274,0.6744889,0.0,1.237127,0.9999999,0.4476047,0.1797482,0.37264717,set_9
-1.8096696e-08,0.15585846,0.30995816,0.7165376,13.143686,0.0,0.0,0.114575274,0.6744889,0.12121212,1.2034572,0.9999999,0.44339117,0.19259135,0.36401755,set_9
-7.594013e-08,0.46567446,0.65418977,0.80375385,8.886433,0.0,0.0,0.114575274,0.6744889,0.38383836,1.1335428,0.9999999,0.43284595,0.21932931,0.34782472,set_9
-1.8477907e-07,0.8116674,0.9868006,0.9102022,4.8006697,0.0,0.0,0.114575274,0.6744889,0.72727275,1.0480244,0.9999999,0.40991342,0.23502672,0.35505986,set_9
-2.1227457e-07,0.89535373,1.064497,0.9399593,3.838477,0.0,0.0,0.114575274,0.6744889,0.8282828,1.024189,0.9999999,0.3941405,0.23400426,0.3718552,set_9
1.7861524e-08,1.3027756,1.2406732,1.0841224,1.0492678,0.0,0.0,0.114575274,0.6744889,1.3535353,0.909806,0.9999999,0.1632317,0.25302172,0.58374655,set_9
7.660162e-08,1.3782408,1.240397,1.1099471,0.84315634,0.0,0.0,0.114575274,0.6744889,1.4545455,0.8896381,0.9999999,0.1232048,0.25866076,0.61813444,set_9
2.9919384e-08,1.6079156,1.2187432,1.1936119,0.4039425,0.0,0.0,0.114575274,0.6744889,1.7979797,0.8254849,0.9999999,0.04571544,0.26698366,0.6873009,set_9
7.612805e-09,1.6571413,1.2096294,1.2124108,0.35098675,0.0,0.0,0.114575274,0.6744889,1.8787879,0.81140614,0.9999999,0.03747936,0.2672722,0.6952484,set_9
0.0,0.0,0.12398944,0.6744889,15.5798,0.0,0.0,0.12398944,0.6744889,0.0,1.237127,0.9999999,0.44749883,0.17992945,0.37257174,set_9
-3.536201e-07,0.5108384,0.7070236,0.8167185,8.331842,0.0,0.0,0.12398944,0.6744889,0.4242424,1.1230792,0.9999999,0.43090668,0.22288327,0.34621006,set_9
-3.5144103e-07,0.59455967,0.7955622,0.84228176,7.2562795,0.0,0.0,0.12398944,0.6744889,0.5050505,1.1025587,0.9999999,0.4269148,0.22856905,0.34451616,set_9
-3.6760477e-07,0.9233606,1.101722,0.951659,3.4648743,0.0,0.0,0.12398944,0.6744889,0.86868685,1.0148691,0.9999999,0.38456956,0.23329562,0.38213482,set_9
-3.8760268e-07,0.99701226,1.1354254,0.9747596,2.952703,0.0,0.0,0.12398944,0.6744889,0.94949496,0.9963914,0.9999999,0.36458033,0.23304316,0.40237653,set_9
-4.4918357e-07,1.1654055,1.1690292,1.0252153,2.1938877,0.0,0.0,0.12398944,0.6744889,1.1313131,0.95623183,0.9999999,0.3099694,0.23648684,0.4535438,set_9
-4.1168522e-07,1.4681529,1.2038789,1.1302335,1.0300618,0.0,0.0,0.12398944,0.6744889,1.5353535,0.87390244,0.9999999,0.13577907,0.2580704,0.60615057,set_9
-3.8972445e-07,1.5456908,1.2050956,1.1599517,0.79876024,0.0,0.0,0.12398944,0.6744889,1.6565657,0.85107636,0.9999999,0.09369544,0.26315343,0.64315116,set_9
-7.7124895e-07,1.7319402,1.1779368,1.2309372,0.53215045,0.0,0.0,0.12398944,0.6744889,1.959596,0.79766905,0.9999999,0.044257924,0.267133,0.68860906,set_9
0.0,0.0,0.1175182,0.6744889,15.5798,0.0,0.0,0.1175182,0.6744889,0.0,1.237127,0.9999999,0.44757164,0.17980494,0.3726234,set_9
-9.031465e-08,0.23050275,0.40073997,0.7371308,12.049759,0.0,0.0,0.1175182,0.6744889,0.18181817,1.187011,0.9999999,0.44108737,0.19919115,0.35972154,set_9
-9.9545645e-08,0.46580797,0.65661895,0.80375135,8.886792,0.0,0.0,0.1175182,0.6744889,0.38383836,1.1335428,0.9999999,0.43281022,0.21938722,0.34780252,set_9
-1.7763418e-07,0.5971325,0.7867212,0.8422766,7.2863884,0.0,0.0,0.1175182,0.6744889,0.5050505,1.1025587,0.9999999,0.42701432,0.22843552,0.34455016,set_9
-2.6464022e-07,0.71993244,0.9017844,0.87975174,5.8707957,0.0,0.0,0.1175182,0.6744889,0.6262626,1.0724512,0.9999999,0.41945368,0.2337933,0.34675306,set_9
-1.7825096e-07,0.97354484,1.1337092,0.9690132,2.9886687,0.0,0.0,0.1175182,0.6744889,0.9292929,1.0009452,0.9999999,0.36736375,0.2325567,0.4000796,set_9
-1.7182217e-07,1.0492525,1.1853561,0.9974287,2.2871213,0.0,0.0,0.1175182,0.6744889,1.030303,0.97829276,0.9999999,0.32640317,0.23343202,0.4401648,set_9
-1.8693805e-07,1.0947816,1.2086092,1.0141709,1.9390755,0.0,0.0,0.1175182,0.6744889,1.090909,0.96502846,0.9999999,0.29538086,0.23581235,0.4688067,set_9
-6.346e-07,1.6911962,1.2031384,1.2263699,0.3241872,0.0,0.0,0.1175182,0.6744889,1.939394,0.8010362,0.9999999,0.032876287,0.26730475,0.69981897,set_9
0.0,0.0,0.10587375,0.6744889,15.5798,0.0,0.0,0.10587375,0.6744889,0.0,1.237127,0.9999999,0.44770253,0.17958078,0.37271664,set_9
-7.05311e-08,0.13039894,0.27098483,0.70961016,13.525577,0.0,0.0,0.10587375,0.6744889,0.1010101,1.2090302,0.9999999,0.4442268,0.19023935,0.36553386,set_9
-5.451038e-08,0.20558585,0.36131984,0.7302985,12.405677,0.0,0.0,0.10587375,0.6744889,0.16161615,1.1924764,0.9999999,0.44199383,0.19677804,0.3612281,set_9
9.320473e-09,0.326593,0.4993187,0.76415104,10.700991,0.0,0.0,0.10587375,0.6744889,0.26262626,1.1653299,0.9999999,0.43805343,0.20749871,0.3544478,set_9
-1.7361792e-07,0.55345243,0.7355485,0.8295519,7.798484,0.0,0.0,0.10587375,0.6744889,0.46464646,1.112811,0.9999999,0.42921245,0.22555482,0.34523273,set_9
-2.7164486e-07,0.61736214,0.79755557,0.8485902,7.0386887,0.0,0.0,0.10587375,0.6744889,0.5252525,1.0974694,0.9999999,0.42606908,0.22938344,0.34454754,set_9
2.2354271e-08,0.94138527,1.0989314,0.95745975,3.322785,0.0,0.0,0.10587375,0.6744889,0.8888889,1.0102192,0.9999999,0.38012296,0.2329112,0.38696584,set_9
-7.4713137e-07,1.2629265,1.2238034,1.068368,1.2736869,0.0,0.0,0.10587375,0.6744889,1.2929292,0.9222027,0.9999999,0.2005047,0.24790898,0.55158633,set_9
-1.0464456e-06,1.5216784,1.2228609,1.159966,0.56709075,0.0,0.0,0.10587375,0.6744889,1.6565657,0.85107636,0.9999999,0.070237055,0.26509008,0.66467285,set_9
0.0,0.0,0.12307722,0.6744889,15.5798,0.0,0.0,0.12307722,0.6744889,0.0,1.237127,0.9999999,0.44750917,0.17991184,0.372579,set_9
-2.0850659e-07,0.63960147,0.83088744,0.8548962,6.7964973,0.0,0.0,0.12307722,0.6744889,0.5454545,1.0924389,0.9999999,0.42471185,0.23077288,0.34451526,set_9
-1.9884874e-07,0.7005861,0.88793904,0.87358725,6.0944347,0.0,0.0,0.12307722,0.6744889,0.60606056,1.0774199,0.9999999,0.4208512,0.2332842,0.3458646,set_9
-1.675956e-07,0.8676713,1.0383931,0.928133,4.23133,0.0,0.0,0.12307722,0.6744889,0.78787875,1.0337013,0.9999999,0.40155512,0.23487267,0.3635722,set_9
-2.1439486e-07,0.9343044,1.0944064,0.9516642,3.5217595,0.0,0.0,0.12307722,0.6744889,0.86868685,1.0148691,0.9999999,0.38567752,0.23369093,0.38063154,set_9
-3.7904206e-07,1.0416678,1.1746428,0.9918254,2.4611096,0.0,0.0,0.12307722,0.6744889,1.010101,0.9827792,0.9999999,0.33803314,0.23314667,0.42882025,set_9
-4.3098098e-07,1.4762641,1.2492459,1.150157,0.502509,0.0,0.0,0.12307722,0.6744889,1.6161616,0.8585641,0.9999999,0.06780137,0.2652024,0.66699624,set_9
-4.5554532e-07,1.660077,1.2127528,1.2171261,0.32934296,0.0,0.0,0.12307722,0.6744889,1.8989899,0.807915,0.9999999,0.03522432,0.2673394,0.69743633,set_9
-5.396452e-07,1.6953768,1.2053525,1.2309567,0.29867813,0.0,0.0,0.12307722,0.6744889,1.959596,0.79766905,0.9999999,0.030653939,0.26731065,0.7020354,set_9
0.0,0.0,0.110083416,0.6744889,15.5798,0.0,0.0,0.110083416,0.6744889,0.0,1.237127,0.9999999,0.44765526,0.17966184,0.37268293,set_9
2.2942983e-08,0.10492231,0.24353525,0.7026505,13.916712,0.0,0.0,0.110083416,0.6744889,0.08080807,1.2146494,0.9999999,0.44489852,0.18815666,0.36694485,set_9
1.1194591e-08,0.22925799,0.39556956,0.73712903,12.036122,0.0,0.0,0.110083416,0.6744889,0.18181817,1.187011,0.9999999,0.44117653,0.19907776,0.35974577,set_9
-1.2289523e-07,0.6170287,0.80310917,0.8485948,7.0214295,0.0,0.0,0.110083416,0.6744889,0.5252525,1.0974694,0.9999999,0.4259869,0.22948395,0.34452918,set_9
-1.9337159e-07,0.68085206,0.85902876,0.86737776,6.3257723,0.0,0.0,0.110083416,0.6744889,0.5858586,1.0824397,0.9999999,0.42236826,0.23234753,0.34528416,set_9
-3.3909404e-07,0.97039586,1.1054662,0.9632687,3.236917,0.0,0.0,0.110083416,0.6744889,0.9090909,1.005552,0.9999999,0.37630266,0.23320465,0.39049274,set_9
-4.3244785e-07,1.3213754,1.2551402,1.094577,0.8234451,0.0,0.0,0.110083416,0.6744889,1.3939394,0.9016767,0.9999999,0.12876372,0.25746018,0.6137761,set_9
-4.4473833e-07,1.546183,1.2362523,1.1745529,0.3725312,0.0,0.0,0.110083416,0.6744889,1.7171717,0.8399319,0.9999999,0.048924915,0.26672927,0.6843458,set_9
-4.5680108e-07,1.6105235,1.224494,1.1984153,0.30280343,0.0,0.0,0.110083416,0.6744889,1.8181818,0.8218912,0.9999999,0.03794302,0.26727173,0.6947853,set_9
0.0,0.0,0.11352946,0.6744889,15.5798,0.0,0.0,0.11352946,0.6744889,0.0,1.237127,0.9999999,0.44761643,0.17972812,0.37265548,set_9
-1.0508752e-07,0.13052776,0.27826414,0.70961016,13.525609,0.0,0.0,0.11352946,0.6744889,0.1010101,1.2090302,0.9999999,0.44413683,0.19039324,0.36546996,set_9
-1.9590611e-07,0.44199353,0.63202524,0.7972207,9.156757,0.0,0.0,0.11352946,0.6744889,0.36363634,1.1387749,0.9999999,0.43373546,0.21755533,0.3487092,set_9
-1.6655669e-07,0.55335236,0.74348736,0.8295496,7.7850327,0.0,0.0,0.11352946,0.6744889,0.46464646,1.112811,0.9999999,0.42910248,0.2257322,0.3451653,set_9
-1.2953509e-09,0.86936164,1.0286905,0.9281403,4.2536635,0.0,0.0,0.11352946,0.6744889,0.78787875,1.0337013,0.9999999,0.40191844,0.23485222,0.36322936,set_9
4.915498e-08,0.96679807,1.1107423,0.9632687,3.2129927,0.0,0.0,0.11352946,0.6744889,0.9090909,1.005552,0.9999999,0.37563935,0.23309529,0.39126533,set_9
6.051633e-08,1.0276446,1.1558886,0.98615724,2.615845,0.0,0.0,0.11352946,0.6744889,0.989899,0.9873282,0.9999999,0.34768528,0.2328311,0.41948366,set_9
-3.5954216e-07,1.304441,1.2578241,1.0893847,0.8605912,0.0,0.0,0.11352946,0.6744889,1.3737373,0.9057464,0.9999999,0.13618295,0.25640896,0.6074081,set_9
-3.965042e-07,1.4345813,1.2540642,1.1352712,0.5304364,0.0,0.0,0.11352946,0.6744889,1.5555555,0.8700615,0.9999999,0.07620039,0.2641957,0.6596039,set_9
0.0,0.0,0.11385198,0.6744889,15.5798,0.0,0.0,0.11385198,0.6744889,0.0,1.237127,0.9999999,0.44761288,0.17973432,0.37265286,set_9
-1.0403378e-07,0.2303945,0.39738303,0.7371308,12.049734,0.0,0.0,0.11385198,0.6744889,0.18181817,1.187011,0.9999999,0.4411316,0.19911593,0.35975257,set_9
-1.4815666e-07,0.5968659,0.78377974,0.84227675,7.286324,0.0,0.0,0.11385198,0.6744889,0.5050505,1.1025587,0.9999999,0.42705992,0.22836486,0.34457526,set_9
-2.1831553e-07,0.6998224,0.88076097,0.8735782,6.0947475,0.0,0.0,0.11385198,0.6744889,0.60606056,1.0774199,0.9999999,0.42096674,0.23311836,0.3459149,set_9
-2.6780722e-07,0.89552027,1.0645547,0.93994224,3.8341565,0.0,0.0,0.11385198,0.6744889,0.8282828,1.024189,0.9999999,0.39406887,0.233978,0.3719532,set_9
-2.9424064e-07,1.0638971,1.1914164,1.0030352,2.1638417,0.0,0.0,0.11385198,0.6744889,1.0505049,0.973858,0.9999999,0.31651014,0.23402444,0.44946542,set_9
-2.7970282e-07,1.233785,1.242627,1.0630566,1.2058287,0.0,0.0,0.11385198,0.6744889,1.2727273,0.92638826,0.9999999,0.19491191,0.2482674,0.55682063,set_9
-2.4957473e-07,1.3892097,1.2405651,1.1150987,0.79677916,0.0,0.0,0.11385198,0.6744889,1.4747474,0.88569576,0.9999999,0.11509049,0.25971487,0.62519467,set_9
-2.6201425e-07,1.4746642,1.2342963,1.1452177,0.6183255,0.0,0.0,0.11385198,0.6744889,1.5959595,0.8623983,0.9999999,0.08115128,0.263928,0.65492076,set_9
0.0,0.0,0.10916561,0.6744889,15.5798,0.0,0.0,0.10916561,0.6744889,0.0,1.237127,0.9999999,0.44766554,0.17964412,0.37269035,set_9
-1.1193554e-07,0.2546582,0.42123497,0.74393266,11.701374,0.0,0.0,0.10916561,0.6744889,0.2020202,1.1815249,0.9999999,0.44041023,0.20118561,0.35840416,set_9
-1.9303627e-07,0.4647781,0.6505587,0.80376107,8.878628,0.0,0.0,0.10916561,0.6744889,0.38383836,1.1335428,0.9999999,0.43291098,0.21923651,0.3478525,set_9
-1.5882515e-07,0.69912374,0.8777354,0.87357575,6.089968,0.0,0.0,0.10916561,0.6744889,0.60606056,1.0774199,0.9999999,0.42101225,0.23302977,0.34595796,set_9
-1.1691161e-07,0.75813913,0.93065333,0.8920053,5.43666,0.0,0.0,0.10916561,0.6744889,0.6666667,1.0626575,0.9999999,0.4162542,0.23452783,0.34921795,set_9
-4.112955e-08,1.141023,1.2210395,1.0306835,1.641624,0.0,0.0,0.10916561,0.6744889,1.1515151,0.951916,0.9999999,0.26125935,0.23939708,0.49934354,set_9
-8.374936e-08,1.2137856,1.2440412,1.0577021,1.2158549,0.0,0.0,0.10916561,0.6744889,1.2525252,0.9305653,0.9999999,0.19918363,0.24744771,0.5533687,set_9
-2.162242e-07,1.3905331,1.2539834,1.1201072,0.62516904,0.0,0.0,0.10916561,0.6744889,1.4949495,0.8817419,0.9999999,0.092768505,0.26222497,0.6450065,set_9
-2.3937264e-07,1.5947094,1.22665,1.1936022,0.3127626,0.0,0.0,0.10916561,0.6744889,1.7979797,0.8254849,0.9999999,0.03977931,0.26721308,0.6930076,set_9
0.0,0.0,0.118544154,0.6744889,15.5798,0.0,0.0,0.118544154,0.6744889,0.0,1.237127,0.9999999,0.44756007,0.17982464,0.37261525,set_9
-1.98672e-09,0.15593827,0.31369588,0.7165376,13.143704,0.0,0.0,0.118544154,0.6744889,0.12121212,1.2034572,0.9999999,0.4433442,0.19267163,0.3639841,set_9
1.3922127e-07,0.27924848,0.4572782,0.7507041,11.360252,0.0,0.0,0.118544154,0.6744889,0.22222221,1.1760731,0.9999999,0.43950662,0.20353249,0.35696086,set_9
2.236842e-07,0.37417907,0.56155777,0.7774768,10.070124,0.0,0.0,0.118544154,0.6744889,0.30303028,1.1546115,0.9999999,0.4362465,0.21185122,0.35190228,set_9
-4.5689808e-07,0.61831987,0.8076572,0.84859073,7.038852,0.0,0.0,0.118544154,0.6744889,0.5252525,1.0974694,0.9999999,0.42591143,0.22962523,0.34446335,set_9
-6.745462e-07,1.0268294,1.1614715,0.9861427,2.598904,0.0,0.0,0.118544154,0.6744889,0.989899,0.9873282,0.9999999,0.34680095,0.23284309,0.420356,set_9
-3.6902287e-07,1.1835244,1.2444382,1.046958,1.3554306,0.0,0.0,0.118544154,0.6744889,1.2121212,0.9390081,0.9999999,0.22163473,0.2443946,0.5339707,set_9
-3.7179197e-07,1.3139629,1.2684504,1.0945143,0.757471,0.0,0.0,0.118544154,0.6744889,1.3939394,0.9016767,0.9999999,0.12039112,0.25847155,0.6211374,set_9
-3.8874794e-07,1.6294497,1.2127784,1.2077628,0.36800623,0.0,0.0,0.118544154,0.6744889,1.8585858,0.81488013,0.9999999,0.03996402,0.26724672,0.69278926,set_9
0.0,0.0,0.10754986,0.6744889,15.5798,0.0,0.0,0.10754986,0.6744889,0.0,1.237127,0.9999999,0.4476836,0.17961308,0.37270328,set_9
-1.0997988e-07,0.37354675,0.5518728,0.7774703,10.071217,0.0,0.0,0.10754986,0.6744889,0.30303028,1.1546115,0.9999999,0.43638492,0.21161737,0.35199776,set_9
-8.096683e-08,0.50967115,0.6936927,0.8167083,8.329504,0.0,0.0,0.10754986,0.6744889,0.4242424,1.1230792,0.9999999,0.43111008,0.22255835,0.34633163,set_9
-1.387729e-07,1.1108634,1.2079418,1.0197202,1.8393445,0.0,0.0,0.10754986,0.6744889,1.111111,0.96059793,0.9999999,0.28481242,0.23678818,0.47839934,set_9
-1.4795634e-07,1.1537207,1.2271409,1.0361589,1.5337403,0.0,0.0,0.10754986,0.6744889,1.1717172,0.9476215,0.9999999,0.24751619,0.24098717,0.5114966,set_9
-2.7315883e-07,1.255431,1.2527324,1.0736578,1.0007532,0.0,0.0,0.10754986,0.6744889,1.3131312,0.9180098,0.9999999,0.16305214,0.25249344,0.5844544,set_9
-5.5341116e-07,1.4178483,1.2514031,1.1302495,0.56011295,0.0,0.0,0.10754986,0.6744889,1.5353535,0.87390244,0.9999999,0.081475444,0.2635756,0.6549489,set_9
-5.555779e-07,1.4603133,1.246889,1.1452075,0.48466805,0.0,0.0,0.10754986,0.6744889,1.5959595,0.8623983,0.9999999,0.06815133,0.2650474,0.6668013,set_9
-6.2135763e-07,1.690771,1.2055196,1.2309439,0.22877383,0.0,0.0,0.10754986,0.6744889,1.959596,0.79766905,0.9999999,0.027329456,0.26726225,0.7054082,set_9
0.0,0.0,0.11040577,0.6744889,15.5798,0.0,0.0,0.11040577,0.6744889,0.0,1.237127,0.9999999,0.4476516,0.17966802,0.37268037,set_9
-5.3390245e-08,0.30288744,0.47683406,0.75744057,11.027792,0.0,0.0,0.11040577,0.6744889,0.24242423,1.1706843,0.9999999,0.43880853,0.20548783,0.35570362,set_9
7.260282e-08,0.86709297,1.0281209,0.9281253,4.2396154,0.0,0.0,0.11040577,0.6744889,0.78787875,1.0337013,0.9999999,0.40181422,0.2347226,0.3634631,set_9
7.941813e-08,0.9165309,1.0716722,0.94581056,3.694504,0.0,0.0,0.11040577,0.6744889,0.8484848,1.0195161,0.9999999,0.39049682,0.23384012,0.37566307,set_9
1.2763836e-07,1.0810575,1.1951509,1.0086108,2.0622191,0.0,0.0,0.11040577,0.6744889,1.070707,0.9694461,0.9999999,0.30723262,0.23476431,0.45800304,set_9
1.2129986e-07,1.1391153,1.2232585,1.03068,1.6298077,0.0,0.0,0.11040577,0.6744889,1.1515151,0.951916,0.9999999,0.2600913,0.23949547,0.50041324,set_9
3.904522e-08,1.2721694,1.2540861,1.0789055,0.9608016,0.0,0.0,0.11040577,0.6744889,1.3333333,0.9138843,0.9999999,0.15490463,0.25372526,0.59137017,set_9
-5.3054094e-10,1.3171425,1.2559581,1.0945522,0.8172798,0.0,0.0,0.11040577,0.6744889,1.3939394,0.9016767,0.9999999,0.12815693,0.25752005,0.614323,set_9
-7.3259926e-08,1.4345982,1.2492796,1.135258,0.5536063,0.0,0.0,0.11040577,0.6744889,1.5555555,0.8700615,0.9999999,0.078677855,0.26395124,0.6573709,set_9
0.0,0.0,0.11095017,0.6744889,15.5798,0.0,0.0,0.11095017,0.6744889,0.0,1.237127,0.9999999,0.4476455,0.17967845,0.3726761,set_9
1.4499206e-08,0.10493402,0.24436745,0.7026505,13.916714,0.0,0.0,0.11095017,0.6744889,0.08080807,1.2146494,0.9999999,0.44488832,0.18817396,0.36693776,set_9
-6.0064295e-08,0.30302602,0.4777363,0.7574376,11.024351,0.0,0.0,0.11095017,0.6744889,0.24242423,1.1706843,0.9999999,0.43879732,0.20551579,0.35568687,set_9
9.0094574e-08,0.67979985,0.85968614,0.8673867,6.3250628,0.0,0.0,0.11095017,0.6744889,0.5858586,1.0824397,0.9999999,0.4223718,0.23234352,0.3452847,set_9
1.0083315e-07,0.73919904,0.91429377,0.88590956,5.653324,0.0,0.0,0.11095017,0.6744889,0.64646465,1.06754,0.9999999,0.41795644,0.23417877,0.34786487,set_9
8.396122e-08,0.83254725,0.9973919,0.9162117,4.6251316,0.0,0.0,0.11095017,0.6744889,0.74747473,1.0432323,0.9999999,0.40761152,0.23504817,0.35734028,set_9
6.446915e-08,1.0418614,1.1653322,0.99181896,2.469542,0.0,0.0,0.11095017,0.6744889,1.010101,0.9827792,0.9999999,0.33867395,0.23302661,0.42829946,set_9
3.919964e-08,1.2405465,1.2539833,1.0683856,1.052596,0.0,0.0,0.11095017,0.6744889,1.2929292,0.9222027,0.9999999,0.17255542,0.25112882,0.57631576,set_9
1.556104e-07,1.6790208,1.2031076,1.2263626,0.29128453,0.0,0.0,0.11095017,0.6744889,1.939394,0.8010362,0.9999999,0.031352654,0.26731738,0.70133,set_9
0.0,0.0,0.10272463,0.6744889,15.5798,0.0,0.0,0.10272463,0.6744889,0.0,1.237127,0.9999999,0.44773787,0.1795202,0.37274194,set_9
4.3539583e-08,0.10482248,0.23646943,0.7026505,13.916685,0.0,0.0,0.10272463,0.6744889,0.08080807,1.2146494,0.9999999,0.44498423,0.18800986,0.36700594,set_9
-9.882104e-08,0.57433486,0.75582224,0.8359319,7.5263004,0.0,0.0,0.10272463,0.6744889,0.48484847,1.1076956,0.9999999,0.42822573,0.22689697,0.3448773,set_9
2.4446882e-08,0.77907103,0.9405635,0.8981147,5.2448654,0.0,0.0,0.10272463,0.6744889,0.68686867,1.0577749,0.9999999,0.41453755,0.234764,0.35069838,set_9
-5.6831244e-08,1.130248,1.2069725,1.0252306,1.7716427,0.0,0.0,0.10272463,0.6744889,1.1313131,0.95623183,0.9999999,0.2763352,0.23777626,0.48588857,set_9
3.9162238e-08,1.2450886,1.2445127,1.0683684,1.0881982,0.0,0.0,0.10272463,0.6744889,1.2929292,0.9222027,0.9999999,0.17726418,0.2505289,0.5722069,set_9
7.3014675e-08,1.288421,1.2507116,1.084147,0.9064436,0.0,0.0,0.10272463,0.6744889,1.3535353,0.909806,0.9999999,0.14514196,0.25507683,0.5997812,set_9
5.5195635e-08,1.3758187,1.2523444,1.115077,0.6461213,0.0,0.0,0.10272463,0.6744889,1.4747474,0.88569576,0.9999999,0.09752411,0.26156962,0.6409062,set_9
1.365916e-07,1.4751695,1.2434635,1.150137,0.45381665,0.0,0.0,0.10272463,0.6744889,1.6161616,0.8585641,0.9999999,0.0635669,0.26547644,0.6709567,set_9
0.0,0.0,0.10871723,0.6744889,15.5798,0.0,0.0,0.10871723,0.6744889,0.0,1.237127,0.9999999,0.44767058,0.17963554,0.37269396,set_9
5.578247e-08,0.15574083,0.30444145,0.7165376,13.143657,0.0,0.0,0.10871723,0.6744889,0.12121212,1.2034572,0.9999999,0.4434604,0.19247282,0.3640668,set_9
7.449335e-08,0.27886716,0.4486255,0.7507033,11.358653,0.0,0.0,0.10871723,0.6744889,0.22222221,1.1760731,0.9999999,0.43962523,0.20333546,0.35703927,set_9
-1.6007141e-07,1.1580151,1.2230026,1.0361328,1.5743475,0.0,0.0,0.10871723,0.6744889,1.1717172,0.9476215,0.9999999,0.25174168,0.24062252,0.5076358,set_9
-3.037413e-07,1.3937901,1.2511443,1.1201288,0.6463839,0.0,0.0,0.10871723,0.6744889,1.4949495,0.8817419,0.9999999,0.09510065,0.26198253,0.64291686,set_9
-2.9431803e-07,1.4644277,1.245324,1.1451707,0.50421333,0.0,0.0,0.10871723,0.6744889,1.5959595,0.8623983,0.9999999,0.06989642,0.26490438,0.6651992,set_9
-3.0193704e-07,1.5588729,1.2316562,1.1793098,0.36946756,0.0,0.0,0.10871723,0.6744889,1.7373737,0.8362865,0.9999999,0.047384422,0.26683462,0.685781,set_9
-3.2124834e-07,1.6100662,1.2222595,1.1983519,0.31456694,0.0,0.0,0.10871723,0.6744889,1.8181818,0.8218912,0.9999999,0.038717262,0.2672459,0.69403684,set_9
-3.3360286e-07,1.6591012,1.2122926,1.2170693,0.27037472,0.0,0.0,0.10871723,0.6744889,1.8989899,0.807915,0.9999999,0.032008357,0.26734123,0.70065045,set_9
0.0,0.0,0.10125162,0.6744889,15.5798,0.0,0.0,0.10125162,0.6744889,0.0,1.237127,0.9999999,0.4477545,0.17949182,0.37275365,set_9
-2.592045e-09,0.10480262,0.23505487,0.7026505,13.916681,0.0,0.0,0.10125162,0.6744889,0.08080807,1.2146494,0.9999999,0.44500136,0.18798046,0.36701822,set_9
-4.5574247e-08,0.44228566,0.61952454,0.7972268,9.173674,0.0,0.0,0.10125162,0.6744889,0.36363634,1.1387749,0.9999999,0.43389693,0.217257,0.34884605,set_9
-3.7892804e-07,0.90605414,1.0726177,0.9458073,3.6313307,0.0,0.0,0.10125162,0.6744889,0.8484848,1.0195161,0.9999999,0.38953334,0.23329291,0.37717372,set_9
-2.546241e-07,1.11992,1.1893258,1.0197086,1.956881,0.0,0.0,0.10125162,0.6744889,1.111111,0.96059793,0.9999999,0.29480964,0.23619515,0.4689952,set_9
-1.640742e-07,1.1699692,1.2008326,1.0361522,1.715033,0.0,0.0,0.10125162,0.6744889,1.1717172,0.9476215,0.9999999,0.26605552,0.23938592,0.49455848,set_9
4.0552393e-08,1.2691978,1.211358,1.0683769,1.3509188,0.0,0.0,0.10125162,0.6744889,1.2929292,0.9222027,0.9999999,0.21003827,0.24684732,0.5431144,set_9
1.6253512e-07,1.6417803,1.1978064,1.2031089,0.44972968,0.0,0.0,0.10125162,0.6744889,1.8383838,0.8183656,0.9999999,0.046466175,0.2669423,0.68659157,set_9
1.6874391e-07,1.6779096,1.1914203,1.2171171,0.40880483,0.0,0.0,0.10125162,0.6744889,1.8989899,0.807915,0.9999999,0.040037524,0.26716992,0.6927926,set_9
0.0,0.0,0.11274147,0.6744889,15.5798,0.0,0.0,0.11274147,0.6744889,0.0,1.237127,0.9999999,0.44762528,0.17971298,0.37266174,set_9
-9.048348e-09,0.07914189,0.2139236,0.6956585,14.317346,0.0,0.0,0.11274147,0.6744889,0.06060606,1.2202688,0.9999999,0.44557643,0.1860556,0.36836794,set_9
-7.4464076e-08,0.32681882,0.50629467,0.76414907,10.693689,0.0,0.0,0.11274147,0.6744889,0.26262626,1.1653299,0.9999999,0.4379625,0.20767112,0.35436636,set_9
-5.983713e-08,0.46557805,0.65350366,0.8037539,8.8797,0.0,0.0,0.11274147,0.6744889,0.38383836,1.1335428,0.9999999,0.43285984,0.21931732,0.34782282,set_9
-2.0038009e-08,0.8858856,1.0425801,0.9340558,4.0711107,0.0,0.0,0.11274147,0.6744889,0.8080808,1.0289164,0.9999999,0.3986264,0.23459986,0.36677372,set_9
3.2958127e-07,1.2551599,1.2583163,1.073644,0.9824238,0.0,0.0,0.11274147,0.6744889,1.3131312,0.9180098,0.9999999,0.16048184,0.25283772,0.5866804,set_9
3.57755e-07,1.3574302,1.2639806,1.109973,0.64069986,0.0,0.0,0.11274147,0.6744889,1.4545455,0.8896381,0.9999999,0.09905551,0.2613138,0.6396307,set_9
3.2862232e-07,1.5254277,1.2439355,1.169678,0.35524112,0.0,0.0,0.11274147,0.6744889,1.6969697,0.843646,0.9999999,0.04911815,0.2667015,0.6841804,set_9
1.5174926e-07,1.7008374,1.2002826,1.2355007,0.26300582,0.0,0.0,0.11274147,0.6744889,1.979798,0.794312,0.9999999,0.02816432,0.26725388,0.70458186,set_9
0.0,0.0,0.11601095,0.6744889,15.5798,0.0,0.0,0.11601095,0.6744889,0.0,1.237127,0.9999999,0.44758853,0.17977583,0.37263557,set_9
-5.8186362e-08,0.2058225,0.37065506,0.7302976,12.406061,0.0,0.0,0.11601095,0.6744889,0.16161615,1.1924764,0.9999999,0.4418729,0.19698359,0.3611435,set_9
1.7108455e-08,0.44309226,0.63208234,0.7972234,9.173393,0.0,0.0,0.11601095,0.6744889,0.36363634,1.1387749,0.9999999,0.43371293,0.21756023,0.34872678,set_9
-2.9789118e-07,1.0799078,1.1998461,1.0086198,2.0542781,0.0,0.0,0.11601095,0.6744889,1.070707,0.9694461,0.9999999,0.30657113,0.23483339,0.45859545,set_9
-2.3573551e-07,1.3761086,1.2412883,1.1099998,0.8418865,0.0,0.0,0.11601095,0.6744889,1.4545455,0.8896381,0.9999999,0.12311079,0.2586722,0.61821693,set_9
-2.2054832e-07,1.448569,1.2365826,1.1352669,0.68493295,0.0,0.0,0.11601095,0.6744889,1.5555555,0.8700615,0.9999999,0.0924887,0.26264662,0.64486474,set_9
-2.0080606e-07,1.4896246,1.2336353,1.1501585,0.59779537,0.0,0.0,0.11601095,0.6744889,1.6161616,0.8585641,0.9999999,0.076986834,0.2644007,0.6586125,set_9
-1.7910803e-07,1.5430597,1.2275913,1.1697105,0.50517565,0.0,0.0,0.11601095,0.6744889,1.6969697,0.843646,0.9999999,0.061074708,0.26593718,0.67298806,set_9
-3.328323e-07,1.7037483,1.1991528,1.2309544,0.32024154,0.0,0.0,0.11601095,0.6744889,1.959596,0.79766905,0.9999999,0.031723253,0.26728055,0.7009962,set_9
0.0,0.0,0.107575715,0.6744889,15.5798,0.0,0.0,0.107575715,0.6744889,0.0,1.237127,0.9999999,0.44768333,0.17961358,0.3727031,set_9
-4.8365024e-07,0.7612188,0.92592204,0.892014,5.4653225,0.0,0.0,0.107575715,0.6744889,0.6666667,1.0626575,0.9999999,0.41637745,0.23458691,0.34903556,set_9
-3.6975382e-07,0.9049741,1.0500236,0.93994355,3.9168754,0.0,0.0,0.107575715,0.6744889,0.8282828,1.024189,0.9999999,0.39537865,0.2343913,0.37023005,set_9
-3.248929e-07,0.9702693,1.1019251,0.9632556,3.2510192,0.0,0.0,0.107575715,0.6744889,0.9090909,1.005552,0.9999999,0.37674695,0.2332351,0.3900179,set_9
-5.3079975e-07,1.1316344,1.2099568,1.02522,1.7739353,0.0,0.0,0.107575715,0.6744889,1.1313131,0.95623183,0.9999999,0.2764,0.23782566,0.48577425,set_9
-7.9939224e-07,1.3301753,1.2591214,1.099734,0.73611397,0.0,0.0,0.107575715,0.6744889,1.4141414,0.89760315,0.9999999,0.11542752,0.25915977,0.6254127,set_9
-7.740153e-07,1.4173913,1.2547772,1.1302539,0.53342927,0.0,0.0,0.107575715,0.6744889,1.5353535,0.87390244,0.9999999,0.07864688,0.26384982,0.6575033,set_9
-8.390929e-07,1.5014074,1.2442315,1.1599771,0.3989988,0.0,0.0,0.107575715,0.6744889,1.6565657,0.85107636,0.9999999,0.055511314,0.26620105,0.6782876,set_9
-8.716648e-07,1.5549223,1.2353528,1.1793602,0.33335352,0.0,0.0,0.107575715,0.6744889,1.7373737,0.8362865,0.9999999,0.04484186,0.2669632,0.68819493,set_9
0.0,0.0,0.10988916,0.6744889,15.5798,0.0,0.0,0.10988916,0.6744889,0.0,1.237127,0.9999999,0.44765735,0.17965806,0.37268457,set_9
-8.858755e-08,0.20566073,0.3649978,0.7302976,12.406019,0.0,0.0,0.10988916,0.6744889,0.16161615,1.1924764,0.9999999,0.4419462,0.1968584,0.3611954,set_9
-2.0933577e-08,0.48776537,0.67302895,0.81024563,8.606247,0.0,0.0,0.10988916,0.6744889,0.4040404,1.1282892,0.9999999,0.43200362,0.22095619,0.34704018,set_9
-4.210877e-07,0.8929601,1.0639809,0.9399428,3.8152301,0.0,0.0,0.10988916,0.6744889,0.8282828,1.024189,0.9999999,0.39382753,0.23380657,0.3723659,set_9
-3.944259e-07,1.0017289,1.152509,0.98045886,2.677409,0.0,0.0,0.10988916,0.6744889,0.96969694,0.99186194,0.9999999,0.35235023,0.23234373,0.415306,set_9
-4.1738355e-07,1.157603,1.2227217,1.036144,1.5823646,0.0,0.0,0.10988916,0.6744889,1.1717172,0.9476215,0.9999999,0.25260493,0.24054669,0.5068484,set_9
-5.309968e-07,1.3798676,1.2312503,1.1099935,0.89305115,0.0,0.0,0.10988916,0.6744889,1.4545455,0.8896381,0.9999999,0.1296748,0.25790337,0.6124218,set_9
-5.46096e-07,1.5590171,1.2179216,1.1745365,0.52085286,0.0,0.0,0.10988916,0.6744889,1.7171717,0.8399319,0.9999999,0.060891718,0.26598147,0.6731268,set_9
-4.93336e-07,1.6224592,1.2083681,1.198399,0.4334615,0.0,0.0,0.10988916,0.6744889,1.8181818,0.8218912,0.9999999,0.046613242,0.2669495,0.6864373,set_9
0.0,0.0,0.11264096,0.6744889,15.5798,0.0,0.0,0.11264096,0.6744889,0.0,1.237127,0.9999999,0.4476264,0.179711,0.37266254,set_9
1.1208061e-08,0.30297396,0.4788258,0.75744057,11.027815,0.0,0.0,0.11264096,0.6744889,0.24242423,1.1706843,0.9999999,0.4387812,0.20553404,0.35568476,set_9
-2.2767537e-08,0.4654672,0.6526267,0.8037515,8.885811,0.0,0.0,0.11264096,0.6744889,0.38383836,1.1335428,0.9999999,0.4328705,0.21929029,0.34783918,set_9
-5.2350693e-08,0.65918744,0.84242404,0.8611401,6.555245,0.0,0.0,0.11264096,0.6744889,0.56565654,1.0874386,0.9999999,0.42362857,0.2315301,0.34484133,set_9
-3.2880276e-08,0.81426704,0.98320216,0.91019297,4.818997,0.0,0.0,0.11264096,0.6744889,0.72727275,1.0480244,0.9999999,0.410044,0.23508754,0.3548684,set_9
-2.600813e-07,1.0955974,1.2047313,1.0141673,1.9443614,0.0,0.0,0.11264096,0.6744889,1.090909,0.96502846,0.9999999,0.29587916,0.23574764,0.46837324,set_9
1.0973903e-07,1.3322518,1.2572784,1.0997195,0.7761538,0.0,0.0,0.11264096,0.6744889,1.4141414,0.89760315,0.9999999,0.120314024,0.25862023,0.6210658,set_9
2.5794705e-07,1.5832876,1.229216,1.1889112,0.34015885,0.0,0.0,0.11264096,0.6744889,1.7777778,0.8290916,0.9999999,0.04273092,0.26710013,0.690169,set_9
3.622394e-07,1.6333979,1.2194993,1.2077922,0.29066697,0.0,0.0,0.11264096,0.6744889,1.8585858,0.81488013,0.9999999,0.03510767,0.26733917,0.6975532,set_9
0.0,0.0,0.10282396,0.6744889,15.5798,0.0,0.0,0.10282396,0.6744889,0.0,1.237127,0.9999999,0.44773674,0.17952211,0.37274113,set_9
1.4163528e-07,0.15562263,0.2988919,0.7165376,13.143626,0.0,0.0,0.10282396,0.6744889,0.12121212,1.2034572,0.9999999,0.44352993,0.19235364,0.36411643,set_9
2.5535066e-08,0.30266485,0.47019172,0.7574378,11.026752,0.0,0.0,0.10282396,0.6744889,0.24242423,1.1706843,0.9999999,0.43889967,0.20533627,0.35576403,set_9
-3.865736e-09,0.4649886,0.6443413,0.80375165,8.886078,0.0,0.0,0.10282396,0.6744889,0.38383836,1.1335428,0.9999999,0.43299213,0.2190911,0.34791678,set_9
3.0610832e-07,0.6380259,0.8150394,0.85489154,6.794971,0.0,0.0,0.10282396,0.6744889,0.5454545,1.0924389,0.9999999,0.42496026,0.23039356,0.34464625,set_9
3.7660388e-07,0.77543104,0.94368666,0.8981121,5.2193975,0.0,0.0,0.10282396,0.6744889,0.68686867,1.0577749,0.9999999,0.41443667,0.23466408,0.35089925,set_9
3.048558e-07,1.0664803,1.1792746,1.0030658,2.2018406,0.0,0.0,0.10282396,0.6744889,1.0505049,0.973858,0.9999999,0.31924152,0.23387419,0.44688424,set_9
4.7040988e-08,1.514244,1.2267166,1.1599195,0.5203794,0.0,0.0,0.10282396,0.6744889,1.6565657,0.85107636,0.9999999,0.066039525,0.26540884,0.6685517,set_9
-1.367119e-08,1.5798489,1.2175089,1.1840917,0.42463568,0.0,0.0,0.10282396,0.6744889,1.7575758,0.8326826,0.9999999,0.050129116,0.2666938,0.68317705,set_9
0.0,0.0,0.10497072,0.6744889,15.5798,0.0,0.0,0.10497072,0.6744889,0.0,1.237127,0.9999999,0.44771266,0.17956346,0.3727239,set_9
-7.842968e-09,0.15566567,0.30091318,0.7165376,13.143639,0.0,0.0,0.10497072,0.6744889,0.12121212,1.2034572,0.9999999,0.44350466,0.19239703,0.3640983,set_9
-5.998636e-08,0.48750734,0.66909915,0.81024575,8.604853,0.0,0.0,0.10497072,0.6744889,0.4040404,1.1282892,0.9999999,0.43206277,0.2208622,0.34707502,set_9
2.1615659e-08,0.6382125,0.81674,0.8548893,6.7950535,0.0,0.0,0.10497072,0.6744889,0.5454545,1.0924389,0.9999999,0.42493325,0.2304344,0.34463233,set_9
3.8434774e-08,0.7944345,0.9617836,0.9041724,5.0152454,0.0,0.0,0.10497072,0.6744889,0.7070707,1.0528723,0.9999999,0.4123653,0.23487194,0.3527627,set_9
3.6978836e-08,1.1281475,1.2081906,1.0252283,1.7729537,0.0,0.0,0.10497072,0.6744889,1.1313131,0.95623183,0.9999999,0.2765079,0.23776297,0.48572916,set_9
-1.1260768e-07,1.3265448,1.2423046,1.0945243,0.9020977,0.0,0.0,0.10497072,0.6744889,1.3939394,0.9016767,0.9999999,0.13896205,0.25623843,0.6047995,set_9
-1.4193658e-07,1.3710775,1.2419387,1.1099495,0.782362,0.0,0.0,0.10497072,0.6744889,1.4545455,0.8896381,0.9999999,0.11601049,0.2594115,0.62457806,set_9
-3.9969143e-07,1.699005,1.198276,1.2308983,0.27806124,0.0,0.0,0.10497072,0.6744889,1.959596,0.79766905,0.9999999,0.029670514,0.26725754,0.7030719,set_9
0.0,0.0,0.104925804,0.6744889,15.5798,0.0,0.0,0.104925804,0.6744889,0.0,1.237127,0.9999999,0.4477132,0.17956257,0.3727242,set_9
1.3007883e-08,0.25451913,0.4173883,0.74393266,11.701337,0.0,0.0,0.104925804,0.6744889,0.2020202,1.1815249,0.9999999,0.44046172,0.20109823,0.35844007,set_9
6.3001856e-08,0.48568258,0.67122746,0.81024134,8.586884,0.0,0.0,0.104925804,0.6744889,0.4040404,1.1282892,0.9999999,0.43206233,0.22088984,0.34704784,set_9
4.4245727e-09,0.65692526,0.8384693,0.8611382,6.537981,0.0,0.0,0.104925804,0.6744889,0.56565654,1.0874386,0.9999999,0.42369983,0.23137546,0.34492472,set_9
-7.398719e-08,0.73784727,0.91089034,0.8858962,5.64388,0.0,0.0,0.104925804,0.6744889,0.64646465,1.06754,0.9999999,0.41799918,0.23405363,0.34794718,set_9
-2.3504614e-07,0.9200919,1.0646017,0.94583017,3.720595,0.0,0.0,0.104925804,0.6744889,0.8484848,1.0195161,0.9999999,0.39100266,0.23393655,0.37506077,set_9
-3.6752613e-07,1.569292,1.2291931,1.184123,0.33793467,0.0,0.0,0.104925804,0.6744889,1.7575758,0.8326826,0.9999999,0.043916643,0.26701522,0.68906814,set_9
-3.7258317e-07,1.607585,1.2219291,1.1983801,0.29927057,0.0,0.0,0.104925804,0.6744889,1.8181818,0.8218912,0.9999999,0.037838183,0.26726624,0.6948956,set_9
-3.8015926e-07,1.6804862,1.206637,1.2263459,0.23823303,0.0,0.0,0.104925804,0.6744889,1.939394,0.8010362,0.9999999,0.028618392,0.2672954,0.70408624,set_9
0.0,0.0,0.118470065,0.6744889,15.5798,0.0,0.0,0.118470065,0.6744889,0.0,1.237127,0.9999999,0.44756085,0.17982323,0.3726159,set_9
2.556906e-07,0.59716654,0.78732955,0.84226847,7.2876787,0.0,0.0,0.118470065,0.6744889,0.5050505,1.1025587,0.9999999,0.42700538,0.22845055,0.34454402,set_9
2.2371802e-07,0.7195753,0.90317166,0.8797433,5.8655286,0.0,0.0,0.118470065,0.6744889,0.6262626,1.0724512,0.9999999,0.41942683,0.23380123,0.34677196,set_9
1.4500199e-07,0.90066564,1.0641649,0.9399395,3.8656902,0.0,0.0,0.118470065,0.6744889,0.8282828,1.024189,0.9999999,0.3944668,0.23424992,0.3712833,set_9
8.927458e-08,1.0562268,1.1803393,0.99741983,2.3347325,0.0,0.0,0.118470065,0.6744889,1.030303,0.97829276,0.9999999,0.32914495,0.23350844,0.43734658,set_9
9.7065396e-08,1.1847373,1.2428918,1.0469671,1.3675592,0.0,0.0,0.118470065,0.6744889,1.2121212,0.9390081,0.9999999,0.22305027,0.2442463,0.5327034,set_9
2.9956805e-08,1.3899043,1.2594047,1.1201298,0.6261833,0.0,0.0,0.118470065,0.6744889,1.4949495,0.8817419,0.9999999,0.09272783,0.2622674,0.64500475,set_9
-4.2467462e-08,1.463604,1.2492876,1.145161,0.5180552,0.0,0.0,0.118470065,0.6744889,1.5959595,0.8623983,0.9999999,0.071128406,0.26483253,0.6640391,set_9
-8.1897895e-08,1.546518,1.2358903,1.1744839,0.4139216,0.0,0.0,0.118470065,0.6744889,1.7171717,0.8399319,0.9999999,0.052059636,0.26657358,0.68136674,set_9
0.0,0.0,0.113122925,0.67488027,29.212,0.0,0.0,0.113122925,0.67488027,0.0,1.2585858,0.9999999,0.44199133,0.16797608,0.39003262,set_9
-4.3917062e-08,0.12105618,0.27575272,0.71053725,26.475159,0.0,0.0,0.113122925,0.67488027,0.1010101,1.2248846,0.9999999,0.43934786,0.17456667,0.38608542,set_9
-4.8198938e-08,0.64402837,0.87936866,0.88143504,16.411133,0.0,0.0,0.113122925,0.67488027,0.6262626,1.0695461,0.9999999,0.42239544,0.21707506,0.3605295,set_9
-1.2657594e-07,0.6963483,0.9307672,0.89971876,15.561228,0.0,0.0,0.113122925,0.67488027,0.68686867,1.0538857,0.9999999,0.4201799,0.22246243,0.35735774,set_9
-3.7731735e-07,0.96407557,1.1666605,0.99290764,11.6990795,0.0,0.0,0.113122925,0.67488027,1.010101,0.97721523,0.9999999,0.40800065,0.24971151,0.34228784,set_9
-4.1929263e-07,1.0439532,1.2301259,1.0206515,10.677215,0.0,0.0,0.113122925,0.67488027,1.111111,0.9558787,0.9999999,0.40415338,0.25693306,0.3389136,set_9
-4.3836943e-07,1.3263313,1.4305644,1.1209913,7.4387383,0.0,0.0,0.113122925,0.67488027,1.4949495,0.8861555,0.9999999,0.38828614,0.27418393,0.33752987,set_9
-2.2120756e-07,1.5670141,1.575215,1.2147397,5.0030093,0.0,0.0,0.113122925,0.67488027,1.8787879,0.83424133,0.9999999,0.35944167,0.27426973,0.36628863,set_9
-1.9875357e-07,1.6107541,1.6001527,1.2338017,4.566735,0.0,0.0,0.113122925,0.67488027,1.959596,0.8255495,0.9999999,0.34860694,0.27267942,0.37871358,set_9
0.0,0.0,0.10605665,0.67488027,29.212,0.0,0.0,0.10605665,0.67488027,0.0,1.2585858,0.9999999,0.44204324,0.16788901,0.39006773,set_9
-1.1751277e-07,0.14402954,0.2992545,0.7175525,25.968534,0.0,0.0,0.10605665,0.67488027,0.12121212,1.2182416,0.9999999,0.43884823,0.17586267,0.38528907,set_9
-3.0942672e-07,0.5143665,0.7411665,0.8376562,18.601065,0.0,0.0,0.10605665,0.67488027,0.48484847,1.1081766,0.9999999,0.42749748,0.2044767,0.36802575,set_9
2.2133034e-07,0.79908097,1.0215545,0.9355264,13.985482,0.0,0.0,0.10605665,0.67488027,0.8080808,1.023598,0.9999999,0.4157052,0.23307022,0.35122466,set_9
2.3889774e-07,0.9331905,1.1360857,0.9816724,12.122368,0.0,0.0,0.10605665,0.67488027,0.96969694,0.98618925,0.9999999,0.40956506,0.24655028,0.34388465,set_9
1.7071442e-07,1.2290896,1.3582215,1.0849578,8.5342,0.0,0.0,0.10605665,0.67488027,1.3535353,0.9097776,0.9999999,0.39467576,0.26981694,0.33550733,set_9
8.381893e-08,1.2866436,1.3974252,1.1057144,7.8993063,0.0,0.0,0.10605665,0.67488027,1.4343435,0.8959203,0.9999999,0.39118248,0.27258712,0.3362304,set_9
-1.0367372e-07,1.4346087,1.493777,1.1612505,6.326312,0.0,0.0,0.10605665,0.67488027,1.6565657,0.8621012,0.9999999,0.3791551,0.27605364,0.34479123,set_9
-1.5122329e-07,1.5880888,1.5867277,1.2243605,4.7593403,0.0,0.0,0.10605665,0.67488027,1.919192,0.8296955,0.9999999,0.3539932,0.27331814,0.37268865,set_9
0.0,0.0,0.11070916,0.67488027,29.212,0.0,0.0,0.11070916,0.67488027,0.0,1.2585858,0.9999999,0.44200912,0.16794631,0.39004463,set_9
-1.8495327e-07,0.39837748,0.61610305,0.79887086,20.741184,0.0,0.0,0.11070916,0.67488027,0.36363634,1.1431063,0.9999999,0.4315255,0.19430976,0.37416473,set_9
-1.0849512e-07,0.69670117,0.92946297,0.8996958,15.555763,0.0,0.0,0.11070916,0.67488027,0.68686867,1.0538857,0.9999999,0.4201902,0.2224553,0.35735443,set_9
-3.1258173e-07,0.9506475,1.1524274,0.9873122,11.909146,0.0,0.0,0.11070916,0.67488027,0.989899,0.9817182,0.9999999,0.40875176,0.24819525,0.34305295,set_9
-3.8782758e-07,1.015091,1.2035127,1.0096718,11.078994,0.0,0.0,0.11070916,0.67488027,1.070707,0.9643624,0.9999999,0.40568691,0.25415638,0.3401567,set_9
-4.2912745e-07,1.0782586,1.2517006,1.0316385,10.298214,0.0,0.0,0.11070916,0.67488027,1.1515151,0.9477423,0.9999999,0.40261278,0.25952893,0.3378583,set_9
-4.11293e-07,1.1247668,1.2860721,1.0478657,9.742716,0.0,0.0,0.11070916,0.67488027,1.2121212,0.93577844,0.9999999,0.40028462,0.26312017,0.33659524,set_9
-3.622085e-07,1.2586917,1.3806045,1.0953648,8.215428,0.0,0.0,0.11070916,0.67488027,1.3939394,0.9027964,0.9999999,0.39293405,0.27135664,0.33570924,set_9
-6.0692696e-07,1.383058,1.463317,1.1412483,6.871924,0.0,0.0,0.11070916,0.67488027,1.5757575,0.87376726,0.9999999,0.3840735,0.2755395,0.34038702,set_9
0.0,0.0,0.10047221,0.67488027,29.212,0.0,0.0,0.10047221,0.67488027,0.0,1.2585858,0.9999999,0.4420842,0.16782026,0.39009553,set_9
-6.747155e-08,0.1890342,0.35238922,0.73147106,24.991972,0.0,0.0,0.10047221,0.67488027,0.16161615,1.2053001,0.9999999,0.4377603,0.1786321,0.38360763,set_9
-9.808863e-08,0.29700714,0.4871997,0.76561713,22.742954,0.0,0.0,0.10047221,0.67488027,0.26262626,1.1735852,0.9999999,0.43478164,0.18614565,0.3790727,set_9
-1.4285237e-07,0.3992161,0.60798466,0.7988654,20.735489,0.0,0.0,0.10047221,0.67488027,0.36363634,1.1431063,0.9999999,0.43159676,0.19419304,0.3742102,set_9
-2.0465959e-07,0.60738385,0.83359563,0.86906296,17.005056,0.0,0.0,0.10047221,0.67488027,0.5858586,1.0804132,0.9999999,0.4239697,0.21328437,0.36274588,set_9
-1.784506e-07,0.7819376,1.0020428,0.9296309,14.238175,0.0,0.0,0.10047221,0.67488027,0.78787875,1.028594,0.9999999,0.41651732,0.2312145,0.35226816,set_9
-3.0260992e-07,1.1674149,1.3143083,1.063945,9.194474,0.0,0.0,0.10047221,0.67488027,1.2727273,0.9244165,0.9999999,0.39798805,0.26618415,0.3358278,set_9
-2.3455505e-07,1.3671931,1.4497889,1.1362686,7.002099,0.0,0.0,0.10047221,0.67488027,1.5555555,0.87675726,0.9999999,0.3852396,0.2751382,0.33962223,set_9
3.3855386e-08,1.5772899,1.575299,1.2195039,4.886325,0.0,0.0,0.10047221,0.67488027,1.8989899,0.8319495,0.9999999,0.35697976,0.27376282,0.36925742,set_9
0.0,0.0,0.10937963,0.67488027,29.212,0.0,0.0,0.10937963,0.67488027,0.0,1.2585858,0.9999999,0.44201884,0.16792996,0.3900512,set_9
4.2176148e-07,0.6061017,0.84000146,0.8690589,17.00895,0.0,0.0,0.10937963,0.67488027,0.5858586,1.0804132,0.9999999,0.42391276,0.21337898,0.36270824,set_9
2.0368141e-07,0.79974174,1.0240183,0.9354744,13.986004,0.0,0.0,0.10937963,0.67488027,0.8080808,1.023598,0.9999999,0.41567075,0.2331287,0.35120052,set_9
2.8874177e-07,0.95020676,1.151549,0.98728806,11.908663,0.0,0.0,0.10937963,0.67488027,0.989899,0.9817182,0.9999999,0.4087666,0.24817145,0.34306192,set_9
6.98314e-07,1.1853713,1.3290163,1.0691807,9.037605,0.0,0.0,0.10937963,0.67488027,1.2929292,0.92067313,0.9999999,0.39711958,0.26725584,0.3356246,set_9
7.0748763e-07,1.244269,1.3701451,1.0901715,8.373409,0.0,0.0,0.10937963,0.67488027,1.3737373,0.90629745,0.9999999,0.39380127,0.27062753,0.3355712,set_9
7.1859336e-07,1.287226,1.3994511,1.1057029,7.8994713,0.0,0.0,0.10937963,0.67488027,1.4343435,0.8959203,0.9999999,0.39115322,0.2726304,0.3362164,set_9
6.625093e-07,1.4221789,1.4879593,1.1562388,6.4577684,0.0,0.0,0.10937963,0.67488027,1.6363636,0.86487633,0.9999999,0.38043556,0.27601776,0.3435467,set_9
4.504937e-07,1.5774245,1.5824308,1.2194853,4.869298,0.0,0.0,0.10937963,0.67488027,1.8989899,0.8319495,0.9999999,0.35662076,0.27374375,0.3696355,set_9
0.0,0.0,0.10855152,0.67488027,29.212,0.0,0.0,0.10855152,0.67488027,0.0,1.2585858,0.9999999,0.44202492,0.16791971,0.3900553,set_9
-1.0419816e-07,0.43750426,0.6589215,0.8119295,19.998451,0.0,0.0,0.10855152,0.67488027,0.4040404,1.1312001,0.9999999,0.43021852,0.19762217,0.37215933,set_9
-3.0371174e-07,0.6603196,0.8931926,0.88754725,16.122204,0.0,0.0,0.10855152,0.67488027,0.64646465,1.064286,0.9999999,0.42171225,0.21878165,0.35950607,set_9
5.804575e-08,0.86744094,1.0823328,0.95878315,13.024633,0.0,0.0,0.10855152,0.67488027,0.8888889,1.0045382,0.9999999,0.41261306,0.2400212,0.3473657,set_9
1.9710055e-07,1.0308363,1.2146251,1.0151641,10.877724,0.0,0.0,0.10855152,0.67488027,1.090909,0.9601341,0.9999999,0.4049354,0.25553456,0.33953008,set_9
2.2611331e-08,1.3010623,1.408832,1.1107869,7.743503,0.0,0.0,0.10855152,0.67488027,1.4545455,0.89264935,0.9999999,0.39022934,0.27318737,0.33658326,set_9
2.2577684e-07,1.460298,1.5112116,1.1710534,6.065138,0.0,0.0,0.10855152,0.67488027,1.6969697,0.8565809,0.9999999,0.3762967,0.2760847,0.34761864,set_9
2.886722e-07,1.5090641,1.5409923,1.190618,5.5665107,0.0,0.0,0.10855152,0.67488027,1.7777778,0.84618074,0.9999999,0.36970848,0.27557534,0.35471624,set_9
3.01407e-07,1.5441117,1.5619707,1.2051345,5.210842,0.0,0.0,0.10855152,0.67488027,1.8383838,0.83877724,0.9999999,0.36373585,0.27479663,0.36146745,set_9
0.0,0.0,0.099834986,0.67488027,29.212,0.0,0.0,0.099834986,0.67488027,0.0,1.2585858,0.9999999,0.44208887,0.16781238,0.3900987,set_9
-7.081289e-08,0.097519204,0.23210165,0.7034833,26.994646,0.0,0.0,0.099834986,0.67488027,0.08080807,1.2316247,0.9999999,0.43999448,0.17302994,0.3869756,set_9
-3.003222e-08,0.4949293,0.71558887,0.8312759,18.940327,0.0,0.0,0.099834986,0.67488027,0.46464646,1.1138635,0.9999999,0.42824888,0.2026335,0.36911765,set_9
-2.3311814e-07,1.0773153,1.2449849,1.0316749,10.294014,0.0,0.0,0.099834986,0.67488027,1.1515151,0.9477423,0.9999999,0.40269926,0.25938952,0.33791113,set_9
-3.0715907e-07,1.1542087,1.3015375,1.0585943,9.382774,0.0,0.0,0.099834986,0.67488027,1.2525252,0.9281419,0.9999999,0.39879856,0.26514873,0.33605272,set_9
-3.8277733e-07,1.2138779,1.3438859,1.0797333,8.700411,0.0,0.0,0.099834986,0.67488027,1.3333333,0.91329664,0.9999999,0.39556557,0.26891494,0.33551946,set_9
-4.658824e-07,1.3414986,1.4306141,1.1261263,7.299348,0.0,0.0,0.099834986,0.67488027,1.5151515,0.88289607,0.9999999,0.3873847,0.2744735,0.33814174,set_9
-4.677598e-07,1.5308522,1.5504506,1.200315,5.3250265,0.0,0.0,0.099834986,0.67488027,1.8181818,0.84114105,0.9999999,0.36589065,0.27498806,0.3591213,set_9
-5.1077177e-07,1.5980208,1.5896481,1.2290741,4.650113,0.0,0.0,0.099834986,0.67488027,1.939394,0.82758206,0.9999999,0.35121444,0.27284425,0.3759413,set_9
0.0,0.0,0.112943746,0.67488027,29.212,0.0,0.0,0.112943746,0.67488027,0.0,1.2585858,0.9999999,0.4419926,0.16797386,0.3900335,set_9
6.5193873e-09,0.18924382,0.36389858,0.73147106,24.992039,0.0,0.0,0.112943746,0.67488027,0.16161615,1.2053001,0.9999999,0.43766272,0.17879921,0.38353804,set_9
-2.1097017e-07,0.64393556,0.8792633,0.88141453,16.410646,0.0,0.0,0.112943746,0.67488027,0.6262626,1.0695461,0.9999999,0.42239755,0.21707258,0.3605299,set_9
3.6838134e-07,0.9164686,1.1268302,0.97602874,12.34537,0.0,0.0,0.112943746,0.67488027,0.94949496,0.9906513,0.9999999,0.41028607,0.24502347,0.34469053,set_9
3.6989678e-07,0.98190075,1.179632,0.99857914,11.48769,0.0,0.0,0.112943746,0.67488027,1.030303,0.97284305,0.9999999,0.40721488,0.25125366,0.34153146,set_9
3.4383868e-07,1.257935,1.3820815,1.09538,8.214119,0.0,0.0,0.112943746,0.67488027,1.3939394,0.9027964,0.9999999,0.3929231,0.27137354,0.33570334,set_9
2.8411256e-07,1.3420924,1.4383322,1.1261566,7.3003697,0.0,0.0,0.112943746,0.67488027,1.5151515,0.88289607,0.9999999,0.38729227,0.2746159,0.3380918,set_9
1.993139e-07,1.4471414,1.5055901,1.16619,6.196096,0.0,0.0,0.112943746,0.67488027,1.6767677,0.85935605,0.9999999,0.3777375,0.2761428,0.34611964,set_9
1.8243715e-07,1.4842554,1.5286272,1.1809278,5.8130207,0.0,0.0,0.112943746,0.67488027,1.7373737,0.8512087,0.9999999,0.37316284,0.27594614,0.35089102,set_9
0.0,0.0,0.104164906,0.67488027,29.212,0.0,0.0,0.104164906,0.67488027,0.0,1.2585858,0.9999999,0.44205713,0.16786574,0.39007717,set_9
-1.3311119e-07,0.5510531,0.77926874,0.85034513,17.944431,0.0,0.0,0.104164906,0.67488027,0.5252525,1.0968126,0.9999999,0.42611074,0.20795889,0.3659304,set_9
-1.4558866e-07,0.7310588,0.95792973,0.91180176,15.008998,0.0,0.0,0.104164906,0.67488027,0.72727275,1.0435159,0.9999999,0.41874212,0.22596724,0.35529065,set_9
-1.4654206e-07,0.78315294,1.0057675,0.9296569,14.227991,0.0,0.0,0.104164906,0.67488027,0.78787875,1.028594,0.9999999,0.41645986,0.23133615,0.35220394,set_9
-1.5154293e-07,0.901467,1.1083865,0.9703276,12.55788,0.0,0.0,0.104164906,0.67488027,0.9292929,0.99516433,0.9999999,0.41109037,0.24334835,0.34556127,set_9
-1.785003e-07,1.0938965,1.2593594,1.0370504,10.108862,0.0,0.0,0.104164906,0.67488027,1.1717172,0.9437715,0.9999999,0.40188587,0.2606936,0.3374205,set_9
-1.8785231e-07,1.1399041,1.292978,1.053191,9.564245,0.0,0.0,0.104164906,0.67488027,1.2323232,0.9319092,0.9999999,0.39955342,0.26414144,0.3363051,set_9
-2.060282e-07,1.4719024,1.5158249,1.1759105,5.942191,0.0,0.0,0.104164906,0.67488027,1.7171717,0.85382307,0.9999999,0.37485072,0.2759858,0.34916347,set_9
-2.3569777e-07,1.6095598,1.5974823,1.2337513,4.549413,0.0,0.0,0.104164906,0.67488027,1.959596,0.8255495,0.9999999,0.3483079,0.27249646,0.37919557,set_9
0.0,0.0,0.111649215,0.67488027,29.212,0.0,0.0,0.111649215,0.67488027,0.0,1.2585858,0.9999999,0.44200218,0.16795793,0.39003992,set_9
2.6077524e-07,0.55142903,0.78521544,0.85034513,17.944527,0.0,0.0,0.111649215,0.67488027,0.5252525,1.0968126,0.9999999,0.4260453,0.20807421,0.36588043,set_9
2.438569e-07,0.60653484,0.84199834,0.86910236,17.00598,0.0,0.0,0.111649215,0.67488027,0.5858586,1.0804132,0.9999999,0.42388687,0.21343058,0.36268255,set_9
1.4642094e-07,0.78368473,1.0112114,0.9296569,14.228125,0.0,0.0,0.111649215,0.67488027,0.78787875,1.028594,0.9999999,0.41639212,0.23145464,0.35215327,set_9
1.5482478e-07,1.0477214,1.2291774,1.0207028,10.678618,0.0,0.0,0.111649215,0.67488027,1.111111,0.9558787,0.9999999,0.4041264,0.25696778,0.33890587,set_9
1.8432877e-07,1.0946094,1.264244,1.0370502,10.10904,0.0,0.0,0.111649215,0.67488027,1.1717172,0.9437715,0.9999999,0.4018208,0.2607998,0.3373793,set_9
2.42872e-07,1.1857879,1.329926,1.0691347,9.042939,0.0,0.0,0.111649215,0.67488027,1.2929292,0.92067313,0.9999999,0.39710978,0.2672751,0.33561513,set_9
2.5840117e-07,1.3015754,1.4095014,1.1107639,7.7536154,0.0,0.0,0.111649215,0.67488027,1.4545455,0.89264935,0.9999999,0.39023563,0.27321765,0.33654678,set_9
1.3057479e-07,1.58885,1.5894465,1.2242453,4.763973,0.0,0.0,0.111649215,0.67488027,1.919192,0.8296955,0.9999999,0.35402757,0.27339733,0.3725751,set_9
0.0,0.0,0.112757735,0.67488027,29.212,0.0,0.0,0.112757735,0.67488027,0.0,1.2585858,0.9999999,0.44199407,0.16797155,0.39003444,set_9
-4.5009003e-08,0.0976301,0.24450025,0.7034833,26.994682,0.0,0.0,0.112757735,0.67488027,0.08080807,1.2316247,0.9999999,0.43989646,0.1731962,0.38690728,set_9
3.571649e-08,0.3793314,0.59519047,0.792315,21.120243,0.0,0.0,0.112757735,0.67488027,0.34343433,1.149046,0.9999999,0.43215024,0.19271699,0.37513274,set_9
-2.440973e-07,0.624482,0.86078197,0.8752532,16.70942,0.0,0.0,0.112757735,0.67488027,0.60606056,1.0749261,0.9999999,0.42315271,0.21522784,0.3616194,set_9
-4.8845266e-07,0.83326274,1.0561652,0.9471706,13.498717,0.0,0.0,0.112757735,0.67488027,0.8484848,1.0139601,0.9999999,0.41411978,0.23664954,0.3492307,set_9
-4.8477233e-07,1.1092136,1.2765465,1.042449,9.922085,0.0,0.0,0.112757735,0.67488027,1.1919192,0.9397857,0.9999999,0.4010433,0.26200297,0.33695367,set_9
-5.119482e-07,1.4844686,1.528507,1.1807618,5.815498,0.0,0.0,0.112757735,0.67488027,1.7373737,0.8512087,0.9999999,0.37318116,0.2759574,0.35086143,set_9
-4.2710073e-07,1.5435117,1.5642189,1.2050215,5.2129683,0.0,0.0,0.112757735,0.67488027,1.8383838,0.83877724,0.9999999,0.36374438,0.27483857,0.36141708,set_9
-3.8541032e-07,1.5772974,1.5839586,1.2194123,4.8728824,0.0,0.0,0.112757735,0.67488027,1.8989899,0.8319495,0.9999999,0.35666144,0.27379078,0.3695478,set_9
0.0,0.0,0.11225248,0.67488027,29.212,0.0,0.0,0.11225248,0.67488027,0.0,1.2585858,0.9999999,0.44199774,0.16796531,0.3900369,set_9
-5.47373e-09,0.073828876,0.21232323,0.6963906,27.527613,0.0,0.0,0.11225248,0.67488027,0.06060606,1.2383649,0.9999999,0.44043756,0.17184773,0.38771474,set_9
6.784444e-08,0.5513514,0.78556,0.85030544,17.946795,0.0,0.0,0.11225248,0.67488027,0.5252525,1.0968126,0.9999999,0.42604282,0.20807427,0.36588287,set_9
4.8023114e-08,0.99928975,1.1922538,1.0040879,11.280617,0.0,0.0,0.11225248,0.67488027,1.0505049,0.96857876,0.9999999,0.40643632,0.25274777,0.3408159,set_9
-1.3203561e-07,1.1856922,1.3307586,1.0691516,9.038836,0.0,0.0,0.11225248,0.67488027,1.2929292,0.92067313,0.9999999,0.39709708,0.267292,0.33561084,set_9
-1.4222915e-07,1.2300243,1.3617753,1.0849185,8.537442,0.0,0.0,0.11225248,0.67488027,1.3535353,0.9097776,0.9999999,0.39462873,0.26989427,0.33547693,set_9
-1.6686687e-07,1.3834159,1.4644127,1.1412228,6.8709965,0.0,0.0,0.11225248,0.67488027,1.5757575,0.87376726,0.9999999,0.38405386,0.27555877,0.34038743,set_9
-1.4747663e-07,1.4479654,1.5055614,1.1661075,6.1946354,0.0,0.0,0.11225248,0.67488027,1.6767677,0.85935605,0.9999999,0.37771988,0.2761431,0.34613708,set_9
-1.2341914e-07,1.5325649,1.5574632,1.2002859,5.325848,0.0,0.0,0.11225248,0.67488027,1.8181818,0.84114105,0.9999999,0.36579192,0.27511394,0.35909408,set_9
0.0,0.0,0.11147027,0.67488027,29.212,0.0,0.0,0.11147027,0.67488027,0.0,1.2585858,0.9999999,0.44200346,0.1679557,0.39004087,set_9
-5.244585e-08,0.09761904,0.24326497,0.7034833,26.994678,0.0,0.0,0.11147027,0.67488027,0.08080807,1.2316247,0.9999999,0.4399063,0.17317964,0.38691404,set_9
-1.9061197e-07,0.23350175,0.4182694,0.7452528,24.05854,0.0,0.0,0.11147027,0.67488027,0.2020202,1.1924199,0.9999999,0.4365037,0.18172821,0.3817681,set_9
1.9859534e-07,0.64230263,0.8776356,0.8814048,16.414793,0.0,0.0,0.11147027,0.67488027,0.6262626,1.0695461,0.9999999,0.4224309,0.2170067,0.36056238,set_9
3.8309759e-07,0.69522893,0.92933476,0.8996805,15.562563,0.0,0.0,0.11147027,0.67488027,0.68686867,1.0538857,0.9999999,0.4202069,0.22241317,0.35737994,set_9
4.5188713e-07,0.9166587,1.1261609,0.9759219,12.344418,0.0,0.0,0.11147027,0.67488027,0.94949496,0.9906513,0.9999999,0.41029245,0.24501355,0.34469405,set_9
5.3999497e-07,1.342536,1.4373403,1.1260958,7.302342,0.0,0.0,0.11147027,0.67488027,1.5151515,0.88289607,0.9999999,0.38730413,0.2746071,0.33808884,set_9
5.945207e-07,1.3829606,1.4634999,1.1412392,6.874169,0.0,0.0,0.11147027,0.67488027,1.5757575,0.87376726,0.9999999,0.38408035,0.2755478,0.34037182,set_9
5.7058185e-07,1.5663416,1.5766791,1.2147284,4.984191,0.0,0.0,0.11147027,0.67488027,1.8787879,0.83424133,0.9999999,0.3591637,0.27415216,0.36668414,set_9
0.0,0.0,0.1120401,0.67488027,29.212,0.0,0.0,0.1120401,0.67488027,0.0,1.2585858,0.9999999,0.4419993,0.16796273,0.39003798,set_9
-2.3578721e-07,0.39842498,0.61722827,0.79887086,20.741198,0.0,0.0,0.1120401,0.67488027,0.36363634,1.1431063,0.9999999,0.43151438,0.1943292,0.37415645,set_9
-2.60096e-07,0.8849783,1.0990798,0.9645454,12.793496,0.0,0.0,0.1120401,0.67488027,0.9090909,0.9997883,0.9999999,0.41180605,0.24176753,0.34642646,set_9
-1.7758543e-07,0.9669884,1.1664011,0.99294394,11.696604,0.0,0.0,0.1120401,0.67488027,1.010101,0.97721523,0.9999999,0.40797302,0.24975686,0.34227008,set_9
-1.3447143e-07,1.0152178,1.204424,1.0096778,11.0787525,0.0,0.0,0.1120401,0.67488027,1.070707,0.9643624,0.9999999,0.4056747,0.2541773,0.34014803,set_9
-1.088454e-07,1.0627289,1.2408165,1.0261899,10.488694,0.0,0.0,0.1120401,0.67488027,1.1313131,0.951758,0.9999999,0.4033707,0.2582672,0.33836204,set_9
-1.7322854e-07,1.3960227,1.473399,1.1462932,6.725973,0.0,0.0,0.1120401,0.67488027,1.5959595,0.8707503,0.9999999,0.3828712,0.27575612,0.34137267,set_9
-1.7615005e-07,1.577915,1.5834279,1.219482,4.8733516,0.0,0.0,0.1120401,0.67488027,1.8989899,0.8319495,0.9999999,0.3566649,0.2737919,0.36954322,set_9
-1.7934286e-07,1.6317782,1.6131536,1.2432065,4.344127,0.0,0.0,0.1120401,0.67488027,2.0,0.82148737,0.9999999,0.34178022,0.2717144,0.38650542,set_9
0.0,0.0,0.1174633,0.67488027,29.212,0.0,0.0,0.1174633,0.67488027,0.0,1.2585858,0.9999999,0.44195953,0.16802953,0.39001095,set_9
-5.733821e-08,0.09767077,0.24901491,0.7034833,26.994696,0.0,0.0,0.1174633,0.67488027,0.08080807,1.2316247,0.9999999,0.4398608,0.1732567,0.38688254,set_9
-1.0788002e-07,0.16697738,0.3394236,0.7245296,25.473614,0.0,0.0,0.1174633,0.67488027,0.14141414,1.2117333,0.9999999,0.43819734,0.1774268,0.38437587,set_9
-2.9748094e-07,0.29733536,0.5021338,0.76561284,22.743265,0.0,0.0,0.1174633,0.67488027,0.26262626,1.1735852,0.9999999,0.43464527,0.18638189,0.3789728,set_9
-2.8952337e-07,0.47674155,0.7091879,0.82486016,19.285461,0.0,0.0,0.1174633,0.67488027,0.44444442,1.1195564,0.9999999,0.42878407,0.20117429,0.37004158,set_9
1.3172846e-07,0.6247643,0.8645097,0.87528646,16.70776,0.0,0.0,0.1174633,0.67488027,0.60606056,1.0749261,0.9999999,0.42310932,0.21530795,0.36158273,set_9
3.9085927e-07,0.83370614,1.0606235,0.9472434,13.488352,0.0,0.0,0.1174633,0.67488027,0.8484848,1.0139601,0.9999999,0.41405973,0.23677586,0.34916437,set_9
1.9391217e-07,1.3453717,1.440908,1.126168,7.302973,0.0,0.0,0.1174633,0.67488027,1.5151515,0.88289607,0.9999999,0.3872327,0.27470282,0.33806455,set_9
5.331904e-08,1.5161786,1.539678,1.1906905,5.618311,0.0,0.0,0.1174633,0.67488027,1.7777778,0.84618074,0.9999999,0.370091,0.27591795,0.353991,set_9
0.0,0.0,0.116948165,0.67488027,29.212,0.0,0.0,0.116948165,0.67488027,0.0,1.2585858,0.9999999,0.44196326,0.16802317,0.39001355,set_9
1.3441989e-07,0.31776604,0.5265276,0.77234066,22.326677,0.0,0.0,0.116948165,0.67488027,0.28282827,1.1674109,0.9999999,0.43403304,0.18793245,0.3780345,set_9
1.1463789e-07,0.43791574,0.6659745,0.8119377,19.997477,0.0,0.0,0.116948165,0.67488027,0.4040404,1.1312001,0.9999999,0.4301459,0.19775099,0.37210312,set_9
-2.3103722e-08,0.85131866,1.0739868,0.9530305,13.257778,0.0,0.0,0.116948165,0.67488027,0.86868685,1.0092522,0.9999999,0.41330284,0.23845972,0.3482374,set_9
-7.4274055e-08,0.9673405,1.1699836,0.9929437,11.693984,0.0,0.0,0.116948165,0.67488027,1.010101,0.97721523,0.9999999,0.40792605,0.24984162,0.34223232,set_9
-8.246017e-08,1.2306553,1.3649803,1.0849477,8.535079,0.0,0.0,0.116948165,0.67488027,1.3535353,0.9097776,0.9999999,0.39458185,0.26996177,0.3354564,set_9
-5.075348e-09,1.3162618,1.4228448,1.1159585,7.595166,0.0,0.0,0.116948165,0.67488027,1.4747474,0.88941437,0.9999999,0.38921964,0.27380303,0.3369774,set_9
6.666557e-08,1.5333495,1.5601094,1.200341,5.325365,0.0,0.0,0.116948165,0.67488027,1.8181818,0.84114105,0.9999999,0.36574352,0.2751582,0.35909823,set_9
8.9872465e-09,1.6323216,1.6165172,1.2432846,4.3378277,0.0,0.0,0.116948165,0.67488027,2.0,0.82148737,0.9999999,0.34156907,0.27171627,0.38671464,set_9
0.0,0.0,0.12291525,0.67488027,29.212,0.0,0.0,0.12291525,0.67488027,0.0,1.2585858,0.9999999,0.44191957,0.16809663,0.38998386,set_9
-7.4601715e-08,0.097717546,0.2542457,0.7034833,26.994709,0.0,0.0,0.12291525,0.67488027,0.08080807,1.2316247,0.9999999,0.43981946,0.17332691,0.38685367,set_9
-6.7509504e-08,0.2117495,0.40121812,0.7383784,24.519346,0.0,0.0,0.12291525,0.67488027,0.18181817,1.1988817,0.9999999,0.4370028,0.18039827,0.38259897,set_9
-4.6671282e-08,0.37954912,0.60378826,0.7923056,21.121073,0.0,0.0,0.12291525,0.67488027,0.34343433,1.149046,0.9999999,0.43206736,0.19286074,0.37507188,set_9
-1.8167279e-07,0.62504166,0.86863995,0.8752593,16.709244,0.0,0.0,0.12291525,0.67488027,0.60606056,1.0749261,0.9999999,0.42306256,0.21538758,0.36154985,set_9
-2.7182688e-07,0.73105216,0.9709735,0.911746,15.0179,0.0,0.0,0.12291525,0.67488027,0.72727275,1.0435159,0.9999999,0.41859713,0.22620498,0.35519788,set_9
-2.2882136e-07,1.3162642,1.426231,1.1159306,7.597236,0.0,0.0,0.12291525,0.67488027,1.4747474,0.88941437,0.9999999,0.38918546,0.2738652,0.33694938,set_9
-2.5411725e-07,1.5675813,1.5834646,1.2147377,4.981242,0.0,0.0,0.12291525,0.67488027,1.8787879,0.83424133,0.9999999,0.35901856,0.27424145,0.36674,set_9
-2.646163e-07,1.6005828,1.6022562,1.2290556,4.6518817,0.0,0.0,0.12291525,0.67488027,1.939394,0.82758206,0.9999999,0.351043,0.2730592,0.37589785,set_9
0.0,0.0,0.114401765,0.67488027,29.212,0.0,0.0,0.114401765,0.67488027,0.0,1.2585858,0.9999999,0.441982,0.1679918,0.3900262,set_9
-3.3330064e-08,0.23317328,0.42071217,0.7452434,24.061447,0.0,0.0,0.114401765,0.67488027,0.2020202,1.1924199,0.9999999,0.43648463,0.18175763,0.3817577,set_9
-4.110941e-08,0.29730788,0.49952346,0.76562744,22.742928,0.0,0.0,0.114401765,0.67488027,0.26262626,1.1735852,0.9999999,0.4346689,0.18634139,0.37898973,set_9
-5.6670658e-08,0.4600447,0.68726397,0.8184464,19.62174,0.0,0.0,0.114401765,0.67488027,0.4242424,1.1253153,0.9999999,0.42945167,0.19950914,0.3710392,set_9
-6.521341e-08,0.53697723,0.7701185,0.84404135,18.250303,0.0,0.0,0.114401765,0.67488027,0.5050505,1.1024449,0.9999999,0.42666882,0.2064881,0.36684301,set_9
-1.9972502e-07,1.2848401,1.4005201,1.1056478,7.914952,0.0,0.0,0.114401765,0.67488027,1.4343435,0.8959203,0.9999999,0.3911939,0.27263525,0.3361708,set_9
-1.9986894e-07,1.3267077,1.4285097,1.1209959,7.4608035,0.0,0.0,0.114401765,0.67488027,1.4949495,0.8861555,0.9999999,0.38835678,0.27419144,0.33745176,set_9
-1.7114215e-07,1.4579935,1.5125136,1.1709745,6.081509,0.0,0.0,0.114401765,0.67488027,1.6969697,0.8565809,0.9999999,0.37641293,0.27615863,0.3474284,set_9
-1.5336272e-07,1.5757519,1.5828683,1.2194002,4.8880796,0.0,0.0,0.114401765,0.67488027,1.8989899,0.8319495,0.9999999,0.35693935,0.27387396,0.36918664,set_9
0.0,0.0,0.11464101,0.67488027,29.212,0.0,0.0,0.11464101,0.67488027,0.0,1.2585858,0.9999999,0.4419802,0.16799472,0.39002505,set_9
8.488032e-08,0.18927236,0.3654646,0.73147106,24.992046,0.0,0.0,0.11464101,0.67488027,0.16161615,1.2053001,0.9999999,0.43764952,0.17882198,0.38352853,set_9
1.3344717e-07,0.5898684,0.82606554,0.8628399,17.311737,0.0,0.0,0.11464101,0.67488027,0.56565654,1.0858567,0.9999999,0.42457005,0.21171172,0.3637182,set_9
8.663868e-08,0.66165906,0.89801717,0.88754535,16.121937,0.0,0.0,0.11464101,0.67488027,0.64646465,1.064286,0.9999999,0.4216469,0.21889652,0.35945657,set_9
-2.1853253e-08,0.7658745,0.9968394,0.9237087,14.493298,0.0,0.0,0.11464101,0.67488027,0.7676768,1.0335511,0.9999999,0.41714847,0.22966652,0.35318503,set_9
-1.3612586e-07,0.965921,1.1679275,0.99298334,11.696732,0.0,0.0,0.11464101,0.67488027,1.010101,0.97721523,0.9999999,0.40796557,0.24977213,0.3422623,set_9
-1.3613318e-07,1.0777297,1.2542188,1.0316615,10.297907,0.0,0.0,0.11464101,0.67488027,1.1515151,0.9477423,0.9999999,0.40258813,0.25957203,0.33783987,set_9
-1.4676002e-07,1.1395711,1.2996675,1.0532507,9.562782,0.0,0.0,0.11464101,0.67488027,1.2323232,0.9319092,0.9999999,0.3994769,0.26426852,0.3362546,set_9
-2.1547206e-07,1.3694257,1.4569993,1.1362865,7.0119896,0.0,0.0,0.11464101,0.67488027,1.5555555,0.87675726,0.9999999,0.38516274,0.27531078,0.3395265,set_9
0.0,0.0,0.11553588,0.67488027,29.212,0.0,0.0,0.11553588,0.67488027,0.0,1.2585858,0.9999999,0.4419736,0.16800578,0.39002064,set_9
-3.327745e-07,0.5883321,0.8263397,0.86286247,17.314367,0.0,0.0,0.11553588,0.67488027,0.56565654,1.0858567,0.9999999,0.4245809,0.21168905,0.36373007,set_9
-1.4452071e-07,1.0633165,1.2433825,1.0261781,10.487267,0.0,0.0,0.11553588,0.67488027,1.1313131,0.951758,0.9999999,0.4033337,0.25832924,0.33833703,set_9
2.9518912e-07,1.2449886,1.3738828,1.0901798,8.374156,0.0,0.0,0.11553588,0.67488027,1.3737373,0.90629745,0.9999999,0.39375114,0.27070546,0.33554333,set_9
2.6274444e-07,1.3020325,1.412569,1.1108423,7.747015,0.0,0.0,0.11553588,0.67488027,1.4545455,0.89264935,0.9999999,0.39018226,0.27327013,0.33654764,set_9
2.4032707e-07,1.3570893,1.4490023,1.1312001,7.154252,0.0,0.0,0.11553588,0.67488027,1.5353535,0.87978023,0.9999999,0.38621467,0.275022,0.3387634,set_9
3.0246002e-07,1.4732115,1.522963,1.175977,5.936995,0.0,0.0,0.11553588,0.67488027,1.7171717,0.85382307,0.9999999,0.37471554,0.27608603,0.34919834,set_9
3.4462056e-07,1.5094562,1.5451678,1.1906155,5.564987,0.0,0.0,0.11553588,0.67488027,1.7777778,0.84618074,0.9999999,0.36964044,0.27563423,0.3547253,set_9
3.795547e-07,1.5671184,1.5794152,1.2147331,4.980731,0.0,0.0,0.11553588,0.67488027,1.8787879,0.83424133,0.9999999,0.35906777,0.2741742,0.36675805,set_9
0.0,0.0,0.12259873,0.67479736,15.5798,0.0,0.0,0.12259873,0.67479736,0.0,1.1930486,0.9999999,0.44732326,0.18023291,0.37244383,set_9
-6.52287e-08,0.24749118,0.4240204,0.74197507,11.818583,0.0,0.0,0.12259873,0.67479736,0.2020202,1.1465398,0.9999999,0.44021833,0.20120358,0.3585781,set_9
-8.625379e-08,0.5405574,0.7344197,0.82537526,7.982871,0.0,0.0,0.12259873,0.67479736,0.46464646,1.0879277,0.9999999,0.42926118,0.22545934,0.34527954,set_9
-1.5131857e-07,0.6243185,0.81498396,0.85016453,6.990758,0.0,0.0,0.12259873,0.67479736,0.5454545,1.0702925,0.9999999,0.42516237,0.2305294,0.34430826,set_9
-2.7882066e-07,0.7432263,0.92422426,0.88659513,5.642717,0.0,0.0,0.12259873,0.67479736,0.6666667,1.0442421,0.9999999,0.41715422,0.23501074,0.34783497,set_9
-3.5197826e-07,0.9022124,1.0641499,0.9395754,3.8996387,0.0,0.0,0.12259873,0.67479736,0.8484848,1.00596,0.9999999,0.39423734,0.2349657,0.37079698,set_9
-3.5439882e-07,1.1546638,1.2320224,1.0343624,1.5964031,0.0,0.0,0.12259873,0.67479736,1.1919192,0.936392,0.9999999,0.25219965,0.24099074,0.5068096,set_9
-2.631295e-07,1.315762,1.261198,1.0921538,0.8615296,0.0,0.0,0.12259873,0.67479736,1.4141414,0.8932359,0.9999999,0.13186435,0.25732234,0.6108133,set_9
-2.4038346e-07,1.402781,1.2589896,1.1225401,0.6372485,0.0,0.0,0.12259873,0.67479736,1.5353535,0.87033665,0.9999999,0.09028312,0.26277786,0.64693904,set_9
0.0,0.0,0.11212045,0.67479736,15.5798,0.0,0.0,0.11212045,0.67479736,0.0,1.1930486,0.9999999,0.44744113,0.18003102,0.37252778,set_9
-1.9309967e-08,0.101572976,0.24101381,0.7019894,13.972572,0.0,0.0,0.11212045,0.67479736,0.08080807,1.1743225,0.9999999,0.4447443,0.18828079,0.36697495,set_9
-1.370801e-07,0.3405571,0.5188786,0.7681058,10.528303,0.0,0.0,0.11212045,0.67479736,0.28282827,1.1282976,0.9999999,0.437199,0.2092716,0.35352942,set_9
-1.3299072e-07,0.4310175,0.6151532,0.7938163,9.341705,0.0,0.0,0.11212045,0.67479736,0.36363634,1.11023,0.9999999,0.43388337,0.21698171,0.34913483,set_9
1.2089537e-08,0.9494495,1.0966473,0.95679545,3.3921478,0.0,0.0,0.11212045,0.67479736,0.9090909,0.993415,0.9999999,0.38084358,0.23387347,0.38528293,set_9
-7.2489144e-08,1.0539943,1.1735013,0.99614906,2.3730826,0.0,0.0,0.11212045,0.67479736,1.0505049,0.96460396,0.9999999,0.33038995,0.23386964,0.4357404,set_9
-1.3276029e-07,1.1248266,1.2136679,1.0235558,1.7880592,0.0,0.0,0.11212045,0.67479736,1.1515151,0.9443856,0.9999999,0.27629092,0.23817259,0.48553646,set_9
-1.4745565e-07,1.1812875,1.2367144,1.0450665,1.4066842,0.0,0.0,0.11212045,0.67479736,1.2323232,0.9284182,0.9999999,0.2261624,0.2441336,0.529704,set_9
-1.8417686e-07,1.6504786,1.2043191,1.2136692,0.37417144,0.0,0.0,0.11212045,0.67479736,1.919192,0.8007198,0.9999999,0.037476428,0.2673272,0.6951964,set_9
0.0,0.0,0.11574114,0.67479736,15.5798,0.0,0.0,0.11574114,0.67479736,0.0,1.1930486,0.9999999,0.44740045,0.18010074,0.37249878,set_9
-3.647737e-07,0.724312,0.9004457,0.8805921,5.8660746,0.0,0.0,0.11574114,0.67479736,0.64646465,1.0485419,0.9999999,0.41883853,0.2344338,0.34672773,set_9
-3.6263376e-07,0.8870033,1.0432111,0.9337926,4.0923796,0.0,0.0,0.11574114,0.67479736,0.8282828,1.010151,0.9999999,0.39818066,0.23524505,0.3665743,set_9
-3.6667313e-07,1.0841801,1.1928056,1.0071945,2.1305983,0.0,0.0,0.11574114,0.67479736,1.090909,0.9564893,0.9999999,0.3107247,0.23513392,0.4541414,set_9
-3.6758877e-07,1.2239786,1.2512342,1.0609753,1.1686975,0.0,0.0,0.11574114,0.67479736,1.2929292,0.916601,0.9999999,0.18854797,0.2492312,0.5622208,set_9
-4.394322e-07,1.2957715,1.2622495,1.0870174,0.8599925,0.0,0.0,0.11574114,0.67479736,1.3939394,0.8971165,0.9999999,0.13458647,0.25677255,0.608641,set_9
-5.0164243e-07,1.3673885,1.2639568,1.1125041,0.6410213,0.0,0.0,0.11574114,0.67479736,1.4949495,0.8779383,0.9999999,0.0953956,0.2619789,0.6426255,set_9
-1.8441554e-07,1.5622059,1.2303512,1.1809757,0.4037124,0.0,0.0,0.11574114,0.67479736,1.7777778,0.82588047,0.9999999,0.0478166,0.26692033,0.6852631,set_9
-4.792012e-08,1.6854497,1.2029588,1.2273712,0.31241152,0.0,0.0,0.11574114,0.67479736,1.979798,0.7901616,0.9999999,0.030944657,0.26733834,0.701717,set_9
0.0,0.0,0.1372058,0.67479736,15.5798,0.0,0.0,0.1372058,0.67479736,0.0,1.1930486,0.9999999,0.4471588,0.18051423,0.3723269,set_9
7.753334e-08,0.20007531,0.38232094,0.7287523,12.505425,0.0,0.0,0.1372058,0.67479736,0.16161615,1.1557541,0.9999999,0.4415554,0.1972635,0.36118114,set_9
-8.273947e-08,0.7253448,0.91802454,0.88058484,5.8577905,0.0,0.0,0.1372058,0.67479736,0.64646465,1.0485419,0.9999999,0.41854927,0.23479685,0.34665388,set_9
-8.874232e-08,0.8857945,1.0616628,0.9337841,4.068893,0.0,0.0,0.1372058,0.67479736,0.8282828,1.010151,0.9999999,0.3976141,0.23541774,0.36696824,set_9
-6.1205625e-08,0.93330455,1.1032617,0.95107883,3.54291,0.0,0.0,0.1372058,0.67479736,0.8888889,0.99760306,0.9999999,0.3852083,0.23442507,0.38036656,set_9
-2.295715e-07,1.2604301,1.2634794,1.0714542,1.0910645,0.0,0.0,0.1372058,0.67479736,1.3333333,0.9087512,0.9999999,0.17219263,0.25181612,0.5759912,set_9
-4.1322483e-07,1.379429,1.2648438,1.1125023,0.74118805,0.0,0.0,0.1372058,0.67479736,1.4949495,0.8779383,0.9999999,0.10641355,0.26091146,0.632675,set_9
-4.4489704e-07,1.6212087,1.2335064,1.1997888,0.34974477,0.0,0.0,0.1372058,0.67479736,1.8585858,0.8114377,0.9999999,0.03875826,0.26735833,0.6938834,set_9
-4.387797e-07,1.6811335,1.2209761,1.2228333,0.29577556,0.0,0.0,0.1372058,0.67479736,1.959596,0.79367083,0.9999999,0.030632589,0.26739186,0.7019756,set_9
0.0,0.0,0.11653744,0.67479736,15.5798,0.0,0.0,0.11653744,0.67479736,0.0,1.1930486,0.9999999,0.44739157,0.18011609,0.37249234,set_9
9.607779e-08,0.518816,0.70778483,0.81911576,8.247185,0.0,0.0,0.11653744,0.67479736,0.44444442,1.0923495,0.9999999,0.43028137,0.22383057,0.34588808,set_9
1.5955644e-07,0.85253,1.0454767,0.9279768,4.139467,0.0,0.0,0.11653744,0.67479736,0.8080808,1.0143703,0.9999999,0.39998353,0.23471123,0.36530527,set_9
8.9246505e-08,1.012913,1.1355122,0.97943413,2.868793,0.0,0.0,0.11653744,0.67479736,0.989899,0.976893,0.9999999,0.3591757,0.23356378,0.40726057,set_9
-7.9586705e-08,1.1767347,1.1697779,1.0289767,2.1193395,0.0,0.0,0.11653744,0.67479736,1.1717172,0.94039065,0.9999999,0.30136573,0.23748459,0.4611497,set_9
-2.5353313e-07,1.4234676,1.1964847,1.1124903,1.1966945,0.0,0.0,0.11653744,0.67479736,1.4949495,0.8779383,0.9999999,0.16358474,0.25460428,0.581811,set_9
-2.5180773e-07,1.5271614,1.2026983,1.1521336,0.8455643,0.0,0.0,0.11653744,0.67479736,1.6565657,0.84789056,0.9999999,0.10002063,0.26253578,0.63744354,set_9
-2.6434293e-07,1.6285504,1.1941912,1.1904168,0.6426194,0.0,0.0,0.11653744,0.67479736,1.8181818,0.81861,0.9999999,0.06363517,0.26611188,0.6702529,set_9
-2.697116e-07,1.688666,1.1854175,1.2136672,0.55665773,0.0,0.0,0.11653744,0.67479736,1.919192,0.8007198,0.9999999,0.0491597,0.26699108,0.68384916,set_9
0.0,0.0,0.12439487,0.67479736,15.5798,0.0,0.0,0.12439487,0.67479736,0.0,1.1930486,0.9999999,0.4473031,0.18026745,0.37242946,set_9
-1.9653122e-08,0.4315635,0.6254691,0.7938122,9.342905,0.0,0.0,0.12439487,0.67479736,0.36363634,1.11023,0.9999999,0.43373355,0.21722683,0.34903958,set_9
-1.7597594e-08,0.5617659,0.7566418,0.8316054,7.7272534,0.0,0.0,0.12439487,0.67479736,0.48484847,1.0835073,0.9999999,0.42827174,0.22690192,0.34482634,set_9
-4.588933e-08,0.88635606,1.0510731,0.93378747,4.0797195,0.0,0.0,0.12439487,0.67479736,0.8282828,1.010151,0.9999999,0.3979083,0.23529975,0.36679196,set_9
-5.6764645e-08,1.0272596,1.161375,0.9850331,2.6491046,0.0,0.0,0.12439487,0.67479736,1.010101,0.97276616,0.9999999,0.34803843,0.23346886,0.41849273,set_9
-1.1303558e-07,1.2259133,1.2554636,1.0609725,1.1794996,0.0,0.0,0.12439487,0.67479736,1.2929292,0.916601,0.9999999,0.18965958,0.2491659,0.5611745,set_9
-1.4715209e-08,1.4001431,1.2628583,1.1225438,0.6143079,0.0,0.0,0.12439487,0.67479736,1.5353535,0.87033665,0.9999999,0.08776898,0.26303548,0.6491955,set_9
1.5681888e-08,1.4981979,1.2512789,1.1570065,0.44832936,0.0,0.0,0.12439487,0.67479736,1.6767677,0.8441995,0.9999999,0.058457185,0.26612508,0.6754178,set_9
-2.0707255e-08,1.5642672,1.2404724,1.180984,0.36380062,0.0,0.0,0.12439487,0.67479736,1.7777778,0.82588047,0.9999999,0.04471862,0.26708803,0.6881934,set_9
0.0,0.0,0.12304133,0.67479736,15.5798,0.0,0.0,0.12304133,0.67479736,0.0,1.1930486,0.9999999,0.44731832,0.18024136,0.37244034,set_9
-2.1711303e-07,0.43148956,0.62431663,0.7938122,9.34289,0.0,0.0,0.12304133,0.67479736,0.36363634,1.11023,0.9999999,0.43375033,0.2171991,0.3490506,set_9
-1.6266114e-07,0.60338366,0.79610133,0.84399927,7.2288733,0.0,0.0,0.12304133,0.67479736,0.5252525,1.0746689,0.9999999,0.4262429,0.22941594,0.34434116,set_9
-3.7542577e-07,0.9195026,1.077364,0.94534385,3.7330856,0.0,0.0,0.12304133,0.67479736,0.86868685,1.0017823,0.9999999,0.390283,0.2346999,0.37501714,set_9
-4.835724e-07,1.0559869,1.1801301,0.99615914,2.3797216,0.0,0.0,0.12304133,0.67479736,1.0505049,0.96460396,0.9999999,0.33056,0.23401006,0.43542996,set_9
-5.088604e-07,1.268957,1.2617447,1.0766647,0.9875021,0.0,0.0,0.12304133,0.67479736,1.3535353,0.90486825,0.9999999,0.15638821,0.25381753,0.58979434,set_9
-2.1544669e-07,1.3709546,1.2641348,1.1125022,0.675905,0.0,0.0,0.12304133,0.67479736,1.4949495,0.8779383,0.9999999,0.09920652,0.26160917,0.6391843,set_9
-9.837626e-08,1.4144115,1.2607104,1.1275318,0.5865383,0.0,0.0,0.12304133,0.67479736,1.5555555,0.8665767,0.9999999,0.08270575,0.26363018,0.6536641,set_9
-2.1961878e-08,1.4980477,1.2505068,1.1570063,0.44813722,0.0,0.0,0.12304133,0.67479736,1.6767677,0.8441995,0.9999999,0.058464937,0.2661201,0.675415,set_9
0.0,0.0,0.13122346,0.67479736,15.5798,0.0,0.0,0.13122346,0.67479736,0.0,1.1930486,0.9999999,0.4472262,0.18039902,0.37237477,set_9
-1.7215709e-07,0.58356434,0.7819659,0.83781517,7.4811373,0.0,0.0,0.13122346,0.67479736,0.5050505,1.0790758,0.9999999,0.42718902,0.2283467,0.34446427,set_9
-2.0554731e-07,0.6654632,0.8598272,0.8624013,6.5222335,0.0,0.0,0.13122346,0.67479736,0.5858586,1.0615716,0.9999999,0.42271107,0.23261596,0.34467298,set_9
-2.4915727e-07,0.78039885,0.966044,0.8985304,5.2131176,0.0,0.0,0.13122346,0.67479736,0.7070707,1.0356324,0.9999999,0.41341746,0.2357336,0.35084894,set_9
-1.4454238e-07,0.9966434,1.1460495,0.973804,2.924923,0.0,0.0,0.13122346,0.67479736,0.96969694,0.981012,0.9999999,0.3624499,0.23347357,0.40407646,set_9
-9.537152e-08,1.3258424,1.2722747,1.0972751,0.77254105,0.0,0.0,0.13122346,0.67479736,1.4343435,0.8893907,0.9999999,0.11794241,0.25913784,0.62291974,set_9
-8.9839446e-08,1.3988922,1.2668749,1.1225381,0.6145762,0.0,0.0,0.13122346,0.67479736,1.5353535,0.87033665,0.9999999,0.08771883,0.26306665,0.64921457,set_9
-6.3679344e-08,1.643166,1.2193867,1.2090516,0.37158167,0.0,0.0,0.13122346,0.67479736,1.8989899,0.80428916,0.9999999,0.038083706,0.26736048,0.6945558,set_9
-2.447808e-08,1.6786819,1.2121673,1.2228171,0.3382467,0.0,0.0,0.13122346,0.67479736,1.959596,0.79367083,0.9999999,0.033052888,0.26738682,0.6995603,set_9
0.0,0.0,0.13606718,0.67479736,15.5798,0.0,0.0,0.13606718,0.67479736,0.0,1.1930486,0.9999999,0.44717178,0.18049228,0.37233594,set_9
-1.232546e-07,0.101886846,0.26403916,0.7019894,13.9726515,0.0,0.0,0.13606718,0.67479736,0.08080807,1.1743225,0.9999999,0.44446576,0.18875825,0.366776,set_9
-1.5796692e-07,0.17543295,0.35352975,0.72210217,12.854774,0.0,0.0,0.13606718,0.67479736,0.14141414,1.1603595,0.9999999,0.4423096,0.19512859,0.36256182,set_9
-2.6127336e-07,0.270004,0.46548367,0.74854773,11.465216,0.0,0.0,0.13606718,0.67479736,0.22222221,1.141945,0.9999999,0.4392811,0.20364603,0.35707286,set_9
-3.8470768e-07,0.47349957,0.6854558,0.8065171,8.744141,0.0,0.0,0.13606718,0.67479736,0.4040404,1.1012572,0.9999999,0.43183365,0.22107592,0.3470904,set_9
1.3722874e-07,0.97250724,1.1211051,0.9624876,3.2726061,0.0,0.0,0.13606718,0.67479736,0.9292929,0.9892581,0.9999999,0.37608778,0.23416063,0.38975155,set_9
3.7967067e-07,1.5827969,1.2434044,1.1856896,0.36282468,0.0,0.0,0.13606718,0.67479736,1.7979797,0.8222419,0.9999999,0.043138005,0.26719525,0.68966675,set_9
3.567336e-07,1.620472,1.2359952,1.199765,0.32505494,0.0,0.0,0.13606718,0.67479736,1.8585858,0.8114377,0.9999999,0.037226625,0.26739267,0.69538075,set_9
3.3092306e-07,1.6687752,1.2257487,1.2182431,0.2829839,0.0,0.0,0.13606718,0.67479736,1.939394,0.7971853,0.9999999,0.030870007,0.26741356,0.70171636,set_9
0.0,0.0,0.12603322,0.67479736,15.5798,0.0,0.0,0.12603322,0.67479736,0.0,1.1930486,0.9999999,0.4472846,0.18029904,0.3724164,set_9
-6.8213396e-08,0.29466912,0.4801004,0.7550913,11.16065,0.0,0.0,0.12603322,0.67479736,0.24242423,1.137383,0.9999999,0.43862373,0.2054609,0.35591537,set_9
-1.289101e-07,0.7045783,0.89228237,0.8745498,6.07177,0.0,0.0,0.12603322,0.67479736,0.6262626,1.0528564,0.9999999,0.42013597,0.23401164,0.34585243,set_9
-2.3560389e-07,0.7810012,0.96044147,0.8985406,5.2268467,0.0,0.0,0.12603322,0.67479736,0.7070707,1.0356324,0.9999999,0.41355154,0.23568863,0.35075977,set_9
-3.5080356e-07,0.9355895,1.0929546,0.9510849,3.5626006,0.0,0.0,0.12603322,0.67479736,0.8888889,0.99760306,0.9999999,0.3857374,0.2344074,0.3798552,set_9
-4.0975002e-07,1.1394207,1.230136,1.028981,1.6790626,0.0,0.0,0.12603322,0.67479736,1.1717172,0.94039065,0.9999999,0.26310527,0.23970258,0.49719217,set_9
-3.0944685e-07,1.2844145,1.264166,1.0818471,0.9398024,0.0,0.0,0.12603322,0.67479736,1.3737373,0.90099496,0.9999999,0.14731589,0.25512928,0.5975548,set_9
-1.8524102e-07,1.4582493,1.2564183,1.1423528,0.52332217,0.0,0.0,0.12603322,0.67479736,1.6161616,0.8553099,0.9999999,0.070377916,0.26501986,0.6646023,set_9
-2.1162703e-07,1.6758555,1.2180738,1.22282,0.26817182,0.0,0.0,0.12603322,0.67479736,1.959596,0.79367083,0.9999999,0.029385343,0.26737213,0.7032425,set_9
0.0,0.0,0.13449273,0.6748914,15.5798,0.0,0.0,0.13449273,0.6748914,0.0,1.2520337,0.9999999,0.44744304,0.1800236,0.3725334,set_9
-4.0328302e-07,0.42102897,0.62386715,0.7911074,9.468849,0.0,0.0,0.13449273,0.6748914,0.34343433,1.1325369,0.9999999,0.43429393,0.21616949,0.34953663,set_9
-3.296429e-07,0.6164921,0.8181809,0.84823716,7.0682583,0.0,0.0,0.13449273,0.6748914,0.5252525,1.0787592,0.9999999,0.42569393,0.23001708,0.34428906,set_9
-4.6493324e-07,0.86294866,1.0393755,0.9262026,4.3193393,0.0,0.0,0.13449273,0.6748914,0.78787875,1.0129898,0.9999999,0.40243447,0.23553531,0.36203027,set_9
-4.6864074e-07,1.0200645,1.1654009,0.9831435,2.6923342,0.0,0.0,0.13449273,0.6748914,0.989899,0.9716224,0.9999999,0.35106397,0.23334117,0.41559488,set_9
-3.775594e-07,1.1053579,1.219461,1.0162551,1.9306629,0.0,0.0,0.13449273,0.6748914,1.111111,0.95056766,0.9999999,0.29239836,0.23662679,0.47097486,set_9
-4.9732097e-07,1.308022,1.271991,1.0910593,0.8431189,0.0,0.0,0.13449273,0.6748914,1.3939394,0.9133167,0.9999999,0.13156666,0.2571133,0.6113201,set_9
-6.519098e-07,1.4128145,1.2676942,1.1274937,0.5865903,0.0,0.0,0.13449273,0.6748914,1.5353535,0.90049773,0.9999999,0.084316395,0.263165,0.65251863,set_9
-6.061838e-07,1.5835596,1.2431495,1.1890583,0.33265048,0.0,0.0,0.13449273,0.6748914,1.7777778,0.88817024,0.9999999,0.0423001,0.26669097,0.69100887,set_9
0.0,0.0,0.13275822,0.6748914,15.5798,0.0,0.0,0.13275822,0.6748914,0.0,1.2520337,0.9999999,0.44746244,0.17999025,0.3725473,set_9
1.5623935e-07,0.4435367,0.6457192,0.79758096,9.179903,0.0,0.0,0.13275822,0.6748914,0.36363634,1.1263376,0.9999999,0.4334475,0.21798766,0.34856486,set_9
1.8313997e-08,0.72153866,0.90460277,0.8787987,5.9616194,0.0,0.0,0.13275822,0.6748914,0.6262626,1.0517689,0.9999999,0.41946894,0.23431088,0.34622025,set_9
1.7922872e-09,0.84545785,1.0234917,0.9203799,4.5031657,0.0,0.0,0.13275822,0.6748914,0.7676768,1.0175703,0.9999999,0.40530583,0.2356544,0.35903978,set_9
5.100162e-08,0.96333116,1.1438947,0.9663235,3.027729,0.0,0.0,0.13275822,0.6748914,0.9292929,0.98301697,0.9999999,0.36859307,0.2329757,0.39843127,set_9
7.736826e-08,1.0035264,1.1822436,0.98316354,2.544457,0.0,0.0,0.13275822,0.6748914,0.989899,0.9716224,0.9999999,0.3443324,0.2328178,0.42284977,set_9
7.521686e-08,1.3363315,1.2825844,1.106772,0.617357,0.0,0.0,0.13275822,0.6748914,1.4545455,0.9073568,0.9999999,0.09697448,0.26143467,0.64159083,set_9
4.3831704e-08,1.4137577,1.2718092,1.1327119,0.50110984,0.0,0.0,0.13275822,0.6748914,1.5555555,0.8991031,0.9999999,0.07388047,0.26421142,0.6619081,set_9
-1.9923723e-08,1.5884861,1.2386113,1.1942216,0.32216164,0.0,0.0,0.13275822,0.6748914,1.7979797,0.887582,0.9999999,0.04062737,0.2667468,0.6926259,set_9
0.0,0.0,0.11934849,0.6748914,15.5798,0.0,0.0,0.11934849,0.6748914,0.0,1.2520337,0.9999999,0.44761315,0.17973223,0.3726546,set_9
-4.3750978e-07,0.3039725,0.48572016,0.75812453,11.016495,0.0,0.0,0.11934849,0.6748914,0.24242423,1.1652253,0.9999999,0.43865445,0.2057782,0.3555674,set_9
-2.5141978e-07,0.80957997,0.9824811,0.9086691,4.889743,0.0,0.0,0.11934849,0.6748914,0.72727275,1.026815,0.9999999,0.41044503,0.23553379,0.35402125,set_9
-6.038793e-08,0.9455514,1.095135,0.95502406,3.465678,0.0,0.0,0.11934849,0.6748914,0.8888889,0.9912881,0.9999999,0.38333097,0.23400445,0.38266453,set_9
-1.7345562e-07,1.1059139,1.2080348,1.0163418,1.9408016,0.0,0.0,0.11934849,0.6748914,1.111111,0.95056766,0.9999999,0.29351225,0.2364293,0.4700585,set_9
-1.0720431e-07,1.2204595,1.250227,1.0594435,1.2099144,0.0,0.0,0.11934849,0.6748914,1.2727273,0.9274209,0.9999999,0.19597402,0.24811475,0.55591124,set_9
6.288724e-08,1.4850827,1.2507169,1.1533034,0.45663023,0.0,0.0,0.11934849,0.6748914,1.6363636,0.89387196,0.9999999,0.062360134,0.26535103,0.6722889,set_9
5.366247e-08,1.541643,1.2420868,1.1737981,0.3784673,0.0,0.0,0.11934849,0.6748914,1.7171717,0.89000416,0.9999999,0.049723655,0.2662949,0.6839814,set_9
-1.8781506e-08,1.7273908,1.203599,1.2450854,0.21192399,0.0,0.0,0.11934849,0.6748914,2.0,0.88692844,0.9999999,0.025038717,0.26641598,0.7085453,set_9
0.0,0.0,0.12532763,0.6748914,15.5798,0.0,0.0,0.12532763,0.6748914,0.0,1.2520337,0.9999999,0.44754595,0.17984727,0.37260675,set_9
-1.13693844e-07,0.5741845,0.7700993,0.83575106,7.56798,0.0,0.0,0.12532763,0.6748914,0.48484847,1.0903087,0.9999999,0.4279303,0.22738223,0.34468746,set_9
-9.040954e-08,0.8783072,1.047801,0.93201846,4.1317654,0.0,0.0,0.12532763,0.6748914,0.8080808,1.0083447,0.9999999,0.39931315,0.23514813,0.36553872,set_9
-1.8507176e-07,1.062954,1.1878083,0.9998088,2.2951057,0.0,0.0,0.12532763,0.6748914,1.0505049,0.96073323,0.9999999,0.32500747,0.23414151,0.44085103,set_9
-3.1004024e-07,1.2629608,1.2622682,1.0752841,1.006941,0.0,0.0,0.12532763,0.6748914,1.3333333,0.91985846,0.9999999,0.16126868,0.25295684,0.5857745,set_9
-2.5022084e-07,1.3071859,1.2660041,1.0910835,0.84498334,0.0,0.0,0.12532763,0.6748914,1.3939394,0.9133167,0.9999999,0.13206033,0.2570043,0.61093533,set_9
-8.804653e-08,1.3818295,1.2648963,1.1171907,0.6444311,0.0,0.0,0.12532763,0.6748914,1.4949495,0.9038296,0.9999999,0.09528354,0.2618201,0.64289635,set_9
1.05107745e-07,1.4853294,1.2533875,1.1533428,0.4628899,0.0,0.0,0.12532763,0.6748914,1.6363636,0.89387196,0.9999999,0.0628323,0.26533455,0.67183316,set_9
8.937406e-08,1.689357,1.2154074,1.2298924,0.24020031,0.0,0.0,0.12532763,0.6748914,1.939394,0.88621306,0.9999999,0.028736591,0.26666373,0.7045997,set_9
0.0,0.0,0.12062701,0.6748914,15.5798,0.0,0.0,0.12062701,0.6748914,0.0,1.2520337,0.9999999,0.44759884,0.1797568,0.37264436,set_9
-3.5542094e-08,0.07989485,0.22247295,0.69626874,14.306072,0.0,0.0,0.12062701,0.6748914,0.06060606,1.2294796,0.9999999,0.4455141,0.18618976,0.3682961,set_9
-5.5914267e-08,0.15703782,0.31704706,0.7172637,13.12667,0.0,0.0,0.12062701,0.6748914,0.12121212,1.2070858,0.9999999,0.44331604,0.19276425,0.36391973,set_9
-5.6083177e-08,0.5313266,0.7246654,0.82317877,8.081154,0.0,0.0,0.12062701,0.6748914,0.44444442,1.1018846,0.9999999,0.4299488,0.22445664,0.34559458,set_9
9.392753e-09,0.63636124,0.8257625,0.85437703,6.8359747,0.0,0.0,0.12062701,0.6748914,0.5454545,1.0732687,0.9999999,0.4247492,0.23081882,0.34443197,set_9
2.1938966e-08,0.73513037,0.91716635,0.88480544,5.710115,0.0,0.0,0.12062701,0.6748914,0.64646465,1.046689,0.9999999,0.4180116,0.23453477,0.3474536,set_9
3.108421e-08,0.894891,1.0583602,0.937787,3.9552498,0.0,0.0,0.12062701,0.6748914,0.8282828,1.0038979,0.9999999,0.39586762,0.23482461,0.3693078,set_9
-8.241658e-08,1.1464148,1.2299204,1.0325195,1.620183,0.0,0.0,0.12062701,0.6748914,1.1717172,0.94137883,0.9999999,0.25680858,0.24024332,0.50294816,set_9
-5.903494e-08,1.5423732,1.2395471,1.1737533,0.4048245,0.0,0.0,0.12062701,0.6748914,1.7171717,0.89000416,0.9999999,0.0517693,0.26617885,0.68205184,set_9
0.0,0.0,0.12501493,0.6748914,15.5798,0.0,0.0,0.12501493,0.6748914,0.0,1.2520337,0.9999999,0.44754952,0.17984125,0.37260923,set_9
2.0391897e-09,0.65713656,0.8481542,0.86056596,6.601845,0.0,0.0,0.12501493,0.6748914,0.56565654,1.0678818,0.9999999,0.4235089,0.23186515,0.34462595,set_9
1.0543529e-08,0.71637774,0.9030862,0.87882626,5.9251475,0.0,0.0,0.12501493,0.6748914,0.6262626,1.0517689,0.9999999,0.41948715,0.23409298,0.34641987,set_9
3.1589085e-08,0.9114236,1.0753464,0.9435771,3.7804275,0.0,0.0,0.12501493,0.6748914,0.8484848,0.99963874,0.9999999,0.39189976,0.23457973,0.37352055,set_9
-3.4375427e-09,0.95893687,1.1137378,0.9606907,3.2875845,0.0,0.0,0.12501493,0.6748914,0.9090909,0.9870488,0.9999999,0.37764257,0.23368199,0.3886754,set_9
-3.093288e-07,1.3058157,1.2668661,1.0910894,0.8360597,0.0,0.0,0.12501493,0.6748914,1.3939394,0.9133167,0.9999999,0.13096431,0.25712845,0.6119073,set_9
-2.2535427e-07,1.3658986,1.2654653,1.1119877,0.6788411,0.0,0.0,0.12501493,0.6748914,1.4747474,0.90561295,0.9999999,0.10161454,0.26102903,0.6373564,set_9
1.5201398e-07,1.5019453,1.2459017,1.1584833,0.48396862,0.0,0.0,0.12501493,0.6748914,1.6565657,0.89288557,0.9999999,0.0630514,0.2653532,0.67159534,set_9
2.3811626e-07,1.5865501,1.2311691,1.1891685,0.38482517,0.0,0.0,0.12501493,0.6748914,1.7777778,0.88817024,0.9999999,0.04605383,0.26650032,0.6874459,set_9
0.0,0.0,0.12921152,0.6748914,15.5798,0.0,0.0,0.12921152,0.6748914,0.0,1.2520337,0.9999999,0.44750232,0.17992203,0.3725756,set_9
2.723718e-07,0.5100371,0.71016407,0.8168615,8.346495,0.0,0.0,0.12921152,0.6748914,0.4242424,1.107786,0.9999999,0.43078476,0.2230705,0.34614468,set_9
2.3291706e-07,0.6163664,0.8136405,0.8482453,7.0707445,0.0,0.0,0.12921152,0.6748914,0.5252525,1.0787592,0.9999999,0.4257616,0.2299163,0.34432206,set_9
1.9473727e-07,0.8450246,1.0211551,0.92043304,4.5005894,0.0,0.0,0.12921152,0.6748914,0.7676768,1.0175703,0.9999999,0.40532562,0.23558879,0.35908556,set_9
1.3953846e-07,1.2046049,1.2548318,1.0541261,1.269884,0.0,0.0,0.12921152,0.6748914,1.2525252,0.92997265,0.9999999,0.20604777,0.24675864,0.5471936,set_9
1.4690025e-07,1.3817263,1.2680011,1.117271,0.6377497,0.0,0.0,0.12921152,0.6748914,1.4949495,0.9038296,0.9999999,0.09443173,0.2619267,0.64364153,set_9
6.408797e-08,1.5553876,1.2453465,1.1789982,0.36087015,0.0,0.0,0.12921152,0.6748914,1.7373737,0.88928264,0.9999999,0.046916258,0.26647913,0.6866046,set_9
7.02708e-08,1.5965312,1.23769,1.1943027,0.31587103,0.0,0.0,0.12921152,0.6748914,1.7979797,0.887582,0.9999999,0.040066455,0.2667473,0.6931862,set_9
2.514665e-07,1.7017677,1.2151744,1.2350279,0.22593059,0.0,0.0,0.12921152,0.6748914,1.959596,0.8864499,0.9999999,0.027177518,0.26660126,0.7062212,set_9
0.0,0.0,0.13043755,0.6748914,15.5798,0.0,0.0,0.13043755,0.6748914,0.0,1.2520337,0.9999999,0.4474885,0.17994557,0.3725659,set_9
-2.5755138e-09,0.6372811,0.8336994,0.8544599,6.8335733,0.0,0.0,0.13043755,0.6748914,0.5454545,1.0732687,0.9999999,0.4246205,0.23100795,0.3443715,set_9
-1.2989129e-08,0.71679413,0.90767914,0.87887335,5.921284,0.0,0.0,0.13043755,0.6748914,0.6262626,1.0517689,0.9999999,0.41940606,0.23418662,0.3464073,set_9
-2.10218e-08,0.8097226,0.99179035,0.90872496,4.880427,0.0,0.0,0.13043755,0.6748914,0.72727275,1.026815,0.9999999,0.41024736,0.2356749,0.35407776,set_9
-2.3484045e-08,0.92794657,1.092731,0.9493489,3.6090357,0.0,0.0,0.13043755,0.6748914,0.86868685,0.9954684,0.9999999,0.38747582,0.23432913,0.37819508,set_9
-2.2091312e-08,1.0489961,1.1821065,0.99430025,2.4233847,0.0,0.0,0.13043755,0.6748914,1.030303,0.9641727,0.9999999,0.33431038,0.23374881,0.43194085,set_9
-2.4234447e-08,1.0918486,1.2080342,1.0108135,2.0532012,0.0,0.0,0.13043755,0.6748914,1.090909,0.9539924,0.9999999,0.3043241,0.2355991,0.46007687,set_9
-6.477099e-08,1.2192758,1.2584972,1.0594119,1.2002227,0.0,0.0,0.13043755,0.6748914,1.2727273,0.9274209,0.9999999,0.19452013,0.24835111,0.5571288,set_9
4.1714575e-08,1.5999274,1.2335821,1.1941938,0.35578546,0.0,0.0,0.13043755,0.6748914,1.7979797,0.887582,0.9999999,0.04267582,0.26665023,0.6906739,set_9
0.0,0.0,0.13437338,0.6748914,15.5798,0.0,0.0,0.13437338,0.6748914,0.0,1.2520337,0.9999999,0.44744426,0.18002138,0.37253442,set_9
-1.0936212e-08,0.080036655,0.2358,0.69626874,14.306108,0.0,0.0,0.13437338,0.6748914,0.06060606,1.2294796,0.9999999,0.44535533,0.18646182,0.36818284,set_9
-2.2703862e-08,0.23202628,0.4180792,0.7378704,12.02872,0.0,0.0,0.13437338,0.6748914,0.18181817,1.1859499,0.9999999,0.44085342,0.19964676,0.35949984,set_9
3.7302804e-08,0.6984631,0.89192665,0.8727884,6.150264,0.0,0.0,0.13437338,0.6748914,0.60606056,1.0570462,0.9999999,0.4208037,0.23364352,0.3455528,set_9
3.1510428e-08,1.0791962,1.2023385,1.0053608,2.1736224,0.0,0.0,0.13437338,0.6748914,1.070707,0.9573727,0.9999999,0.3149239,0.2348711,0.450205,set_9
1.5042444e-07,1.1623573,1.2453709,1.0380161,1.518352,0.0,0.0,0.13437338,0.6748914,1.1919192,0.9383982,0.9999999,0.24303716,0.24198617,0.5149767,set_9
1.390203e-07,1.4093225,1.2725214,1.127609,0.54569924,0.0,0.0,0.13437338,0.6748914,1.5353535,0.90049773,0.9999999,0.08002772,0.2635791,0.6563932,set_9
1.4106848e-07,1.4680552,1.2639664,1.1482272,0.4578132,0.0,0.0,0.13437338,0.6748914,1.6161616,0.8950065,0.9999999,0.06397536,0.26523542,0.67078924,set_9
1.7254038e-07,1.6512829,1.2217429,1.2146151,0.3289168,0.0,0.0,0.13437338,0.6748914,1.8787879,0.8864278,0.9999999,0.03641921,0.2667546,0.69682616,set_9
0.0,0.0,0.12368013,0.6748914,15.5798,0.0,0.0,0.12368013,0.6748914,0.0,1.2520337,0.9999999,0.44756448,0.17981558,0.37261987,set_9
-2.5701762e-08,0.07992624,0.22543284,0.69626874,14.306081,0.0,0.0,0.12368013,0.6748914,0.06060606,1.2294796,0.9999999,0.4454789,0.18625012,0.368271,set_9
-7.9862154e-08,0.44315806,0.6394212,0.7975997,9.1684265,0.0,0.0,0.12368013,0.6748914,0.36363634,1.1263376,0.9999999,0.43354523,0.2178479,0.34860682,set_9
-6.499664e-08,0.61661345,0.80895233,0.8482411,7.0735145,0.0,0.0,0.12368013,0.6748914,0.5252525,1.0787592,0.9999999,0.42582673,0.22981854,0.3443547,set_9
-1.2251864e-07,1.0356939,1.1666025,0.98876685,2.5664554,0.0,0.0,0.12368013,0.6748914,1.010101,0.9677899,0.9999999,0.3436571,0.2334097,0.42293313,set_9
-1.4275469e-07,1.1060269,1.2114773,1.0163022,1.9368582,0.0,0.0,0.12368013,0.6748914,1.111111,0.95056766,0.9999999,0.29309425,0.23649447,0.47041127,set_9
-1.5373968e-07,1.2767979,1.2644798,1.0806118,0.935884,0.0,0.0,0.12368013,0.6748914,1.3535353,0.9176466,0.9999999,0.14925519,0.25458843,0.59615636,set_9
-1.3510169e-07,1.4543835,1.2585127,1.1430364,0.489922,0.0,0.0,0.12368013,0.6748914,1.5959595,0.89637804,0.9999999,0.068898536,0.26474363,0.6663578,set_9
-1.4412544e-07,1.5118723,1.2504536,1.1635683,0.40396732,0.0,0.0,0.12368013,0.6748914,1.6767677,0.8919485,0.9999999,0.054626103,0.26597688,0.67939705,set_9
