,process,t,G_exp,G,P_exp,P,X_exp,X,V_N
0,DoE1_R1_aug_01,0.0,0.6478273015742754,0.6465467,-0.03578219471828221,0.0,27.396093436972368,29.529741,1.3332875623847258
392,DoE1_R1_aug_01,3.145356163368173,-0.18345686770950653,0.0,5.634430042739795,5.423201,38.772502781337955,39.882233,1.5698648970708615
448,DoE1_R1_aug_01,3.5946927581350545,1.394246818513321,1.3769859,5.976846216594973,6.066108,38.92180673051625,40.15751,1.6154822027274982
477,DoE1_R1_aug_01,3.8273849232821897,2.415591673709133,2.6168356,6.117089367625586,6.2859335,38.88783015151544,38.217678,1.64001501185016
536,DoE1_R1_aug_01,4.3007931213401545,4.947787400068114,5.190588,6.329948744290907,5.938345,38.605726864379214,39.236053,1.6889004174395896
596,DoE1_R1_aug_01,4.7822251871618136,8.181458057933874,8.625977,6.454733090387157,7.547212,38.05625903846589,38.340656,1.7491241973874645
603,DoE1_R1_aug_01,4.838392261507674,8.603869253333311,8.939711,6.463714527592258,7.6484165,37.976600979028056,41.539444,1.7566774658386004
658,DoE1_R1_aug_01,5.279704988510861,12.264403844272337,12.543747,6.4968724612706605,7.232898,37.2495602861894,34.649136,1.8192866214741323
0,DoE1_R1_aug_02,0.0,0.6478273015742754,0.7003726,-0.03578219471828221,0.0,27.396093436972368,25.065779,1.3332875623847258
562,DoE1_R1_aug_02,4.509413683196207,6.2651040241104665,6.4662337,6.394806614512979,6.416409,38.39797965597394,38.430416,1.7139540326826315
618,DoE1_R1_aug_02,4.958750277963088,9.541670636503994,9.167377,6.479240565929136,6.1104336,37.79573731890909,37.363964,1.77319683495364
647,DoE1_R1_aug_02,5.191442443110224,11.48302316183253,11.344069,6.495364635896498,5.5506787,37.40861818359676,38.15815,1.806335659572362
706,DoE1_R1_aug_02,5.664850641168189,15.971714332402104,15.62753,6.475671082143767,5.9719853,36.48398636255617,39.697826,1.8779106155059304
766,DoE1_R1_aug_02,6.146282706989848,21.311596787351274,18.850552,6.391416918136481,6.50577,35.38552343761855,37.316673,1.9576568765793083
773,DoE1_R1_aug_02,6.202449781335708,21.987365328381166,22.63559,6.3778140112140385,8.332692,35.248675157004314,36.243607,1.9644961690185745
828,DoE1_R1_aug_02,6.643762508338896,27.67947675360816,27.947403,6.246636264049357,5.115945,34.12215457286886,33.079758,2.0409097396680913
0,DoE1_R1_aug_03,0.0,0.6478273015742754,0.6825804,-0.03578219471828221,0.0,27.396093436972368,24.676706,1.3332875623847258
159,DoE1_R1_aug_03,1.2757949744273966,-1.8517810329645041,0.0,3.0353699126022886,3.1245608,34.4969662749899,31.612366,1.4147680264573943
215,DoE1_R1_aug_03,1.7251315691942783,-2.0975852392741507,0.0,3.850316531014223,3.7214658,36.1287083744445,36.693222,1.4487203303880043
244,DoE1_R1_aug_03,1.9578237343414138,-2.0757085771394075,0.0,4.222271340065602,3.6091704,36.81301182690065,38.062054,1.466958013259936
303,DoE1_R1_aug_03,2.4312319323993785,-1.6930788247396589,0.0,4.879180021681545,4.0611916,37.88816275832241,42.48126,1.5050089610747994
363,DoE1_R1_aug_03,2.9126639982210376,-0.8051569414590096,0.0,5.417909067842128,5.2009006,38.575831497872144,37.393444,1.547511776408858
370,DoE1_R1_aug_03,2.9688310725668976,-0.6669097845604197,0.0,5.472712222106127,5.384504,38.63110488926165,38.96307,1.5528125938721784
425,DoE1_R1_aug_03,3.4101437995700854,0.6846124417565993,0.7011111,5.847925769197369,5.970305,38.895886115385046,37.907547,1.5964158182474202
0,DoE1_R1_aug_04,0.0,0.6478273015742754,0.6602279,-0.03578219471828221,0.0,27.396093436972368,26.969753,1.3332875623847258
1091,DoE1_R1_aug_04,8.7540397301905,63.461833310061564,61.19883,5.2283826583795925,4.838058,28.25700507266498,28.13671,2.505778449634762
1147,DoE1_R1_aug_04,9.203376324957382,72.70912103031071,72.180466,4.978430216690573,5.5318065,27.097575005740772,27.50952,2.6257881703397974
1176,DoE1_R1_aug_04,9.436068490104518,77.69676814001166,81.326645,4.850885872688466,5.008878,26.534094628923878,26.222212,2.6920873994283423
1235,DoE1_R1_aug_04,9.909476688162483,88.2404464158833,83.78509,4.601028412527624,4.202403,25.486947358414923,24.277687,2.8397705563100377
1295,DoE1_R1_aug_04,10.390908753984142,99.47616813212812,105.28773,4.36814585642311,5.8229084,24.588834587605007,24.7584,3.0032207467054954
1302,DoE1_R1_aug_04,10.447075828330002,100.81894409420984,97.60037,4.342814982217277,3.7587688,24.496704730025986,24.213379,3.0184327080504283
1357,DoE1_R1_aug_04,10.88838855533319,111.58905537087497,109.43986,4.160292673816702,5.324378,23.87673263583615,23.490557,3.1821508824351983
0,DoE1_R1_aug_05,0.0,0.6478273015742754,0.7046323,-0.03578219471828221,0.0,27.396093436972368,28.98887,1.3332875623847258
18,DoE1_R1_aug_05,0.14442961974649773,0.24709275776390918,0.24029332,0.37188851300033177,0.3485962,28.39752767595793,27.990297,1.340709751973466
74,DoE1_R1_aug_05,0.5937662145133795,-0.8186351752362347,0.0,1.5395858531022644,1.1772097,31.180424378949784,28.772375,1.3677319945866813
103,DoE1_R1_aug_05,0.8264583796605148,-1.254736877685535,0.0,2.0863532687139354,2.0464594,32.43096029523223,35.513954,1.3830527886397552
162,DoE1_R1_aug_05,1.2998665777184795,-1.874153587825542,0.0,3.082355812584232,3.3232598,34.59512093484001,31.941149,1.416536233483197
222,DoE1_R1_aug_05,1.7812986435401388,-2.101934436950814,0.0,3.9431537489949675,4.614584,36.30364688829302,35.010086,1.453087845615471
229,DoE1_R1_aug_05,1.837465717885999,-2.1002026507071365,0.0,4.03403577789078,4.3552237,36.472331180953134,31.005598,1.4574783797745074
284,DoE1_R1_aug_05,2.2787784448891863,-1.8674710805830075,0.0,4.68185033850344,4.462647,37.58683376368762,39.666794,1.492810411188426
0,DoE1_R1_aug_06,0.0,0.6478273015742754,0.6509406,-0.03578219471828221,0.0,27.396093436972368,26.2369,1.3332875623847258
703,DoE1_R1_aug_06,5.640779037877106,15.725576651198399,17.135378,6.478263471499496,7.655102,36.535026452424425,36.28066,1.8741563728205846
759,DoE1_R1_aug_06,6.090115632643988,20.647005072569655,20.96053,6.404270546360472,5.7627435,35.52070395190309,32.81147,1.9458082629494642
788,DoE1_R1_aug_06,6.322807797791123,23.472854074665392,22.075737,6.346214000998069,6.031551,34.950087330663415,36.058125,1.9847115397051676
847,DoE1_R1_aug_06,6.796215995849088,29.800128790051097,29.10457,6.19216063611516,7.0557604,33.71511351509328,33.32441,2.068825898925208
907,DoE1_R1_aug_06,7.277648061670747,36.99796035101172,37.107063,5.994041701645026,5.9737716,32.387658847767504,35.2897,2.1625224663734506
914,DoE1_R1_aug_06,7.333815136016607,37.88606924345345,33.805862,5.968650400732617,5.463922,32.22978397089271,31.119764,2.174028598558637
969,DoE1_R1_aug_06,7.775127863019795,45.20318359264466,45.03314,5.755725416518211,6.0171266,30.97941871236836,33.419086,2.268888866934033
0,DoE1_R1_aug_07,0.0,0.6478273015742754,0.5952431,-0.03578219471828221,0.0,27.396093436972368,27.501072,1.3332875623847258
111,DoE1_R1_aug_07,0.8906493217700694,-1.3602550987908955,0.0,2.2304365595691547,2.187959,32.75383682836214,33.401867,1.3874208396650247
167,DoE1_R1_aug_07,1.3399859165369512,-1.9091870448664914,0.0,3.1598139250402824,3.4753208,34.75595511233521,34.068726,1.4194972286684617
196,DoE1_R1_aug_07,1.5726780816840864,-2.0556489521785184,0.0,3.5883511310732485,3.000267,35.62188139573579,34.931797,1.436992185105682
255,DoE1_R1_aug_07,2.046086279742051,-2.0394321385366614,0.0,4.354738490842569,4.304606,37.0451006829574,37.1948,1.4759862113254034
315,DoE1_R1_aug_07,2.5275183455637102,-1.5570433467274432,0.0,4.9970495049167765,4.8589964,38.05725288930185,33.193596,1.5130486585955205
322,DoE1_R1_aug_07,2.5836854199095707,-1.4682701036208208,0.0,5.0634280036425166,5.8472867,38.14844596786798,38.488056,1.5178518940560732
377,DoE1_R1_aug_07,3.024998146912758,-0.521188893928489,0.0,5.525888265846222,5.3581395,38.681371844975786,36.19974,1.5581756014729635
0,DoE1_R1_aug_08,0.0,0.6478273015742754,0.6739974,-0.03578219471828221,0.0,27.396093436972368,26.393774,1.3332875623847258
144,DoE1_R1_aug_08,1.1554369579719819,-1.7249016237075974,0.0,2.7946444738479266,2.8307781,33.98740566750589,32.28732,1.4060253813951773
200,DoE1_R1_aug_08,1.6047735527388636,-2.0680950678347747,0.0,3.644723677983395,3.9932623,35.7325055608042,34.568684,1.4394450486420243
229,DoE1_R1_aug_08,1.837465717885999,-2.1002026507071365,0.0,4.03403577789078,4.299467,36.472331180953134,38.168148,1.4574783797745074
288,DoE1_R1_aug_08,2.3108739159439637,-1.8348813582638677,0.0,4.724495933193666,4.968794,37.653740954539494,37.262268,1.495322359577925
348,DoE1_R1_aug_08,2.792305981765623,-1.076540515147331,0.0,5.294922534256761,6.206295,38.440255673371524,41.331165,1.5363745769292692
355,DoE1_R1_aug_08,2.848473056111483,-0.9540866837013149,0.0,5.353264605823493,5.613499,38.50645587152643,37.42905,1.5415332378940743
410,DoE1_R1_aug_08,3.2897857831146706,0.2684334382644722,0.25929508,5.755126925489427,5.097147,38.85269012233233,36.5586,1.5842164108275827
0,DoE1_R1_aug_09,0.0,0.6478273015742754,0.64527184,-0.03578219471828221,0.0,27.396093436972368,27.52811,1.3332875623847258
402,DoE1_R1_aug_09,3.225594841005116,0.06125159192482421,0.058710735,5.70275541951014,5.1731224,38.820922540740014,42.700756,1.577796841760118
458,DoE1_R1_aug_09,3.674931435771998,1.7302845316031776,1.7818301,6.027969428370624,5.841463,38.918309557351606,41.92436,1.6238877740253643
487,DoE1_R1_aug_09,3.907623600919133,2.8012919147633313,2.8697493,6.159861895124774,5.8728366,38.859568074351046,38.29545,1.6485709684493661
546,DoE1_R1_aug_09,4.381031798977098,5.439510827516861,5.121724,6.356906372137594,6.1754494,38.53154771749355,36.82576,1.698336603632571
606,DoE1_R1_aug_09,4.862463864798757,8.787857875753284,8.5489,6.467222827988005,8.167023,37.941527139911344,38.033794,1.7599454197481024
613,DoE1_R1_aug_09,4.9186309391446175,9.224098341651585,9.09253,6.4746224318439065,7.1592746,37.857541408879385,38.225353,1.767640970054438
668,DoE1_R1_aug_09,5.359943666147805,12.996565946564246,12.375867,6.496123012409805,7.0616426,37.099431220117324,36.030704,1.8312276868995139
0,DoE1_R1_aug_10,0.0,0.6478273015742754,0.6387925,-0.03578219471828221,0.0,27.396093436972368,24.820068,1.3332875623847258
164,DoE1_R1_aug_10,1.3159143132458682,-1.8885060510532545,0.0,3.1134665894950535,2.9831667,34.65986728387194,33.08035,1.4177185533673966
220,DoE1_R1_aug_10,1.76525090801275,-2.10130943684985,0.0,3.9168290172582276,3.6709406,36.25430522251365,35.76541,1.451837577257043
249,DoE1_R1_aug_10,1.9979430731598853,-2.0611595532369824,0.0,4.283063660307247,4.8255796,36.920350774017116,34.19182,1.470137771260023
308,DoE1_R1_aug_10,2.4713512712178503,-1.6388604320447444,0.0,4.928921974580267,4.3948507,37.96058967098456,38.321354,1.5083283610816443
368,DoE1_R1_aug_10,2.9527833370395093,-0.7071687173802408,0.0,5.457220888312842,4.5723076,38.61582593341822,39.980392,1.551291613185092
375,DoE1_R1_aug_10,3.0089504113853693,-0.5635899010090588,0.0,5.510860237383313,4.9176598,38.66751727719446,39.193085,1.5566371216272408
430,DoE1_R1_aug_10,3.4502631383885567,0.8314611654767559,0.7810118,5.8773152695553055,6.2405815,38.90562066251463,41.349766,1.6005258585825048
0,DoE1_R1_aug_11,0.0,0.6478273015742754,0.6991152,-0.03578219471828221,0.0,27.396093436972368,29.065128,1.3332875623847258
174,DoE1_R1_aug_11,1.3961529908828114,-1.9534598719031395,0.0,3.266476169044089,3.1067097,34.975369556878185,36.996502,1.4236711753064157
183,DoE1_R1_aug_11,1.4683678007560603,-2.0021012626915087,0.0,3.4005862319876234,3.4186034,35.24769758320292,33.31322,1.4290846781672393
272,DoE1_R1_aug_11,2.1824920317248546,-1.9522325638014562,0.0,4.550340665431786,3.9961338,37.37483908187082,35.292812,1.4854619386647596
561,DoE1_R1_aug_11,4.501389815432512,6.212092119992469,6.3452425,6.392623674363482,5.73123,38.40685349591174,37.67508,1.712959724817147
705,DoE1_R1_aug_11,5.656826773404495,15.889451640607698,14.669774,6.476553278034789,6.7636504,36.50104431496053,36.241966,1.876657993322359
945,DoE1_R1_aug_11,7.582555036691131,41.93712241003199,39.252613,5.8513533830404985,6.8684535,31.52638621191209,33.02067,2.226504604358376
1056,DoE1_R1_aug_11,8.4732043584612,57.95073614375812,56.519684,5.384170077231896,4.885204,29.018416767461996,32.638855,2.43361293833657
0,DoE1_R1_aug_12,0.0,0.6478273015742754,0.6485553,-0.03578219471828221,0.0,27.396093436972368,27.433693,1.3332875623847258
360,DoE1_R1_aug_12,2.8885923949299546,-0.8621341696011657,0.0,5.393920061293141,5.3422713,38.55059569403784,40.366646,1.5452596896767823
452,DoE1_R1_aug_12,3.626788229189832,1.5266410875709808,1.5004189,5.997649099534401,5.934968,38.92146324273558,38.612133,1.6188368380503593
515,DoE1_R1_aug_12,4.132291898302574,3.974962997325605,3.7623222,6.264919508044912,5.4759254,38.73733764680351,41.750263,1.6699394254043955
689,DoE1_R1_aug_12,5.528444889185385,14.602611220020748,13.276185,6.488182709753067,6.7472024,36.76779823249143,35.731724,1.8567855453065951
775,DoE1_R1_aug_12,6.2184975168630965,22.182489818185825,20.957952,6.373792015268269,6.747632,35.20927758275178,35.31854,1.9671653933072524
857,DoE1_R1_aug_12,6.876454673486031,30.947351653480865,28.210842,6.161783661107781,6.325148,33.497892161098186,34.3644,2.0838479839356925
1012,DoE1_R1_aug_12,8.12015417685865,51.329599656021365,51.28697,5.576006512832099,6.6488285,30.002290390370682,30.552046,2.3488503800971934
0,DoE1_R1_aug_13,0.0,0.6478273015742754,0.63153684,-0.03578219471828221,0.0,27.396093436972368,28.756975,1.3332875623847258
268,DoE1_R1_aug_13,2.1503965606700772,-1.9761914677224652,0.0,4.5053034935973635,4.2894464,37.30037977852341,35.491665,1.4830765477463228
335,DoE1_R1_aug_13,2.6879957008375968,-1.2847256977593098,0.0,5.182115000962349,5.013179,38.30349323791304,35.170593,1.5269832205354876
467,DoE1_R1_aug_13,3.7471462456452467,2.0471988902187115,2.0430715,6.0714802715727805,5.874023,38.90771606444839,40.208363,1.631503598552436
627,DoE1_R1_aug_13,5.0309650878363374,10.125926581826349,10.294519,6.486171833800994,5.60774,37.68075584342166,35.76425,1.7833177519772812
697,DoE1_R1_aug_13,5.59263583129494,15.239141008774746,14.34966,6.482957208093959,7.4062715,36.63589033767391,35.685837,1.8666810949931119
976,DoE1_R1_aug_13,7.831294937365655,46.17671217944546,46.81434,5.7271434220589965,6.693439,30.81987755202405,33.25244,2.2815487954279887
980,DoE1_R1_aug_13,7.863390408420432,46.737211254284574,46.545414,5.710682455255693,5.3939533,30.728753517571818,29.276602,2.2888444529924405
0,DoE1_R1_aug_14,0.0,0.6478273015742754,0.62459105,-0.03578219471828221,0.0,27.396093436972368,28.122387,1.3332875623847258
98,DoE1_R1_aug_14,0.7863390408420432,-1.1854911972823303,0.0,1.9948309084572708,1.8199806,32.22435440061422,30.27942,1.3803528516164079
253,DoE1_R1_aug_14,2.0300385442146625,-2.047194319074499,0.0,4.331000998848474,4.8391833,37.004007051925456,36.852406,1.4726881777766159
284,DoE1_R1_aug_14,2.2787784448891863,-1.8674710805830075,0.0,4.68185033850344,4.1936088,37.58683376368762,40.091087,1.492810411188426
408,DoE1_R1_aug_14,3.273738047587282,0.21568057451269995,0.21886116,5.742223334276155,6.112559,38.84532340648015,41.334946,1.5826055971405546
620,DoE1_R1_aug_14,4.974798013490477,9.670099285908613,10.026132,6.480933594705156,5.602265,37.77059797108869,40.52099,1.7754326887369871
858,DoE1_R1_aug_14,6.884478541249726,31.06324329798026,26.394596,6.158683756927919,6.5368443,33.47606610490385,29.545197,2.085362904075827
1029,DoE1_R1_aug_14,8.256559928841453,53.846358027797926,52.47007,5.502632055781771,4.8659873,29.619451709319538,28.596994,2.3791828228926284
0,DoE1_R1_aug_15,0.0,0.6478273015742754,0.6515784,-0.03578219471828221,0.0,27.396093436972368,27.423939,1.3332875623847258
561,DoE1_R1_aug_15,4.501389815432512,6.212092119992469,6.0598965,6.392623674363482,6.407557,38.40685349591174,36.745182,1.712959724817147
613,DoE1_R1_aug_15,4.9186309391446175,9.224098341651585,9.213364,6.4746224318439065,6.5718594,37.857541408879385,40.9422,1.767640970054438
684,DoE1_R1_aug_15,5.4883255503669135,14.211734494949736,14.231346,6.490839935578301,6.843019,36.84870950482972,38.483555,1.8506440095509797
696,DoE1_R1_aug_15,5.584611963531246,15.158823161854265,14.615011,6.4836753161216985,4.976095,36.65254131003465,33.99657,1.8654396160849755
855,DoE1_R1_aug_15,6.8604069379586425,30.71620475245504,31.072079,6.167949900469501,5.6841526,33.541488965904,34.562542,2.080825109030776
982,DoE1_R1_aug_15,7.87943814394782,47.01860074276773,50.19447,5.702418130303282,6.5432954,30.68320752198882,30.464344,2.2925091338963908
1032,DoE1_R1_aug_15,8.280631532132537,54.29594798083261,54.22889,5.489575488073623,5.5311017,29.552204332480883,27.952475,2.385182693129269
1500,DoE1_R2_aug_01,0.0,0.0,0.0,-0.08085739719749539,0.0,20.977252835043064,21.43295,1.3260536767780842
1879,DoE1_R2_aug_01,3.0751084056037357,0.0,0.0,3.6038759754405727,3.5336304,29.703518828935525,30.03443,1.420786150861376
1905,DoE1_R2_aug_01,3.2860657104736486,0.0,0.0,3.842070855390082,4.1753974,30.182652040511428,28.478415,1.4288703379767678
1945,DoE1_R2_aug_01,3.6106154102735153,0.0,0.0,4.203035945404418,4.6410875,30.899759784996036,30.340355,1.441701194721227
1993,DoE1_R2_aug_01,4.000075050033355,0.0,0.0,4.6266613148824005,4.0128474,31.732331110682658,32.54824,1.4573867626124646
2010,DoE1_R2_aug_01,4.138008672448298,0.0,0.0,4.774020574320475,5.3946166,32.02086804107937,32.04041,1.4629353161431398
2017,DoE1_R2_aug_01,4.194804869913275,0.0,0.0,4.834272395889359,5.0082107,32.138817008982976,32.028572,1.4649532566696717
2025,DoE1_R2_aug_01,4.259714809873248,0.0,0.0,4.902821688258688,4.8640404,32.273033780957945,33.334736,1.4673295567433493
1500,DoE1_R2_aug_02,0.0,0.0,0.0,-0.08085739719749539,0.0,20.977252835043064,20.47322,1.3260536767780842
2761,DoE1_R2_aug_02,10.231429286190792,0.0,0.0,9.153692925303547,8.957558,45.44460270090155,49.344593,1.80964785570943
2787,DoE1_R2_aug_02,10.442386591060705,0.0,0.0,9.205691391111293,8.98675,46.0687828096139,47.772205,1.82632054600279
2827,DoE1_R2_aug_02,10.766936290860572,0.0,0.0,9.269305667159156,7.932981,47.06814624188843,48.102146,1.852598124730581
2875,DoE1_R2_aug_02,11.156395930620413,0.0,0.0,9.318678392341504,9.466427,48.333994977358536,51.070465,1.88538775666839
2892,DoE1_R2_aug_02,11.294329553035356,0.0,0.0,9.328929709427923,11.039648,48.8007240244308,57.575798,1.897464349596834
2899,DoE1_R2_aug_02,11.351125750500332,0.0,0.0,9.332032014481424,11.092887,48.99580754691064,47.306858,1.9025216105438598
2907,DoE1_R2_aug_02,11.416035690460305,0.0,0.0,9.3347723558626,10.1072035,49.22086475987473,49.33361,1.9083661917745307
1500,DoE1_R2_aug_03,0.0,0.0,0.0,-0.08085739719749539,0.0,20.977252835043064,20.122812,1.3260536767780842
2035,DoE1_R2_aug_03,4.340852234823215,0.0,0.0,4.988036386905871,5.4454527,32.43996974950578,32.88738,1.4703917492298317
2061,DoE1_R2_aug_03,4.551809539693128,0.0,0.0,5.207076403618223,4.122665,32.87000976071728,33.802715,1.4787926867411172
2101,DoE1_R2_aug_03,4.876359239492995,0.0,0.0,5.536645503216967,6.111035,33.52204373591393,33.476093,1.492769911842521
2149,DoE1_R2_aug_03,5.265818879252834,0.0,0.0,5.919512532115064,6.4847593,34.29325330849121,33.42334,1.5107801084475934
2166,DoE1_R2_aug_03,5.403752501667778,0.0,0.0,6.051629992178802,5.6305547,34.56443368070575,35.07877,1.5173748010075718
2173,DoE1_R2_aug_03,5.4605486991327545,0.0,0.0,6.105483153344326,4.4007897,34.675901099797144,35.437527,1.520111891306372
2181,DoE1_R2_aug_03,5.525458639092728,0.0,0.0,6.166632101419202,5.9361897,34.80318557974588,34.333076,1.5232518805239401
1500,DoE1_R2_aug_04,0.0,0.0,0.0,-0.08085739719749539,0.0,20.977252835043064,21.724297,1.3260536767780842
2398,DoE1_R2_aug_04,7.286140760507004,0.0,0.0,7.645888924457353,9.473625,38.308145683857056,39.410435,1.612949358624978
2424,DoE1_R2_aug_04,7.4970980653769175,0.0,0.0,7.7974381478269414,7.047207,38.748289607419665,38.589146,1.6252661179459775
2464,DoE1_R2_aug_04,7.821647765176784,0.0,0.0,8.018691346587998,7.189857,39.440194255156285,40.57925,1.644671806352158
2512,DoE1_R2_aug_04,8.211107404936623,0.0,0.0,8.264405036753526,8.650849,40.29817054198122,39.711555,1.668482849310369
2529,DoE1_R2_aug_04,8.349041027351566,0.0,0.0,8.34607056747715,7.344885,40.61026277782507,40.978886,1.676300629067764
2536,DoE1_R2_aug_04,8.405837224816544,0.0,0.0,8.378864065000773,8.799589,40.740124288810875,39.802704,1.6796696690812192
2544,DoE1_R2_aug_04,8.470747164776517,0.0,0.0,8.415741011916348,6.7084384,40.88953632406749,41.69437,1.6835951892291088
1500,DoE1_R2_aug_05,0.0,0.0,0.0,-0.08085739719749539,0.0,20.977252835043064,21.552963,1.3260536767780842
2530,DoE1_R2_aug_05,8.357154769846563,0.0,0.0,8.350785288626088,7.8782086,40.62876518901716,40.692513,1.6767780793465503
2556,DoE1_R2_aug_05,8.568112074716478,0.0,0.0,8.469843653866308,8.771109,41.11570696652529,40.188263,1.6896275430137264
2596,DoE1_R2_aug_05,8.892661774516343,0.0,0.0,8.639480403923866,9.283191,41.88845420063957,43.92394,1.71086261911947
2644,DoE1_R2_aug_05,9.282121414276183,0.0,0.0,8.82064553465343,10.509327,42.85759501191759,42.295483,1.7382229374550568
2661,DoE1_R2_aug_05,9.420055036691126,0.0,0.0,8.878767648683848,8.632199,43.212760557080955,41.66163,1.748291524165642
2668,DoE1_R2_aug_05,9.476851234156102,0.0,0.0,8.90176303823152,8.805288,43.360921056755544,43.74586,1.7524831873770168
2676,DoE1_R2_aug_05,9.541761174116077,0.0,0.0,8.927368033227573,9.340088,43.53164830776039,47.286083,1.757302620125134
1500,DoE1_R2_aug_06,0.0,0.0,0.0,-0.08085739719749539,0.0,20.977252835043064,22.060373,1.3260536767780842
1576,DoE1_R2_aug_06,0.6166444296197464,0.0,0.0,0.6781104752238535,0.68560785,23.05255555974764,23.1301,1.3423750130352952
1602,DoE1_R2_aug_06,0.8276017344896597,0.0,0.0,0.9365909773646875,0.8095244,23.718832210585983,23.294197,1.348475757558711
1642,DoE1_R2_aug_06,1.1521514342895263,0.0,0.0,1.3325074856565229,1.3186991,24.70354760473324,24.336037,1.3582166531948898
1690,DoE1_R2_aug_06,1.541611074049366,0.0,0.0,1.8040629870713238,1.9466234,25.824759575906192,22.441557,1.3703601198954072
1707,DoE1_R2_aug_06,1.6795446964643093,0.0,0.0,1.969964077127699,2.0840669,26.20702438875018,25.324175,1.3747523745384238
1714,DoE1_R2_aug_06,1.736340893929286,0.0,0.0,2.0380889463209795,2.1379068,26.36227503299606,27.13987,1.3765719934947702
1722,DoE1_R2_aug_06,1.8012508338892592,0.0,0.0,2.1158061332562896,2.2123084,26.538199322500354,26.535515,1.378658538555639
1500,DoE1_R2_aug_07,0.0,0.0,0.0,-0.08085739719749539,0.0,20.977252835043064,20.77846,1.3260536767780842
1789,DoE1_R2_aug_07,2.344871581054036,0.0,0.0,2.76019052877336,2.8568168,27.952029130404394,32.768604,1.395513431395636
1815,DoE1_R2_aug_07,2.555828885923949,0.0,0.0,3.006742912766053,3.2312953,28.474097506355697,27.357443,1.402276196429078
1855,DoE1_R2_aug_07,2.8803785857238156,0.0,0.0,3.3816774147991704,3.3708143,29.251228062606728,28.743681,1.413579300286545
1903,DoE1_R2_aug_07,3.2698382254836553,0.0,0.0,3.823844820284984,4.0976267,30.146176702776735,30.002314,1.4282398913728516
1920,DoE1_R2_aug_07,3.4077718478985988,0.0,0.0,3.978236370281645,3.4559631,30.454281139463472,30.405268,1.433636890845412
1927,DoE1_R2_aug_07,3.4645680453635754,0.0,0.0,4.0414545863080225,4.368671,30.579903506649366,33.16053,1.435881734427556
1935,DoE1_R2_aug_07,3.5294779853235485,0.0,0.0,4.113444576203033,4.9826303,30.7226157283826,28.87691,1.4384606552269055
1500,DoE1_R2_aug_08,0.0,0.0,0.0,-0.08085739719749539,0.0,20.977252835043064,22.393888,1.3260536767780842
2647,DoE1_R2_aug_08,9.306462641761174,0.0,0.0,8.831135314111112,7.6742,42.919799781692234,45.12572,1.739987445209751
2673,DoE1_R2_aug_08,9.517419946631087,0.0,0.0,8.917850872114942,9.328571,43.46744894487341,43.228214,1.7554918878880799
2713,DoE1_R2_aug_08,9.841969646430954,0.0,0.0,9.03628422965539,8.152694,44.34143283040072,42.56296,1.7799100972387054
2761,DoE1_R2_aug_08,10.231429286190792,0.0,0.0,9.153692925303547,7.955277,45.44460270090155,43.47399,1.80964785570943
2778,DoE1_R2_aug_08,10.369362908605735,0.0,0.0,9.188629719928409,11.010059,45.85051866823935,45.523304,1.8204895461711739
2785,DoE1_R2_aug_08,10.426159106070713,0.0,0.0,9.201986244225113,9.68162,46.020075352521104,47.276234,1.8250228659705874
2793,DoE1_R2_aug_08,10.491069046030686,0.0,0.0,9.216509701059245,9.469926,46.21561178018208,45.43984,1.8302209452958895
1500,DoE1_R2_aug_09,0.0,0.0,0.0,-0.08085739719749539,0.0,20.977252835043064,22.2453,1.3260536767780842
2127,DoE1_R2_aug_09,5.087316544362908,0.0,0.0,5.745799092032054,5.3852496,33.940983710898465,33.36816,1.5023928822463142
2153,DoE1_R2_aug_09,5.298273849232821,0.0,0.0,5.950767035491062,6.0666823,34.357129638859504,34.64114,1.5123241412455473
2193,DoE1_R2_aug_09,5.622823549032688,0.0,0.0,6.257550373388074,5.958737,34.99395341724187,32.986397,1.527979623789582
2241,DoE1_R2_aug_09,6.012283188792527,0.0,0.0,6.61125621906802,6.618967,35.75677525904799,36.30209,1.5469219960329201
2258,DoE1_R2_aug_09,6.150216811207471,0.0,0.0,6.732570100170129,5.932289,36.02756553496518,34.69876,1.5535638522922826
2265,DoE1_R2_aug_09,6.2070130086724475,0.0,0.0,6.781902411297993,6.478275,36.13926466445261,35.53197,1.5554101594276242
2273,DoE1_R2_aug_09,6.271922948632421,0.0,0.0,6.837833018241221,6.365487,36.267094197913394,36.549816,1.558547879364981
1500,DoE1_R2_aug_10,0.0,0.0,0.0,-0.08085739719749539,0.0,20.977252835043064,22.534956,1.3260536767780842
1666,DoE1_R2_aug_10,1.3468812541694462,0.0,0.0,1.56882604584171,1.6579199,25.272084373991582,24.681887,1.3642351377914195
1692,DoE1_R2_aug_10,1.5578385590393595,0.0,0.0,1.8236131873576138,2.1352015,25.870121868851413,26.167833,1.3708747276710063
1732,DoE1_R2_aug_10,1.882388258839226,0.0,0.0,2.2127358888895183,2.1313405,26.755885233381328,25.547266,1.3812761269964877
1780,DoE1_R2_aug_10,2.271847898599066,0.0,0.0,2.674360080607109,2.3905811,27.76800482864974,27.898844,1.3932964678677469
1797,DoE1_R2_aug_10,2.409781521014009,0.0,0.0,2.836278512339911,3.2661731,28.114157217617063,25.996655,1.3975393344316074
1804,DoE1_R2_aug_10,2.4665777184789857,0.0,0.0,2.902692717995995,3.0222754,28.254921849456743,25.008966,1.3993528842689422
1812,DoE1_R2_aug_10,2.531487658438959,0.0,0.0,2.978404328457394,2.9848542,28.414564845632587,26.728407,1.40147028182629
1500,DoE1_R2_aug_11,0.0,0.0,0.0,-0.08085739719749539,0.0,20.977252835043064,20.427782,1.3260536767780842
2004,DoE1_R2_aug_11,4.089326217478319,0.0,0.0,4.722177254545474,4.5793853,31.919376734441034,31.559086,1.4609801663167303
2025,DoE1_R2_aug_11,4.259714809873248,0.0,0.0,4.902821688258688,4.555426,32.273033780957945,34.20621,1.4673295567433493
2367,DoE1_R2_aug_11,7.034614743162107,0.0,0.0,7.457498420948251,6.995932,37.791787658973554,38.52461,1.598643331002293
2378,DoE1_R2_aug_11,7.123865910607071,0.0,0.0,7.525289218809931,6.886136,37.974047657462826,39.359325,1.6036680896340663
2428,DoE1_R2_aug_11,7.529553035356904,0.0,0.0,7.820219266410209,7.370515,38.816638419849056,38.69441,1.6271836233363741
2706,DoE1_R2_aug_11,9.785173448965976,0.0,0.0,9.016889977867537,8.708269,44.185618742739265,46.374107,1.775600712302393
2830,DoE1_R2_aug_11,10.791277518345563,0.0,0.0,9.27326230475678,9.189357,47.14508371504702,43.915314,1.854600568763745
1500,DoE1_R2_aug_12,0.0,0.0,0.0,-0.08085739719749539,0.0,20.977252835043064,20.748224,1.3260536767780842
1779,DoE1_R2_aug_12,2.263734156104069,0.0,0.0,2.6648085163404525,2.8227592,27.747449611700453,28.397053,1.3930543300452192
1851,DoE1_R2_aug_12,2.847923615743829,0.0,0.0,3.344436626794739,3.3032334,29.174860457799877,29.188267,1.4124062895308773
2197,DoE1_R2_aug_12,5.655278519012675,0.0,0.0,6.2876393617278845,6.601195,35.05751332447328,37.098988,1.5295588488533853
2519,DoE1_R2_aug_12,8.267903602401601,0.0,0.0,8.298377449732362,9.092703,40.42612545238097,38.570827,1.6715983665597192
2696,DoE1_R2_aug_12,9.704036024016009,0.0,0.0,8.988197850776675,8.956297,43.96517011850783,43.20041,1.7694672838401817
2734,DoE1_R2_aug_12,10.012358238825882,0.0,0.0,9.091021552665069,8.250467,44.81647617016988,44.71643,1.7928955002247933
2828,DoE1_R2_aug_12,10.77505003335557,0.0,0.0,9.270637301118946,8.782472,47.09376059390109,48.465782,1.853265020424107
1500,DoE1_R2_aug_13,0.0,0.0,0.0,-0.08085739719749539,0.0,20.977252835043064,18.946026,1.3260536767780842
1717,DoE1_R2_aug_13,1.760682121414276,0.0,0.0,2.0672506011717178,2.2109008,26.42843349962555,27.474077,1.3773536107816544
1732,DoE1_R2_aug_13,1.882388258839226,0.0,0.0,2.2127358888895183,2.1301827,26.755885233381328,27.497963,1.3812761269964877
1872,DoE1_R2_aug_13,3.018312208138759,0.0,0.0,3.539292634942343,3.9384177,29.57262696728284,29.128273,1.4186560347736814
1893,DoE1_R2_aug_13,3.188700800533689,0.0,0.0,3.732470404639494,3.703795,29.96286157136905,30.807013,1.4251079327778358
2244,DoE1_R2_aug_13,6.036624416277518,0.0,0.0,6.632818291283037,6.641787,35.80451992849182,34.277893,1.548098618639205
2346,DoE1_R2_aug_13,6.864226150767178,0.0,0.0,7.325255049076944,6.804519,37.44648509973976,38.71153,1.589223144669062
2702,DoE1_R2_aug_13,9.75271847898599,0.0,0.0,9.005551922783084,9.41933,44.0971389956233,43.94799,1.7731438602260692
1500,DoE1_R2_aug_14,0.0,0.0,0.0,-0.08085739719749539,0.0,20.977252835043064,22.927217,1.3260536767780842
1708,DoE1_R2_aug_14,1.6876584389593061,0.0,0.0,1.9797030606095831,2.0661378,26.229279013881904,27.03762,1.3750119512210242
1860,DoE1_R2_aug_14,2.920947298198799,0.0,0.0,3.4281462845905986,3.2549345,29.346284249573436,30.250853,1.4150574723576332
2088,DoE1_R2_aug_14,4.770880587058039,0.0,0.0,5.430550489834128,5.5525975,33.31124713528832,30.240984,1.4881046128247961
2365,DoE1_R2_aug_14,7.018387258172114,0.0,0.0,7.445062766684741,8.302979,37.75875612316809,42.17296,1.5977362019149655
2394,DoE1_R2_aug_14,7.253685790527017,0.0,0.0,7.6220458761162675,8.0167675,38.24103107420898,41.393856,1.6110788433282943
2852,DoE1_R2_aug_14,10.969779853235488,0.0,0.0,9.298749500692601,10.689542,47.71805844476909,49.862373,1.869461558299393
2941,DoE1_R2_aug_14,11.691902935290193,0.0,0.0,9.336728389104815,10.174712,50.20299490473256,51.615753,1.9340587773733957
1500,DoE1_R2_aug_15,0.0,0.0,0.0,-0.08085739719749539,0.0,20.977252835043064,23.085312,1.3260536767780842
1728,DoE1_R2_aug_15,1.8499332888592392,0.0,0.0,2.1739934077477105,2.230331,26.66910395279782,26.974186,1.3802279167606826
1798,DoE1_R2_aug_15,2.417895263509006,0.0,0.0,2.8457756419380504,2.659629,28.134328704933967,30.57344,1.397796114985363
2025,DoE1_R2_aug_15,4.259714809873248,0.0,0.0,4.902821688258688,4.8865833,32.273033780957945,30.881275,1.4673295567433493
2050,DoE1_R2_aug_15,4.462558372248165,0.0,0.0,5.11485597426504,4.733969,32.68873883629916,34.354717,1.4751648418047165
2064,DoE1_R2_aug_15,4.5761507671781185,0.0,0.0,5.232110896391717,5.786836,32.919287280190595,33.903725,1.4797997039416406
2573,DoE1_R2_aug_15,8.70604569713142,0.0,0.0,8.543969364837057,9.904339,41.440486082186766,40.99393,1.6984515835227592
2799,DoE1_R2_aug_15,10.539751501000666,0.0,0.0,9.226880742821214,8.026036,46.36350917877802,50.51058,1.8341335552579574
3000,DoE1_R3_aug_01,0.0,0.0,0.0,0.032569619343390616,0.030948168,26.256206076106523,26.858324,1.3018684050389646
3319,DoE1_R3_aug_01,2.6077321918315923,0.0,0.0,1.767919801163803,1.7665923,28.282020514669714,27.982407,1.3295158254271437
3351,DoE1_R3_aug_01,2.8693228819212817,0.0,0.0,1.9038549652471786,1.8608159,28.4270757262002,26.124178,1.3325551286264694
3406,DoE1_R3_aug_01,3.3189318805129355,0.0,0.0,2.1243060436250034,2.122295,28.660537085922343,28.222694,1.3378854114123095
3425,DoE1_R3_aug_01,3.4742513527536887,0.0,0.0,2.1968218583882226,2.1613872,28.737214127571878,28.960423,1.3397270107338541
3468,DoE1_R3_aug_01,3.8257638425617086,0.0,0.0,2.3545262480742952,2.2365825,28.90464551888366,30.480814,1.3438302709957597
3470,DoE1_R3_aug_01,3.8421132606923143,0.0,0.0,2.36165401229012,2.3094358,28.912253532783172,29.621302,1.3440177401645563
3549,DoE1_R3_aug_01,4.487915276851235,0.0,0.0,2.6297107712017187,3.216556,29.203653578376006,28.74134,1.3512676631032283
3000,DoE1_R3_aug_02,0.0,0.0,0.0,0.032569619343390616,0.02899162,26.256206076106523,26.367098,1.3018684050389646
3701,DoE1_R3_aug_02,5.730471054777261,0.0,0.0,3.084341033251203,3.125699,29.75188477234473,30.199787,1.3665383371018194
3733,DoE1_R3_aug_02,5.99206174486695,0.0,0.0,3.1722436055012837,3.1729548,29.872330634685113,31.898205,1.3697170712050386
3788,DoE1_R3_aug_02,6.441670743458603,0.0,0.0,3.318782685466683,3.1019876,30.088687740428494,29.562527,1.3753723328387486
3807,DoE1_R3_aug_02,6.596990215699357,0.0,0.0,3.3683051788210294,3.707754,30.16685864153074,32.942554,1.377371706011403
3850,DoE1_R3_aug_02,6.948502705507377,0.0,0.0,3.4787881340008666,3.4908032,30.35170738491039,29.082277,1.3818357760704814
3852,DoE1_R3_aug_02,6.964852123637983,0.0,0.0,3.4838821358514283,3.3721464,30.36059935895965,29.277163,1.3820423547149137
3931,DoE1_R3_aug_02,7.610654139796904,0.0,0.0,3.683164962904204,3.8207438,30.7364066188822,32.106647,1.3902652581955321
3000,DoE1_R3_aug_03,0.0,0.0,0.0,0.032569619343390616,0.032575358,26.256206076106523,27.147423,1.3018684050389646
3147,DoE1_R3_aug_03,1.2016822325995111,0.0,0.0,0.9262401584909751,0.9087467,27.344353716489998,26.387087,1.3144143203325231
3179,DoE1_R3_aug_03,1.4632729226892005,0.0,0.0,1.098222341324644,1.2660753,27.542516142034476,26.944601,1.3173341955858984
3234,DoE1_R3_aug_03,1.9128819212808543,0.0,0.0,1.3767371618869166,1.5028086,27.85591205157619,26.96297,1.3222439010535485
3253,DoE1_R3_aug_03,2.0682013935216075,0.0,0.0,1.4681677339319483,1.4727203,27.956869738164603,31.378395,1.323874391255941
3296,DoE1_R3_aug_03,2.419713883329628,0.0,0.0,1.6665107080679242,1.5409766,28.17293195776522,28.428288,1.32738847478381
3298,DoE1_R3_aug_03,2.4360633014602335,0.0,0.0,1.6754554338996668,1.7702067,28.182588513772135,26.209417,1.3275711004814494
3377,DoE1_R3_aug_03,3.081865317619154,0.0,0.0,2.0100772938392852,2.1433885,28.539736298243277,26.083813,1.335067233586449
3000,DoE1_R3_aug_04,0.0,0.0,0.0,0.032569619343390616,0.03386276,26.256206076106523,27.50906,1.3018684050389646
3287,DoE1_R3_aug_04,2.3461415017419025,0.0,0.0,1.625956166119169,1.7962154,28.12906078546177,28.277576,1.3265728853046594
3319,DoE1_R3_aug_04,2.6077321918315923,0.0,0.0,1.767919801163803,1.8931829,28.282020514669714,26.941483,1.3295158254271437
3374,DoE1_R3_aug_04,3.057341190423246,0.0,0.0,1.9980082077192922,1.7548109,28.526957350332903,28.123636,1.3347762137330572
3393,DoE1_R3_aug_04,3.2126606626639993,0.0,0.0,2.0736405136085643,1.8633103,28.60697853407308,29.918318,1.3366217963740967
3436,DoE1_R3_aug_04,3.5641731524720193,0.0,0.0,2.237994573335656,2.4351401,28.780802413471186,27.725306,1.3407874079856528
3438,DoE1_R3_aug_04,3.580522570602625,0.0,0.0,2.2454180049761447,2.2505877,28.7886680580942,28.8222,1.3409795777731812
3517,DoE1_R3_aug_04,4.226324586761546,0.0,0.0,2.524185276873487,2.4648306,29.087422252267245,33.351254,1.3482926169913614
3000,DoE1_R3_aug_05,0.0,0.0,0.0,0.032569619343390616,0.028794197,26.256206076106523,24.282314,1.3018684050389646
4008,DoE1_R3_aug_05,8.240106737825219,0.0,0.0,3.876770982588358,4.536426,31.157549245030264,29.190844,1.3987281316630695
4040,DoE1_R3_aug_05,8.501697427914909,0.0,0.0,3.958080878118099,3.9619145,31.351509194645914,32.342762,1.4020332543544645
4095,DoE1_R3_aug_05,8.951306426506562,0.0,0.0,4.10023568966131,4.162652,31.714465420451532,31.46006,1.4080328366621309
4114,DoE1_R3_aug_05,9.106625898747316,0.0,0.0,4.15028485767261,4.6524396,31.84922886528194,31.86811,1.4102011196154542
4157,DoE1_R3_aug_05,9.458138388555335,0.0,0.0,4.265830277217118,4.437362,32.17343612330135,31.14348,1.4152078505789185
4159,DoE1_R3_aug_05,9.474487806685941,0.0,0.0,4.271290405122568,4.6254025,32.189190705955994,30.926636,1.4154425705778955
4238,DoE1_R3_aug_05,10.120289822844862,0.0,0.0,4.494325321923822,4.0998917,32.86314711061641,32.28504,1.424637124855957
3000,DoE1_R3_aug_06,0.0,0.0,0.0,0.032569619343390616,0.035953857,26.256206076106523,24.357489,1.3018684050389646
4155,DoE1_R3_aug_06,9.44178897042473,0.0,0.0,4.2603783038920895,4.661987,32.157743063142746,34.523514,1.4149732087974007
4187,DoE1_R3_aug_06,9.70337966051442,0.0,0.0,4.348630798689009,3.124097,32.41633821859511,33.46506,1.4187298057945128
4242,DoE1_R3_aug_06,10.152988659106073,0.0,0.0,4.506044565978586,4.758318,32.900080917904916,35.45665,1.4250912734078272
4261,DoE1_R3_aug_06,10.308308131346827,0.0,0.0,4.56234241122845,4.307915,33.07941924420753,37.294716,1.4272217722496734
4304,DoE1_R3_aug_06,10.659820621154847,0.0,0.0,4.693882883179994,4.505887,33.50990798221971,32.915974,1.432194386728584
4306,DoE1_R3_aug_06,10.676170039285452,0.0,0.0,4.700149531837483,4.057966,33.53078823523313,31.162361,1.4324357549082551
4385,DoE1_R3_aug_06,11.321972055444373,0.0,0.0,4.959490377482081,4.964484,34.42017339889973,33.589626,1.4418942218798199
3000,DoE1_R3_aug_07,0.0,0.0,0.0,0.032569619343390616,0.03524246,26.256206076106523,26.170612,1.3018684050389646
3232,DoE1_R3_aug_07,1.896532503150249,0.0,0.0,1.366973503325878,1.34609,27.845076898201505,28.76732,1.3220698091817202
3264,DoE1_R3_aug_07,2.1581231932399385,0.0,0.0,1.520022679122174,1.6713055,28.013732930984716,27.449413,1.3247966387170624
3319,DoE1_R3_aug_07,2.6077321918315923,0.0,0.0,1.767919801163803,1.4834299,28.282020514669714,29.459553,1.3295158254271437
3338,DoE1_R3_aug_07,2.7630516640723455,0.0,0.0,1.8493385142838816,2.1714816,28.36904250083208,27.887394,1.3313114149732685
3381,DoE1_R3_aug_07,3.1145641538803654,0.0,0.0,2.0260947122171284,2.249035,28.556689337695282,28.937426,1.3354555563729458
3383,DoE1_R3_aug_07,3.130913572010971,0.0,0.0,2.034071578886697,2.227269,28.565129685987873,27.272236,1.3356498222515196
3462,DoE1_R3_aug_07,3.776715588169892,0.0,0.0,2.333035182374315,2.5490007,28.881733907144145,26.780998,1.3432656906307106
3000,DoE1_R3_aug_08,0.0,0.0,0.0,0.032569619343390616,0.031757355,26.256206076106523,25.133375,1.3018684050389646
3519,DoE1_R3_aug_08,4.242674004892152,0.0,0.0,2.530897839240972,2.7141137,29.09474517654615,26.719833,1.348467925555368
3551,DoE1_R3_aug_08,4.504264694981841,0.0,0.0,2.636176696538894,2.4293382,29.210861771424987,28.547398,1.3514743284245703
3606,DoE1_R3_aug_08,4.953873693573494,0.0,0.0,2.808462911922965,2.7137337,29.407774970134042,32.75222,1.3570764504768231
3625,DoE1_R3_aug_08,5.109193165814248,0.0,0.0,2.8656697539522935,2.9759126,29.475701991148938,28.258732,1.358982943989061
3668,DoE1_R3_aug_08,5.460705655622268,0.0,0.0,2.991249030227746,3.46789,29.63067966347752,25.966766,1.3632653035355078
3670,DoE1_R3_aug_08,5.477055073752874,0.0,0.0,2.9969677253345672,3.0486057,29.637956524032177,29.437603,1.363463802200022
3749,DoE1_R3_aug_08,6.122857089911795,0.0,0.0,3.2154184437437277,3.3329873,29.933915168741542,31.367382,1.3713126777034308
3000,DoE1_R3_aug_09,0.0,0.0,0.0,0.032569619343390616,0.03890904,26.256206076106523,26.40996,1.3018684050389646
3552,DoE1_R3_aug_09,4.512439404047144,0.0,0.0,2.639404115102674,2.532948,29.2144638680735,27.628103,1.3515775718534908
3584,DoE1_R3_aug_09,4.774030094136833,0.0,0.0,2.7407882456766566,2.8575122,29.32919680789023,29.573183,1.3548525878004434
3639,DoE1_R3_aug_09,5.2236390927284875,0.0,0.0,2.907127134112425,2.5839872,29.525908213710196,31.15163,1.3603811695412704
3658,DoE1_R3_aug_09,5.37895856496924,0.0,0.0,2.962498861703709,3.0518997,29.59440501622734,27.117823,1.3622721848207946
3701,DoE1_R3_aug_09,5.730471054777261,0.0,0.0,3.084341033251203,3.448288,29.75188477234473,30.259655,1.3665383371018194
3703,DoE1_R3_aug_09,5.746820472907866,0.0,0.0,3.0898999546985184,2.7219179,29.75931894364033,27.460836,1.3667367173555345
3782,DoE1_R3_aug_09,6.392622489066787,0.0,0.0,3.3030382247921874,3.2657974,30.06440182339606,27.751692,1.3747357570151748
3000,DoE1_R3_aug_10,0.0,0.0,0.0,0.032569619343390616,0.033658028,26.256206076106523,27.610964,1.3018684050389646
3044,DoE1_R3_aug_10,0.35968719887332307,0.0,0.0,0.3188754625573058,0.25708804,26.615350952280014,26.078714,1.3052955497927123
3076,DoE1_R3_aug_10,0.6212778889630125,0.0,0.0,0.5167303177996719,0.47323126,26.85780863315051,24.702425,1.3080301072544027
3131,DoE1_R3_aug_10,1.0708868875546664,0.0,0.0,0.8373830769531161,0.75612473,27.240544118310048,27.653578,1.3129547554611656
3150,DoE1_R3_aug_10,1.2262063597954196,0.0,0.0,0.9426855453895265,1.038057,27.363459487002114,27.545431,1.314688389208994
3193,DoE1_R3_aug_10,1.5777188496034398,0.0,0.0,1.171124234176039,1.146928,27.62543069416874,27.6208,1.3186029487012136
3195,DoE1_R3_aug_10,1.5940682677340454,0.0,0.0,1.1814249227498044,1.0094646,27.63709478588266,27.606182,1.3187834208194413
3274,DoE1_R3_aug_10,2.2398702838929663,0.0,0.0,1.5664904335082093,1.7394253,28.064456065317675,26.180828,1.3256193288966616
3000,DoE1_R3_aug_11,0.0,0.0,0.0,0.032569619343390616,0.028247671,26.256206076106523,26.76111,1.3018684050389646
3199,DoE1_R3_aug_11,1.6267671039952565,0.0,0.0,1.2019416558783258,1.0100445,27.660289541320626,28.52933,1.3191436730573813
3284,DoE1_R3_aug_11,2.321617374545994,0.0,0.0,1.612326908920723,1.774252,28.114283229396918,27.526358,1.3263033912356363
3294,DoE1_R3_aug_11,2.4033644651990222,0.0,0.0,1.6575415633833188,1.7102599,28.163241988711157,28.477575,1.3272063405399603
3590,DoE1_R3_aug_11,4.82307834852865,0.0,0.0,2.7594030141562533,3.396394,29.350634757685455,27.959646,1.3554610749019704
3633,DoE1_R3_aug_11,5.1745908383366706,0.0,0.0,2.889429853423033,2.803787,29.50436923084176,31.833181,1.359782519064019
3777,DoE1_R3_aug_11,6.351748943740273,0.0,0.0,3.2898764544673305,3.3444602,30.044302509943776,32.013443,1.3742030856759264
3791,DoE1_R3_aug_11,6.466194870654512,0.0,0.0,3.326635194684964,3.1276703,30.100900647752653,31.773623,1.3756896106145635
3000,DoE1_R3_aug_12,0.0,0.0,0.0,0.032569619343390616,0.031161144,26.256206076106523,27.590792,1.3018684050389646
3216,DoE1_R3_aug_12,1.765737158105404,0.0,0.0,1.287891635197087,1.3924029,27.756920233954304,26.04566,1.3206625997809258
3338,DoE1_R3_aug_12,2.7630516640723455,0.0,0.0,1.8493385142838816,1.7701788,28.36904250083208,31.85473,1.3313114149732685
3431,DoE1_R3_aug_12,3.523299607145505,0.0,0.0,2.219352168395566,2.4869196,28.761059172883773,28.344107,1.3403060920630134
3586,DoE1_R3_aug_12,4.790379512267439,0.0,0.0,2.7470065908272776,2.5106087,29.33634415472755,29.264736,1.3550555931695722
3996,DoE1_R3_aug_12,8.142010229041585,0.0,0.0,3.8464625793777256,3.4945824,31.087838947858717,29.354334,1.3973606242845065
4402,DoE1_R3_aug_12,11.460942109554521,0.0,0.0,5.0185615818997835,4.245561,34.6287743085266,36.65834,1.4439343761447385
4431,DoE1_R3_aug_12,11.698008672448301,0.0,0.0,5.1222607003023795,5.2384214,34.99945995434629,35.474937,1.4474436410521825
3000,DoE1_R3_aug_13,0.0,0.0,0.0,0.032569619343390616,0.030649101,26.256206076106523,25.082794,1.3018684050389646
3288,DoE1_R3_aug_13,2.3543162108072053,0.0,0.0,1.6304868595704298,1.4582679,28.133969398027034,26.847681,1.3266629865620256
3314,DoE1_R3_aug_13,2.5668586465050782,0.0,0.0,1.7461432415531626,1.5577462,28.258664554999587,29.829548,1.329048598028305
3375,DoE1_R3_aug_13,3.0655158994885485,0.0,0.0,2.0020365908026334,2.346403,28.53122316603604,25.964195,1.334873196684703
3627,DoE1_R3_aug_13,5.125542583944854,0.0,0.0,2.871627547800211,2.7811801,29.48286395505833,30.028095,1.359182995288423
3866,DoE1_R3_aug_13,7.079298050552222,0.0,0.0,3.519449628165514,3.3895035,30.423636519437647,31.057533,1.3834880821447153
4012,DoE1_R3_aug_13,8.27280557408643,0.0,0.0,3.8868931173607337,3.6903546,31.18114440621715,31.699038,1.3991888574425595
4328,DoE1_R3_aug_13,10.856013638722114,0.0,0.0,4.770009556315729,5.2208834,33.76566433444438,31.534151,1.4350800408412923
3000,DoE1_R3_aug_14,0.0,0.0,0.0,0.032569619343390616,0.035058092,26.256206076106523,27.380693,1.3018684050389646
3542,DoE1_R3_aug_14,4.430692313394116,0.0,0.0,2.606962613228164,2.5800426,29.178380010932603,31.102934,1.3505424156834058
3576,DoE1_R3_aug_14,4.708632421614411,0.0,0.0,2.715778876335545,2.6931238,29.300588639260614,29.636728,1.3540387230984163
3631,DoE1_R3_aug_14,5.158241420206065,0.0,0.0,2.8835075218713917,2.7065063,29.49719735438083,27.097633,1.359582779402788
4013,DoE1_R3_aug_14,8.280980283151733,0.0,0.0,3.8894252954879773,3.8080592,31.18707158667052,32.94494,1.3993044356879756
4125,DoE1_R3_aug_14,9.196547698465647,0.0,0.0,4.179525802019011,4.103606,31.929579904030046,32.49953,1.411471538115387
4336,DoE1_R3_aug_14,10.921411311244537,0.0,0.0,4.795846621144335,4.1932106,33.85346970710298,32.22982,1.4360378620957714
4422,DoE1_R3_aug_14,11.624436290860578,0.0,0.0,5.089672284506243,4.4140806,34.88238698504983,36.07263,1.4463496435418501
3000,DoE1_R3_aug_15,0.0,0.0,0.0,0.032569619343390616,0.035935063,26.256206076106523,25.512081,1.3018684050389646
3385,DoE1_R3_aug_15,3.1472629901415767,0.0,0.0,2.0420273180956157,2.1890306,28.573546214023395,27.066517,1.3358441444495253
3673,DoE1_R3_aug_15,5.5015792009487825,0.0,0.0,3.0055265360469443,3.4333656,29.648886555510394,28.653069,1.3637614880686204
3724,DoE1_R3_aug_15,5.918489363279225,0.0,0.0,3.147738441569661,3.3200042,29.838112016607973,27.5041,1.3688217395670743
3766,DoE1_R3_aug_15,6.261827144021942,0.0,0.0,3.2607820196005277,3.147974,30.00051087379257,30.372772,1.373015167825632
3920,DoE1_R3_aug_15,7.520732340078573,0.0,0.0,3.6555598169049333,3.66512,30.680965902501327,31.389238,1.3891038286507396
4209,DoE1_R3_aug_15,9.88322325995108,0.0,0.0,4.410665159148538,5.0657353,32.60369511597241,33.919495,1.4212991278575062
4275,DoE1_R3_aug_15,10.422754058261066,0.0,0.0,4.604519539283494,3.918405,33.21576781884925,30.769943,1.4286690520664338
4500,DoE1_R4_aug_01,0.0,0.0,0.0,0.048542182032943075,0.04633061,24.967330151007825,23.818552,1.3012868750934172
4995,DoE1_R4_aug_01,4.050150100066712,0.0,0.0,3.8506572982099154,4.046701,34.19911741838642,32.286476,1.4432194340295843
5011,DoE1_R4_aug_01,4.18106404269513,0.0,0.0,3.9741079500492016,4.760096,34.4692230476661,33.58251,1.4489300851169027
5022,DoE1_R4_aug_01,4.271067378252169,0.0,0.0,4.058713603354806,5.1205273,34.6540663927426,33.3536,1.4529012017711869
5175,DoE1_R4_aug_01,5.522931954636425,0.0,0.0,5.204616668945835,5.3166757,37.15795299314224,37.784996,1.51029042839294
5178,DoE1_R4_aug_01,5.547478318879254,0.0,0.0,5.226364736270279,5.9994917,37.20588450663467,36.12223,1.5115590969014125
5207,DoE1_R4_aug_01,5.784759839893263,0.0,0.0,5.434849544044687,4.687003,37.66710599169505,36.083813,1.52393513600497
5248,DoE1_R4_aug_01,6.120226817878587,0.0,0.0,5.723814976590888,4.7420907,38.31286675095818,37.25534,1.5415886287565257
4500,DoE1_R4_aug_02,0.0,0.0,0.0,0.048542182032943075,0.045600194,24.967330151007825,23.693035,1.3012868750934172
5230,DoE1_R4_aug_02,5.972948632421615,0.0,0.0,5.597826989201356,4.9152126,38.0302482899497,37.756084,1.5338353688570743
5246,DoE1_R4_aug_02,6.103862575050034,0.0,0.0,5.709886243971514,5.9846573,38.28153180578734,38.781715,1.5407280642632646
5257,DoE1_R4_aug_02,6.193865910607072,0.0,0.0,5.786272974523007,5.5274043,38.453669387726755,42.043972,1.5454559230154574
5410,DoE1_R4_aug_02,7.445730486991328,0.0,0.0,6.785134165860872,7.5164447,40.80063698915198,39.793884,1.6151728268455992
5413,DoE1_R4_aug_02,7.470276851234157,0.0,0.0,6.803388709544214,6.899214,40.84586107990373,38.9328,1.6167074966815678
5442,DoE1_R4_aug_02,7.707558372248166,0.0,0.0,6.976892522842803,6.5556917,41.28164333767885,41.828503,1.631754343853011
5483,DoE1_R4_aug_02,8.04302535023349,0.0,0.0,7.212659110545369,7.0414615,41.89370375541409,43.15708,1.6535097734998285
4500,DoE1_R4_aug_03,0.0,0.0,0.0,0.048542182032943075,0.06097922,24.967330151007825,25.13077,1.3012868750934172
5227,DoE1_R4_aug_03,5.9484022681787865,0.0,0.0,5.576693525713221,5.755102,37.98301175784228,35.803104,1.5325424597115076
5243,DoE1_R4_aug_03,6.079316210807206,0.0,0.0,5.688960003387846,4.9778876,38.234498150402615,38.467392,1.5394366139254967
5254,DoE1_R4_aug_03,6.169319546364243,0.0,0.0,5.765494144417253,6.7622347,38.40677221723966,36.450214,1.5441679098793881
5407,DoE1_R4_aug_03,7.4211841227485,0.0,0.0,6.766823436350721,6.8860893,40.75538534910234,42.82132,1.613642781878608
5410,DoE1_R4_aug_03,7.445730486991328,0.0,0.0,6.785134165860872,8.100204,40.80063698915198,39.846306,1.6151728268455992
5439,DoE1_R4_aug_03,7.6830120080053375,0.0,0.0,6.959196559022162,6.845494,41.236676205412564,40.070778,1.6301818409614552
5480,DoE1_R4_aug_03,8.018478985990662,0.0,0.0,7.195800645500663,8.134416,41.8490709884837,39.183376,1.6519050415599976
4500,DoE1_R4_aug_04,0.0,0.0,0.0,0.048542182032943075,0.050198127,24.967330151007825,26.160976,1.3012868750934172
4848,DoE1_R4_aug_04,2.8473782521681126,0.0,0.0,2.7026529226873977,2.4053135,31.643933700309653,31.429628,1.394185567011585
4864,DoE1_R4_aug_04,2.9782921947965315,0.0,0.0,2.8282431033254145,3.0941186,31.928831082866964,31.92083,1.3992288912707627
4875,DoE1_R4_aug_04,3.0682955303535695,0.0,0.0,2.914561974503787,2.7948987,32.12369710871085,32.38035,1.4027370311367415
5028,DoE1_R4_aug_04,4.320160106737826,0.0,0.0,4.104764331243765,3.7757206,34.75460041689264,36.34321,1.4543871080538986
5031,DoE1_R4_aug_04,4.344706470980654,0.0,0.0,4.127762805296796,4.187982,34.80479136983158,37.05741,1.4553474867136393
5060,DoE1_R4_aug_04,4.581987991994664,0.0,0.0,4.349091938088434,4.7452774,35.28739588456182,36.683205,1.4651160882094454
5101,DoE1_R4_aug_04,4.917454969979987,0.0,0.0,4.658557927260261,4.664587,35.96197070456658,36.60613,1.4802358352293457
4500,DoE1_R4_aug_05,0.0,0.0,0.0,0.048542182032943075,0.046257976,24.967330151007825,25.850155,1.3012868750934172
5042,DoE1_R4_aug_05,4.434709806537692,0.0,0.0,4.211931473885278,4.232931,34.98839449371541,37.623177,1.4589518747047017
5058,DoE1_R4_aug_05,4.565623749166111,0.0,0.0,4.333888432509672,4.395256,35.25426082146377,33.700993,1.4644156483140705
5069,DoE1_R4_aug_05,4.655627084723149,0.0,0.0,4.417389704276221,4.4600224,35.43623653470836,38.8966,1.4683136710013593
5222,DoE1_R4_aug_05,5.9074916611074055,0.0,0.0,5.541387000543918,6.153212,37.90419830637785,38.213833,1.530388114339395
5225,DoE1_R4_aug_05,5.932038025350234,0.0,0.0,5.562583473052441,5.8243074,37.951499295539094,36.905876,1.5316806187614218
5254,DoE1_R4_aug_05,6.169319546364243,0.0,0.0,5.765494144417253,5.501134,38.40677221723966,37.09912,1.5441679098793881
5295,DoE1_R4_aug_05,6.5047865243495675,0.0,0.0,6.045830310129492,5.3836355,39.044576031162265,39.250042,1.561081339478645
4500,DoE1_R4_aug_06,0.0,0.0,0.0,0.048542182032943075,0.054904398,24.967330151007825,25.236448,1.3012868750934172
4838,DoE1_R4_aug_06,2.7655570380253507,0.0,0.0,2.6241555146218274,3.4291723,31.464985834743434,32.468563,1.3910690485686872
4854,DoE1_R4_aug_06,2.8964709806537696,0.0,0.0,2.7497518344275367,2.1766,31.750973836542187,32.685715,1.3960685871170257
4865,DoE1_R4_aug_06,2.9864743162108076,0.0,0.0,2.8360914087206823,2.5751889,31.946579686950567,32.04144,1.3995464338730483
5018,DoE1_R4_aug_06,4.238338892595064,0.0,0.0,4.027974243157248,4.145219,34.5869304475515,34.485348,1.451452145392098
5021,DoE1_R4_aug_06,4.262885256837892,0.0,0.0,4.051031640078292,4.2645802,34.637290924639494,33.907337,1.4525374519495464
5050,DoE1_R4_aug_06,4.500166777851902,0.0,0.0,4.272981861272567,3.9179754,35.12150300149685,35.718933,1.4616521241010383
5091,DoE1_R4_aug_06,4.835633755837225,0.0,0.0,4.5834852156724155,4.192441,35.79825417908795,35.51017,1.4764236443389902
4500,DoE1_R4_aug_07,0.0,0.0,0.0,0.048542182032943075,0.050983675,24.967330151007825,27.932266,1.3012868750934172
5595,DoE1_R4_aug_07,8.959422948632422,0.0,0.0,7.79402264505706,7.3949833,43.545010824957956,40.660236,1.7136176906812404
5611,DoE1_R4_aug_07,9.090336891260842,0.0,0.0,7.868942932993461,6.740722,43.77882985253372,46.377407,1.7231590897763196
5622,DoE1_R4_aug_07,9.18034022681788,0.0,0.0,7.919195014896882,9.525515,43.93932472877954,39.655613,1.7298578221459109
5775,DoE1_R4_aug_07,10.432204803202136,0.0,0.0,8.503720161335579,8.653688,46.155116345019195,46.254143,1.8301219496614332
5778,DoE1_R4_aug_07,10.456751167444965,0.0,0.0,8.512902478984042,8.337974,46.19834213821477,48.510838,1.832171126455185
5807,DoE1_R4_aug_07,10.694032688458973,0.0,0.0,8.596828332512914,8.874925,46.61594527256784,47.93721,1.8525259916984729
5848,DoE1_R4_aug_07,11.029499666444298,0.0,0.0,8.70013669090947,8.896726,47.20582286815775,51.6246,1.8827551287694688
4500,DoE1_R4_aug_08,0.0,0.0,0.0,0.048542182032943075,0.047599446,24.967330151007825,25.122833,1.3012868750934172
5246,DoE1_R4_aug_08,6.103862575050034,0.0,0.0,5.709886243971514,6.503887,38.28153180578734,38.04284,1.5407280642632646
5262,DoE1_R4_aug_08,6.234776517678453,0.0,0.0,5.820813316458775,5.083495,38.53174965050531,38.7993,1.547599690589273
5273,DoE1_R4_aug_08,6.324779853235491,0.0,0.0,5.8963952997916,6.781585,38.70317054541235,39.77854,1.5524650205841517
5426,DoE1_R4_aug_08,7.576644429619748,0.0,0.0,6.881835163000408,6.232225,41.04151821727906,40.52726,1.623407922922694
5429,DoE1_R4_aug_08,7.601190793862576,0.0,0.0,6.899784987667195,7.3181186,41.08659844182981,43.524807,1.6249650068952888
5458,DoE1_R4_aug_08,7.838472314876586,0.0,0.0,7.070260782720121,7.532875,41.52103986709732,40.98467,1.6401918626610785
5499,DoE1_R4_aug_08,8.17393929286191,0.0,0.0,7.301491539545463,6.2418423,42.13135886934016,40.89971,1.6620884055382277
4500,DoE1_R4_aug_09,0.0,0.0,0.0,0.048542182032943075,0.054859906,24.967330151007825,23.921862,1.3012868750934172
5225,DoE1_R4_aug_09,5.932038025350234,0.0,0.0,5.562583473052441,5.3372593,37.951499295539094,37.513344,1.5316806187614218
5241,DoE1_R4_aug_09,6.062951967978653,0.0,0.0,5.674987211387309,5.078821,38.20312147668433,36.646233,1.5385753083832883
5252,DoE1_R4_aug_09,6.152955303535691,0.0,0.0,5.751619015608029,6.411171,38.37548690294069,41.17464,1.5433085952776533
5405,DoE1_R4_aug_09,7.404819879919947,0.0,0.0,6.754585216986184,6.1721272,40.72520219433102,46.911114,1.612625387115287
5408,DoE1_R4_aug_09,7.429366244162776,0.0,0.0,6.772933237224944,6.3943887,40.770472301348576,42.055782,1.6141522747628967
5437,DoE1_R4_aug_09,7.666647765176785,0.0,0.0,6.947366407565164,7.0422735,41.20668379736969,49.28781,1.6291353507988622
5478,DoE1_R4_aug_09,8.002114743162108,0.0,0.0,7.1845265512077,6.0658255,41.81930286784565,41.8108,1.6508360530288022
4500,DoE1_R4_aug_10,0.0,0.0,0.0,0.048542182032943075,0.047739174,24.967330151007825,25.083036,1.3012868750934172
4907,DoE1_R4_aug_10,3.3301234156104074,0.0,0.0,3.1654082939780674,3.5543027,32.686033710802036,32.987213,1.4131335425500187
4923,DoE1_R4_aug_10,3.4610373582388263,0.0,0.0,3.290600772040061,3.144831,32.964715230211574,33.44211,1.418439378965455
4934,DoE1_R4_aug_10,3.5510406937958643,0.0,0.0,3.376548976319223,3.6894236,33.15536670950907,32.82008,1.4221291194980161
5087,DoE1_R4_aug_10,4.802905270180121,0.0,0.0,4.553379847933441,4.5222907,35.73262223139614,34.928448,1.4749198718987908
5090,DoE1_R4_aug_10,4.827451634422949,0.0,0.0,4.575962899286458,4.23654,35.78185401505127,35.646893,1.4760465406092818
5119,DoE1_R4_aug_10,5.064733155436959,0.0,0.0,4.792972425308019,4.1707067,36.25537047078951,34.147793,1.4872730264854568
5160,DoE1_R4_aug_10,5.400200133422282,0.0,0.0,5.09539166332502,4.767539,36.91766543137549,38.285122,1.5039912995513798
4500,DoE1_R4_aug_11,0.0,0.0,0.0,0.048542182032943075,0.04558613,24.967330151007825,22.51795,1.3012868750934172
4525,DoE1_R4_aug_11,0.20455303535690464,0.0,0.0,0.22920828024964188,0.19661519,25.48064035450536,27.021214,1.3065829118087082
4654,DoE1_R4_aug_11,1.2600466977985325,0.0,0.0,1.193183483745076,1.306259,28.042173484906968,26.625599,1.338551925334955
5294,DoE1_R4_aug_11,6.496604402935291,0.0,0.0,6.039089063912861,6.6559134,39.029098393566116,36.638264,1.560662837549373
5467,DoE1_R4_aug_11,7.912111407605071,0.0,0.0,7.122021083493621,7.1298413,41.6553905621683,41.46924,1.644970407714532
5486,DoE1_R4_aug_11,8.067571714476319,0.0,0.0,7.229454097533573,9.177132,41.9383133867434,40.37673,1.6551158858938695
5771,DoE1_R4_aug_11,10.399476317545032,0.0,0.0,8.491333005417179,9.199016,46.09747339703087,44.98829,1.8274073355189067
5814,DoE1_R4_aug_11,10.751307538358907,0.0,0.0,8.615754742928651,7.3911366,46.71669017714765,48.61376,1.8575764030785311
4500,DoE1_R4_aug_12,0.0,0.0,0.0,0.048542182032943075,0.053998552,24.967330151007825,27.022505,1.3012868750934172
4593,DoE1_R4_aug_12,0.7609372915276852,0.0,0.0,0.7314369756475778,0.75872904,26.848670267230744,27.282364,1.3227825859895417
4624,DoE1_R4_aug_12,1.0145830553702468,0.0,0.0,0.9649395737669595,0.84245753,27.459084456581632,28.173079,1.3306694527302627
4699,DoE1_R4_aug_12,1.6282421614409608,0.0,0.0,1.5390807677468816,1.3692489,28.903127784980093,29.122084,1.3507622573863387
4757,DoE1_R4_aug_12,2.1028052034689795,0.0,0.0,1.9896849991652683,1.9896345,29.989478560142167,32.08411,1.3670189522944471
4808,DoE1_R4_aug_12,2.520093395597065,0.0,0.0,2.388771240099392,2.3226426,30.92397314401369,30.34947,1.3818821764446583
5077,DoE1_R4_aug_12,4.721084056037359,0.0,0.0,4.477931936425545,4.3859577,35.568175256360625,36.94513,1.4712162605027357
5676,DoE1_R4_aug_12,9.622174783188793,0.0,0.0,8.150522014945356,6.726792,44.724505026344445,43.773872,1.764104058889347
4500,DoE1_R4_aug_13,0.0,0.0,0.0,0.048542182032943075,0.039704435,24.967330151007825,23.406872,1.3012868750934172
4667,DoE1_R4_aug_13,1.366414276184123,0.0,0.0,1.2927071763615514,1.2929283,28.292559680861636,26.69903,1.3420354238665366
5530,DoE1_R4_aug_13,8.427585056704471,0.0,0.0,7.468296372316287,7.1638465,42.59004572883849,42.17846,1.6777996654208815
5542,DoE1_R4_aug_13,8.525770513675784,0.0,0.0,7.530929827025895,7.9294496,42.767009196740645,43.930923,1.6840131687374624
5603,DoE1_R4_aug_13,9.024879919946633,0.0,0.0,7.831751110032906,7.844821,43.66197680171144,45.316723,1.718357229316475
5866,DoE1_R4_aug_13,11.176777851901269,0.0,0.0,8.739640352053634,10.3784685,47.46470321117672,48.612106,1.896457640893545
5870,DoE1_R4_aug_13,11.209506337558373,0.0,0.0,8.747923840170175,7.9797997,47.52223090047594,47.760597,1.8995320875357233
5900,DoE1_R4_aug_13,11.45496997998666,0.0,0.0,8.804213186624372,9.807304,47.95373316907849,47.82327,1.9228715900854936
4500,DoE1_R4_aug_14,0.0,0.0,0.0,0.048542182032943075,0.045392748,24.967330151007825,26.331701,1.3012868750934172
4676,DoE1_R4_aug_14,1.4400533689126085,0.0,0.0,1.361808045382621,1.4574624,28.46510588866439,30.50984,1.3444689341433258
4772,DoE1_R4_aug_14,2.2255370246831223,0.0,0.0,2.1068578950837122,2.1805813,30.266300925365783,29.599667,1.371291486895508
4965,DoE1_R4_aug_14,3.804686457638426,0.0,0.0,3.6180937656711185,3.5060635,33.6886119322562,34.319614,1.4327131179412076
4984,DoE1_R4_aug_14,3.9601467645096737,0.0,0.0,3.765539182990014,2.9885817,34.01255288672897,33.66938,1.4393367740049545
5010,DoE1_R4_aug_14,4.1728819212808546,0.0,0.0,3.966405419504152,4.1799593,34.45238479257949,31.36343,1.4485709685330113
5022,DoE1_R4_aug_14,4.271067378252169,0.0,0.0,4.058713603354806,4.3756704,34.6540663927426,38.099766,1.4529012017711869
5072,DoE1_R4_aug_14,4.680173448965978,0.0,0.0,4.440111781665625,4.43816,35.48575350950378,36.178337,1.4693956559494366
4500,DoE1_R4_aug_15,0.0,0.0,0.0,0.048542182032943075,0.04627875,24.967330151007825,25.239927,1.3012868750934172
4943,DoE1_R4_aug_15,3.62467978652435,0.0,0.0,3.446784535388333,3.451604,33.310790590207155,33.309185,1.4251735778231136
5319,DoE1_R4_aug_15,6.701157438292196,0.0,0.0,6.206104755385068,6.2379045,39.41490470537099,40.067783,1.5714385589715831
5320,DoE1_R4_aug_15,6.709339559706471,0.0,0.0,6.212718510517284,5.6806636,39.43028851840408,37.263508,1.5718826236921926
5491,DoE1_R4_aug_15,8.108482321547699,0.0,0.0,7.257303866218617,7.636349,42.01261185249547,40.877014,1.657795445423357
5665,DoE1_R4_aug_15,9.532171447631756,0.0,0.0,8.105517657225436,7.8576355,44.56489663004056,45.882248,1.7569697762868344
5703,DoE1_R4_aug_15,9.84309206137425,0.0,0.0,8.256239710733638,7.9826155,45.115635879126515,44.15734,1.7818763700198132
5705,DoE1_R4_aug_15,9.859456304202803,0.0,0.0,8.263797979652155,8.635288,45.14457522389078,44.55783,1.7832052892815686
6000,DoE2_R1_aug_01,0.0,1.0129455027591694,0.97120076,-0.5669880037987324,0.0,44.43684442355336,42.60693,0.8890289153160542
6623,DoE2_R1_aug_01,5.004641983545364,1.2720831660486098,1.2321602,6.677104433478731,6.929652,63.095507272897976,63.217667,1.3718805494479644
6639,DoE2_R1_aug_01,5.133172114743961,1.718672325969953,1.6202737,6.79355341193844,7.4524317,63.35640980589736,65.17382,1.3916356881814194
6759,DoE2_R1_aug_01,6.097148098733437,8.150609528050758,7.9553647,7.517465719521929,7.7989855,64.78427383920912,63.31543,1.5457380859569838
6817,DoE2_R1_aug_01,6.56306982432835,13.523397070632559,12.6190605,7.7666085326748755,8.496602,65.11104608725678,63.555954,1.6319240078578792
6828,DoE2_R1_aug_01,6.651434289527386,14.70822591537249,15.941352,7.80600866133838,7.499538,65.14437583566801,64.533936,1.6489035554840143
6864,DoE2_R1_aug_01,6.940627084724229,18.930611889600954,18.122849,7.916902249880952,7.481422,65.18734564902573,66.09055,1.705882924351529
6880,DoE2_R1_aug_01,7.069157215922825,20.969393024868086,19.690683,7.957149173482541,8.127503,65.17327063026877,65.60539,1.7319640373643719
6000,DoE2_R1_aug_02,0.0,1.0129455027591694,1.0291294,-0.5669880037987324,0.0,44.43684442355336,43.90652,0.8890289153160542
6212,DoE2_R1_aug_02,1.703024238381408,4.501306862141082,4.0600395,2.375975861203745,2.8787181,52.104515040127,51.678326,1.001715597653168
6228,DoE2_R1_aug_02,1.8315543695800047,4.345325695025243,4.7202168,2.5825416099546468,2.7500813,52.64900421773726,56.098064,1.011954429015041
6348,DoE2_R1_aug_02,2.795530353569481,2.3912110455087072,2.6962025,4.044652588624283,3.6627676,56.496920885169004,54.15729,1.1011969669367072
6406,DoE2_R1_aug_02,3.2614520791643944,1.335474849507781,1.3897754,4.690016766616308,5.61513,58.17843257905773,57.772892,1.1486952115364362
6417,DoE2_R1_aug_02,3.3498165443634296,1.1546360495898105,1.0937917,4.807460799365421,4.757969,58.48214078000117,59.734993,1.1580861817644432
6453,DoE2_R1_aug_02,3.6390093395602725,0.6401578613787331,0.6763538,5.1802322189557035,5.345592,59.43962389868646,61.982555,1.190142839347571
6469,DoE2_R1_aug_02,3.7675394707588694,0.4596120774875816,0.51161176,5.340046535261091,4.738738,59.84647460869196,62.155125,1.2051790989077344
6000,DoE2_R1_aug_03,0.0,1.0129455027591694,0.9647772,-0.5669880037987324,0.0,44.43684442355336,41.095745,0.8890289153160542
7055,DoE2_R1_aug_03,8.474955525907479,48.71740435425099,48.26502,8.010710279655635,7.8694673,63.590367999709834,62.380806,2.057349009929729
7071,DoE2_R1_aug_03,8.603485657106075,51.66366737160962,51.805134,7.9782981449269545,7.077318,63.306971856783896,59.80588,2.091914371686303
7191,DoE2_R1_aug_03,9.567461641095552,75.23334068481844,81.54638,7.520244828255047,7.804731,60.37654366105196,62.287098,2.3767801214176876
7249,DoE2_R1_aug_03,10.033383366690465,87.27557972899552,91.47719,7.15666448241522,5.3859816,58.42554418842242,59.413887,2.535640111857189
7260,DoE2_R1_aug_03,10.1217478318895,89.58710171072701,86.49998,7.076811924743458,7.530873,58.014402358672115,57.482376,2.5661647669401275
7296,DoE2_R1_aug_03,10.410940627086342,97.18875850356349,105.78591,6.790632431265262,6.8905764,56.57491601969437,56.520367,2.6766571321425405
7312,DoE2_R1_aug_03,10.53947075828494,100.57794270697244,104.89397,6.651062842938199,6.4005766,55.88829085645007,51.0739,2.7283814249830387
6000,DoE2_R1_aug_04,0.0,1.0129455027591694,1.1115767,-0.5669880037987324,0.0,44.43684442355336,43.084446,0.8890289153160542
6233,DoE2_R1_aug_04,1.8717200355795662,4.289215469285339,4.232724,2.6465702119169405,2.9662902,52.81781621093002,54.43156,1.015225505071932
6249,DoE2_R1_aug_04,2.000250166778163,4.0884801402071265,4.093907,2.8497490117661237,2.9847667,53.353542675833324,57.78136,1.0259330490183243
6369,DoE2_R1_aug_04,2.9642261507676393,1.9962817769585253,2.1159544,4.2832734922326114,5.1286206,57.12076038727886,57.553112,1.1181014065224444
6427,DoE2_R1_aug_04,3.4301478763625526,0.9987890960469423,1.063638,4.912806429304562,5.319517,58.75379214602528,58.917313,1.1667731481587535
6438,DoE2_R1_aug_04,3.518512341561588,0.8381850540600411,0.8484673,5.027099888175912,5.4012804,59.04760926097703,60.65247,1.176513037864042
6474,DoE2_R1_aug_04,3.807705136758431,0.41041332957450116,0.3628371,5.389230193282966,5.146271,59.97116862329044,63.11219,1.2099933009605168
6490,DoE2_R1_aug_04,3.9362352679570276,0.27847607536324936,0.27347624,5.544152784358984,5.9379625,60.36217849279511,61.0671,1.225800786948846
6000,DoE2_R1_aug_05,0.0,1.0129455027591694,1.118481,-0.5669880037987324,0.0,44.43684442355336,45.21812,0.8890289153160542
7189,DoE2_R1_aug_05,9.551395374695726,74.8236594984919,75.00116,7.531085518499598,7.1476483,60.43742567674073,60.095253,2.3714918943927787
7205,DoE2_R1_aug_05,9.679925505894323,78.11288815117489,82.236084,7.441223604491542,10.088923,59.93855945479712,60.766987,2.4142360286226836
7325,DoE2_R1_aug_05,10.643901489883799,103.33304684537953,101.98026,6.5319775568912695,6.572892,55.30886652760351,54.30339,2.7713655545735514
7383,DoE2_R1_aug_05,11.109823215478713,115.58991889295922,118.66668,5.937466720483694,4.818575,52.483898852091585,53.905727,2.9738755837180317
7394,DoE2_R1_aug_05,11.198187680677748,117.89927866122952,112.06067,5.812871999935965,6.2017007,51.90313320013139,47.44551,3.014307897771064
7430,DoE2_R1_aug_05,11.487380475874591,125.39829461863519,132.56505,5.378156967513247,5.742555,49.89988441197456,49.712254,3.1488471505126947
7446,DoE2_R1_aug_05,11.615910607073188,128.6948691455473,122.83542,5.171535693816084,5.847428,48.95845459626592,50.531094,3.213111836928736
6000,DoE2_R1_aug_06,0.0,1.0129455027591694,1.057879,-0.5669880037987324,0.0,44.43684442355336,46.746983,0.8890289153160542
6407,DoE2_R1_aug_06,3.2694852123643066,1.3186661548793097,1.3445064,4.70076057612651,4.3964195,58.20625126366594,59.04658,1.1495423350576144
6423,DoE2_R1_aug_06,3.3980153435629035,1.0600721093381598,0.99367225,4.87083191783634,4.8080187,58.645645771905315,61.569725,1.1632801724922557
6543,DoE2_R1_aug_06,4.36199132755238,0.17096266649925695,0.18318233,6.029665587466974,6.521463,61.566265319845755,55.265507,1.2795983515101699
6601,DoE2_R1_aug_06,4.827913053147293,0.7905444852339194,0.90274876,6.509740279244038,5.503866,62.71159717974005,64.65473,1.3453389788799655
6612,DoE2_R1_aug_06,4.9162775183463285,1.0127608854289782,1.1059402,6.594461118151124,8.514783,62.907147529009954,65.90041,1.3585140409793732
6648,DoE2_R1_aug_06,5.205470313543171,2.0075774820690597,2.2101438,6.857072812679916,7.047136,63.496239437213305,63.038376,1.4028967297898416
6664,DoE2_R1_aug_06,5.334000444741768,2.5913580992880103,2.6049056,6.9664197989017556,6.847135,63.732270005476245,64.37894,1.4231520672846714
6000,DoE2_R1_aug_07,0.0,1.0129455027591694,1.0375123,-0.5669880037987324,0.0,44.43684442355336,45.9164,0.8890289153160542
6078,DoE2_R1_aug_07,0.6265843895931595,3.7988866832840382,3.6021504,0.5554825538069659,0.52874637,47.33312417096174,48.9088,0.9267622157623865
6094,DoE2_R1_aug_07,0.7551145207917563,4.120056762783072,4.5549326,0.7805725123325029,0.64556456,47.919003723402824,46.12314,0.9349315158407367
6214,DoE2_R1_aug_07,1.7190905047812326,4.483875742302511,4.4559913,2.401934450644983,2.4873896,52.17292600357395,53.28864,1.0029768921986104
6272,DoE2_R1_aug_07,2.185012230376146,3.750957329795047,4.0065875,3.137123929750089,3.2299023,54.1111360734467,56.920746,1.0401903609985532
6283,DoE2_R1_aug_07,2.2733766955751813,3.5727107388987625,3.4219892,3.272548796340664,3.634448,54.467973519693814,55.91816,1.0491661354829047
6319,DoE2_R1_aug_07,2.5625694907720242,2.936011142672246,3.06977,3.70627322348981,3.2461123,55.60924333759085,53.87528,1.0780665378691858
6335,DoE2_R1_aug_07,2.691099621970621,2.6368737158690716,2.790986,3.894213655660561,3.711593,56.102649618826135,54.45681,1.0908161733354387
6000,DoE2_R1_aug_08,0.0,1.0129455027591694,0.99208325,-0.5669880037987324,0.0,44.43684442355336,46.685013,0.8890289153160542
6777,DoE2_R1_aug_08,6.241744496331858,9.655537401798432,9.490753,7.602119853602329,7.9914103,64.91239248268762,67.660675,1.5716646246614405
6793,DoE2_R1_aug_08,6.370274627530455,11.117854838156502,10.361113,7.671867202188057,7.6092124,65.00626307667517,64.990204,1.5955052757672334
6913,DoE2_R1_aug_08,7.3342506115199315,25.470237888894097,24.633472,8.022165155154788,7.789747,65.07802556148441,66.158424,1.787394360668574
6971,DoE2_R1_aug_08,7.800172337114845,34.267171545617025,31.290514,8.075955184904672,8.531101,64.68732837039929,62.680134,1.8908497208995712
6982,DoE2_R1_aug_08,7.88853680231388,36.05214065976567,36.266304,8.077219601972383,7.2600255,64.58013730080005,64.951515,1.9114320498374344
7018,DoE2_R1_aug_08,8.177729597510723,42.12879420240432,45.56369,8.06088434063317,9.538277,64.15330280977483,65.19071,1.979661487783498
7034,DoE2_R1_aug_08,8.30625972870932,44.93768906874008,43.402287,8.043394607958,9.632895,63.9255489462662,66.00206,2.0129077241873783
6000,DoE2_R1_aug_09,0.0,1.0129455027591694,0.89304507,-0.5669880037987324,0.0,44.43684442355336,45.597115,0.8890289153160542
6265,DoE2_R1_aug_09,2.12878029797676,3.8591068558234793,3.864859,3.05025927007055,2.6843624,53.88217881352364,56.370094,1.03702396684434
6281,DoE2_R1_aug_09,2.257310429175357,3.6058181707798136,3.774612,3.2480248708966357,2.921515,54.40336659185015,54.334347,1.0475410357000277
6401,DoE2_R1_aug_09,3.221286413164833,1.4205324964352166,1.4348155,4.636097967923779,4.3088694,58.03871960435579,56.62464,1.144478128632714
6459,DoE2_R1_aug_09,3.6872081387597464,0.5684993892200154,0.6184461,5.240593123449231,5.395191,59.59357799328284,53.63703,1.195717888742656
6470,DoE2_R1_aug_09,3.7755726039587816,0.44948414438621764,0.42011905,5.349912365694553,5.3509483,59.87150761491873,57.700012,1.2061373645402005
6506,DoE2_R1_aug_09,4.0647653991556245,0.18903434519306295,0.1820167,5.695260337640607,5.1842146,60.740705175815265,59.684555,1.2422709652497281
6522,DoE2_R1_aug_09,4.193295530354222,0.1468106937093534,0.15397345,5.84247673719425,6.395479,61.106390640200104,62.88877,1.2576031234440401
6000,DoE2_R1_aug_10,0.0,1.0129455027591694,0.94262105,-0.5669880037987324,0.0,44.43684442355336,44.177727,0.8890289153160542
6856,DoE2_R1_aug_10,6.87636201912493,17.947888730815983,17.668377,7.89467618793107,7.110982,65.18665970797338,62.768196,1.6930235761034798
6872,DoE2_R1_aug_10,7.004892150323527,19.937923857583627,17.93846,7.937729749895342,9.088956,65.18289561528323,60.848434,1.7188618347330906
6992,DoE2_R1_aug_10,7.968868134313003,37.70476575183334,39.236664,8.075844963497326,8.074516,64.47332412935683,66.29136,1.9304294254976602
7050,DoE2_R1_aug_10,8.434789859907916,47.80825233071487,45.620953,8.01950189574651,6.587769,63.67393818302764,62.591454,2.046677337569125
7061,DoE2_R1_aug_10,8.523154325106953,49.81574276051278,54.602512,7.999321873839651,8.010291,63.48695488359171,67.89426,2.0702348074135752
7097,DoE2_R1_aug_10,8.812347120303794,56.564307616439066,58.799442,7.911562836559561,8.326979,62.79389438530471,58.243168,2.14958486236562
7113,DoE2_R1_aug_10,8.94087725150239,59.64412577293163,63.835926,7.861718492030342,8.733415,62.44531604928042,57.891045,2.18611228377763
6000,DoE2_R1_aug_11,0.0,1.0129455027591694,0.996533,-0.5669880037987324,0.0,44.43684442355336,42.973278,0.8890289153160542
6226,DoE2_R1_aug_11,1.8154881031801802,4.366825300788838,4.668019,2.556859802855689,2.3122098,52.58129778175245,53.47086,1.0106557052188219
6369,DoE2_R1_aug_11,2.9642261507676393,1.9962817769585253,1.8806243,4.2832734922326114,4.618602,57.12076038727886,54.480812,1.1181014065224444
6653,DoE2_R1_aug_11,5.245635979542733,2.1802123863070086,2.1348937,6.891737884711688,6.946333,63.571736580844664,61.792427,1.409195464299956
6678,DoE2_R1_aug_11,5.4464643095405405,3.1789937638347876,3.1067207,7.058292467760977,7.7756953,63.92537490776557,63.895367,1.44109423323695
6856,DoE2_R1_aug_11,6.87636201912493,17.947888730815983,18.776138,7.89467618793107,9.219423,65.18665970797338,63.01847,1.6930235761034798
7191,DoE2_R1_aug_11,9.567461641095552,75.23334068481844,78.62861,7.520244828255047,7.5998774,60.37654366105196,57.603634,2.3767801214176876
7429,DoE2_R1_aug_11,11.479347342674679,125.19143296928846,125.879196,5.39079485806254,6.149323,49.95767217659407,45.985935,3.1448819738904454
6000,DoE2_R1_aug_12,0.0,1.0129455027591694,0.99941236,-0.5669880037987324,0.0,44.43684442355336,45.077236,0.8890289153160542
6476,DoE2_R1_aug_12,3.8237714031582555,0.39175861426907765,0.40813056,5.4088015504280245,5.3662715,60.02071529381235,64.68594,1.211935215480694
6674,DoE2_R1_aug_12,5.414331776740891,3.003581095371331,3.0478413,7.032408825718303,6.4620867,63.87149550058692,60.102146,1.4359488924414687
6716,DoE2_R1_aug_12,5.751723371137208,5.161280855764126,4.992962,7.289338919734123,7.7471175,64.3844126785021,64.91705,1.4905877215484866
6787,DoE2_R1_aug_12,6.3220758283309815,10.555978773227661,10.980627,7.646323852345415,7.4449835,64.97329019617527,65.48313,1.5865261075030277
7171,DoE2_R1_aug_12,9.406798977097305,71.15717931341732,66.982376,7.623649009920442,9.873076,60.96653860271537,59.31477,2.324579697316433
7234,DoE2_R1_aug_12,9.91288636869178,84.13535517433519,87.27702,7.259902803872185,6.8010235,58.96484810329382,56.18679,2.4920356745459387
7403,DoE2_R1_aug_12,11.27048587947696,119.78317289617033,119.97308,5.708078843500845,5.7420225,51.41711219912847,48.76738,3.047879710948355
6000,DoE2_R1_aug_13,0.0,1.0129455027591694,1.0844519,-0.5669880037987324,0.0,44.43684442355336,44.108994,0.8890289153160542
6532,DoE2_R1_aug_13,4.273626862353344,0.14649724286076715,0.14595947,5.932477189368076,4.6281395,61.328264037550994,57.842754,1.2679438802231406
6727,DoE2_R1_aug_13,5.840087836336243,5.847264567871385,6.0952773,7.3511178047593315,6.8456135,64.4990386744613,66.757774,1.5050715851891396
6874,DoE2_R1_aug_13,7.020958416723351,20.193543271731755,18.717854,7.942716984617023,8.322918,65.18097604322999,67.995,1.722125681034836
6996,DoE2_R1_aug_13,8.001000667112653,38.37359933074546,37.980515,8.074617676466168,8.035399,64.42808329951953,62.025955,1.9381063870271387
7143,DoE2_R1_aug_13,9.18187124749976,65.536334712237,65.08949,7.749929519151607,6.8221126,61.72303511914078,60.136955,2.2570224736281026
7190,DoE2_R1_aug_13,9.559428507895639,75.02844539864003,67.02244,7.525679128670076,6.193416,60.40703720222633,64.453804,2.3741340788164775
7305,DoE2_R1_aug_13,10.483238825885554,99.09476497958903,95.57519,6.713070647918876,6.2171745,56.19227313270035,54.00256,2.705592878454813
6000,DoE2_R1_aug_14,0.0,1.0129455027591694,1.0120947,-0.5669880037987324,0.0,44.43684442355336,43.810028,0.8890289153160542
6345,DoE2_R1_aug_14,2.771430953969744,2.4479605169131315,2.6818528,4.010118380745834,4.1629505,56.40647346850205,56.645054,1.0987976100122236
6454,DoE2_R1_aug_14,3.647042472760185,0.6278997111786842,0.6452432,5.190328015407146,4.512524,59.46539724502048,59.617218,1.1910669167777193
6532,DoE2_R1_aug_14,4.273626862353344,0.14649724286076715,0.14250503,5.932477189368076,6.1155834,61.328264037550994,59.679672,1.2679438802231406
6781,DoE2_R1_aug_14,6.273877029131508,10.010270676424552,10.337458,7.620045323466771,7.3288274,64.93763935093611,69.61303,1.5775939978566564
6830,DoE2_R1_aug_14,6.6675005559272105,14.929071338512642,15.474472,7.812897659778974,7.084413,65.1494311408918,62.599457,1.652011338330574
7074,DoE2_R1_aug_14,8.627585056705811,52.22217229232205,53.508644,7.971490737193955,7.052626,63.25110826282757,69.14499,2.098469941498853
7333,DoE2_R1_aug_14,10.708166555483098,105.02824250601068,101.07846,6.456141685251154,6.1687217,54.94261949998228,52.2642,2.7982489611241412
6000,DoE2_R1_aug_15,0.0,1.0129455027591694,1.0567772,-0.5669880037987324,0.0,44.43684442355336,41.370255,0.8890289153160542
6035,DoE2_R1_aug_15,0.28115966199693054,2.5305817325538094,2.4456801,-0.058426487092886066,0.0,45.74339811788736,45.308586,0.9054408561562837
6142,DoE2_R1_aug_15,1.1407049143875467,4.6561309992647395,4.5787487,1.443950913545921,1.2658784,49.65347890761046,49.829453,0.960510429485482
6177,DoE2_R1_aug_15,1.4218645763844773,4.698083340335685,4.603638,1.9155285715709922,2.0240722,50.89210634614334,49.682205,0.980440281301181
6628,DoE2_R1_aug_15,5.044807649544925,1.4026384049979317,1.4043962,6.713976102278113,6.275724,63.17871681100173,69.22377,1.3780157322629216
6724,DoE2_R1_aug_15,5.8159884367365065,5.6549716500132945,5.871399,7.334499657211464,7.195959,64.46860588818441,62.28373,1.5011163962621739
6777,DoE2_R1_aug_15,6.241744496331858,9.655537401798432,9.005018,7.602119853602329,6.3642635,64.91239248268762,64.83405,1.5716646246614405
7143,DoE2_R1_aug_15,9.18187124749976,65.536334712237,63.397778,7.749929519151607,6.6638355,61.72303511914078,63.36422,2.2570224736281026
7500,DoE2_R2_aug_01,0.0,0.0,0.0,-0.038980715745925806,0.0,43.57163333786195,41.60157,1.1021559554545832
8685,DoE2_R2_aug_01,9.51267511674595,0.0,0.0,8.994539063013427,10.865227,66.72751252859888,72.55589,1.636546873299235
8736,DoE2_R2_aug_01,9.922081387593245,0.0,0.0,9.231456376036366,8.348822,67.46367719335856,73.2526,1.6750846876333563
8774,DoE2_R2_aug_01,10.22712919724417,0.0,0.0,9.387711888995048,11.861111,67.97246772407948,66.45498,1.7039307817737863
8795,DoE2_R2_aug_01,10.395708249945995,0.0,0.0,9.466253797328775,10.143775,68.23827379400416,69.330864,1.7205664501686904
8799,DoE2_R2_aug_01,10.427818545698726,0.0,0.0,9.480566101988744,9.947387,68.28762554078261,69.70117,1.7238006992879356
8825,DoE2_R2_aug_01,10.636535468091463,0.0,0.0,9.568429295707393,9.057646,68.59820588375806,68.44724,1.7452792626769262
8856,DoE2_R2_aug_01,10.885390260175113,0.0,0.0,9.661181221895754,9.99901,68.94474844434924,72.32336,1.7717712358535675
7500,DoE2_R2_aug_02,0.0,0.0,0.0,-0.038980715745925806,0.0,43.57163333786195,40.71266,1.1021559554545832
8631,DoE2_R2_aug_02,9.07918612408411,0.0,0.0,8.71198180542727,9.556999,65.88629145854046,65.17766,1.5980739570088607
8682,DoE2_R2_aug_02,9.488592394931404,0.0,0.0,8.979673685906393,8.962678,66.68239498369094,71.85593,1.6343501675286278
8720,DoE2_R2_aug_02,9.793640204582328,0.0,0.0,9.160400831961116,10.076375,67.2391204835533,62.615158,1.6627423671966557
8741,DoE2_R2_aug_02,9.962219257284156,0.0,0.0,9.253031291180239,8.542502,67.53261660034514,66.72251,1.6789914802708978
8745,DoE2_R2_aug_02,9.994329553036884,0.0,0.0,9.270072710750432,10.837236,67.58733946736497,62.434566,1.6821343869130556
8771,DoE2_R2_aug_02,10.203046475429623,0.0,0.0,9.376030686369809,7.8920865,67.9335873315891,70.163506,1.7016042589976237
8802,DoE2_R2_aug_02,10.451901267513271,0.0,0.0,9.491162583692667,7.9862313,68.32436746048229,66.85954,1.7262393335791193
7500,DoE2_R2_aug_03,0.0,0.0,0.0,-0.038980715745925806,0.0,43.57163333786195,41.66168,1.1021559554545832
8424,DoE2_R2_aug_03,7.417478318880386,0.0,0.0,7.374183695884033,7.5163803,62.17394558908565,63.592823,1.466648489844632
8475,DoE2_R2_aug_03,7.826884589727681,0.0,0.0,7.736586610149592,8.595613,63.15040899921512,63.108585,1.4969800802630944
8513,DoE2_R2_aug_03,8.131932399378606,0.0,0.0,7.993792087473135,7.530685,63.854073089262215,65.254135,1.5203778210925316
8534,DoE2_R2_aug_03,8.300511452080432,0.0,0.0,8.13085177664104,7.476966,64.23337084302734,66.42961,1.5336993996555144
8538,DoE2_R2_aug_03,8.332621747833162,0.0,0.0,8.156530635409258,8.109893,64.30480804379437,62.11203,1.5362576156995904
8564,DoE2_R2_aug_03,8.5413386702259,0.0,0.0,8.319994849922224,8.674462,64.76259416281489,65.58316,1.5530653828256358
8595,DoE2_R2_aug_03,8.79019346230955,0.0,0.0,8.506779334920836,6.9078965,65.29292069290328,62.951847,1.5735587153712933
7500,DoE2_R2_aug_04,0.0,0.0,0.0,-0.038980715745925806,0.0,43.57163333786195,45.163815,1.1021559554545832
8604,DoE2_R2_aug_04,8.862441627753189,0.0,0.0,8.559286893545105,9.554646,65.44358749512845,65.21342,1.5796111015099201
8655,DoE2_R2_aug_04,9.271847898600482,0.0,0.0,8.841424573765094,7.912778,66.26766051770673,66.45134,1.6149023432784209
8693,DoE2_R2_aug_04,9.576895708251408,0.0,0.0,9.033686038494999,9.223756,66.84686335615605,66.456535,1.6424412528109642
8714,DoE2_R2_aug_04,9.745474760953234,0.0,0.0,9.132973103279728,9.122104,67.15338099465365,67.951904,1.658175071454203
8718,DoE2_R2_aug_04,9.777585056705965,0.0,0.0,9.15130523842368,8.6796,67.21063256432217,62.86656,1.6612162965617923
8744,DoE2_R2_aug_04,9.986301979098702,0.0,0.0,9.265830632764638,9.6706085,67.5736946156028,72.33162,1.6813471937482782
8775,DoE2_R2_aug_04,10.235156771182352,0.0,0.0,9.391580241074273,9.576815,67.98537788323924,71.11928,1.704709178524607
7500,DoE2_R2_aug_05,0.0,0.0,0.0,-0.038980715745925806,0.0,43.57163333786195,45.40477,1.1021559554545832
7715,DoE2_R2_aug_05,1.7259283967091807,0.0,0.0,1.5033405844568002,1.4773506,47.3618269318482,47.26529,1.1620975149898705
7766,DoE2_R2_aug_05,2.135334667556475,0.0,0.0,1.9105603804171358,1.7184067,48.36215157271636,50.58016,1.1789136536718086
7804,DoE2_R2_aug_05,2.4403824772074,0.0,0.0,2.2213989826328095,2.3287835,49.126589452891025,55.698025,1.1911302505373491
7825,DoE2_R2_aug_05,2.608961529909227,0.0,0.0,2.395513036525429,2.21555,49.55522393431415,49.819054,1.1983395924088442
7829,DoE2_R2_aug_05,2.641071825661956,0.0,0.0,2.4288483365351343,2.2555234,49.63732989128248,53.067673,1.1997236368272974
7855,DoE2_R2_aug_05,2.849788748054694,0.0,0.0,2.6467474617817928,2.4187539,50.17437894288965,51.233345,1.2088114933782823
7886,DoE2_R2_aug_05,3.0986435401383434,0.0,0.0,2.909010021613297,2.9429004,50.82167487020387,48.26137,1.2198735361230897
7500,DoE2_R2_aug_06,0.0,0.0,0.0,-0.038980715745925806,0.0,43.57163333786195,46.57389,1.1021559554545832
8688,DoE2_R2_aug_06,9.536757838560497,0.0,0.0,9.009303641731536,9.765063,66.77243371075008,66.24217,1.6387510052341239
8739,DoE2_R2_aug_06,9.94616410940779,0.0,0.0,9.244437642588158,8.015195,67.50511206547743,67.328384,1.6774258668170356
8777,DoE2_R2_aug_06,10.251211919058717,0.0,0.0,9.399278770746918,11.448788,68.01112302888518,64.53954,1.7062702556749585
8798,DoE2_R2_aug_06,10.419790971760543,0.0,0.0,9.477007670172753,7.624379,68.27532637384878,67.814125,1.7229902706756801
8802,DoE2_R2_aug_06,10.451901267513271,0.0,0.0,9.491162583692667,8.928051,68.32436746048229,65.502846,1.7262393335791193
8828,DoE2_R2_aug_06,10.66061818990601,0.0,0.0,9.57798298305738,10.268953,68.6328865547555,64.12555,1.7478044191248732
8859,DoE2_R2_aug_06,10.909472981989659,0.0,0.0,9.669446831766958,9.862054,68.97687642219925,68.076416,1.7743774263251388
7500,DoE2_R2_aug_07,0.0,0.0,0.0,-0.038980715745925806,0.0,43.57163333786195,41.839916,1.1021559554545832
7706,DoE2_R2_aug_07,1.6536802312655408,0.0,0.0,1.432811898482787,1.3103801,47.18866469870442,53.089287,1.1592475919689211
7757,DoE2_R2_aug_07,2.0630865021128346,0.0,0.0,1.8378187636866519,1.6330934,48.18338296612052,49.65833,1.1759648297414844
7795,DoE2_R2_aug_07,2.3681343117637597,0.0,0.0,2.147265442739215,2.1461256,48.944189322060865,51.73558,1.1880681655476784
7816,DoE2_R2_aug_07,2.536713364465587,0.0,0.0,2.3207044015444493,2.3912663,49.37101685337635,46.742916,1.1952384197023591
7820,DoE2_R2_aug_07,2.5688236602183157,0.0,0.0,2.353918708915074,2.3898096,49.45279476697179,50.60936,1.196614540770638
7846,DoE2_R2_aug_07,2.7775405826110537,0.0,0.0,2.5710906378384215,2.507495,49.98783740993517,45.99767,1.2056471665933928
7877,DoE2_R2_aug_07,3.026395374694703,0.0,0.0,2.8326203931470966,2.7550664,50.63302623218144,47.237164,1.2166349098053726
7500,DoE2_R2_aug_08,0.0,0.0,0.0,-0.038980715745925806,0.0,43.57163333786195,46.505108,1.1021559554545832
8287,DoE2_R2_aug_08,6.31770068934942,0.0,0.0,6.319414087712145,7.4692435,59.40369804582397,59.246563,1.3926270874959603
8338,DoE2_R2_aug_08,6.727106960196714,0.0,0.0,6.724211966426363,6.4338827,60.45643321609634,57.55004,1.419349361196361
8376,DoE2_R2_aug_08,7.032154769847639,0.0,0.0,7.016916851634363,6.8889375,61.22523513258127,58.25451,1.4397844886814632
8397,DoE2_R2_aug_08,7.200733822549466,0.0,0.0,7.1750274355552115,7.5624833,61.643573711371374,58.47806,1.4513687819432877
8401,DoE2_R2_aug_08,7.232844118302195,0.0,0.0,7.204831630282996,7.209441,61.72269290989553,59.58962,1.4536033963586277
8427,DoE2_R2_aug_08,7.441561040694933,0.0,0.0,7.396012533956231,7.317331,62.23232808537685,58.968956,1.4683763508237322
8458,DoE2_R2_aug_08,7.690415832778583,0.0,0.0,7.617887229854391,8.017137,62.828815282177544,62.34407,1.4866303409938058
7500,DoE2_R2_aug_09,0.0,0.0,0.0,-0.038980715745925806,0.0,43.57163333786195,40.89558,1.1021559554545832
8656,DoE2_R2_aug_09,9.279875472538665,0.0,0.0,8.84668597329321,8.632338,66.28329505383206,69.657616,1.6156126089399683
8707,DoE2_R2_aug_09,9.68928174338596,0.0,0.0,9.100442474870349,7.8117847,67.0523120929793,69.61963,1.6528875139380157
8745,DoE2_R2_aug_09,9.994329553036884,0.0,0.0,9.270072710750432,8.651535,67.58733946736497,63.9458,1.6821343869130556
8766,DoE2_R2_aug_09,10.16290860573871,0.0,0.0,9.356309206956034,10.314452,67.86828911241454,61.997963,1.6977561135193981
8770,DoE2_R2_aug_09,10.19501890149144,0.0,0.0,9.37211162630555,9.6929455,67.92057734862634,68.995316,1.7008316683918012
8796,DoE2_R2_aug_09,10.403735823884178,0.0,0.0,9.469851500960766,9.407393,68.25065046459822,72.61166,1.7213731377678176
8827,DoE2_R2_aug_09,10.652590615967828,0.0,0.0,9.574812012045475,9.216756,68.62135322952932,70.432884,1.7469617009689609
7500,DoE2_R2_aug_10,0.0,0.0,0.0,-0.038980715745925806,0.0,43.57163333786195,43.714767,1.1021559554545832
8428,DoE2_R2_aug_10,7.449588614633115,0.0,0.0,7.40327514729456,6.8888803,62.251763833568866,59.858654,1.468953733099624
8479,DoE2_R2_aug_10,7.858994885480409,0.0,0.0,7.764197455411236,7.305514,63.225484573297514,61.20612,1.4994534355262266
8517,DoE2_R2_aug_10,8.164042695131334,0.0,0.0,8.020185546127749,9.460505,63.92686253894812,66.31573,1.5229017616864347
8538,DoE2_R2_aug_10,8.332621747833162,0.0,0.0,8.156530635409258,7.5778723,64.30480804379437,66.51439,1.5362576156995904
8542,DoE2_R2_aug_10,8.36473204358589,0.0,0.0,8.182070003512788,7.638912,64.37598050107209,64.233574,1.5388228833955642
8568,DoE2_R2_aug_10,8.573448965978628,0.0,0.0,8.344601192780537,8.22587,64.83198984373213,59.750107,1.555680565617784
8599,DoE2_R2_aug_10,8.822303758062278,0.0,0.0,8.530213563603366,8.202193,65.36007117574638,61.81999,1.5762426536333194
7500,DoE2_R2_aug_11,0.0,0.0,0.0,-0.038980715745925806,0.0,43.57163333786195,43.096516,1.1021559554545832
7646,DoE2_R2_aug_11,1.1720257949746065,0.0,0.0,0.9742429925366859,1.0189794,46.06302240517856,45.01422,1.141189271000234
7672,DoE2_R2_aug_11,1.3807427173673448,0.0,0.0,1.1703675549071657,1.236866,46.54442982554331,45.3242,1.1488264850233465
8140,DoE2_R2_aug_11,5.137647320436631,0.0,0.0,5.095296766409194,5.4466567,56.27623784695988,56.964043,1.3214240564159585
8223,DoE2_R2_aug_11,5.8039359573057565,0.0,0.0,5.795212363369376,5.910936,58.05542387901754,57.265324,1.3606099596479309
8359,DoE2_R2_aug_11,6.895686012898541,0.0,0.0,6.886982698795115,6.785757,60.88309661926464,65.7008,1.430568415776797
8868,DoE2_R2_aug_11,10.9817211474333,0.0,0.0,9.693478424490007,9.265487,69.07174135309694,71.49555,1.7822344844595919
8919,DoE2_R2_aug_11,11.391127418280593,0.0,0.0,9.80743331926348,11.112771,69.56511866172872,75.192276,1.8275800420045132
7500,DoE2_R2_aug_12,0.0,0.0,0.0,-0.038980715745925806,0.0,43.57163333786195,42.71769,1.1021559554545832
7640,DoE2_R2_aug_12,1.1238603513455132,0.0,0.0,0.9295813693588136,0.98320115,45.95338785060065,46.037785,1.139463379966004
7818,DoE2_R2_aug_12,2.552768512341951,0.0,0.0,2.337304681478452,2.3214414,49.41188726279024,45.07976,1.1959260496117932
7848,DoE2_R2_aug_12,2.7935957304874184,0.0,0.0,2.5878829494291526,2.1933665,50.02923411734388,48.3443,1.2063486076427743
7919,DoE2_R2_aug_12,3.363553480098357,0.0,0.0,3.1905979394814232,3.1578305,51.51792446674525,58.744843,1.2319536641526518
8086,DoE2_R2_aug_12,4.704158327774791,0.0,0.0,4.631931563315836,4.366807,55.1090025748239,52.636967,1.2978551384184978
8099,DoE2_R2_aug_12,4.8085167889711595,0.0,0.0,4.7438727434705035,4.272394,55.39030694878964,53.805386,1.3034003233453917
8172,DoE2_R2_aug_12,5.394529686458463,0.0,0.0,5.367303102137602,6.022172,56.96516613519446,56.940987,1.33608605124565
7500,DoE2_R2_aug_13,0.0,0.0,0.0,-0.038980715745925806,0.0,43.57163333786195,40.57385,1.1021559554545832
7802,DoE2_R2_aug_13,2.4243273293310352,0.0,0.0,2.2048987167858267,2.4418252,49.085986739789384,47.848183,1.1904484114007765
7878,DoE2_R2_aug_13,3.0344229486328853,0.0,0.0,2.8410985913868156,3.045121,50.653959038619824,52.712486,1.2169936310379719
7953,DoE2_R2_aug_13,3.6364909939965533,0.0,0.0,3.482684927645596,3.280398,52.24169620372109,50.911457,1.244767715864584
8341,DoE2_R2_aug_13,6.751189682011261,0.0,0.0,6.747612802386162,5.64133,60.51764598032091,60.140553,1.4209422575677253
8415,DoE2_R2_aug_13,7.345230153436746,0.0,0.0,7.308332149541247,7.69308,61.99812922632759,58.854763,1.4615024588981167
8759,DoE2_R2_aug_13,10.106715588171436,0.0,0.0,9.328171783416806,10.174164,67.77583424990019,69.74575,1.6924321871925256
8779,DoE2_R2_aug_13,10.26726706693508,0.0,0.0,9.406926288558475,9.710182,68.03676770522412,67.095474,1.7078369887019929
7500,DoE2_R2_aug_14,0.0,0.0,0.0,-0.038980715745925806,0.0,43.57163333786195,44.006126,1.1021559554545832
7593,DoE2_R2_aug_14,0.746564376250948,0.0,0.0,0.5880427022639539,0.5225917,45.11469507039488,47.74067,1.1263511950259804
8130,DoE2_R2_aug_14,5.0573715810548086,0.0,0.0,5.009848971050481,4.5660825,56.06041506237552,51.853367,1.3169510581483486
8273,DoE2_R2_aug_14,6.2053146542148685,0.0,0.0,6.206159608606237,5.186024,59.11107757939766,54.811367,1.3853645286069978
8335,DoE2_R2_aug_14,6.703024238382167,0.0,0.0,6.700763054573174,5.731082,60.39513608405901,60.328766,1.4177594260171353
8600,DoE2_R2_aug_14,8.83033133200046,0.0,0.0,8.536047793057186,9.288532,65.37681205108697,63.337025,1.576915132265477
8686,DoE2_R2_aug_14,9.520702690684132,0.0,0.0,8.999471811583128,8.78508,66.74250812188183,64.98029,1.6372807553282014
8800,DoE2_R2_aug_14,10.435846119636908,0.0,0.0,9.484111409435396,8.682463,68.29989880144038,70.23695,1.724612358208087
7500,DoE2_R2_aug_15,0.0,0.0,0.0,-0.038980715745925806,0.0,43.57163333786195,43.077545,1.1021559554545832
7630,DoE2_R2_aug_15,1.0435846119636907,0.0,0.0,0.8556624812518735,0.888393,45.771919978919335,43.62658,1.1366150658666452
8045,DoE2_R2_aug_15,4.375027796309319,0.0,0.0,4.277856863895939,3.6666007,54.22180915625009,53.60274,1.2808700026681468
8179,DoE2_R2_aug_15,5.450722704025739,0.0,0.0,5.42647706961406,5.724841,57.11544299397096,60.64277,1.339366137927695
8243,DoE2_R2_aug_15,5.964487436069402,0.0,0.0,5.960729536159897,6.3269467,58.47951143292805,56.127724,1.3706370269078536
8394,DoE2_R2_aug_15,7.17665110073492,0.0,0.0,7.152607683479184,6.6596527,61.58411354175276,58.242367,1.4496989932179474
8510,DoE2_R2_aug_15,8.107849677564058,0.0,0.0,7.973909825172264,7.4901752,63.799316552168236,57.962593,1.519180017137426
8585,DoE2_R2_aug_15,8.709917722927727,0.0,0.0,8.447518495844756,7.836671,65.12374816689646,61.0464,1.5668897883416906
9000,DoE2_R3_aug_01,0.0,0.0,0.0,0.010511141800916127,0.008955358,32.48620838776453,33.35683,1.0997328332205005
9158,DoE2_R3_aug_01,1.2639648654660418,0.0,0.0,0.43116215701039906,0.37123102,33.41166239424096,36.4764,1.1123394989507633
9176,DoE2_R3_aug_01,1.4079608627976163,0.0,0.0,0.48302575137647175,0.47554097,33.518088084403814,34.125477,1.1136891711643884
9217,DoE2_R3_aug_01,1.7359517456084246,0.0,0.0,0.6036714746053293,0.6489114,33.76099296056853,33.848465,1.1166945486514201
9314,DoE2_R3_aug_01,2.51193017567302,0.0,0.0,0.9010229578697426,0.80528754,34.33731875019807,32.70349,1.1236877901738134
9398,DoE2_R3_aug_01,3.1839114965537005,0.0,0.0,1.1688646226763268,1.4772009,34.83655172665489,34.35961,1.1299832855026322
9415,DoE2_R3_aug_01,3.319907716255743,0.0,0.0,1.2239163250803151,1.1781595,34.937429740862946,33.752094,1.1313022668449813
9422,DoE2_R3_aug_01,3.3759061596624664,0.0,0.0,1.2466502194291293,1.2467984,34.97894308667107,33.891155,1.1318469874832569
9000,DoE2_R3_aug_02,0.0,0.0,0.0,0.010511141800916127,0.009344125,32.48620838776453,32.56675,1.0997328332205005
9743,DoE2_R3_aug_02,5.943834778742209,0.0,0.0,2.295812986946233,2.4458272,36.848601606721445,35.448837,1.157471242385424
9761,DoE2_R3_aug_02,6.087830776073784,0.0,0.0,2.353028984960738,2.7250373,36.9503909906652,37.243256,1.1587007066500619
9802,DoE2_R3_aug_02,6.415821658884592,0.0,0.0,2.4818426442239474,2.855548,37.18056504314816,34.70051,1.1623548244518591
9899,DoE2_R3_aug_02,7.191800088949187,0.0,0.0,2.7762526303015793,2.4757566,37.714761528239215,35.59598,1.1707154802032216
9983,DoE2_R3_aug_02,7.863781409829868,0.0,0.0,3.0162574055447573,2.8634496,38.16387023101916,36.63157,1.1780900123433207
10000,DoE2_R3_aug_02,7.999777629531911,0.0,0.0,3.0628194752322186,2.9747467,38.253063539248004,37.9772,1.1796437288964925
10007,DoE2_R3_aug_02,8.055776072938635,0.0,0.0,3.081778195217722,3.3213542,38.28961480443482,35.7813,1.1802919468171709
9000,DoE2_R3_aug_03,0.0,0.0,0.0,0.010511141800916127,0.009261758,32.48620838776453,33.8172,1.0997328332205005
9045,DoE2_R3_aug_03,0.359989993328936,0.0,0.0,0.12335918432588593,0.13283269,32.74785067439433,34.737255,1.1034211364007354
9063,DoE2_R3_aug_03,0.5039859906605104,0.0,0.0,0.17015211784941914,0.1382721,32.85299449510807,34.668087,1.10489503077585
9104,DoE2_R3_aug_03,0.8319768734713187,0.0,0.0,0.28002522036612165,0.282498,33.09339878721943,32.42574,1.1081756494424984
9201,DoE2_R3_aug_03,1.607955303535914,0.0,0.0,0.5561911435316247,0.5223901,33.66612844874576,30.15994,1.115532945864041
9285,DoE2_R3_aug_03,2.2799366244165946,0.0,0.0,0.8105715524028339,0.91988206,34.16488221241024,30.445915,1.1216653433779427
9302,DoE2_R3_aug_03,2.415932844118637,0.0,0.0,0.8634506202650362,0.91970944,34.26596081123778,34.34115,1.1228385130297205
9309,DoE2_R3_aug_03,2.4719312875253605,0.0,0.0,0.8853438783166698,0.84889084,34.30758586629287,33.39193,1.1233319255896954
9000,DoE2_R3_aug_04,0.0,0.0,0.0,0.010511141800916127,0.007864236,32.48620838776453,30.939245,1.0997328332205005
9339,DoE2_R3_aug_04,2.7119246164113178,0.0,0.0,0.9799050308551747,1.0249643,34.485977754625196,31.901897,1.1255056964078098
9357,DoE2_R3_aug_04,2.855920613742892,0.0,0.0,1.0371671603357544,0.97150666,34.59298765620762,32.603886,1.1268487106339238
9398,DoE2_R3_aug_04,3.1839114965537005,0.0,0.0,1.1688646226763268,1.1384686,34.83655172665489,38.607155,1.1299832855026322
9495,DoE2_R3_aug_04,3.959889926618296,0.0,0.0,1.4854738767273161,1.74024,35.410721146968754,37.069565,1.137496781461588
9579,DoE2_R3_aug_04,4.631871247498976,0.0,0.0,1.7621677242745017,1.5224957,35.90386615241639,38.239716,1.1438902615725879
9596,DoE2_R3_aug_04,4.767867467201019,0.0,0.0,1.8181272958425074,1.834921,36.003035441526976,35.071636,1.1452780848042547
9603,DoE2_R3_aug_04,4.823865910607742,0.0,0.0,1.8411485584530187,1.7426887,36.04379855818776,35.203354,1.1458567441237926
9000,DoE2_R3_aug_05,0.0,0.0,0.0,0.010511141800916127,0.012337758,32.48620838776453,32.97984,1.0997328332205005
10082,DoE2_R3_aug_05,8.655759395153527,0.0,0.0,3.276500126492432,3.3408108,38.67450367176455,36.20791,1.1870996091515917
10100,DoE2_R3_aug_05,8.799755392485102,0.0,0.0,3.3207863298061824,3.5042083,38.76495904840753,43.412834,1.1887391473104438
10141,DoE2_R3_aug_05,9.12774627529591,0.0,0.0,3.417817136407896,3.5382938,38.96805906185199,35.26498,1.1925418315041942
10238,DoE2_R3_aug_05,9.903724705360505,0.0,0.0,3.624130892162692,4.092038,39.4312426691489,38.84189,1.2018577801812746
10322,DoE2_R3_aug_05,10.575706026241185,0.0,0.0,3.773191141479588,3.5781043,39.81095080394784,39.398777,1.2097531845975522
10339,DoE2_R3_aug_05,10.711702245943227,0.0,0.0,3.799692769632274,3.266735,39.885206054650496,41.13361,1.2114340472391691
10346,DoE2_R3_aug_05,10.767700689349951,0.0,0.0,3.8102293740316204,3.7697742,39.91551900823333,36.589535,1.2121312204921766
9000,DoE2_R3_aug_06,0.0,0.0,0.0,0.010511141800916127,0.011226159,32.48620838776453,31.257181,1.0997328332205005
9222,DoE2_R3_aug_06,1.7759506337560842,0.0,0.0,0.6186092570143377,0.59654427,33.79065464709101,35.423233,1.11705464772385
9240,DoE2_R3_aug_06,1.9199466310876585,0.0,0.0,0.6727649621249736,0.6452455,33.89749362618531,37.398346,1.118339714797553
9281,DoE2_R3_aug_06,2.2479375138984667,0.0,0.0,0.7981914100780889,0.8645686,34.14110244286836,36.364643,1.1213948354263488
9378,DoE2_R3_aug_06,3.023915943963062,0.0,0.0,1.1044174895050465,1.2204962,34.71777973397884,32.173866,1.1284436295657834
9462,DoE2_R3_aug_06,3.6958972648437425,0.0,0.0,1.3771776446437127,1.6271266,35.215824736746114,36.656174,1.1349592532743489
9479,DoE2_R3_aug_06,3.8318934845457853,0.0,0.0,1.43291230709478,1.3739346,35.3162937935279,37.793896,1.136272239461216
9486,DoE2_R3_aug_06,3.8878919279525084,0.0,0.0,1.4558968487178543,1.4019828,35.35762225486165,30.809256,1.136809545931782
9000,DoE2_R3_aug_07,0.0,0.0,0.0,0.010511141800916127,0.012029986,32.48620838776453,31.850748,1.0997328332205005
9293,DoE2_R3_aug_07,2.34393484545285,0.0,0.0,0.8354035031220733,0.83133084,34.21244611340513,32.47955,1.1222128139992662
9311,DoE2_R3_aug_07,2.487930842784424,0.0,0.0,0.8916114575092181,0.8506069,34.31947897728908,32.11749,1.1234739369986362
9352,DoE2_R3_aug_07,2.8159217255952327,0.0,0.0,1.021224132824953,1.0703161,34.56326601063101,35.1202,1.1264731643129269
9449,DoE2_R3_aug_07,3.591900155659828,0.0,0.0,1.3346518882124092,1.5357883,35.13890730764077,37.391064,1.1339496757258445
9533,DoE2_R3_aug_07,4.263881476540508,0.0,0.0,1.6105792085197703,1.7852052,35.63439956654236,35.5231,1.1403097706705374
9550,DoE2_R3_aug_07,4.399877696242551,0.0,0.0,1.6666082220857006,1.7634377,35.734165028984,33.979538,1.1415976088852666
9557,DoE2_R3_aug_07,4.455876139649274,0.0,0.0,1.689680051775035,1.6608291,35.77518548114114,34.403797,1.1421408749328965
9000,DoE2_R3_aug_08,0.0,0.0,0.0,0.010511141800916127,0.010718056,32.48620838776453,32.852238,1.0997328332205005
9834,DoE2_R3_aug_08,6.671814543029614,0.0,0.0,2.5807188576540288,2.1166675,37.3584824925879,38.25771,1.1651365996233642
9852,DoE2_R3_aug_08,6.815810540361188,0.0,0.0,2.6356190579008723,2.3347309,37.45785243627679,40.805702,1.1666853946374653
9893,DoE2_R3_aug_08,7.143801423171996,0.0,0.0,2.7585319433516027,3.519956,37.68217793176068,35.93121,1.1702001606271921
9990,DoE2_R3_aug_08,7.919779853236592,0.0,0.0,3.035518018344467,3.188501,38.20066935862759,37.16536,1.178726417482767
10074,DoE2_R3_aug_08,8.591761174117272,0.0,0.0,3.2565001059431644,3.1352313,38.63405584586452,38.41315,1.1863771747442053
10091,DoE2_R3_aug_08,8.727757393819314,0.0,0.0,3.298768082977902,3.7177885,38.71982764260167,41.140503,1.1879169828449248
10098,DoE2_R3_aug_08,8.783755837226037,0.0,0.0,3.315915178216042,3.4890325,38.75494660305536,40.55047,1.1885560362932588
9000,DoE2_R3_aug_09,0.0,0.0,0.0,0.010511141800916127,0.010798956,32.48620838776453,32.516228,1.0997328332205005
10205,DoE2_R3_aug_09,9.639732043585953,0.0,0.0,3.557819682100738,3.643244,39.276511010666496,38.400475,1.1986442026901567
10223,DoE2_R3_aug_09,9.783728040917527,0.0,0.0,3.5945061846656614,3.0912037,39.36128528546252,39.084953,1.2003920224678049
10264,DoE2_R3_aug_09,10.111718923728334,0.0,0.0,3.67338056356751,4.0410833,39.550988681702066,40.242443,1.2041842426736709
10361,DoE2_R3_aug_09,10.88769735379293,0.0,0.0,3.8320573751919023,3.8162825,39.97995266553708,41.47642,1.2136338294283064
10445,DoE2_R3_aug_09,11.559678674673611,0.0,0.0,3.9345477097142743,3.793359,40.32715916967841,43.185715,1.222180531711411
10462,DoE2_R3_aug_09,11.695674894375653,0.0,0.0,3.951023986792855,3.8343375,40.39451280778832,41.112137,1.223917995798148
10469,DoE2_R3_aug_09,11.751673337782377,0.0,0.0,3.9573737507222937,4.107167,40.42195222871166,40.3935,1.224632406594117
9000,DoE2_R3_aug_10,0.0,0.0,0.0,0.010511141800916127,0.009500857,32.48620838776453,32.70769,1.0997328332205005
9945,DoE2_R3_aug_10,7.559789859907656,0.0,0.0,2.909639318459945,3.0933704,37.96238124967096,37.840363,1.1747045869684278
9963,DoE2_R3_aug_10,7.70378585723923,0.0,0.0,2.9605671946104115,3.1286166,38.05818101665068,33.349094,1.176294927862818
10004,DoE2_R3_aug_10,8.031776740050038,0.0,0.0,3.0736685467032174,3.1644018,38.27396263326638,36.502487,1.1800135012483155
10101,DoE2_R3_aug_10,8.807755170114634,0.0,0.0,3.323217207421558,3.5664275,38.769961665188575,40.635113,1.188830789372984
10185,DoE2_R3_aug_10,9.479736490995315,0.0,0.0,3.515640517901396,3.3806326,39.18128187862614,41.085495,1.1967174868139885
10202,DoE2_R3_aug_10,9.615732710697356,0.0,0.0,3.55158683919153,3.307741,39.26229558038858,35.88976,1.1983541384747791
10209,DoE2_R3_aug_10,9.67173115410408,0.0,0.0,3.5660778771469177,3.146469,39.29542672500436,39.923683,1.1990315165557153
9000,DoE2_R3_aug_11,0.0,0.0,0.0,0.010511141800916127,0.011510784,32.48620838776453,35.634937,1.0997328332205005
9176,DoE2_R3_aug_11,1.4079608627976163,0.0,0.0,0.48302575137647175,0.40178162,33.518088084403814,32.09771,1.1136891711643884
9228,DoE2_R3_aug_11,1.8239492995332756,0.0,0.0,0.6365958765872156,0.59496635,33.82625814804049,33.949547,1.1174849593758442
9515,DoE2_R3_aug_11,4.119885479208934,0.0,0.0,1.5512834216068967,1.7091874,35.52855615910271,37.114223,1.1390014445799226
9583,DoE2_R3_aug_11,4.663870358017104,0.0,0.0,1.7753401699554594,2.1033292,35.92722163908101,36.62973,1.1442143196608232
9872,DoE2_R3_aug_11,6.975806092951826,0.0,0.0,2.695962826257385,2.7334523,37.56763789578441,38.52114,1.1684000164558779
9965,DoE2_R3_aug_11,7.719785412498294,0.0,0.0,2.96617935527912,2.9936633,38.06878606796525,34.18772,1.1764730105622851
10288,DoE2_R3_aug_11,10.3037135868371,0.0,0.0,3.716404095276899,3.4317317,39.659779887689936,36.39979,1.2064534628854588
9000,DoE2_R3_aug_12,0.0,0.0,0.0,0.010511141800916127,0.010182279,32.48620838776453,32.81914,1.0997328332205005
9076,DoE2_R3_aug_12,0.6079830998444252,0.0,0.0,0.20450568213204867,0.22592169,32.92908907728074,32.86601,1.1059466450432693
9184,DoE2_R3_aug_12,1.4719590838338716,0.0,0.0,0.5062987383350633,0.55638444,33.56543410248317,33.023357,1.1142830385939766
9231,DoE2_R3_aug_12,1.8479486324218712,0.0,0.0,0.6456138974830213,0.5794286,33.84406358227488,35.631367,1.1176993794320855
9264,DoE2_R3_aug_12,2.1119412941964244,0.0,0.0,0.7458521257537587,0.79066294,34.04005993593833,32.64053,1.1202707674641756
9316,DoE2_R3_aug_12,2.5279297309320836,0.0,0.0,0.9073039794800101,0.8045859,34.349211967294444,34.367023,1.1238309055991929
9536,DoE2_R3_aug_12,4.287880809429104,0.0,0.0,1.620465580711293,1.6296775,35.652019646515605,36.417377,1.1405335715285791
9992,DoE2_R3_aug_12,7.935779408495655,0.0,0.0,3.0409985595438513,3.5046225,38.211164833232566,39.377525,1.1789090921345198
9000,DoE2_R3_aug_13,0.0,0.0,0.0,0.010511141800916127,0.009210436,32.48620838776453,33.07428,1.0997328332205005
9117,DoE2_R3_aug_13,0.9359739826552336,0.0,0.0,0.3157696626031446,0.3392561,33.1698627929062,32.658623,1.1091940955572408
9321,DoE2_R3_aug_13,2.5679286190797432,0.0,0.0,0.9230296099109732,0.8755136,34.37894495415432,34.00153,1.1241905537464743
9446,DoE2_R3_aug_13,3.5679008227712323,0.0,0.0,1.3248514294316955,1.306772,35.1211470922032,32.930332,1.1337162586268479
9622,DoE2_R3_aug_13,4.975861685568848,0.0,0.0,1.9035532130775226,1.724442,36.15422079819107,34.666676,1.147443277082358
9896,DoE2_R3_aug_13,7.167800756060592,0.0,0.0,2.7674011695273824,2.3744876,37.69847773643045,34.079582,1.17045773599185
9990,DoE2_R3_aug_13,7.919779853236592,0.0,0.0,3.035518018344467,3.179913,38.20066935862759,36.285156,1.178726417482767
10091,DoE2_R3_aug_13,8.727757393819314,0.0,0.0,3.298768082977902,3.108506,38.71982764260167,39.883686,1.1879169828449248
9000,DoE2_R3_aug_14,0.0,0.0,0.0,0.010511141800916127,0.011326986,32.48620838776453,34.216473,1.0997328332205005
9412,DoE2_R3_aug_14,3.295908383367147,0.0,0.0,1.2141845341314006,1.1670284,34.91963368864955,32.097656,1.131069038367682
9701,DoE2_R3_aug_14,5.60784411830187,0.0,0.0,2.16097543439358,2.2236695,36.609473492548425,37.92429,1.1540863218919981
9860,DoE2_R3_aug_14,6.8798087613974435,0.0,0.0,2.6598418514235207,2.649485,37.50184691788323,35.167522,1.1673716960058136
10039,DoE2_R3_aug_14,8.311768957083656,0.0,0.0,3.1667914423068884,2.7967272,38.45536766794662,40.467384,1.1832642879809803
10164,DoE2_R3_aug_14,9.311741160775144,0.0,0.0,3.469795928238375,3.045724,39.0801441549666,41.302265,1.1947131847259815
10371,DoE2_R3_aug_14,10.967695130088249,0.0,0.0,3.846033280974834,3.937442,40.02250838374502,38.059486,1.2146413508714409
10408,DoE2_R3_aug_14,11.26368690238093,0.0,0.0,3.8936346279500675,3.4347444,40.17712665035225,39.5044,1.2183988456240447
9000,DoE2_R3_aug_15,0.0,0.0,0.0,0.010511141800916127,0.009285824,32.48620838776453,31.914473,1.0997328332205005
9449,DoE2_R3_aug_15,3.591900155659828,0.0,0.0,1.3346518882124092,1.4471236,35.13890730764077,31.698122,1.1339496757258445
9521,DoE2_R3_aug_15,4.167884144986125,0.0,0.0,1.5710433848359855,1.6756078,35.56386015756837,34.706326,1.1394307167209785
9576,DoE2_R3_aug_15,4.607871914610381,0.0,0.0,1.7522865719086977,1.9863814,35.886341054788474,36.266243,1.1436483276559049
9740,DoE2_R3_aug_15,5.9198354458536135,0.0,0.0,2.286241319653806,2.2381139,36.831594964514046,36.359093,1.157236282818222
9755,DoE2_R3_aug_15,6.039832110296593,0.0,0.0,2.3339987722223055,2.0947988,36.91650945658408,40.08068,1.1582704586816341
10159,DoE2_R3_aug_15,9.271742272627485,0.0,0.0,3.4586512107971803,3.2240937,39.055893598995844,37.465855,1.1942389668014055
10486,DoE2_R3_aug_15,11.887669557484418,0.0,0.0,3.971723329706228,3.900341,40.48786722608562,42.899982,1.2263633001531098
10500,DoE2_R4_aug_01,0.0,0.0,0.0,0.003906586117249819,0.0034350161,30.459232949679176,27.587929,0.9363983896773591
11106,DoE2_R4_aug_01,4.857971981321644,0.0,0.0,3.986256997384638,4.567045,42.43009314811562,39.053688,1.0960804150337633
11176,DoE2_R4_aug_01,5.419123860352197,0.0,0.0,4.5076648212089845,4.6036158,43.72698693398184,47.656647,1.121180736557171
11198,DoE2_R4_aug_01,5.595485879476086,0.0,0.0,4.6691142782335175,5.205102,44.132133940265696,43.78466,1.129433596114115
11287,DoE2_R4_aug_01,6.30895041138636,0.0,0.0,5.304042232451209,5.8308597,45.760738892646714,46.355057,1.163908758011409
11328,DoE2_R4_aug_01,6.6376250833899695,0.0,0.0,5.5838184013219685,4.6874223,46.50608717173547,45.477585,1.1806208411956496
11354,DoE2_R4_aug_01,6.846052924172747,0.0,0.0,5.756109599399608,5.254156,46.97737865112244,49.84581,1.1917067093097766
11381,DoE2_R4_aug_01,7.062497220370246,0.0,0.0,5.930334396292871,5.5082116,47.46578926773307,48.68219,1.203583425671034
10500,DoE2_R4_aug_02,0.0,0.0,0.0,0.003906586117249819,0.003994672,30.459232949679176,28.399755,0.9363983896773591
10868,DoE2_R4_aug_02,2.9500555926177645,0.0,0.0,2.2122004336034036,2.693814,37.91101062933608,38.47639,1.0224909870104675
10938,DoE2_R4_aug_02,3.5112074716483175,0.0,0.0,2.7241849886058014,2.6386225,39.26016950713601,35.941833,1.0427677911705382
10960,DoE2_R4_aug_02,3.6875694907722054,0.0,0.0,2.887836383044406,2.5766647,39.68048952420458,40.503185,1.0493677551798477
11049,DoE2_R4_aug_02,4.40103402268248,0.0,0.0,3.556875027743657,3.184319,41.36435961251618,43.640034,1.0770437362814205
11090,DoE2_R4_aug_02,4.72970869468609,0.0,0.0,3.8659627623192123,4.379277,42.13186703843115,44.973553,1.09060451229167
11116,DoE2_R4_aug_02,4.938136535468867,0.0,0.0,4.061285893241432,3.9678059,42.61613209923236,43.19706,1.0995536710274365
11143,DoE2_R4_aug_02,5.154580831666365,0.0,0.0,4.263079168271139,4.327332,43.11712927654207,41.59156,1.1091218262508271
10500,DoE2_R4_aug_03,0.0,0.0,0.0,0.003906586117249819,0.0034732593,30.459232949679176,31.168167,0.9363983896773591
11239,DoE2_R4_aug_03,5.924160551479695,0.0,0.0,4.965679499459286,5.52446,44.88435419929764,43.529675,1.1452469697752883
11309,DoE2_R4_aug_03,6.485312430510248,0.0,0.0,5.455329266512258,5.693869,46.16102653724456,49.78977,1.1727540420412725
11331,DoE2_R4_aug_03,6.661674449634137,0.0,0.0,5.603912114463986,5.664873,46.56051852715906,43.189766,1.181881472868561
11420,DoE2_R4_aug_03,7.375138981544411,0.0,0.0,6.172704839392365,5.7840123,48.16966446200578,46.414318,1.2213302272169175
11461,DoE2_R4_aug_03,7.70381365354802,0.0,0.0,6.414415529297168,6.817117,48.90789263308527,46.682003,1.2406460042551894
11487,DoE2_R4_aug_03,7.9122414943307975,0.0,0.0,6.560084169531435,6.124585,49.37527164699898,50.66776,1.2531950288600273
11514,DoE2_R4_aug_03,8.128685790528296,0.0,0.0,6.704622366028369,5.626524,49.86011443892148,47.118526,1.265755397767338
10500,DoE2_R4_aug_04,0.0,0.0,0.0,0.003906586117249819,0.0042321924,30.459232949679176,29.562462,0.9363983896773591
11587,DoE2_R4_aug_04,8.713887035803015,0.0,0.0,7.057776669377889,6.688614,51.16916969930908,49.44946,1.3039666789051851
11657,DoE2_R4_aug_04,9.27503891483357,0.0,0.0,7.3387323421935875,6.899081,52.42341366289079,52.081013,1.3427987270039317
11679,DoE2_R4_aug_04,9.451400933957457,0.0,0.0,7.41417557316248,6.7567163,52.817689088156555,47.913452,1.3555643199179235
11768,DoE2_R4_aug_04,10.16486546586773,0.0,0.0,7.650234072027342,6.766224,54.41467523250485,54.633305,1.409437393555
11809,DoE2_R4_aug_04,10.49354013787134,0.0,0.0,7.718780421494703,8.916013,55.15212701930865,55.64731,1.4355107997271876
11835,DoE2_R4_aug_04,10.701967978654118,0.0,0.0,7.7481394173390985,8.607599,55.62059074678737,56.017284,1.452973095577529
11862,DoE2_R4_aug_04,10.918412274851617,0.0,0.0,7.7665565207493845,8.247893,56.107855474574706,52.545048,1.471708255947669
10500,DoE2_R4_aug_05,0.0,0.0,0.0,0.003906586117249819,0.0045487327,30.459232949679176,30.530117,0.9363983896773591
10838,DoE2_R4_aug_05,2.7095619301760987,0.0,0.0,1.998150390196278,2.2656803,37.32699611935252,37.035217,1.0141929692552734
10908,DoE2_R4_aug_05,3.2707138092066517,0.0,0.0,2.5029144087604407,2.5269508,38.68420714319364,38.437172,1.0339335850982436
10930,DoE2_R4_aug_05,3.44707582833054,0.0,0.0,2.6649473576529132,2.346932,39.10689987326601,36.277428,1.040392507108314
11019,DoE2_R4_aug_05,4.160540360240814,0.0,0.0,3.3306154846409517,3.5904021,40.79959766550535,40.42424,1.0675678166442149
11060,DoE2_R4_aug_05,4.489215032244424,0.0,0.0,3.639864498572255,3.9288995,41.57075581088772,39.884373,1.0806140513018734
11086,DoE2_R4_aug_05,4.697642873027201,0.0,0.0,3.8358500862276648,4.3611617,42.05720000908176,43.723007,1.0892513941787865
11113,DoE2_R4_aug_05,4.9140871692247,0.0,0.0,4.038791469581517,3.9567478,42.560348455506876,43.25484,1.0985076344022398
10500,DoE2_R4_aug_06,0.0,0.0,0.0,0.003906586117249819,0.0036905585,30.459232949679176,32.29954,0.9363983896773591
11280,DoE2_R4_aug_06,6.252835223483305,0.0,0.0,5.255375343742482,5.49497,45.63319880707262,47.68754,1.161156318461384
11350,DoE2_R4_aug_06,6.813987102513858,0.0,0.0,5.7298821112719205,6.3369856,46.90493658938409,47.44924,1.1899780402280562
11372,DoE2_R4_aug_06,6.990349121637746,0.0,0.0,5.872816214063922,6.297213,47.30309359962662,44.028557,1.1995851872538383
11461,DoE2_R4_aug_06,7.70381365354802,0.0,0.0,6.414415529297168,6.0053253,48.90789263308527,51.075993,1.2406460042551894
11502,DoE2_R4_aug_06,8.03248832555163,0.0,0.0,6.641256465431675,6.5050387,49.64468679901822,52.14743,1.2605271238960154
11528,DoE2_R4_aug_06,8.240916166334408,0.0,0.0,6.776729923620337,8.049181,50.11134224624947,51.975567,1.2729404984937718
11555,DoE2_R4_aug_06,8.457360462531906,0.0,0.0,6.910051913287996,8.379604,50.595586273048966,52.555912,1.2869767091736632
10500,DoE2_R4_aug_07,0.0,0.0,0.0,0.003906586117249819,0.004190856,30.459232949679176,30.943066,0.9363983896773591
11178,DoE2_R4_aug_07,5.435156771181642,0.0,0.0,4.522400192125147,5.323001,43.763864365667466,42.23087,1.121924065112256
11248,DoE2_R4_aug_07,5.996308650212195,0.0,0.0,5.0299111754738774,5.2262373,45.04901140529478,45.046585,1.1487906492852835
11270,DoE2_R4_aug_07,6.1726706693360835,0.0,0.0,5.185430975889092,5.0770307,45.45084568456548,44.159943,1.1572779501562362
11359,DoE2_R4_aug_07,6.886135201246358,0.0,0.0,5.788746381391741,5.972528,47.067899547221884,50.630436,1.193879006941936
11400,DoE2_R4_aug_07,7.214809873249967,0.0,0.0,6.049845890594091,6.2648735,47.80892487922689,48.803837,1.2121467006979525
11426,DoE2_R4_aug_07,7.423237714032744,0.0,0.0,6.208948916424764,6.2920127,48.277801264739054,49.504112,1.224117297296039
11453,DoE2_R4_aug_07,7.639682010230243,0.0,0.0,6.368373889710949,7.2146387,48.7639719342587,53.75397,1.236829180480903
10500,DoE2_R4_aug_08,0.0,0.0,0.0,0.003906586117249819,0.003915318,30.459232949679176,29.940939,0.9363983896773591
10514,DoE2_R4_aug_08,0.1122303758061106,0.0,0.0,0.0655498668726578,0.06899083,30.755586774031663,27.68782,0.9388930668831206
10584,DoE2_R4_aug_08,0.6733822548366636,0.0,0.0,0.4062711545538562,0.4548386,32.2206474768239,35.00581,0.9531948950016027
10606,DoE2_R4_aug_08,0.8497442739605517,0.0,0.0,0.5237771683809512,0.5290813,32.675529836445044,33.18435,0.9579632947476193
10695,DoE2_R4_aug_08,1.5632088058708262,0.0,0.0,1.0436233694571386,0.9481106,34.490122526130314,32.899105,0.9784621943681715
10736,DoE2_R4_aug_08,1.8918834778744358,0.0,0.0,1.3042070799826564,1.4649863,35.31294196418835,37.64901,0.9885002097855122
10762,DoE2_R4_aug_08,2.1003113186572127,0.0,0.0,1.4753817093407902,1.2747947,35.830678689715825,32.67343,0.9950409104818287
10789,DoE2_R4_aug_08,2.3167556148547117,0.0,0.0,1.6575277296175166,1.6125846,36.36511706467391,37.29134,1.001232396886994
10500,DoE2_R4_aug_09,0.0,0.0,0.0,0.003906586117249819,0.0034216032,30.459232949679176,29.262373,0.9363983896773591
11542,DoE2_R4_aug_09,8.353146542140518,0.0,0.0,6.84682218123922,6.6985974,50.36247117759949,48.475,1.2801872629828723
11612,DoE2_R4_aug_09,8.91429842117107,0.0,0.0,7.164995038195858,6.787883,51.617132385695044,49.814434,1.3175499942365538
11634,DoE2_R4_aug_09,9.09066044029496,0.0,0.0,7.25311139732502,7.6548033,52.011302002751464,51.794117,1.329757092247395
11723,DoE2_R4_aug_09,9.804124972205233,0.0,0.0,7.545203705380891,8.162624,53.6067036067804,53.150753,1.382040540974016
11764,DoE2_R4_aug_09,10.132799644208843,0.0,0.0,7.642134367320879,7.009371,54.34280147340723,54.87445,1.4070048302126812
11790,DoE2_R4_aug_09,10.34122748499162,0.0,0.0,7.690333444104428,7.7473044,54.8102026878574,56.05509,1.4231828196545258
11817,DoE2_R4_aug_09,10.55767178118912,0.0,0.0,7.729005505680268,7.270426,55.29619651484933,56.35285,1.440815554203728
10500,DoE2_R4_aug_10,0.0,0.0,0.0,0.003906586117249819,0.0039792187,30.459232949679176,32.221535,0.9363983896773591
11546,DoE2_R4_aug_10,8.385212363799406,0.0,0.0,6.866470151124945,6.650885,50.43420613788002,48.20978,1.2822699085895333
11616,DoE2_R4_aug_10,8.94636424282996,0.0,0.0,7.181457869610945,5.975233,51.68880039265944,51.69586,1.3197510562119732
11638,DoE2_R4_aug_10,9.122726261953847,0.0,0.0,7.268486403099977,8.35094,52.08297002877391,47.808792,1.33200396720554
11727,DoE2_R4_aug_10,9.836190793864121,0.0,0.0,7.555754384618004,7.512499,53.67847450972515,51.209145,1.3845147087354546
11768,DoE2_R4_aug_10,10.16486546586773,0.0,0.0,7.650234072027342,7.9862127,54.41467523250485,55.47713,1.409437393555
11794,DoE2_R4_aug_10,10.373293306650508,0.0,0.0,7.6968041813432855,7.7757688,54.88215979987487,56.379337,1.4257448578777918
11821,DoE2_R4_aug_10,10.589737602848007,0.0,0.0,7.733723266525171,7.5667815,55.36825507650208,52.6416,1.4434914891565755
10500,DoE2_R4_aug_11,0.0,0.0,0.0,0.003906586117249819,0.0037312915,30.459232949679176,30.660664,0.9363983896773591
10684,DoE2_R4_aug_11,1.4750277963088823,0.0,0.0,0.9758160711538026,0.9744987,34.267997154093564,31.884907,0.9758297318028151
10898,DoE2_R4_aug_11,3.19054925505943,0.0,0.0,2.4297308815039225,2.3478007,38.491480566544475,34.892033,1.031035088886566
11296,DoE2_R4_aug_11,6.38109851011886,0.0,0.0,5.366244600069891,5.3850393,45.92459264909048,44.139034,1.1674920734204517
11360,DoE2_R4_aug_11,6.89415165666108,0.0,0.0,5.7952538463184595,5.337818,47.08599955432811,45.584133,1.1943149784130713
11590,DoE2_R4_aug_11,8.737936402047183,0.0,0.0,7.07103052764678,6.7335763,51.222930136516354,52.83304,1.3055815058199958
11624,DoE2_R4_aug_11,9.010495886147737,0.0,0.0,7.213798062284758,6.2113748,51.83213450229911,49.85178,1.3241773875706897
11837,DoE2_R4_aug_11,10.718000889483562,0.0,0.0,7.749930420434317,8.037791,55.65665585206319,55.10446,1.4543415536763697
10500,DoE2_R4_aug_12,0.0,0.0,0.0,0.003906586117249819,0.0038367878,30.459232949679176,29.654448,0.9363983896773591
10702,DoE2_R4_aug_12,1.6193239937738815,0.0,0.0,1.0872525532217674,1.0584188,34.631169771548734,31.640816,0.9801510640078006
10871,DoE2_R4_aug_12,2.974104958861931,0.0,0.0,2.2338064109409594,2.523068,37.96921481091901,41.45226,1.023334726568551
11354,DoE2_R4_aug_12,6.846052924172747,0.0,0.0,5.756109599399608,5.692292,46.97737865112244,47.56931,1.1917067093097766
11506,DoE2_R4_aug_12,8.064554147210519,0.0,0.0,6.662535857659164,7.22519,49.716505804268806,47.24775,1.2624928272196039
11608,DoE2_R4_aug_12,8.882232599512182,0.0,0.0,7.1483388794611065,8.372305,51.54546329998281,50.611954,1.3153568201816073
11643,DoE2_R4_aug_12,9.16280853902746,0.0,0.0,7.287420591599859,7.156887,52.172556627058825,55.800938,1.3348249115356388
11682,DoE2_R4_aug_12,9.475450300201624,0.0,0.0,7.423961403504553,6.787334,52.87146322726343,49.692337,1.3573284011348312
10500,DoE2_R4_aug_13,0.0,0.0,0.0,0.003906586117249819,0.0040100995,30.459232949679176,32.88197,0.9363983896773591
10681,DoE2_R4_aug_13,1.4509784300647157,0.0,0.0,0.9574860179904666,0.9857337,34.20731498765478,35.125797,0.9751164052959682
10991,DoE2_R4_aug_13,3.936079608628593,0.0,0.0,3.119939814826931,3.1082976,40.26992928288326,40.14651,1.0588216999015447
11026,DoE2_R4_aug_13,4.21665554814387,0.0,0.0,3.3833799527177026,3.2449863,40.93162408540442,42.199165,1.0697441559401097
11223,DoE2_R4_aug_13,5.7958972648441405,0.0,0.0,4.85068256125421,3.9184585,44.59122622530019,43.12476,1.139010572607381
11682,DoE2_R4_aug_13,9.475450300201624,0.0,0.0,7.423961403504553,6.3300633,52.87146322726343,52.706287,1.3573284011348312
11911,DoE2_R4_aug_13,11.311218590173004,0.0,0.0,7.76720943846965,8.684662,56.99451819828183,59.688313,1.5068190032535669
11935,DoE2_R4_aug_13,11.503613520126336,0.0,0.0,7.751485865851258,7.8053265,57.43006771501567,59.230885,1.5243285242093416
10500,DoE2_R4_aug_14,0.0,0.0,0.0,0.003906586117249819,0.0035436999,30.459232949679176,30.736889,0.9363983896773591
10913,DoE2_R4_aug_14,3.310796086280263,0.0,0.0,2.5396203717281076,2.1705024,38.780430220222,39.58537,1.0353917858412698
11121,DoE2_R4_aug_14,4.978218812542478,0.0,0.0,4.098747321995868,4.3536677,42.70905194647994,47.85092,1.1013047429966598
11225,DoE2_R4_aug_14,5.811930175673584,0.0,0.0,4.8651113879257455,5.211185,44.62789606415523,47.886703,1.1397856193537121
11319,DoE2_R4_aug_14,6.5654769846574705,0.0,0.0,5.523215874848512,4.752023,46.34270911037963,47.05335,1.1768689358215119
11644,DoE2_R4_aug_14,9.17082499444218,0.0,0.0,7.291169272421285,7.6849585,52.190474207512864,50.865547,1.3353907683888375
11679,DoE2_R4_aug_14,9.451400933957457,0.0,0.0,7.41417557316248,8.018345,52.817689088156555,52.941444,1.3555643199179235
11742,DoE2_R4_aug_14,9.956437625084956,0.0,0.0,7.593235089154719,7.295785,53.94769377000115,50.543064,1.3938990000297422
10500,DoE2_R4_aug_15,0.0,0.0,0.0,0.003906586117249819,0.0036714587,30.459232949679176,31.18016,0.9363983896773591
10666,DoE2_R4_aug_15,1.3307315988438828,0.0,0.0,0.8669105986641057,0.9240419,33.90323831156007,33.47508,0.9715800130570863
11077,DoE2_R4_aug_15,4.625494774294701,0.0,0.0,3.768051479275813,3.4273891,41.88903464170904,42.052,1.0862303834688634
11197,DoE2_R4_aug_15,5.587469424061363,0.0,0.0,4.661807619659507,4.441314,44.11374191122823,44.861267,1.1290548639945315
11212,DoE2_R4_aug_15,5.707716255282197,0.0,0.0,4.771060954959039,4.3693285,44.389391462748826,43.400127,1.134771169018333
11644,DoE2_R4_aug_15,9.17082499444218,0.0,0.0,7.291169272421285,6.6245546,52.190474207512864,53.475975,1.3353907683888375
11777,DoE2_R4_aug_15,10.23701356460023,0.0,0.0,7.667553818712291,8.372978,54.576435235682936,50.551434,1.4149874126535238
11864,DoE2_R4_aug_15,10.934445185681062,0.0,0.0,7.767420098315858,6.4838505,56.14398366686985,56.974937,1.4731165954302243
12000,DoE3_R1_aug_01,0.0,0.0,0.0,-0.017129601501602497,0.0,22.93090229722444,25.486107,1.273409925376278
12142,DoE3_R1_aug_01,1.1067600622637315,0.0,0.0,0.4402100047626588,0.4490099,23.676644385789267,25.832987,1.274589499876463
12197,DoE3_R1_aug_01,1.5354347342672896,0.0,0.0,0.5646514297629014,0.5043714,23.849440608187813,23.147274,1.2751228126068161
12219,DoE3_R1_aug_01,1.7069046030687127,0.0,0.0,0.6069670549821413,0.6269495,23.902755567859554,24.27655,1.2753330151160087
12267,DoE3_R1_aug_01,2.081020680453636,0.0,0.0,0.6853742766842239,0.649059,23.990382366920784,21.527266,1.275790301307748
12276,DoE3_R1_aug_01,2.1511674449633094,0.0,0.0,0.6980356740565605,0.66080326,24.00268663169434,25.112463,1.2758455551563668
12335,DoE3_R1_aug_01,2.611018456748944,0.0,0.0,0.7660603363001559,0.72402066,24.05401714285037,26.03662,1.2763089730836166
12369,DoE3_R1_aug_01,2.8760173448965984,0.0,0.0,0.7941327976431647,0.7491885,24.06251508266302,23.024239,1.2766327248349256
12000,DoE3_R1_aug_02,0.0,0.0,0.0,-0.017129601501602497,0.0,22.93090229722444,22.115334,1.273409925376278
12687,DoE3_R1_aug_02,5.354536357571716,0.0,0.0,0.7592300297320566,0.73359865,23.685847237401745,23.39864,1.2797102798791002
12742,DoE3_R1_aug_02,5.783211029575273,0.0,0.0,0.7161861746274288,0.7914086,23.58976395787209,23.53966,1.2804681640536273
12764,DoE3_R1_aug_02,5.954680898376696,0.0,0.0,0.6973160533982834,0.65348125,23.552996566507268,23.428528,1.280544121804909
12812,DoE3_R1_aug_02,6.32879697576162,0.0,0.0,0.6537478261754168,0.702544,23.478730202450066,21.121023,1.2808375908982197
12821,DoE3_R1_aug_02,6.398943740271293,0.0,0.0,0.645297794731172,0.6168614,23.465969834271096,23.465197,1.2809091651618854
12880,DoE3_R1_aug_02,6.858794752056928,0.0,0.0,0.5886816069387109,0.6302457,23.394361678625778,23.220226,1.2814740156572118
12914,DoE3_R1_aug_02,7.123793640204582,0.0,0.0,0.5557689630221501,0.50387126,23.364621871560267,22.721075,1.281851490222902
12000,DoE3_R1_aug_03,0.0,0.0,0.0,-0.017129601501602497,0.0,22.93090229722444,21.349562,1.273409925376278
12648,DoE3_R1_aug_03,5.050567044696465,0.0,0.0,0.7852838633826177,0.826398,23.754902004809615,23.720175,1.2793184686976975
12703,DoE3_R1_aug_03,5.479241716700023,0.0,0.0,0.7473967479323812,0.81628084,23.65752216485173,22.45576,1.2798620445444442
12725,DoE3_R1_aug_03,5.650711585501447,0.0,0.0,0.7301736780546271,0.66025174,23.6189860419034,22.915306,1.2800566408548772
12773,DoE3_R1_aug_03,6.02482766288637,0.0,0.0,0.6893745985530807,0.7153079,23.538381075226575,22.88033,1.2805866014519467
12782,DoE3_R1_aug_03,6.094974427396043,0.0,0.0,0.6813179112122403,0.7432513,23.524053644615776,23.637383,1.2806352242427155
12841,DoE3_R1_aug_03,6.554825439181678,0.0,0.0,0.6262959171609961,0.6103995,23.439211821106646,22.723068,1.2810836875180835
12875,DoE3_R1_aug_03,6.819824327329332,0.0,0.0,0.5935261241254556,0.5229328,23.399512397119086,23.937437,1.2814209451817622
12000,DoE3_R1_aug_04,0.0,0.0,0.0,-0.017129601501602497,0.0,22.93090229722444,22.848076,1.273409925376278
12626,DoE3_R1_aug_04,4.879097175895042,0.0,0.0,0.7980187866639747,0.82582474,23.793211970632658,23.328402,1.2790926652090193
12681,DoE3_R1_aug_04,5.3077718478986,0.0,0.0,0.7635049660212019,0.71219826,23.696497377761855,23.90571,1.2796516457648524
12703,DoE3_R1_aug_04,5.479241716700023,0.0,0.0,0.7473967479323812,0.5864121,23.65752216485173,24.451323,1.2798620445444442
12751,DoE3_R1_aug_04,5.853357794084946,0.0,0.0,0.7085650155391482,0.72212726,23.574560462132716,23.879646,1.2804942511705808
12760,DoE3_R1_aug_04,5.92350455859462,0.0,0.0,0.7008062015740508,0.7711207,23.55957758870133,22.446478,1.2805272968741366
12819,DoE3_R1_aug_04,6.383355570380255,0.0,0.0,0.6471816330274438,0.6061479,23.468768833195934,22.784231,1.280892864037226
12853,DoE3_R1_aug_04,6.648354458527908,0.0,0.0,0.6147794843831608,0.5860447,23.424314541311936,24.749977,1.281197499300573
12000,DoE3_R1_aug_05,0.0,0.0,0.0,-0.017129601501602497,0.0,22.93090229722444,23.116293,1.273409925376278
12127,DoE3_R1_aug_05,0.989848788080943,0.0,0.0,0.4014443001995825,0.39928922,23.6191132757148,23.982641,1.2744459339921317
12182,DoE3_R1_aug_05,1.418523460084501,0.0,0.0,0.5334020167758033,0.55160385,23.808051861253002,23.755478,1.2749775921221742
12204,DoE3_R1_aug_05,1.5899933288859243,0.0,0.0,0.5785642953522177,0.50007653,23.867342955637454,24.376537,1.2751901461074513
12252,DoE3_R1_aug_05,1.9641094062708475,0.0,0.0,0.6628653129280337,0.7393755,23.96705492026725,23.829206,1.275709428592744
12261,DoE3_R1_aug_05,2.034256170780521,0.0,0.0,0.6765833850673331,0.72269195,23.981479548030816,24.72575,1.2757562117515253
12320,DoE3_R1_aug_05,2.4941071825661556,0.0,0.0,0.7511565238417882,0.7964628,24.045571484630052,23.601992,1.2761770082818125
12354,DoE3_R1_aug_05,2.7591060707138095,0.0,0.0,0.7827042846639806,0.6730943,24.060525991053844,23.512983,1.2764863723409738
12000,DoE3_R1_aug_06,0.0,0.0,0.0,-0.017129601501602497,0.0,22.93090229722444,23.574589,1.273409925376278
13022,DoE3_R1_aug_06,7.96555481432066,0.0,0.0,0.45629845481363784,0.439614,23.345498689023565,23.016739,1.283037269648766
13077,DoE3_R1_aug_06,8.394229486324218,0.0,0.0,0.4123129255078999,0.38701415,23.390943771277186,21.988897,1.2833999959664601
13099,DoE3_R1_aug_06,8.565699355125641,0.0,0.0,0.39663641436683017,0.43047065,23.421525826756174,24.120785,1.2836149419871756
13147,DoE3_R1_aug_06,8.939815432510564,0.0,0.0,0.36711761034806983,0.31605005,23.51550242532779,24.131775,1.2841546358009015
13156,DoE3_R1_aug_06,9.009962197020238,0.0,0.0,0.36238304618036266,0.35443515,23.537539470016547,23.958076,1.2842600802650617
13215,DoE3_R1_aug_06,9.469813208805872,0.0,0.0,0.33857951444867596,0.301287,23.719479367513415,24.707712,1.2849094126866993
13249,DoE3_R1_aug_06,9.734812096953526,0.0,0.0,0.33124009999134246,0.3438562,23.85589560997505,24.811214,1.2851984778641894
12000,DoE3_R1_aug_07,0.0,0.0,0.0,-0.017129601501602497,0.0,22.93090229722444,24.120651,1.273409925376278
12632,DoE3_R1_aug_07,4.925861685568157,0.0,0.0,0.7946970582102609,0.80814517,23.782843169980588,25.108355,1.279154134763097
12687,DoE3_R1_aug_07,5.354536357571716,0.0,0.0,0.7592300297320566,0.8420245,23.685847237401745,23.23759,1.2797102798791002
12709,DoE3_R1_aug_07,5.526006226373139,0.0,0.0,0.7428044738183502,0.76024723,23.646951812825666,23.504276,1.2799169152321626
12757,DoE3_R1_aug_07,5.900122303758062,0.0,0.0,0.7034072016603159,0.67612785,23.56454566326641,23.168568,1.2805155324336028
12766,DoE3_R1_aug_07,5.9702690682677355,0.0,0.0,0.6955617137730636,0.6944127,23.549725198274114,22.925138,1.280553014578112
12825,DoE3_R1_aug_07,6.43012008005337,0.0,0.0,0.6415203949577973,0.60775495,23.46043661308819,23.993345,1.2809424231631605
12859,DoE3_R1_aug_07,6.695118968201024,0.0,0.0,0.6089974446859975,0.6434748,23.41721734162565,22.835192,1.2812566662126692
12000,DoE3_R1_aug_08,0.0,0.0,0.0,-0.017129601501602497,0.0,22.93090229722444,23.497356,1.273409925376278
12677,DoE3_R1_aug_08,5.2765955081165234,0.0,0.0,0.7663034866705497,0.8537746,23.70359946869049,22.477312,1.2796121241033003
12732,DoE3_R1_aug_08,5.705270180120081,0.0,0.0,0.7244815254266834,0.7514155,23.60688193028518,23.305357,1.2801143512013073
12754,DoE3_R1_aug_08,5.876740048921504,0.0,0.0,0.7059935862263644,0.6833364,23.56954029500799,23.973846,1.2805045132794084
12802,DoE3_R1_aug_08,6.250856126306427,0.0,0.0,0.6630478212505672,0.64781183,23.493385252605584,24.496185,1.280763669051808
12811,DoE3_R1_aug_08,6.321002890816101,0.0,0.0,0.6546822268380728,0.64746845,23.48017368686749,23.347212,1.2808299266754226
12870,DoE3_R1_aug_08,6.780853902601736,0.0,0.0,0.5983671616261197,0.5872629,23.404848525932977,22.740412,1.281368660163502
12904,DoE3_R1_aug_08,7.0458527907493895,0.0,0.0,0.5654291134025371,0.48166636,23.372368399039665,23.329975,1.2817379698143676
12000,DoE3_R1_aug_09,0.0,0.0,0.0,-0.017129601501602497,0.0,22.93090229722444,21.67266,1.273409925376278
12083,DoE3_R1_aug_09,0.6469090504780967,0.0,0.0,0.27517642302474093,0.26987505,23.422763929106587,26.150192,1.2740411614456975
12138,DoE3_R1_aug_09,1.0755837224816547,0.0,0.0,0.43008020756857696,0.5200108,23.66175514385885,24.69309,1.2745510341142257
12160,DoE3_R1_aug_09,1.2470535912830778,0.0,0.0,0.4839519810639329,0.52612555,23.739656912335672,24.70795,1.2747637129757772
12208,DoE3_R1_aug_09,1.6211696686680013,0.0,0.0,0.586325419418722,0.58111185,23.8771765409159,22.466906,1.2752284525837971
12217,DoE3_R1_aug_09,1.6913164331776742,0.0,0.0,0.6032900620399475,0.6439734,23.898262996044835,23.195993,1.275314098117573
12276,DoE3_R1_aug_09,2.1511674449633094,0.0,0.0,0.6980356740565605,0.6945166,24.00268663169434,25.328548,1.2758455551563668
12310,DoE3_R1_aug_09,2.4161663331109633,0.0,0.0,0.7403329466429291,0.7878625,24.0382505403499,25.514793,1.2760937825866325
12000,DoE3_R1_aug_10,0.0,0.0,0.0,-0.017129601501602497,0.0,22.93090229722444,21.884657,1.273409925376278
13231,DoE3_R1_aug_10,9.59451856793418,0.0,0.0,0.33449946758909865,0.3505053,23.78066360483247,25.44803,1.285056685497295
13286,DoE3_R1_aug_10,10.023193239937738,0.0,0.0,0.3292680363056776,0.32117566,24.03273067102686,23.410412,1.2856313988039645
13308,DoE3_R1_aug_10,10.194663108739162,0.0,0.0,0.3313205926470295,0.29826963,24.15266081365015,24.916855,1.2857855043949995
13356,DoE3_R1_aug_10,10.568779186124084,0.0,0.0,0.3449014299588306,0.36729568,24.45486654827474,24.586828,1.2861688841530492
13365,DoE3_R1_aug_10,10.638925950633757,0.0,0.0,0.3489225885077246,0.3739049,24.51797532669384,24.391434,1.286247841224221
13424,DoE3_R1_aug_10,11.098776962419393,0.0,0.0,0.38779303308016766,0.3793237,24.98502958806096,25.926058,1.286819327842097
13458,DoE3_R1_aug_10,11.363775850567047,0.0,0.0,0.4207285160980634,0.4180446,25.298253843959127,26.78984,1.2871901257583056
12000,DoE3_R1_aug_11,0.0,0.0,0.0,-0.017129601501602497,0.0,22.93090229722444,22.003485,1.273409925376278
12297,DoE3_R1_aug_11,2.314843228819213,0.0,0.0,0.7251767769714241,0.7726897,24.026639803950225,24.899307,1.2759920835742273
12342,DoE3_R1_aug_11,2.665577051367579,0.0,0.0,0.7724789588045737,0.85265034,24.056948181354183,22.904575,1.2763731308209003
12347,DoE3_R1_aug_11,2.704547476095175,0.0,0.0,0.7768580644267223,0.781311,24.058658387050677,23.20424,1.2764198448661592
12459,DoE3_R1_aug_11,3.5774849899933296,0.0,0.0,0.8334491855202149,0.96196324,24.023482726655022,26.078842,1.277543799246423
12870,DoE3_R1_aug_11,6.780853902601736,0.0,0.0,0.5983671616261197,0.57456344,23.404848525932977,22.258083,1.281368660163502
13304,DoE3_R1_aug_11,10.163486768957084,0.0,0.0,0.330760197923896,0.28757602,24.1300102343338,23.349787,1.285756463274196
13350,DoE3_R1_aug_11,10.522014676450969,0.0,0.0,0.3424873130399778,0.3562406,24.413948608573257,25.54665,1.2861174753571378
12000,DoE3_R1_aug_12,0.0,0.0,0.0,-0.017129601501602497,0.0,22.93090229722444,22.72696,1.273409925376278
12302,DoE3_R1_aug_12,2.3538136535468093,0.0,0.0,0.7311528028985659,0.71935505,24.031390081171708,23.092892,1.2760302782838222
12444,DoE3_R1_aug_12,3.460573715810541,0.0,0.0,0.8301668222425176,0.7545973,24.03541698724112,23.966263,1.2773952691821286
12459,DoE3_R1_aug_12,3.5774849899933296,0.0,0.0,0.8334491855202149,0.8098921,24.023482726655022,23.477581,1.277543799246423
12699,DoE3_R1_aug_12,5.448065376917946,0.0,0.0,0.7504123635220672,0.7868284,23.66458771500505,24.189596,1.2798248041931677
12780,DoE3_R1_aug_12,6.079386257505004,0.0,0.0,0.6831177747863537,0.6737307,23.527211211102795,21.96587,1.2806239045485315
13060,DoE3_R1_aug_12,8.26173004225039,0.0,0.0,0.42522998022272357,0.41471365,23.372325793793724,21.626926,1.2832571722798867
13123,DoE3_R1_aug_12,8.752757393818102,0.0,0.0,0.3810183911843662,0.33692676,23.46367521510838,22.134844,1.2838769448112142
12000,DoE3_R1_aug_13,0.0,0.0,0.0,-0.017129601501602497,0.0,22.93090229722444,21.93672,1.273409925376278
12323,DoE3_R1_aug_13,2.5174894374027135,0.0,0.0,0.7542641340030659,0.8105577,24.04750109721381,25.651356,1.2762027505834896
12534,DoE3_R1_aug_13,4.162041360907272,0.0,0.0,0.8325744584039307,0.6973688,23.93826304558016,22.201258,1.278249391624837
12745,DoE3_R1_aug_13,5.806593284411831,0.0,0.0,0.7136616494727284,0.7854335,23.584673315358128,23.406384,1.2804760451251382
12861,DoE3_R1_aug_13,6.710707138092062,0.0,0.0,0.6070672398189031,0.6486517,23.41490569197061,22.302101,1.281276700255045
12887,DoE3_R1_aug_13,6.913353346675563,0.0,0.0,0.5818964316885586,0.59815854,23.387471168992988,22.797405,1.2815495302372668
13088,DoE3_R1_aug_13,8.47996442072493,0.0,0.0,0.40432094374341665,0.41885802,23.40529842677567,22.44698,1.2835037691455766
13122,DoE3_R1_aug_13,8.744963308872583,0.0,0.0,0.3816360627724584,0.41207796,23.46172939692754,23.441425,1.283865621938027
12000,DoE3_R1_aug_14,0.0,0.0,0.0,-0.017129601501602497,0.0,22.93090229722444,23.727417,1.273409925376278
12322,DoE3_R1_aug_14,2.5096953524571943,0.0,0.0,0.7532353655671198,0.8415563,24.046871417062967,24.309547,1.2761941318095493
12571,DoE3_R1_aug_14,4.450422503891484,0.0,0.0,0.8226339569502638,0.871914,23.883856015806806,22.34845,1.2785554265399972
12643,DoE3_R1_aug_14,5.011596619968869,0.0,0.0,0.7883102841307562,0.7133871,23.76367319499087,23.321999,1.2792671301028162
12661,DoE3_R1_aug_14,5.151890148988215,0.0,0.0,0.7770686262356734,0.718549,23.731971333958157,22.623957,1.2794512968539216
12854,DoE3_R1_aug_14,6.656148543473428,0.0,0.0,0.6138167777185949,0.65966797,23.42311499433859,24.70363,1.2812072604938263
12883,DoE3_R1_aug_14,6.882177006893485,0.0,0.0,0.5857738806780307,0.60802835,23.391362212382,23.58234,1.2815062123149157
13137,DoE3_R1_aug_14,8.861874583055371,0.0,0.0,0.3726897530514255,0.31200343,23.492698075028365,24.573923,1.2840378839258195
12000,DoE3_R1_aug_15,0.0,0.0,0.0,-0.017129601501602497,0.0,22.93090229722444,22.052963,1.273409925376278
12496,DoE3_R1_aug_15,3.8658661329775414,0.0,0.0,0.8364650520033907,0.74964404,23.986301505693977,23.15153,1.2780133998846541
12810,DoE3_R1_aug_15,6.313208805870581,0.0,0.0,0.655615683020134,0.71433806,23.48162216566903,24.7564,1.2808223217441637
12858,DoE3_R1_aug_15,6.687324883255505,0.0,0.0,0.609962042644801,0.63997805,23.418383401733745,22.007568,1.2812467065536224
13031,DoE3_R1_aug_15,8.035701578830333,0.0,0.0,0.4486911901734648,0.413652,23.35008127847422,23.239866,1.2830750058142872
13108,DoE3_R1_aug_15,8.635846119635314,0.0,0.0,0.3905894576600299,0.3801662,23.436230935922456,24.930895,1.283710504220658
13115,DoE3_R1_aug_15,8.69040471425395,0.0,0.0,0.38604218400033713,0.3994308,23.448575940423083,22.79779,1.2837872058476891
13243,DoE3_R1_aug_15,9.68804758728041,0.0,0.0,0.3321657768777153,0.33028713,23.830052648905195,22.854439,1.2851543498878324
13500,DoE3_R2_aug_01,0.0,0.08875331077422337,0.08975158,-0.19934199002382771,0.0,24.190730503278683,24.73934,1.2685863819597873
13794,DoE3_R2_aug_01,2.3830431398710243,1.8805030735838515,1.9133214,1.8764855838002297,2.158061,31.971104571163647,31.876682,1.4194373652358694
13806,DoE3_R2_aug_01,2.4803102068045355,2.2314794473079953,2.341481,1.9505729390012911,1.6739917,32.35898616640569,32.171852,1.4276642217340345
13826,DoE3_R2_aug_01,2.6424219850270543,2.8698246788960216,3.0213523,2.0718819336820715,2.3958464,33.012814125266374,33.732346,1.4416949983648797
13846,DoE3_R2_aug_01,2.804533763249573,3.5758893664812046,3.6985333,2.190415626152516,2.3205585,33.674864028554715,35.844994,1.4561514147507926
13885,DoE3_R2_aug_01,3.1206517307834845,5.151813881221811,4.763513,2.413299058680261,1.9580963,34.985243374624325,36.086216,1.4856812658678626
13960,DoE3_R2_aug_01,3.7285708991179294,8.949472376520033,9.630928,2.809506874378648,3.131816,37.55033349774236,38.04968,1.5481765307812954
13962,DoE3_R2_aug_01,3.7447820769401816,9.064983429097444,9.928459,2.819461576017041,2.787539,37.61912949991777,37.916058,1.5499572252166283
13500,DoE3_R2_aug_02,0.0,0.08875331077422337,0.08213607,-0.19934199002382771,0.0,24.190730503278683,24.042892,1.2685863819597873
13920,DoE3_R2_aug_02,3.4043473426728923,6.795996000596125,6.4147406,2.603660240250359,2.5597873,36.17732723084226,37.40486,1.5138453496242943
13932,DoE3_R2_aug_02,3.5016144096064035,7.410929546677523,7.3613186,2.666749512298538,2.5736525,36.588409779106826,36.861217,1.5238945723086732
13952,DoE3_R2_aug_02,3.6637261878289222,8.494953041158627,8.570308,2.7693626452936564,3.6229067,37.27522815739128,38.38824,1.5411164622495568
13972,DoE3_R2_aug_02,3.8258379660514406,9.65388304450896,9.384052,2.8687433222065337,2.7925968,37.963171185586205,38.721527,1.5589562873617773
14011,DoE3_R2_aug_02,4.141955933585352,12.1335666858149,12.391309,3.0529634855729517,2.9932947,39.30362853186857,40.35675,1.5956368751861922
14086,DoE3_R2_aug_02,4.749875101919797,17.649074788111335,16.709326,3.3699330285704856,3.4678836,41.850708627935546,44.699623,1.6703362993538895
14088,DoE3_R2_aug_02,4.766086279742049,17.805668970472414,18.37484,3.3776867074831802,3.3189368,41.917658133528356,37.12628,1.6725497621590384
13500,DoE3_R2_aug_03,0.0,0.08875331077422337,0.091376804,-0.19934199002382771,0.0,24.190730503278683,24.403572,1.2685863819597873
14562,DoE3_R2_aug_03,8.608135423615742,52.31246096227338,55.09798,4.003501947598741,4.1482725,53.441950110941505,57.337147,2.5116061716079945
14574,DoE3_R2_aug_03,8.705402490549252,53.60765543207642,54.62173,3.983719741264799,3.2736816,53.55465612871724,54.148235,2.542489087883528
14594,DoE3_R2_aug_03,8.867514268771771,55.88521253124095,57.214836,3.9463502973642317,4.6521134,53.71525036520258,55.06602,2.5947035468012363
14614,DoE3_R2_aug_03,9.02962604699429,58.31135788587159,53.973774,3.9034190895579015,4.5155253,53.840806846201275,50.18564,2.64586369503414
14653,DoE3_R2_aug_03,9.345744014528202,63.469559649564076,66.39763,3.8034314060944645,3.6169922,53.98059830692742,55.14951,2.753186151313983
14728,DoE3_R2_aug_03,9.953663182862647,74.975625997533,73.48072,3.5489529201322467,3.6044328,53.83221983847368,55.582966,2.989094441211466
14730,DoE3_R2_aug_03,9.969874360684898,75.3110134539047,71.883835,3.54101959318332,3.2745624,53.82032918597365,53.738327,2.9961119906184552
13500,DoE3_R2_aug_04,0.0,0.08875331077422337,0.082275815,-0.19934199002382771,0.0,24.190730503278683,24.554441,1.2685863819597873
13838,DoE3_R2_aug_04,2.7396890519605654,3.2852641453967086,3.3147595,2.143339829532404,2.5076408,33.40912953340792,35.72691,1.450315817948575
13850,DoE3_R2_aug_04,2.8369561188940766,3.725329029297701,3.6690295,2.2137829427399804,1.933649,33.80816150573142,32.184063,1.4590964608297947
13870,DoE3_R2_aug_04,2.9990678971165954,4.51416292277648,4.7848744,2.328890487937242,2.3578663,34.4785906901484,39.299473,1.4741039353899585
13890,DoE3_R2_aug_04,3.161179675339114,5.373226036747424,5.350785,2.441063089889535,2.2756817,35.15476339868549,35.31375,1.4896042004854748
13929,DoE3_R2_aug_04,3.4772976428730256,7.254716193069033,7.859361,2.6510832283810193,2.3722394,36.48555365858041,36.326084,1.5213626990180653
14004,DoE3_R2_aug_04,4.085216811207471,11.666824030217278,12.588704,3.0208477766058737,3.4116488,39.06340742201748,40.069046,1.5888614983102516
14006,DoE3_R2_aug_04,4.101427989029722,11.79920352824264,12.158755,3.0300665935458038,2.5758157,39.13206669202549,40.375893,1.5907885468542224
13500,DoE3_R2_aug_05,0.0,0.08875331077422337,0.09515177,-0.19934199002382771,0.0,24.190730503278683,23.305208,1.2685863819597873
13828,DoE3_R2_aug_05,2.658633162849306,2.937364948900955,3.0037713,2.083861388836341,2.2270215,33.07866771624827,31.047312,1.443120982583641
13840,DoE3_R2_aug_05,2.7559002297828177,3.3568915396043804,3.42102,2.155151242707814,2.441372,33.47545278340709,34.049553,1.4517679815373605
13860,DoE3_R2_aug_05,2.918012008005336,4.111038623603268,4.174013,2.2716990479875667,2.3231428,34.14258774775707,32.611202,1.4665405069855793
13880,DoE3_R2_aug_05,3.0801237862278548,4.934844527072732,5.00027,2.3853481920756763,2.1294653,34.81602951356978,34.568737,1.4817905614281761
13919,DoE3_R2_aug_05,3.396241753761766,6.7459425069780945,7.546703,2.5983519439878795,2.8242347,36.143114561608904,36.850407,1.513017253180348
13994,DoE3_R2_aug_05,4.0041609220962116,11.016584613176828,11.407858,2.9742419747744213,2.6847494,38.719862944230385,36.337418,1.5793302394064181
13996,DoE3_R2_aug_05,4.020372099918463,11.145081889513545,11.178636,2.9836311222112624,3.0745146,38.788601168305114,41.32848,1.5812227284219886
13500,DoE3_R2_aug_06,0.0,0.08875331077422337,0.0893486,-0.19934199002382771,0.0,24.190730503278683,24.985157,1.2685863819597873
14524,DoE3_R2_aug_06,8.300123044992956,48.56411121807831,48.479485,4.053286835878412,4.0447583,53.00727337237183,56.82735,2.418234100091841
14536,DoE3_R2_aug_06,8.397390111926468,49.68980762367039,52.963993,4.0396589134634775,3.3300276,53.15703281863463,51.921825,2.4467958367005984
14556,DoE3_R2_aug_06,8.559501890148987,51.684931624989744,48.308846,4.012656906870031,3.30494,53.38109513238672,52.85579,2.4963585321063073
14576,DoE3_R2_aug_06,8.721613668371505,53.82872347657491,53.67357,3.9802310081734613,4.045828,53.57226014455415,53.13467,2.547677149866807
14615,DoE3_R2_aug_06,9.037731635905416,58.43656484387137,58.336063,3.9011252312463967,3.9206736,53.846144721595024,53.515152,2.6472345578445697
14690,DoE3_R2_aug_06,9.64565080423986,68.88509648357758,66.96324,3.6882777627448182,4.133025,53.97851373174729,50.36642,2.8616350823916115
14692,DoE3_R2_aug_06,9.661861982062113,69.19229833639461,72.511055,3.681481136583516,3.4261312,53.974521716052905,61.6758,2.868008028404794
13500,DoE3_R2_aug_07,0.0,0.08875331077422337,0.0850059,-0.19934199002382771,0.0,24.190730503278683,24.768438,1.2685863819597873
14617,DoE3_R2_aug_07,9.053942813727668,58.68809283665091,61.874943,3.896495220881238,4.1107607,53.85654867677887,53.540016,2.652638360860178
14629,DoE3_R2_aug_07,9.15120988066118,60.228452743838055,58.528065,3.8675271242945906,4.4921746,53.91130298685931,51.102352,2.6854317423442913
14649,DoE3_R2_aug_07,9.313321658883698,62.91452674290976,64.37879,3.814688222271548,3.0528572,53.97283262354493,57.858013,2.7416726214721594
14669,DoE3_R2_aug_07,9.475433437106217,65.74907379444797,64.384315,3.7560880050494507,4.156087,53.99622647935938,56.041313,2.8002268859876596
14708,DoE3_R2_aug_07,9.791551404640128,71.70332751448264,69.75855,3.624971793817934,3.381513,53.92789012546415,55.037575,2.9204537730564715
14783,DoE3_R2_aug_07,10.399470572974574,84.7390317772055,75.76892,3.3084980500084997,2.9982991,53.34615571336484,59.189873,3.1877229080074976
14785,DoE3_R2_aug_07,10.415681750796825,85.11518740139323,83.26765,3.2988731025596882,3.3030417,53.32211253248108,57.00982,3.1954809622349725
13500,DoE3_R2_aug_08,0.0,0.08875331077422337,0.082738884,-0.19934199002382771,0.0,24.190730503278683,25.141594,1.2685863819597873
14636,DoE3_R2_aug_08,9.207949003039062,61.15168721292686,63.431187,3.8496843183984955,4.5269775,53.93710582469588,57.940453,2.7048768565185775
14648,DoE3_R2_aug_08,9.305216069972571,62.776696459732825,63.085888,3.8174663954195407,3.8660278,53.97065250202051,53.100925,2.7388088173210616
14668,DoE3_R2_aug_08,9.46732784819509,65.6038208535827,65.66079,3.7591559673549293,3.116002,53.9959799025523,51.905388,2.79723831911503
14688,DoE3_R2_aug_08,9.629439626417609,68.57937850249928,68.6307,3.6950152881899436,3.7148848,53.982101295261934,54.039986,2.855306097153981
14727,DoE3_R2_aug_08,9.94555759395152,74.80848842015037,74.91958,3.552896899283627,3.9355834,53.83800539804447,57.578674,2.9855949396592334
14802,DoE3_R2_aug_08,10.553476762285966,88.37233695896307,87.53699,3.2145283690388453,3.0886025,53.09914150594045,51.757042,3.2618261903116172
14804,DoE3_R2_aug_08,10.569687940108217,88.76256876951372,83.65714,3.2043062904574207,3.1249847,53.07070218690184,51.653717,3.2696678841628866
13500,DoE3_R2_aug_09,0.0,0.08875331077422337,0.09069429,-0.19934199002382771,0.0,24.190730503278683,23.596392,1.2685863819597873
14094,DoE3_R2_aug_09,4.8147198132088045,18.277329456123045,18.262539,3.4007239004443877,2.9638565,42.11810998877107,41.960754,1.6792417814543843
14106,DoE3_R2_aug_09,4.911986880142316,19.227921367327234,17.592876,3.445784458601267,3.6654255,42.51712733242418,41.049225,1.6928590190584014
14126,DoE3_R2_aug_09,5.074098658364835,20.827142999978786,19.69605,3.5178446889285886,3.5885315,43.175996215746714,45.48054,1.716250216888823
14146,DoE3_R2_aug_09,5.236210436587354,22.433630978841528,23.669422,3.5860411554457983,3.6865637,43.82618872321788,39.435024,1.7405194489982627
14185,DoE3_R2_aug_09,5.552328404121265,25.537538872360386,24.29603,3.7076363096883793,4.267674,45.06484235374141,46.70538,1.7904060874557757
14260,DoE3_R2_aug_09,6.1602475724557095,31.086899043835526,36.24337,3.8974260414907675,4.0800767,47.31139761051942,44.21999,1.8960884884218234
14262,DoE3_R2_aug_09,6.176458750277962,31.22244396671561,29.07766,3.901666732033976,4.111744,47.3684464229387,46.351982,1.8990857942974078
13500,DoE3_R2_aug_10,0.0,0.08875331077422337,0.087869115,-0.19934199002382771,0.0,24.190730503278683,23.134983,1.2685863819597873
14591,DoE3_R2_aug_10,8.843197502038393,55.534105441344565,53.969982,3.9523085031129526,3.907669,53.69336735646195,51.961018,2.5868368432076414
14603,DoE3_R2_aug_10,8.940464568971905,56.95859264987606,55.30982,3.92772386237535,3.1753979,53.77615408594558,47.816166,2.618324552690832
14623,DoE3_R2_aug_10,9.102576347194423,59.45158905220149,58.44695,3.882266186771633,4.172839,53.8855760385092,60.66436,2.668953347868246
14643,DoE3_R2_aug_10,9.264688125416942,62.09311296659325,60.55361,3.8311415293075086,3.6183078,53.95832673129253,50.969627,2.7245748734080064
14682,DoE3_R2_aug_10,9.580806092950853,67.6711282086163,70.30238,3.7148739858693247,3.6367114,53.99044853827415,53.970787,2.8397090773469804
14757,DoE3_R2_aug_10,10.188725261285299,79.98387897367425,75.42358,3.4279635599884752,3.4210672,53.617554966250296,51.975384,3.0927781474586062
14759,DoE3_R2_aug_10,10.20493643910755,80.34076632139721,83.323395,3.419145126852116,3.2760441,53.5993627947452,50.826035,3.100043923431304
13500,DoE3_R2_aug_11,0.0,0.08875331077422337,0.092154555,-0.19934199002382771,0.0,24.190730503278683,24.16908,1.2685863819597873
13637,DoE3_R2_aug_11,1.110465680824253,-0.6174125136632451,0.0,0.8247964815168042,0.7791165,27.31908853501456,27.95227,1.3279718908139273
13668,DoE3_R2_aug_11,1.3617389370691568,-0.4196501378516617,0.0,1.0437672936507139,1.1622617,28.16275161455275,29.676317,1.3444739465862312
13700,DoE3_R2_aug_11,1.6211177822251868,-0.06751847483937146,0.0,1.2642494773422872,1.359246,29.076729067475842,31.657688,1.362450218970718
14016,DoE3_R2_aug_11,4.182483878140982,12.47282183556819,11.318978,3.075644970087795,3.5379186,39.475052953810945,42.23489,1.6005294521596056
14198,DoE3_R2_aug_11,5.657701059965902,26.55043814110997,26.214357,3.7447488337298904,3.9031901,45.46799964723706,43.744186,1.807797227863314
14553,DoE3_R2_aug_11,8.535185123415609,51.37618442560165,47.85216,4.017051207695266,3.9999583,53.34955545811981,48.96273,2.488792623769881
14795,DoE3_R2_aug_11,10.496737639908083,87.01819291252205,87.47105,3.249808701364856,3.254345,53.19500464405894,51.016003,3.234431963887924
13500,DoE3_R2_aug_12,0.0,0.08875331077422337,0.08553426,-0.19934199002382771,0.0,24.190730503278683,23.64205,1.2685863819597873
13729,DoE3_R2_aug_12,1.8561798606478388,0.3853269912499707,0.38437763,1.4589434736684659,1.3469085,29.939020356006633,28.605272,1.3794816604379188
13854,DoE3_R2_aug_12,2.8693784745385806,3.8775322288521563,3.9475946,2.237035764161911,1.7614933,33.94173378606032,31.57071,1.4620599976069328
14445,DoE3_R2_aug_12,7.659781521014008,42.373567005920556,45.360573,4.096035023200942,4.2042346,51.75323582198667,53.327805,2.2390485619430134
14808,DoE3_R2_aug_12,10.602110295752722,89.54747680040708,86.987305,3.1836723501196964,3.6164262,53.01241642487946,55.5352,3.2853667086481257
14810,DoE3_R2_aug_12,10.618321473574973,89.94215293696577,96.00604,3.1732603432351834,2.9433906,52.98256772878632,50.623188,3.2932225287471626
14911,DoE3_R2_aug_12,11.436985953598693,111.79872018418914,111.90952,2.5633823196794214,2.2126865,50.837200891340785,52.575012,3.6829705416042855
14932,DoE3_R2_aug_12,11.607203320732337,116.81706130313097,118.01778,2.415390970935104,1.968049,50.22655300239245,53.139328,3.7653084983561054
13500,DoE3_R2_aug_13,0.0,0.08875331077422337,0.09132668,-0.19934199002382771,0.0,24.190730503278683,22.438726,1.2685863819597873
14085,DoE3_R2_aug_13,4.741769513008672,17.57090244173907,20.180235,3.3660422396953944,3.1820557,41.817209717480175,43.334152,1.669232789505973
14167,DoE3_R2_aug_13,5.406427803720998,24.11392037817097,23.549366,3.65340967074979,3.4282131,44.4983202444979,40.15277,1.7669575833292468
14370,DoE3_R2_aug_13,7.051862352679563,37.75426590937159,38.674114,4.064055885959391,4.0343175,50.176923457900585,51.310463,2.0842227734733134
14383,DoE3_R2_aug_13,7.157235008524199,38.51175293212971,41.135372,4.074490825731786,3.5329785,50.47440410223301,50.590458,2.109643298025649
14499,DoE3_R2_aug_13,8.097483322214808,46.39009278906496,42.249313,4.0755593880830645,4.2048674,52.659603372620026,54.523453,2.362183195237663
14780,DoE3_R2_aug_13,10.375153806241196,84.17757696106642,86.14232,3.3228183533321207,3.098754,53.38136426741515,56.463387,3.176108989546984
14786,DoE3_R2_aug_13,10.423787339707951,85.30382092180612,84.612976,3.294037178053823,3.1547396,53.309919276126124,53.31861,3.19936437619955
13500,DoE3_R2_aug_14,0.0,0.08875331077422337,0.08532146,-0.19934199002382771,0.0,24.190730503278683,22.473646,1.2685863819597873
13571,DoE3_R2_aug_14,0.5754968126899414,-0.588127037031269,0.0,0.342217502081174,0.3158128,25.679151781173132,27.540379,1.296266192827547
13619,DoE3_R2_aug_14,0.9645650804239861,-0.6691946596257705,0.0,0.6953310527652309,0.6822642,26.849752388910304,27.415144,1.3188399022072403
13881,DoE3_R2_aug_14,3.088229375138981,4.977883829393958,5.0543346,2.390953257805138,2.3146982,34.84984694782414,34.211525,1.4825661467941913
13927,DoE3_R2_aug_14,3.4610864650507738,7.151494127328627,6.71361,2.640599661393157,2.4593127,36.417012929211396,38.06278,1.5196820752703075
14071,DoE3_R2_aug_14,4.628291268252908,16.4861966892063,17.288292,3.3106001330874135,3.5160725,41.346617722481696,39.648434,1.6540084497222802
14216,DoE3_R2_aug_14,5.803601660366168,27.924304420720475,29.885176,3.793254003961623,3.8322947,46.01727140626893,51.55174,1.8325142482890668
14766,DoE3_R2_aug_14,10.261675561485433,81.6015458719207,84.01323,3.3877950017722878,4.2142615,53.5321916697206,56.56191,3.122339952761002
13500,DoE3_R2_aug_15,0.0,0.08875331077422337,0.081488796,-0.19934199002382771,0.0,24.190730503278683,26.309767,1.2685863819597873
13646,DoE3_R2_aug_15,1.1834159810243863,-0.5742782346807744,0.0,0.888897794781198,0.9962218,27.559539057148854,29.294985,1.3326646499500392
13757,DoE3_R2_aug_15,2.083136350159365,0.946581364116723,0.89830893,1.6420916809162953,1.812975,30.798917960746795,29.419025,1.396518742752687
13841,DoE3_R2_aug_15,2.7640058186939434,3.3929621079734384,3.2685726,2.1610463559667066,2.4526699,33.50864235390189,32.12234,1.4524957376962324
13910,DoE3_R2_aug_15,3.323291453561633,6.303659173253722,6.550409,2.550228184490208,2.6986287,35.83555307665739,36.46393,1.5056277791982906
14150,DoE3_R2_aug_15,5.268632792231857,22.75464696992365,23.35225,3.599210411450642,3.603989,43.95508692279765,45.191975,1.7454795004751062
14464,DoE3_R2_aug_15,7.8137877103254,43.696310433658205,41.397316,4.093077861418427,4.543003,52.09543086122179,52.41351,2.2813052722693636
14886,DoE3_R2_aug_15,11.234346230820544,106.03714971524957,110.048004,2.7299210873841853,2.8506143,51.48823600746972,53.236996,3.5850507436314616
15000,DoE3_R3_aug_01,0.0,0.0,0.0,0.0002767710035391869,0.00028159312,23.060062577170775,22.779896,1.259957200239475
15265,DoE3_R3_aug_01,2.1465078570899125,0.0,0.0,0.49989518996650245,0.46227038,28.16392238301668,28.431032,1.3208748105911237
15272,DoE3_R3_aug_01,2.203208064635684,0.0,0.0,0.5209869420266543,0.5320086,28.295610362418184,30.026722,1.3229301844927697
15350,DoE3_R3_aug_01,2.8350103772885635,0.0,0.0,0.7781272183099268,0.6889857,29.763497078281574,29.61501,1.3440305715950323
15359,DoE3_R3_aug_01,2.9079106441331266,0.0,0.0,0.8102390013427156,0.6889377,29.933290291781656,34.400116,1.3466138393907299
15382,DoE3_R3_aug_01,3.0942113260692325,0.0,0.0,0.8944102370636914,0.85996675,30.368000682959728,31.327074,1.3533110592338704
15388,DoE3_R3_aug_01,3.142811503965608,0.0,0.0,0.916850955402907,0.88911134,30.48162370861987,28.013487,1.3550811559903715
15458,DoE3_R3_aug_01,3.7098135794233205,0.0,0.0,1.1922079887641646,1.2535356,31.816551180742366,28.97607,1.3764680449007238
15000,DoE3_R3_aug_02,0.0,0.0,0.0,0.0002767710035391869,0.00023978042,23.060062577170775,22.602295,1.259957200239475
15503,DoE3_R3_aug_02,4.074314913646136,0.0,0.0,1.3809532282659012,1.7224697,32.686868786302455,34.548183,1.39097130283589
15510,DoE3_R3_aug_02,4.131015121191907,0.0,0.0,1.411035877106495,1.4556077,32.82332446326255,31.051888,1.3932831927065734
15588,DoE3_R3_aug_02,4.762817433844787,0.0,0.0,1.7574033269788805,1.7160901,34.36761094474722,36.230427,1.4198131535521552
15597,DoE3_R3_aug_02,4.83571770068935,0.0,0.0,1.7985165239966483,1.759186,34.54896816384046,35.12469,1.4230330172844472
15620,DoE3_R3_aug_02,5.022018382625456,0.0,0.0,1.90447501891373,1.8951452,35.01581467268866,35.15489,1.431375003927049
15626,DoE3_R3_aug_02,5.070618560521831,0.0,0.0,1.9323118080597221,1.8833473,35.13843184406463,36.117954,1.4335785288101177
15696,DoE3_R3_aug_02,5.637620635979544,0.0,0.0,2.2618308744909044,2.1740477,36.596966376963934,39.17076,1.4601652368038225
15000,DoE3_R3_aug_03,0.0,0.0,0.0,0.0002767710035391869,0.00024838504,23.060062577170775,21.368778,1.259957200239475
16238,DoE3_R3_aug_03,10.02783670595212,0.0,0.0,4.635335296682546,4.5233536,50.64391113903608,46.59163,1.73715279932371
16245,DoE3_R3_aug_03,10.08453691349789,0.0,0.0,4.658422046734488,5.138971,50.86892836774193,49.08615,1.7417900632650274
16323,DoE3_R3_aug_03,10.71633922615077,0.0,0.0,4.892997077987854,4.7291365,53.47191913475808,48.15708,1.7953392303028752
16332,DoE3_R3_aug_03,10.789239492995334,0.0,0.0,4.91721488337585,4.628751,53.78392301247443,48.232937,1.8018569753578362
16355,DoE3_R3_aug_03,10.975540174931439,0.0,0.0,4.976239878005725,5.275534,54.59262326228364,52.66859,1.8187129083538933
16361,DoE3_R3_aug_03,11.024140352827814,0.0,0.0,4.990945086136663,4.8928533,54.80630599750559,55.73563,1.8231611262600025
16431,DoE3_R3_aug_03,11.591142428285528,0.0,0.0,5.140110219177738,4.620164,57.384946016834256,54.038185,1.8769243215774944
15000,DoE3_R3_aug_04,0.0,0.0,0.0,0.0002767710035391869,0.0002803023,23.060062577170775,23.212507,1.259957200239475
15971,DoE3_R3_aug_04,7.865128789563415,0.0,0.0,3.564116048493518,3.7132852,42.99000718921657,43.197334,1.5816393073370216
15978,DoE3_R3_aug_04,7.921828997109187,0.0,0.0,3.5958179658342573,3.5553334,43.169951716603876,43.971317,1.5851951973163234
16056,DoE3_R3_aug_04,8.553631309762066,0.0,0.0,3.938682789681047,3.5210156,45.24459391227037,45.352455,1.6266128055859956
16065,DoE3_R3_aug_04,8.626531576606629,0.0,0.0,3.9768472760762936,3.7732396,45.49255092597433,50.42725,1.6316675303214125
16088,DoE3_R3_aug_04,8.812832258542736,0.0,0.0,4.07287835439767,3.4903786,46.13467738212452,47.498154,1.64476298976144
16094,DoE3_R3_aug_04,8.861432436439111,0.0,0.0,4.097559924589116,3.4394681,46.30422084703622,48.057125,1.6482222383670793
16164,DoE3_R3_aug_04,9.428434511896823,0.0,0.0,4.372979384190884,4.508227,48.34695178281815,48.207783,1.689975829666627
15000,DoE3_R3_aug_05,0.0,0.0,0.0,0.0002767710035391869,0.00030184514,23.060062577170775,24.292284,1.259957200239475
15256,DoE3_R3_aug_05,2.0736075902453495,0.0,0.0,0.4732889427393538,0.5381508,27.994553714589845,27.984772,1.318514553547169
15263,DoE3_R3_aug_05,2.130307797791121,0.0,0.0,0.4939326484105321,0.5325598,28.126290921521573,29.30567,1.3203488193325907
15341,DoE3_R3_aug_05,2.7621101104440005,0.0,0.0,0.7464947520880738,0.84473175,29.59384606374931,27.751324,1.3414679200326083
15350,DoE3_R3_aug_05,2.8350103772885635,0.0,0.0,0.7781272183099268,0.7879389,29.763497078281574,28.20232,1.3440305715950323
15373,DoE3_R3_aug_05,3.0213110592246695,0.0,0.0,0.8611195298838171,0.89959085,30.197746370709243,29.631369,1.3506738729904817
15379,DoE3_R3_aug_05,3.069911237121045,0.0,0.0,0.8832635769876561,0.77155244,30.31122601185631,32.814014,1.3524296126815951
15449,DoE3_R3_aug_05,3.6369133125787574,0.0,0.0,1.1554919213020798,1.325086,31.6437744535385,33.462753,1.3736400935325705
15000,DoE3_R3_aug_06,0.0,0.0,0.0,0.0002767710035391869,0.00024116666,23.060062577170775,25.422707,1.259957200239475
15838,DoE3_R3_aug_06,6.787824846193761,0.0,0.0,2.942009094933038,3.0539694,39.74642047655203,39.03854,1.519774347122647
15845,DoE3_R3_aug_06,6.844525053739533,0.0,0.0,2.9754165431336093,2.8776867,39.909405812252174,38.775494,1.5228876703776204
15923,DoE3_R3_aug_06,7.476327366392412,0.0,0.0,3.343408941692739,3.0210998,41.782068102875854,45.19705,1.5583069818686581
15932,DoE3_R3_aug_06,7.549227633236975,0.0,0.0,3.3851958975525305,3.353274,42.00518373373256,44.63858,1.5625595662190814
15955,DoE3_R3_aug_06,7.735528315173081,0.0,0.0,3.4911641252535692,2.9247768,42.58238284653656,44.566288,1.5736708127290906
15961,DoE3_R3_aug_06,7.784128493069456,0.0,0.0,3.518598691710035,3.6622984,42.7346474082436,41.63889,1.5766341383008384
16031,DoE3_R3_aug_06,8.35113056852717,0.0,0.0,3.8310496881441045,3.7288074,44.56535490895886,48.265305,1.612769945611432
15000,DoE3_R3_aug_07,0.0,0.0,0.0,0.0002767710035391869,0.00027301675,23.060062577170775,23.968067,1.259957200239475
16113,DoE3_R3_aug_07,9.015332999777632,0.0,0.0,4.174655356658991,4.516363,46.84676829760231,47.593094,1.6592974750047522
16120,DoE3_R3_aug_07,9.072033207323404,0.0,0.0,4.202638208026024,4.0732417,47.04885143587122,49.033054,1.6634250493798983
16198,DoE3_R3_aug_07,9.703835519976284,0.0,0.0,4.4975245787344695,3.3598256,49.384067173719316,46.56932,1.7112426674263412
16207,DoE3_R3_aug_07,9.776735786820847,0.0,0.0,4.529381021972444,3.6235158,49.663730315027166,48.908604,1.7169867127085545
16230,DoE3_R3_aug_07,9.963036468756952,0.0,0.0,4.6085658215518865,4.759361,50.38842505251206,52.88676,1.731891215251978
16236,DoE3_R3_aug_07,10.011636646653328,0.0,0.0,4.628681139711246,4.609191,50.579872502334034,51.883923,1.7358336050342935
16306,DoE3_R3_aug_07,10.578638722111041,0.0,0.0,4.8455819364990695,4.9875617,52.88929237086937,52.137432,1.783135083284144
15000,DoE3_R3_aug_08,0.0,0.0,0.0,0.0002767710035391869,0.0003036824,23.060062577170775,24.242638,1.259957200239475
15724,DoE3_R3_aug_08,5.864421466162629,0.0,0.0,2.3954313236581086,2.2379189,37.19622580365627,39.271988,1.4712763188631053
15731,DoE3_R3_aug_08,5.9211216737084005,0.0,0.0,2.4289319651965675,2.4161434,37.347581925120835,38.88573,1.4740987039300486
15809,DoE3_R3_aug_08,6.5529239863612805,0.0,0.0,2.803211164939448,2.7002392,39.07951349585021,38.57914,1.5068619467835178
15818,DoE3_R3_aug_08,6.625824253205844,0.0,0.0,2.84634335001081,2.5931184,39.285074387414696,36.60534,1.5108769839714515
15841,DoE3_R3_aug_08,6.812124935141949,0.0,0.0,2.9563320091952963,2.975112,39.81617383777713,42.620422,1.5211083772710858
15847,DoE3_R3_aug_08,6.860725113038324,0.0,0.0,2.9849531236592757,3.172271,39.956119827407605,41.550186,1.5237776852204468
15917,DoE3_R3_aug_08,7.4277271884960365,0.0,0.0,3.3154585348156367,3.2778835,41.634165313028646,44.023525,1.5554979988726887
15000,DoE3_R3_aug_09,0.0,0.0,0.0,0.0002767710035391869,0.00025733668,23.060062577170775,20.977165,1.259957200239475
16171,DoE3_R3_aug_09,9.485134719442595,0.0,0.0,4.399148070962718,4.4613757,48.55800237490185,51.996544,1.6942993641935293
16178,DoE3_R3_aug_09,9.541834926988367,0.0,0.0,4.425048020101984,4.340476,48.770325712359124,50.872845,1.6986510854173715
16256,DoE3_R3_aug_09,10.173637239641247,0.0,0.0,4.694054690021832,4.612887,51.22531834025528,50.0643,1.7491409124843598
16265,DoE3_R3_aug_09,10.24653750648581,0.0,0.0,4.722609662303406,4.8487606,51.51947173054678,51.44251,1.7541850150980383
16288,DoE3_R3_aug_09,10.432838188421915,0.0,0.0,4.793060946957105,4.9676647,52.28182673549148,52.186974,1.7703495871666224
16294,DoE3_R3_aug_09,10.48143836631829,0.0,0.0,4.810827878733935,4.5471673,52.48324745593243,52.08169,1.7745970333257608
16364,DoE3_R3_aug_09,11.048440441776002,0.0,0.0,4.998188215367616,4.0682516,54.9135732866921,58.61721,1.825393656174403
15000,DoE3_R3_aug_10,0.0,0.0,0.0,0.0002767710035391869,0.00025971004,23.060062577170775,22.69651,1.259957200239475
15135,DoE3_R3_aug_10,1.093504002668446,0.0,0.0,0.1764690803188227,0.19676273,25.70082258841461,24.351229,1.2885870028295021
15142,DoE3_R3_aug_10,1.1502042102142174,0.0,0.0,0.1903244550783814,0.2035904,25.834845711225665,25.897982,1.2902204025648047
15220,DoE3_R3_aug_10,1.7820065228670972,0.0,0.0,0.3728157860911759,0.41127405,27.316039911352853,25.546854,1.309250437027207
15229,DoE3_R3_aug_10,1.8549067897116602,0.0,0.0,0.39702105191443054,0.39638373,27.485867241441778,27.89803,1.3115393601646592
15252,DoE3_R3_aug_10,2.0412074716477657,0.0,0.0,0.46165113887287273,0.54363966,27.919253577184175,28.300533,1.3174711207835414
15258,DoE3_R3_aug_10,2.089807649544141,0.0,0.0,0.4791512379259728,0.40184274,28.032197560997457,27.635534,1.319037560864288
15328,DoE3_R3_aug_10,2.656809725001854,0.0,0.0,0.7016701349009844,0.7132625,29.34900205093463,29.028145,1.3378021588855435
15000,DoE3_R3_aug_11,0.0,0.0,0.0,0.0002767710035391869,0.00027182882,23.060062577170775,21.64775,1.259957200239475
15283,DoE3_R3_aug_11,2.2923083907790387,0.0,0.0,0.5548223643498793,0.6573712,28.502498515487265,27.163599,1.325429271902765
15435,DoE3_R3_aug_11,3.523512897487215,0.0,0.0,1.0991131226905293,0.99973255,31.375755570367573,32.007626,1.3692878676532532
15686,DoE3_R3_aug_11,5.556620339485585,0.0,0.0,2.2143119316736444,2.827861,36.385251613538685,38.094044,1.4562648093731216
15732,DoE3_R3_aug_11,5.929221703357796,0.0,0.0,2.433720387101004,2.1698713,37.36925597116295,39.995487,1.474503381872881
15867,DoE3_R3_aug_11,7.022725706026242,0.0,0.0,3.080083946468395,3.0054371,40.42691058111529,39.354107,1.5327037354883115
16022,DoE3_R3_aug_11,8.278230301682607,0.0,0.0,3.7917487975095012,4.2386055,44.32419514850791,43.128086,1.607855820017581
16301,DoE3_R3_aug_11,10.53813857386406,0.0,0.0,4.831228489679076,4.4128647,52.719585671178,54.70493,1.7795703037173178
15000,DoE3_R3_aug_12,0.0,0.0,0.0,0.0002767710035391869,0.0002568955,23.060062577170775,21.918306,1.259957200239475
15260,DoE3_R3_aug_12,2.106007708842933,0.0,0.0,0.4850423138110057,0.5559875,28.069837573866536,25.554983,1.3195614246403777
15282,DoE3_R3_aug_12,2.2842083611296427,0.0,0.0,0.5517118992182217,0.4944617,28.483692196077882,26.958853,1.3251597249217941
15473,DoE3_R3_aug_12,3.831314024164259,0.0,0.0,1.2541916033771263,1.4838877,32.105412474840975,32.20868,1.3812344793481088
15555,DoE3_R3_aug_12,4.495516455414722,0.0,0.0,1.6085421735297052,1.5638051,33.708552945214315,35.12929,1.4082133420720166
16061,DoE3_R3_aug_12,8.594131458009047,0.0,0.0,3.95992480359891,4.386222,45.38212061228203,46.147312,1.6294162353855866
16074,DoE3_R3_aug_12,8.699431843451192,0.0,0.0,4.014686763876644,4.3429546,45.74235858547486,44.755363,1.6367610536820865
16111,DoE3_R3_aug_12,8.999132940478841,0.0,0.0,4.166617937440049,4.4849396,46.78924907155515,47.615738,1.6581228848551341
15000,DoE3_R3_aug_13,0.0,0.0,0.0,0.0002767710035391869,0.00026872105,23.060062577170775,26.078566,1.259957200239475
15423,DoE3_R3_aug_13,3.426312541694464,0.0,0.0,1.0515259694796169,0.9917658,31.146693191218258,33.69433,1.3656020669070452
15455,DoE3_R3_aug_13,3.6855134904751328,0.0,0.0,1.179929041223561,1.050049,31.758915527193885,30.549782,1.3755227554317222
15731,DoE3_R3_aug_13,5.9211216737084005,0.0,0.0,2.4289319651965675,1.8880042,37.347581925120835,35.583496,1.4740987039300486
16014,DoE3_R3_aug_13,8.213430064487438,0.0,0.0,3.756582127485229,3.4545405,44.111298958520564,42.557625,1.6035176457809004
16021,DoE3_R3_aug_13,8.27013027203321,0.0,0.0,3.7873647709601865,4.2554226,44.29750790795613,43.703476,1.6073120179351097
16161,DoE3_R3_aug_13,9.404134422948635,0.0,0.0,4.361683146563118,3.903013,48.25688863756572,50.680943,1.6881314377023886
16209,DoE3_R3_aug_13,9.792935846119638,0.0,0.0,4.536394759587146,3.7617762,49.726174322652724,50.77712,1.7182698310879414
15000,DoE3_R3_aug_14,0.0,0.0,0.0,0.0002767710035391869,0.00028191126,23.060062577170775,20.447584,1.259957200239475
15496,DoE3_R3_aug_14,4.017614706100365,0.0,0.0,1.3510564192228314,1.5289712,32.55072028652811,33.51135,1.3886746744258838
15743,DoE3_R3_aug_14,6.018322029501151,0.0,0.0,2.486430386435491,2.626099,37.60853656739638,41.74795,1.4789794631815658
15780,DoE3_R3_aug_14,6.318023126528799,0.0,0.0,2.664028867502606,2.1430275,38.42547018274273,35.835484,1.4938079476961612
16091,DoE3_R3_aug_14,8.837132347490924,0.0,0.0,4.0852388198504945,4.275239,46.21934284951726,46.784237,1.6464903523542223
16198,DoE3_R3_aug_14,9.703835519976284,0.0,0.0,4.4975245787344695,4.870509,49.384067173719316,49.11401,1.7112426674263412
16245,DoE3_R3_aug_14,10.08453691349789,0.0,0.0,4.658422046734488,5.772216,50.86892836774193,50.92994,1.7417900632650274
16325,DoE3_R3_aug_14,10.732539285449562,0.0,0.0,4.898432336746885,4.640651,53.541039364731134,54.46881,1.796784068944481
15000,DoE3_R3_aug_15,0.0,0.0,0.0,0.0002767710035391869,0.00029666928,23.060062577170775,22.66962,1.259957200239475
15159,DoE3_R3_aug_15,1.2879047142539475,0.0,0.0,0.2257602365425196,0.2510095,26.159456917711513,27.651304,1.2942398835001876
15837,DoE3_R3_aug_15,6.779724816544365,0.0,0.0,2.937233052093535,3.637601,39.723201697791914,41.43651,1.5193297194759414
15948,DoE3_R3_aug_15,7.67882810762731,0.0,0.0,3.4590442894865694,3.7035975,42.405632327213674,41.315887,1.5702490355029959
16078,DoE3_R3_aug_15,8.731831962048776,0.0,0.0,4.0313973455215475,3.889355,45.85398387088909,47.177788,1.6390374688390492
16199,DoE3_R3_aug_15,9.71193554962568,0.0,0.0,4.501087806364947,4.4096684,49.41503337926769,53.167084,1.711878483559736
16305,DoE3_R3_aug_15,10.570538692461644,0.0,0.0,4.842725910188765,4.3985023,52.855291235350094,51.626637,1.782421272113437
16433,DoE3_R3_aug_15,11.607342487584319,0.0,0.0,5.143739884585252,4.739434,57.460995684949815,59.126537,1.878517513754132
16500,DoE3_R4_aug_01,0.0,0.0,0.0,-0.05130052487919599,0.0,22.225194579277918,23.187714,1.2609043135283167
17632,DoE3_R4_aug_01,9.087213698020902,0.0,0.0,4.0991821110372975,3.8942206,38.57419793341515,35.107548,1.6496768866338634
17676,DoE3_R4_aug_01,9.440426951300866,0.0,0.0,4.104369140860555,3.8939533,39.5862580529725,42.101185,1.6751458098611955
17727,DoE3_R4_aug_01,9.849833222148098,0.0,0.0,4.0921656230292225,3.5459921,40.90213283551112,40.38447,1.7061139667221112
17754,DoE3_R4_aug_01,10.066577718478984,0.0,0.0,4.077631594933694,4.103098,41.66549421113583,41.00388,1.723123835371955
17830,DoE3_R4_aug_01,10.676673337780741,0.0,0.0,4.0059832188118705,4.12242,44.084028064942174,46.512115,1.7734305529504697
17838,DoE3_R4_aug_01,10.74089392928619,0.0,0.0,3.995757460749314,4.133306,44.36312224752392,45.049927,1.77902551807507
17872,DoE3_R4_aug_01,11.013831443184344,0.0,0.0,3.946492941199378,4.3758616,45.60440812204836,45.981632,1.8032594956807517
16500,DoE3_R4_aug_02,0.0,0.0,0.0,-0.05130052487919599,0.0,22.225194579277918,23.354958,1.2609043135283167
16819,DoE3_R4_aug_02,2.5607960862797414,0.0,0.0,1.766464267403657,1.9731764,28.96565068303542,29.361908,1.3373441573491167
16863,DoE3_R4_aug_02,2.914009339559706,0.0,0.0,1.9847030892970126,2.1368792,29.54179610467758,30.206272,1.349536112474865
16914,DoE3_R4_aug_02,3.3234156104069372,0.0,0.0,2.2265936417520122,2.2580132,30.13863327539941,29.239376,1.363624824519859
16941,DoE3_R4_aug_02,3.5401601067378246,0.0,0.0,2.349686918856065,2.3562002,30.428405983762847,31.901123,1.3712661505462869
17017,DoE3_R4_aug_02,4.150255726039581,0.0,0.0,2.6769823206159287,2.65667,31.16848558393343,33.724586,1.3940025908142246
17025,DoE3_R4_aug_02,4.21447631754503,0.0,0.0,2.70974202473587,2.5099232,31.241250143516595,30.139826,1.3966031685959248
17059,DoE3_R4_aug_02,4.487413831443184,0.0,0.0,2.8452724025995058,2.7429643,31.542628386054147,32.22599,1.4076036738147981
16500,DoE3_R4_aug_03,0.0,0.0,0.0,-0.05130052487919599,0.0,22.225194579277918,21.653704,1.2609043135283167
17711,DoE3_R4_aug_03,9.721392039137202,0.0,0.0,4.098126370124394,4.8824596,40.47200320479291,37.808685,1.6962336159332176
17755,DoE3_R4_aug_03,10.074605292417166,0.0,0.0,4.076984621750313,4.263828,41.69469395978854,36.084984,1.7237618846579528
17806,DoE3_R4_aug_03,10.484011563264398,0.0,0.0,4.033569109944331,3.663301,43.27548131243651,43.356647,1.7568639428637998
17833,DoE3_R4_aug_03,10.700756059595284,0.0,0.0,4.002209183084461,3.667273,44.18811981081792,44.141705,1.775524188770634
17909,DoE3_R4_aug_03,11.310851678897041,0.0,0.0,3.882076848571018,3.8691242,47.060402989286445,51.41726,1.8305784931174771
17917,DoE3_R4_aug_03,11.37507227040249,0.0,0.0,3.8666511825538157,3.8355958,47.390141400129146,41.400143,1.8366299789300018
17951,DoE3_R4_aug_03,11.648009784300642,0.0,0.0,3.79508234574904,3.496129,48.85278767035331,49.671803,1.8629819252779771
16500,DoE3_R4_aug_04,0.0,0.0,0.0,-0.05130052487919599,0.0,22.225194579277918,22.47613,1.2609043135283167
17077,DoE3_R4_aug_04,4.631910162330442,0.0,0.0,2.9145656716665957,3.4088678,31.698038295521577,32.387356,1.4134280740036835
17121,DoE3_R4_aug_04,4.985123415610406,0.0,0.0,3.076626583420984,2.8171873,32.07059112386192,32.859108,1.427828858971735
17172,DoE3_R4_aug_04,5.394529686457638,0.0,0.0,3.2511335650964877,3.8357854,32.49928532461007,31.237787,1.4451486516638006
17199,DoE3_R4_aug_04,5.611274182788525,0.0,0.0,3.337567228801072,3.2664866,32.7295292325012,34.97461,1.4547494638311327
17275,DoE3_R4_aug_04,6.2213698020902815,0.0,0.0,3.5580078016649006,3.3854601,33.41165339645402,33.269554,1.4831240474335678
17283,DoE3_R4_aug_04,6.285590393595729,0.0,0.0,3.579205021288394,4.375349,33.48772668121184,33.78725,1.486289477550558
17317,DoE3_R4_aug_04,6.558527907493883,0.0,0.0,3.6649262985297195,4.2103643,33.8231617627339,31.941916,1.4999299526725842
16500,DoE3_R4_aug_05,0.0,0.0,0.0,-0.05130052487919599,0.0,22.225194579277918,22.180496,1.2609043135283167
16895,DoE3_R4_aug_05,3.1708917055814982,0.0,0.0,2.1378944390150267,2.6603727,29.92435201054249,29.996914,1.3583452781598522
16939,DoE3_R4_aug_05,3.5241049588614626,0.0,0.0,2.3406891081963606,2.1770508,30.40749462555594,30.265808,1.3706928150587407
16990,DoE3_R4_aug_05,3.933511229708694,0.0,0.0,2.5640103123098514,2.5726578,30.91651677429266,30.872108,1.385827040956702
17017,DoE3_R4_aug_05,4.150255726039581,0.0,0.0,2.6769823206159287,3.1285512,31.16848558393343,31.94792,1.3940025908142246
17093,DoE3_R4_aug_05,4.760351345341338,0.0,0.0,2.9747086697645337,3.0750647,31.83444157661838,29.434824,1.41862849600848
17101,DoE3_R4_aug_05,4.824571936846786,0.0,0.0,3.0042631668734425,2.6836364,31.902175382222506,32.982815,1.4212418633409443
17135,DoE3_R4_aug_05,5.0975094507449406,0.0,0.0,3.1259744802311076,3.1364734,32.18806284876542,33.3766,1.4324976331345325
16500,DoE3_R4_aug_06,0.0,0.0,0.0,-0.05130052487919599,0.0,22.225194579277918,22.99637,1.2609043135283167
17610,DoE3_R4_aug_06,8.91060707138092,0.0,0.0,4.091232265660098,3.5054998,38.10789193011534,38.017735,1.6373855532047572
17654,DoE3_R4_aug_06,9.263820324660884,0.0,0.0,4.10357395066492,4.796809,39.06660138894702,40.17109,1.6622648132438065
17705,DoE3_R4_aug_06,9.673226595508115,0.0,0.0,4.099856746630069,4.0377145,40.31485315452137,41.27432,1.6925671309289265
17732,DoE3_R4_aug_06,9.889971091839001,0.0,0.0,4.089899546859321,4.746805,41.03989962315357,40.400692,1.7092321615716135
17808,DoE3_R4_aug_06,10.500066711140759,0.0,0.0,4.031446597747641,3.7446795,43.341237766137986,42.881535,1.7582326810764521
17816,DoE3_R4_aug_06,10.564287302646207,0.0,0.0,4.022636659021135,3.3487222,43.60719321491705,39.525658,1.7637285231777915
17850,DoE3_R4_aug_06,10.837224816544362,0.0,0.0,3.9794463790652026,3.6736534,44.79093449150173,45.62924,1.7874917263142402
16500,DoE3_R4_aug_07,0.0,0.0,0.0,-0.05130052487919599,0.0,22.225194579277918,23.184458,1.2609043135283167
16720,DoE3_R4_aug_07,1.766066266399822,0.0,0.0,1.2447474273136065,1.1891418,27.4122726520059,27.136364,1.3114581992272694
16764,DoE3_R4_aug_07,2.119279519679786,0.0,0.0,1.4817210220625385,1.8550788,28.15093728721943,28.85514,1.321416345345235
16815,DoE3_R4_aug_07,2.5286857905270175,0.0,0.0,1.7461972604986427,1.6826878,28.910117620890183,27.927862,1.3362192115777134
16842,DoE3_R4_aug_07,2.745430286857905,0.0,0.0,1.8816259983037678,1.7710371,29.274521521528072,29.599205,1.3437487356593278
16918,DoE3_R4_aug_07,3.3555259061596616,0.0,0.0,2.2450497003576477,2.1231241,30.182615563899926,29.247553,1.3647449331203323
16926,DoE3_R4_aug_07,3.4197464976651095,0.0,0.0,2.281733105042279,2.2687845,30.269455309886848,30.95247,1.3669964813164202
16960,DoE3_R4_aug_07,3.692684011563264,0.0,0.0,2.434195743676892,2.491509,30.622980687887523,31.179699,1.3767855571817014
16500,DoE3_R4_aug_08,0.0,0.0,0.0,-0.05130052487919599,0.0,22.225194579277918,22.457743,1.2609043135283167
16557,DoE3_R4_aug_08,0.45757171447631745,0.0,0.0,0.3011157673973961,0.34244856,23.84286587195901,24.73416,1.2722871008717391
16601,DoE3_R4_aug_08,0.8107849677562818,0.0,0.0,0.5655257572360936,0.54681534,24.95109142128794,23.672142,1.2824287835726413
16652,DoE3_R4_aug_08,1.2201912386035132,0.0,0.0,0.8632363234766753,1.0047033,26.09576670390718,25.536493,1.294867354323724
16679,DoE3_R4_aug_08,1.4369357349344005,0.0,0.0,1.0168826170406722,1.0464594,26.645626108561448,25.884926,1.3015283891525895
16755,DoE3_R4_aug_08,2.047031354236157,0.0,0.0,1.4339007268606667,1.5453581,28.006495146238535,27.665483,1.3195224303908213
16763,DoE3_R4_aug_08,2.1112519457416052,0.0,0.0,1.4764244119762866,1.3758022,28.135050784413274,26.777094,1.3211152882961694
16797,DoE3_R4_aug_08,2.3841894596397593,0.0,0.0,1.6541306155686577,1.5281788,28.653236357740276,29.411379,1.3311022765700746
16500,DoE3_R4_aug_09,0.0,0.0,0.0,-0.05130052487919599,0.0,22.225194579277918,19.932896,1.2609043135283167
17232,DoE3_R4_aug_09,5.876184122748498,0.0,0.0,3.437479176073252,3.3035588,33.018005777672116,31.572128,1.4670251033490607
17276,DoE3_R4_aug_09,6.229397376028462,0.0,0.0,3.560678686924018,3.8370893,33.42110831946293,33.222786,1.4835188838779476
17327,DoE3_R4_aug_09,6.638803646875694,0.0,0.0,3.6887790542445638,3.751696,33.9259686164419,34.924374,1.5040056807138644
17354,DoE3_R4_aug_09,6.8555481432065815,0.0,0.0,3.7500521710721713,3.4137917,34.2142514503058,35.292206,1.5151739100255173
17430,DoE3_R4_aug_09,7.465643762508337,0.0,0.0,3.8974687393066723,4.5855317,35.125593677633155,34.59381,1.5481287753814437
17438,DoE3_R4_aug_09,7.529864354013785,0.0,0.0,3.9107902130564423,4.0549903,35.231448052062156,37.23568,1.5517478826824689
17472,DoE3_R4_aug_09,7.80280186791194,0.0,0.0,3.9626379271777545,3.4224412,35.70546511869368,34.037544,1.5674930020473645
16500,DoE3_R4_aug_10,0.0,0.0,0.0,-0.05130052487919599,0.0,22.225194579277918,23.283953,1.2609043135283167
16876,DoE3_R4_aug_10,3.0183678007560593,0.0,0.0,2.047507007554143,1.9396076,29.700657609129138,29.492956,1.3531096704750256
16920,DoE3_R4_aug_10,3.3715810540360236,0.0,0.0,2.254249184144991,2.349855,30.204464801768232,30.808031,1.365306347403863
16971,DoE3_R4_aug_10,3.780987324883255,0.0,0.0,2.482312951044018,2.302278,30.732443153146498,31.002325,1.380049417773467
16998,DoE3_R4_aug_10,3.997731821214142,0.0,0.0,2.5978683372143796,2.632631,30.99227599772131,27.784624,1.3883192229739485
17074,DoE3_R4_aug_10,4.607827440515899,0.0,0.0,2.9031363054611328,2.7514422,31.672295950768657,31.45585,1.4124559509884538
17082,DoE3_R4_aug_10,4.672048032021347,0.0,0.0,2.9335078260012555,3.4402854,31.740817240498174,31.55228,1.415050081980726
17116,DoE3_R4_aug_10,4.944985545919501,0.0,0.0,3.0587407226188517,2.9577422,32.02857903246993,33.046738,1.4261738700825035
16500,DoE3_R4_aug_11,0.0,0.0,0.0,-0.05130052487919599,0.0,22.225194579277918,22.99596,1.2609043135283167
16568,DoE3_R4_aug_11,0.5458750277963086,0.0,0.0,0.36785649159701983,0.3717801,24.13095246100606,21.951817,1.2747450693514413
16593,DoE3_R4_aug_11,0.7465643762508337,0.0,0.0,0.5179619303756751,0.47595432,24.75821685076503,23.81338,1.2805295892743813
16822,DoE3_R4_aug_11,2.5848788080942846,0.0,0.0,1.7816183277777249,1.8293371,29.006939693862215,28.41899,1.3381853782168993
16870,DoE3_R4_aug_11,2.970202357126973,0.0,0.0,2.018616860221804,1.8989812,29.627942237743977,30.27864,1.3514602800293807
16923,DoE3_R4_aug_11,3.3956637758505663,0.0,0.0,2.2680126462747463,2.1495478,30.23706371779049,29.980963,1.366150274541586
16958,DoE3_R4_aug_11,3.6766288636869016,0.0,0.0,2.4253831573694904,2.2487004,30.602835395474894,28.643454,1.3761978644066422
17132,DoE3_R4_aug_11,5.073426728930397,0.0,0.0,3.115491126010932,2.735697,32.16290089857695,31.369776,1.4314925377664598
16500,DoE3_R4_aug_12,0.0,0.0,0.0,-0.05130052487919599,0.0,22.225194579277918,20.973314,1.2609043135283167
16590,DoE3_R4_aug_12,0.7224816544362908,0.0,0.0,0.5000663169766697,0.45794708,24.684920766137836,23.229328,1.279822784969482
16621,DoE3_R4_aug_12,0.971336446519902,0.0,0.0,0.6834205856471453,0.6479637,25.41716318147738,23.201633,1.2872533530338157
16904,DoE3_R4_aug_12,3.2431398710251274,0.0,0.0,2.1801218191240186,2.2235403,30.026981457308825,31.902409,1.3608386651006945
17273,DoE3_R4_aug_12,6.205314654213919,0.0,0.0,3.5526478678904736,3.5591068,33.3927889543745,32.28489,1.482335080583811
17410,DoE3_R4_aug_12,7.305092283744718,0.0,0.0,3.862316036542318,3.4497774,34.86979473297528,34.885757,1.5392144886350663
17706,DoE3_R4_aug_12,9.681254169446296,0.0,0.0,4.099587412173303,3.5327783,40.34088958658185,40.991566,1.6931767420884862
17871,DoE3_R4_aug_12,11.005803869246161,0.0,0.0,3.948076866304416,3.424183,45.56660109574761,44.86759,1.8025354976100807
16500,DoE3_R4_aug_13,0.0,0.0,0.0,-0.05130052487919599,0.0,22.225194579277918,23.314127,1.2609043135283167
16592,DoE3_R4_aug_13,0.7385368023126527,0.0,0.0,0.5120003015869843,0.5122643,24.733843822162928,23.624977,1.280293645462959
16604,DoE3_R4_aug_13,0.8348676895708249,0.0,0.0,0.5833027345342852,0.51370156,25.02245962229448,24.879047,1.2831459773065341
16928,DoE3_R4_aug_13,3.4358016455414715,0.0,0.0,2.2908561384078916,1.8597375,30.29093597188689,30.942987,1.3675619482881474
16965,DoE3_R4_aug_13,3.7328218812541687,0.0,0.0,2.456141178381076,2.635288,30.673012969558492,33.396267,1.378262346753793
17311,DoE3_R4_aug_13,6.510362463864798,0.0,0.0,3.6503164262062624,3.1952512,33.76243161775959,33.76789,1.4974991555456418
17318,DoE3_R4_aug_13,6.566555481432065,0.0,0.0,3.6673395702291294,4.4500055,33.83335187398294,34.275917,1.500336136257773
17807,DoE3_R4_aug_13,10.492039137202578,0.0,0.0,4.032511847026438,3.7769437,43.308323081675724,41.93347,1.7575480555815375
16500,DoE3_R4_aug_14,0.0,0.0,0.0,-0.05130052487919599,0.0,22.225194579277918,22.157812,1.2609043135283167
16826,DoE3_R4_aug_14,2.6169891038470086,0.0,0.0,1.8017619622381482,1.8075333,29.06151623241616,29.32063,1.3393039293215057
17016,DoE3_R4_aug_14,4.1422281521014,0.0,0.0,2.67286428266322,2.7571557,31.159333405022146,30.350922,1.3936769523662005
17278,DoE3_R4_aug_14,6.245452523904825,0.0,0.0,3.56600227604008,3.5908904,33.440064112129534,34.150177,1.4843092707805965
17394,DoE3_R4_aug_14,7.176651100733821,0.0,0.0,3.832307356569305,4.582577,34.67378657230985,36.006794,1.5322136173145715
17407,DoE3_R4_aug_14,7.2810095619301745,0.0,0.0,3.8568165994559656,3.775812,34.832475039603615,33.459663,1.537893223841908
17719,DoE3_R4_aug_14,9.78561263064265,0.0,0.0,4.095391340308922,4.6740446,40.68504038756341,40.50651,1.7011551030214487
17879,DoE3_R4_aug_14,11.070024460751611,0.0,0.0,3.9351750389864817,3.0308638,45.87130255737469,49.037228,1.80834775189464
16500,DoE3_R4_aug_15,0.0,0.0,0.0,-0.05130052487919599,0.0,22.225194579277918,22.110216,1.2609043135283167
16714,DoE3_R4_aug_15,1.7179008227707357,0.0,0.0,1.211819737062678,1.204707,27.30499138062651,27.721582,1.3100302056238073
17087,DoE3_R4_aug_15,4.712185901712252,0.0,0.0,2.952316100496591,2.0804265,31.78345174052091,31.993765,1.4166747447445678
17363,DoE3_R4_aug_15,6.92779630865021,0.0,0.0,3.7694526126614183,3.442981,34.31408702105472,33.2813,1.518953727573634
17543,DoE3_R4_aug_15,8.372759617522792,0.0,0.0,4.0455039730345455,4.146237,36.83656785793083,37.33146,1.6018164075159775
17567,DoE3_R4_aug_15,8.565421392039136,0.0,0.0,4.065567639728267,3.936808,37.2674304083562,38.584564,1.6142313750894213
17701,DoE3_R4_aug_15,9.64111629975539,0.0,0.0,4.1008579589203,3.7306502,40.21132478014869,41.23285,1.6901345760178617
17767,DoE3_R4_aug_15,10.170936179675337,0.0,0.0,4.068611689469311,3.888933,42.05036912730756,41.13708,1.730549919533657
